solid OpenSCAD_Model
  facet normal 0.999468 -0.0326009 0
    outer loop
      vertex 6.4 0 36
      vertex 6.40128 0.0392418 33
      vertex 6.40128 0.0392418 36
    endloop
  endfacet
  facet normal 0.999468 -0.0326009 0
    outer loop
      vertex 6.40128 0.0392418 33
      vertex 6.4 0 36
      vertex 6.4 0 33
    endloop
  endfacet
  facet normal 0.0326711 -0.999466 0
    outer loop
      vertex 6.96076 0.598715 33
      vertex 6.9711 0.599053 36
      vertex 6.96076 0.598715 36
    endloop
  endfacet
  facet normal 0.0326711 -0.999466 0
    outer loop
      vertex 6.9711 0.599053 36
      vertex 6.96076 0.598715 33
      vertex 6.9711 0.599053 33
    endloop
  endfacet
  facet normal 0.683665 -0.729796 0
    outer loop
      vertex 6.57574 0.424264 33
      vertex 6.60439 0.451103 36
      vertex 6.57574 0.424264 36
    endloop
  endfacet
  facet normal 0.683665 -0.729796 0
    outer loop
      vertex 6.60439 0.451103 36
      vertex 6.57574 0.424264 33
      vertex 6.60439 0.451103 33
    endloop
  endfacet
  facet normal 0.352212 -0.93592 0
    outer loop
      vertex 6.77039 0.554327 33
      vertex 6.80714 0.568157 36
      vertex 6.77039 0.554327 36
    endloop
  endfacet
  facet normal 0.352212 -0.93592 0
    outer loop
      vertex 6.80714 0.568157 36
      vertex 6.77039 0.554327 33
      vertex 6.80714 0.568157 33
    endloop
  endfacet
  facet normal 0.910806 -0.412834 0
    outer loop
      vertex 6.44567 0.229609 36
      vertex 6.46188 0.265372 33
      vertex 6.46188 0.265372 36
    endloop
  endfacet
  facet normal 0.910806 -0.412834 0
    outer loop
      vertex 6.46188 0.265372 33
      vertex 6.44567 0.229609 36
      vertex 6.44567 0.229609 33
    endloop
  endfacet
  facet normal 0.162961 -0.986632 0
    outer loop
      vertex 6.88295 0.58847 33
      vertex 6.92168 0.594867 36
      vertex 6.88295 0.58847 36
    endloop
  endfacet
  facet normal 0.162961 -0.986632 0
    outer loop
      vertex 6.92168 0.594867 36
      vertex 6.88295 0.58847 33
      vertex 6.92168 0.594867 33
    endloop
  endfacet
  facet normal 0.973909 -0.226941 0
    outer loop
      vertex 6.41153 0.117054 36
      vertex 6.42044 0.155291 33
      vertex 6.42044 0.155291 36
    endloop
  endfacet
  facet normal 0.973909 -0.226941 0
    outer loop
      vertex 6.42044 0.155291 33
      vertex 6.41153 0.117054 36
      vertex 6.41153 0.117054 33
    endloop
  endfacet
  facet normal 0.812838 -0.58249 0
    outer loop
      vertex 6.50112 0.333342 36
      vertex 6.52399 0.365256 33
      vertex 6.52399 0.365256 36
    endloop
  endfacet
  facet normal 0.812838 -0.58249 0
    outer loop
      vertex 6.52399 0.365256 33
      vertex 6.50112 0.333342 36
      vertex 6.50112 0.333342 33
    endloop
  endfacet
  facet normal 0.849134 -0.528178 0
    outer loop
      vertex 6.48038 0.299999 36
      vertex 6.50112 0.333342 33
      vertex 6.50112 0.333342 36
    endloop
  endfacet
  facet normal 0.849134 -0.528178 0
    outer loop
      vertex 6.50112 0.333342 33
      vertex 6.48038 0.299999 36
      vertex 6.48038 0.299999 33
    endloop
  endfacet
  facet normal 0.935908 -0.352245 0
    outer loop
      vertex 6.43184 0.192863 36
      vertex 6.44567 0.229609 33
      vertex 6.44567 0.229609 36
    endloop
  endfacet
  facet normal 0.935908 -0.352245 0
    outer loop
      vertex 6.44567 0.229609 33
      vertex 6.43184 0.192863 36
      vertex 6.43184 0.192863 33
    endloop
  endfacet
  facet normal 0.986626 -0.162998 0
    outer loop
      vertex 6.40513 0.0783148 36
      vertex 6.41153 0.117054 33
      vertex 6.41153 0.117054 36
    endloop
  endfacet
  facet normal 0.986626 -0.162998 0
    outer loop
      vertex 6.41153 0.117054 33
      vertex 6.40513 0.0783148 36
      vertex 6.40513 0.0783148 33
    endloop
  endfacet
  facet normal 0.528102 -0.849181 0
    outer loop
      vertex 6.66666 0.498881 33
      vertex 6.7 0.519615 36
      vertex 6.66666 0.498881 36
    endloop
  endfacet
  facet normal 0.528102 -0.849181 0
    outer loop
      vertex 6.7 0.519615 36
      vertex 6.66666 0.498881 33
      vertex 6.7 0.519615 33
    endloop
  endfacet
  facet normal 0.582418 -0.812889 0
    outer loop
      vertex 6.63474 0.476011 33
      vertex 6.66666 0.498881 36
      vertex 6.63474 0.476011 36
    endloop
  endfacet
  facet normal 0.582418 -0.812889 0
    outer loop
      vertex 6.66666 0.498881 36
      vertex 6.63474 0.476011 33
      vertex 6.66666 0.498881 33
    endloop
  endfacet
  facet normal 0.0979908 -0.995187 0
    outer loop
      vertex 6.92168 0.594867 33
      vertex 6.96076 0.598715 36
      vertex 6.92168 0.594867 36
    endloop
  endfacet
  facet normal 0.0979908 -0.995187 0
    outer loop
      vertex 6.96076 0.598715 36
      vertex 6.92168 0.594867 33
      vertex 6.96076 0.598715 33
    endloop
  endfacet
  facet normal 0.683665 0.729796 -0
    outer loop
      vertex 6.60439 -0.451103 33
      vertex 6.57574 -0.424264 36
      vertex 6.60439 -0.451103 36
    endloop
  endfacet
  facet normal 0.683665 0.729796 0
    outer loop
      vertex 6.57574 -0.424264 36
      vertex 6.60439 -0.451103 33
      vertex 6.57574 -0.424264 33
    endloop
  endfacet
  facet normal 0.910806 0.412834 0
    outer loop
      vertex 6.46188 -0.265372 36
      vertex 6.44567 -0.229609 33
      vertex 6.44567 -0.229609 36
    endloop
  endfacet
  facet normal 0.910806 0.412834 0
    outer loop
      vertex 6.44567 -0.229609 33
      vertex 6.46188 -0.265372 36
      vertex 6.46188 -0.265372 33
    endloop
  endfacet
  facet normal 0.812838 0.58249 0
    outer loop
      vertex 6.52399 -0.365256 36
      vertex 6.50112 -0.333342 33
      vertex 6.50112 -0.333342 36
    endloop
  endfacet
  facet normal 0.812838 0.58249 0
    outer loop
      vertex 6.50112 -0.333342 33
      vertex 6.52399 -0.365256 36
      vertex 6.52399 -0.365256 33
    endloop
  endfacet
  facet normal 0.772991 -0.634417 0
    outer loop
      vertex 6.52399 0.365256 36
      vertex 6.5489 0.395607 33
      vertex 6.5489 0.395607 36
    endloop
  endfacet
  facet normal 0.772991 -0.634417 0
    outer loop
      vertex 6.5489 0.395607 33
      vertex 6.52399 0.365256 36
      vertex 6.52399 0.365256 33
    endloop
  endfacet
  facet normal 0.729867 -0.683589 0
    outer loop
      vertex 6.5489 0.395607 36
      vertex 6.57574 0.424264 33
      vertex 6.57574 0.424264 36
    endloop
  endfacet
  facet normal 0.729867 -0.683589 0
    outer loop
      vertex 6.57574 0.424264 33
      vertex 6.5489 0.395607 36
      vertex 6.5489 0.395607 33
    endloop
  endfacet
  facet normal 0.882011 -0.471228 0
    outer loop
      vertex 6.46188 0.265372 36
      vertex 6.48038 0.299999 33
      vertex 6.48038 0.299999 36
    endloop
  endfacet
  facet normal 0.882011 -0.471228 0
    outer loop
      vertex 6.48038 0.299999 33
      vertex 6.46188 0.265372 36
      vertex 6.46188 0.265372 33
    endloop
  endfacet
  facet normal 0.956922 -0.290347 0
    outer loop
      vertex 6.42044 0.155291 36
      vertex 6.43184 0.192863 33
      vertex 6.43184 0.192863 36
    endloop
  endfacet
  facet normal 0.956922 -0.290347 0
    outer loop
      vertex 6.43184 0.192863 33
      vertex 6.42044 0.155291 36
      vertex 6.42044 0.155291 33
    endloop
  endfacet
  facet normal 0.995181 -0.0980586 0
    outer loop
      vertex 6.40128 0.0392418 36
      vertex 6.40513 0.0783148 33
      vertex 6.40513 0.0783148 36
    endloop
  endfacet
  facet normal 0.995181 -0.0980586 0
    outer loop
      vertex 6.40513 0.0783148 33
      vertex 6.40128 0.0392418 36
      vertex 6.40128 0.0392418 33
    endloop
  endfacet
  facet normal 0.471355 -0.881944 0
    outer loop
      vertex 6.7 0.519615 33
      vertex 6.73463 0.538123 36
      vertex 6.7 0.519615 36
    endloop
  endfacet
  facet normal 0.471355 -0.881944 0
    outer loop
      vertex 6.73463 0.538123 36
      vertex 6.7 0.519615 33
      vertex 6.73463 0.538123 33
    endloop
  endfacet
  facet normal 0.412736 -0.910851 0
    outer loop
      vertex 6.73463 0.538123 33
      vertex 6.77039 0.554327 36
      vertex 6.73463 0.538123 36
    endloop
  endfacet
  facet normal 0.412736 -0.910851 0
    outer loop
      vertex 6.77039 0.554327 36
      vertex 6.73463 0.538123 33
      vertex 6.77039 0.554327 33
    endloop
  endfacet
  facet normal 0.634399 -0.773005 0
    outer loop
      vertex 6.60439 0.451103 33
      vertex 6.63474 0.476011 36
      vertex 6.60439 0.451103 36
    endloop
  endfacet
  facet normal 0.634399 -0.773005 0
    outer loop
      vertex 6.63474 0.476011 36
      vertex 6.60439 0.451103 33
      vertex 6.63474 0.476011 33
    endloop
  endfacet
  facet normal 0.227044 -0.973884 0
    outer loop
      vertex 6.84471 0.579555 33
      vertex 6.88295 0.58847 36
      vertex 6.84471 0.579555 36
    endloop
  endfacet
  facet normal 0.227044 -0.973884 0
    outer loop
      vertex 6.88295 0.58847 36
      vertex 6.84471 0.579555 33
      vertex 6.88295 0.58847 33
    endloop
  endfacet
  facet normal 0.290314 -0.956931 0
    outer loop
      vertex 6.80714 0.568157 33
      vertex 6.84471 0.579555 36
      vertex 6.80714 0.568157 36
    endloop
  endfacet
  facet normal 0.290314 -0.956931 0
    outer loop
      vertex 6.84471 0.579555 36
      vertex 6.80714 0.568157 33
      vertex 6.84471 0.579555 33
    endloop
  endfacet
  facet normal 0.772991 0.634417 0
    outer loop
      vertex 6.5489 -0.395607 36
      vertex 6.52399 -0.365256 33
      vertex 6.52399 -0.365256 36
    endloop
  endfacet
  facet normal 0.772991 0.634417 0
    outer loop
      vertex 6.52399 -0.365256 33
      vertex 6.5489 -0.395607 36
      vertex 6.5489 -0.395607 33
    endloop
  endfacet
  facet normal 0.973909 0.226941 0
    outer loop
      vertex 6.42044 -0.155291 36
      vertex 6.41153 -0.117054 33
      vertex 6.41153 -0.117054 36
    endloop
  endfacet
  facet normal 0.973909 0.226941 0
    outer loop
      vertex 6.41153 -0.117054 33
      vertex 6.42044 -0.155291 36
      vertex 6.42044 -0.155291 33
    endloop
  endfacet
  facet normal 0.935908 0.352245 0
    outer loop
      vertex 6.44567 -0.229609 36
      vertex 6.43184 -0.192863 33
      vertex 6.43184 -0.192863 36
    endloop
  endfacet
  facet normal 0.935908 0.352245 0
    outer loop
      vertex 6.43184 -0.192863 33
      vertex 6.44567 -0.229609 36
      vertex 6.44567 -0.229609 33
    endloop
  endfacet
  facet normal 0.352212 0.93592 -0
    outer loop
      vertex 6.80714 -0.568157 33
      vertex 6.77039 -0.554327 36
      vertex 6.80714 -0.568157 36
    endloop
  endfacet
  facet normal 0.352212 0.93592 0
    outer loop
      vertex 6.77039 -0.554327 36
      vertex 6.80714 -0.568157 33
      vertex 6.77039 -0.554327 33
    endloop
  endfacet
  facet normal 0.849134 0.528178 0
    outer loop
      vertex 6.50112 -0.333342 36
      vertex 6.48038 -0.299999 33
      vertex 6.48038 -0.299999 36
    endloop
  endfacet
  facet normal 0.849134 0.528178 0
    outer loop
      vertex 6.48038 -0.299999 33
      vertex 6.50112 -0.333342 36
      vertex 6.50112 -0.333342 33
    endloop
  endfacet
  facet normal 0.729867 0.683589 0
    outer loop
      vertex 6.57574 -0.424264 36
      vertex 6.5489 -0.395607 33
      vertex 6.5489 -0.395607 36
    endloop
  endfacet
  facet normal 0.729867 0.683589 0
    outer loop
      vertex 6.5489 -0.395607 33
      vertex 6.57574 -0.424264 36
      vertex 6.57574 -0.424264 33
    endloop
  endfacet
  facet normal 0.986626 0.162998 0
    outer loop
      vertex 6.41153 -0.117054 36
      vertex 6.40513 -0.0783148 33
      vertex 6.40513 -0.0783148 36
    endloop
  endfacet
  facet normal 0.986626 0.162998 0
    outer loop
      vertex 6.40513 -0.0783148 33
      vertex 6.41153 -0.117054 36
      vertex 6.41153 -0.117054 33
    endloop
  endfacet
  facet normal 0.0326711 0.999466 -0
    outer loop
      vertex 6.9711 -0.599053 33
      vertex 6.96076 -0.598715 36
      vertex 6.9711 -0.599053 36
    endloop
  endfacet
  facet normal 0.0326711 0.999466 0
    outer loop
      vertex 6.96076 -0.598715 36
      vertex 6.9711 -0.599053 33
      vertex 6.96076 -0.598715 33
    endloop
  endfacet
  facet normal 0.528102 0.849181 -0
    outer loop
      vertex 6.7 -0.519615 33
      vertex 6.66666 -0.498881 36
      vertex 6.7 -0.519615 36
    endloop
  endfacet
  facet normal 0.528102 0.849181 0
    outer loop
      vertex 6.66666 -0.498881 36
      vertex 6.7 -0.519615 33
      vertex 6.66666 -0.498881 33
    endloop
  endfacet
  facet normal 0.162961 0.986632 -0
    outer loop
      vertex 6.92168 -0.594867 33
      vertex 6.88295 -0.58847 36
      vertex 6.92168 -0.594867 36
    endloop
  endfacet
  facet normal 0.162961 0.986632 0
    outer loop
      vertex 6.88295 -0.58847 36
      vertex 6.92168 -0.594867 33
      vertex 6.88295 -0.58847 33
    endloop
  endfacet
  facet normal 0.0979908 0.995187 -0
    outer loop
      vertex 6.96076 -0.598715 33
      vertex 6.92168 -0.594867 36
      vertex 6.96076 -0.598715 36
    endloop
  endfacet
  facet normal 0.0979908 0.995187 0
    outer loop
      vertex 6.92168 -0.594867 36
      vertex 6.96076 -0.598715 33
      vertex 6.92168 -0.594867 33
    endloop
  endfacet
  facet normal 0.882011 0.471228 0
    outer loop
      vertex 6.48038 -0.299999 36
      vertex 6.46188 -0.265372 33
      vertex 6.46188 -0.265372 36
    endloop
  endfacet
  facet normal 0.882011 0.471228 0
    outer loop
      vertex 6.46188 -0.265372 33
      vertex 6.48038 -0.299999 36
      vertex 6.48038 -0.299999 33
    endloop
  endfacet
  facet normal 0.956922 0.290347 0
    outer loop
      vertex 6.43184 -0.192863 36
      vertex 6.42044 -0.155291 33
      vertex 6.42044 -0.155291 36
    endloop
  endfacet
  facet normal 0.956922 0.290347 0
    outer loop
      vertex 6.42044 -0.155291 33
      vertex 6.43184 -0.192863 36
      vertex 6.43184 -0.192863 33
    endloop
  endfacet
  facet normal 0.995181 0.0980586 0
    outer loop
      vertex 6.40513 -0.0783148 36
      vertex 6.40128 -0.0392418 33
      vertex 6.40128 -0.0392418 36
    endloop
  endfacet
  facet normal 0.995181 0.0980586 0
    outer loop
      vertex 6.40128 -0.0392418 33
      vertex 6.40513 -0.0783148 36
      vertex 6.40513 -0.0783148 33
    endloop
  endfacet
  facet normal 0.999468 0.0326009 0
    outer loop
      vertex 6.40128 -0.0392418 36
      vertex 6.4 0 33
      vertex 6.4 0 36
    endloop
  endfacet
  facet normal 0.999468 0.0326009 0
    outer loop
      vertex 6.4 0 33
      vertex 6.40128 -0.0392418 36
      vertex 6.40128 -0.0392418 33
    endloop
  endfacet
  facet normal 0.471355 0.881944 -0
    outer loop
      vertex 6.73463 -0.538123 33
      vertex 6.7 -0.519615 36
      vertex 6.73463 -0.538123 36
    endloop
  endfacet
  facet normal 0.471355 0.881944 0
    outer loop
      vertex 6.7 -0.519615 36
      vertex 6.73463 -0.538123 33
      vertex 6.7 -0.519615 33
    endloop
  endfacet
  facet normal 0.634399 0.773005 -0
    outer loop
      vertex 6.63474 -0.476011 33
      vertex 6.60439 -0.451103 36
      vertex 6.63474 -0.476011 36
    endloop
  endfacet
  facet normal 0.634399 0.773005 0
    outer loop
      vertex 6.60439 -0.451103 36
      vertex 6.63474 -0.476011 33
      vertex 6.60439 -0.451103 33
    endloop
  endfacet
  facet normal 0.412736 0.910851 -0
    outer loop
      vertex 6.77039 -0.554327 33
      vertex 6.73463 -0.538123 36
      vertex 6.77039 -0.554327 36
    endloop
  endfacet
  facet normal 0.412736 0.910851 0
    outer loop
      vertex 6.73463 -0.538123 36
      vertex 6.77039 -0.554327 33
      vertex 6.73463 -0.538123 33
    endloop
  endfacet
  facet normal 0.227044 0.973884 -0
    outer loop
      vertex 6.88295 -0.58847 33
      vertex 6.84471 -0.579555 36
      vertex 6.88295 -0.58847 36
    endloop
  endfacet
  facet normal 0.227044 0.973884 0
    outer loop
      vertex 6.84471 -0.579555 36
      vertex 6.88295 -0.58847 33
      vertex 6.84471 -0.579555 33
    endloop
  endfacet
  facet normal 0.290314 0.956931 -0
    outer loop
      vertex 6.84471 -0.579555 33
      vertex 6.80714 -0.568157 36
      vertex 6.84471 -0.579555 36
    endloop
  endfacet
  facet normal 0.290314 0.956931 0
    outer loop
      vertex 6.80714 -0.568157 36
      vertex 6.84471 -0.579555 33
      vertex 6.80714 -0.568157 33
    endloop
  endfacet
  facet normal 0.582418 0.812889 -0
    outer loop
      vertex 6.66666 -0.498881 33
      vertex 6.63474 -0.476011 36
      vertex 6.66666 -0.498881 36
    endloop
  endfacet
  facet normal 0.582418 0.812889 0
    outer loop
      vertex 6.63474 -0.476011 36
      vertex 6.66666 -0.498881 33
      vertex 6.63474 -0.476011 33
    endloop
  endfacet
  facet normal 0.528782 -0.848758 0
    outer loop
      vertex 5.73762 4.00435 33
      vertex 5.72884 3.99888 35.2969
      vertex 5.72884 3.99888 33
    endloop
  endfacet
  facet normal 0.528782 -0.848758 0
    outer loop
      vertex 5.72884 3.99888 35.2969
      vertex 5.73762 4.00435 33
      vertex 5.73762 4.00435 35.3024
    endloop
  endfacet
  facet normal 0.973913 -0.226924 0
    outer loop
      vertex 5.47371 3.61705 34.9151
      vertex 5.48262 3.65529 33
      vertex 5.48262 3.65529 34.9533
    endloop
  endfacet
  facet normal 0.973913 -0.226924 0
    outer loop
      vertex 5.48262 3.65529 33
      vertex 5.47371 3.61705 34.9151
      vertex 5.47371 3.61705 33
    endloop
  endfacet
  facet normal 0.812889 -0.582418 0
    outer loop
      vertex 5.5633 3.83334 35.1314
      vertex 5.58617 3.86526 33
      vertex 5.58617 3.86526 35.1633
    endloop
  endfacet
  facet normal 0.812889 -0.582418 0
    outer loop
      vertex 5.58617 3.86526 33
      vertex 5.5633 3.83334 35.1314
      vertex 5.5633 3.83334 33
    endloop
  endfacet
  facet normal 0.99518 -0.0980661 0
    outer loop
      vertex 5.46346 3.53924 34.8373
      vertex 5.46731 3.57831 33
      vertex 5.46731 3.57831 34.8764
    endloop
  endfacet
  facet normal 0.99518 -0.0980661 0
    outer loop
      vertex 5.46731 3.57831 33
      vertex 5.46346 3.53924 34.8373
      vertex 5.46346 3.53924 33
    endloop
  endfacet
  facet normal 0.683551 -0.729902 0
    outer loop
      vertex 5.66657 3.9511 33
      vertex 5.63791 3.92426 35.2223
      vertex 5.63791 3.92426 33
    endloop
  endfacet
  facet normal 0.683551 -0.729902 0
    outer loop
      vertex 5.63791 3.92426 35.2223
      vertex 5.66657 3.9511 33
      vertex 5.66657 3.9511 35.2492
    endloop
  endfacet
  facet normal -0.412862 0.910793 0
    outer loop
      vertex 6.29179 2.94567 33
      vertex 6.32755 2.96188 35.4072
      vertex 6.32755 2.96188 33
    endloop
  endfacet
  facet normal -0.412862 0.910793 0
    outer loop
      vertex 6.32755 2.96188 35.4072
      vertex 6.29179 2.94567 33
      vertex 6.29179 2.94567 35.4234
    endloop
  endfacet
  facet normal 0.999477 -0.0323281 0
    outer loop
      vertex 5.46334 3.53553 34.8336
      vertex 5.46346 3.53924 33
      vertex 5.46346 3.53924 34.8373
    endloop
  endfacet
  facet normal 0.999467 -0.0326311 0
    outer loop
      vertex 5.46218 3.5 33
      vertex 5.46334 3.53553 34.8336
      vertex 5.46218 3.5 34.8691
    endloop
  endfacet
  facet normal 0.999468 -0.0326024 -5.55643e-07
    outer loop
      vertex 5.46334 3.53553 34.8336
      vertex 5.46218 3.5 33
      vertex 5.46346 3.53924 33
    endloop
  endfacet
  facet normal 0.98662 0.163036 -0
    outer loop
      vertex 5.47371 3.38295 33
      vertex 5.46731 3.42168 34.9474
      vertex 5.47371 3.38295 34.9862
    endloop
  endfacet
  facet normal 0.98662 0.163036 0
    outer loop
      vertex 5.46731 3.42168 34.9474
      vertex 5.47371 3.38295 33
      vertex 5.46731 3.42168 33
    endloop
  endfacet
  facet normal 0.999468 0.0326024 -0
    outer loop
      vertex 5.46346 3.46076 33
      vertex 5.46218 3.5 34.8691
      vertex 5.46346 3.46076 34.9084
    endloop
  endfacet
  facet normal 0.999468 0.0326024 0
    outer loop
      vertex 5.46218 3.5 34.8691
      vertex 5.46346 3.46076 33
      vertex 5.46218 3.5 33
    endloop
  endfacet
  facet normal 0.910889 0.412651 -0
    outer loop
      vertex 5.52405 3.23463 33
      vertex 5.50785 3.27039 35.0987
      vertex 5.52405 3.23463 35.1345
    endloop
  endfacet
  facet normal 0.910889 0.412651 0
    outer loop
      vertex 5.50785 3.27039 35.0987
      vertex 5.52405 3.23463 33
      vertex 5.50785 3.27039 33
    endloop
  endfacet
  facet normal 0.910889 -0.412651 0
    outer loop
      vertex 5.50785 3.72961 35.0277
      vertex 5.52405 3.76537 33
      vertex 5.52405 3.76537 35.0634
    endloop
  endfacet
  facet normal 0.910889 -0.412651 0
    outer loop
      vertex 5.52405 3.76537 33
      vertex 5.50785 3.72961 35.0277
      vertex 5.50785 3.72961 33
    endloop
  endfacet
  facet normal 0.881923 -0.471394 0
    outer loop
      vertex 5.52405 3.76537 35.0634
      vertex 5.54256 3.8 33
      vertex 5.54256 3.8 35.0981
    endloop
  endfacet
  facet normal 0.881923 -0.471394 0
    outer loop
      vertex 5.54256 3.8 33
      vertex 5.52405 3.76537 35.0634
      vertex 5.52405 3.76537 33
    endloop
  endfacet
  facet normal 0.93592 -0.352212 0
    outer loop
      vertex 5.49402 3.69286 34.9909
      vertex 5.50785 3.72961 33
      vertex 5.50785 3.72961 35.0277
    endloop
  endfacet
  facet normal 0.93592 -0.352212 0
    outer loop
      vertex 5.50785 3.72961 33
      vertex 5.49402 3.69286 34.9909
      vertex 5.49402 3.69286 33
    endloop
  endfacet
  facet normal 0.729783 -0.683678 0
    outer loop
      vertex 5.61107 3.89561 35.1937
      vertex 5.63791 3.92426 33
      vertex 5.63791 3.92426 35.2223
    endloop
  endfacet
  facet normal 0.729783 -0.683678 0
    outer loop
      vertex 5.63791 3.92426 33
      vertex 5.61107 3.89561 35.1937
      vertex 5.61107 3.89561 33
    endloop
  endfacet
  facet normal 0.582418 -0.812889 0
    outer loop
      vertex 5.72884 3.99888 33
      vertex 5.69692 3.97601 35.2741
      vertex 5.69692 3.97601 33
    endloop
  endfacet
  facet normal 0.582418 -0.812889 0
    outer loop
      vertex 5.69692 3.97601 35.2741
      vertex 5.72884 3.99888 33
      vertex 5.72884 3.99888 35.2969
    endloop
  endfacet
  facet normal 0.528212 0.849112 -0
    outer loop
      vertex 5.76218 2.98038 33
      vertex 5.72884 3.00112 35.368
      vertex 5.76218 2.98038 35.3887
    endloop
  endfacet
  facet normal 0.528212 0.849112 0
    outer loop
      vertex 5.72884 3.00112 35.368
      vertex 5.76218 2.98038 33
      vertex 5.72884 3.00112 33
    endloop
  endfacet
  facet normal 0.986627 -0.162995 0
    outer loop
      vertex 5.46731 3.57831 34.8764
      vertex 5.47371 3.61705 33
      vertex 5.47371 3.61705 34.9151
    endloop
  endfacet
  facet normal 0.986627 -0.162995 0
    outer loop
      vertex 5.47371 3.61705 33
      vertex 5.46731 3.57831 34.8764
      vertex 5.46731 3.57831 33
    endloop
  endfacet
  facet normal 0.995182 0.0980413 -0
    outer loop
      vertex 5.46731 3.42168 33
      vertex 5.46346 3.46076 34.9084
      vertex 5.46731 3.42168 34.9474
    endloop
  endfacet
  facet normal 0.995182 0.0980413 0
    outer loop
      vertex 5.46346 3.46076 34.9084
      vertex 5.46731 3.42168 33
      vertex 5.46346 3.46076 33
    endloop
  endfacet
  facet normal 0.93592 0.352212 -0
    outer loop
      vertex 5.50785 3.27039 33
      vertex 5.49402 3.30714 35.062
      vertex 5.50785 3.27039 35.0987
    endloop
  endfacet
  facet normal 0.93592 0.352212 0
    outer loop
      vertex 5.49402 3.30714 35.062
      vertex 5.50785 3.27039 33
      vertex 5.49402 3.30714 33
    endloop
  endfacet
  facet normal 0.973913 0.226924 -0
    outer loop
      vertex 5.48262 3.34471 33
      vertex 5.47371 3.38295 34.9862
      vertex 5.48262 3.34471 35.0244
    endloop
  endfacet
  facet normal 0.973913 0.226924 0
    outer loop
      vertex 5.47371 3.38295 34.9862
      vertex 5.48262 3.34471 33
      vertex 5.47371 3.38295 33
    endloop
  endfacet
  facet normal 0.956917 0.290361 -0
    outer loop
      vertex 5.49402 3.30714 33
      vertex 5.48262 3.34471 35.0244
      vertex 5.49402 3.30714 35.062
    endloop
  endfacet
  facet normal 0.956917 0.290361 0
    outer loop
      vertex 5.48262 3.34471 35.0244
      vertex 5.49402 3.30714 33
      vertex 5.48262 3.34471 33
    endloop
  endfacet
  facet normal 0.881923 0.471394 -0
    outer loop
      vertex 5.54256 3.2 33
      vertex 5.52405 3.23463 35.1345
      vertex 5.54256 3.2 35.1691
    endloop
  endfacet
  facet normal 0.881923 0.471394 0
    outer loop
      vertex 5.52405 3.23463 35.1345
      vertex 5.54256 3.2 33
      vertex 5.52405 3.23463 33
    endloop
  endfacet
  facet normal 0.849112 -0.528212 0
    outer loop
      vertex 5.54256 3.8 35.0981
      vertex 5.5633 3.83334 33
      vertex 5.5633 3.83334 35.1314
    endloop
  endfacet
  facet normal 0.849112 -0.528212 0
    outer loop
      vertex 5.5633 3.83334 33
      vertex 5.54256 3.8 35.0981
      vertex 5.54256 3.8 33
    endloop
  endfacet
  facet normal 0.956917 -0.290361 0
    outer loop
      vertex 5.48262 3.65529 34.9533
      vertex 5.49402 3.69286 33
      vertex 5.49402 3.69286 34.9909
    endloop
  endfacet
  facet normal 0.956917 -0.290361 0
    outer loop
      vertex 5.49402 3.69286 33
      vertex 5.48262 3.65529 34.9533
      vertex 5.48262 3.65529 33
    endloop
  endfacet
  facet normal 0.773105 -0.634278 0
    outer loop
      vertex 5.58617 3.86526 35.1633
      vertex 5.61107 3.89561 33
      vertex 5.61107 3.89561 35.1937
    endloop
  endfacet
  facet normal 0.773105 -0.634278 0
    outer loop
      vertex 5.61107 3.89561 33
      vertex 5.58617 3.86526 35.1633
      vertex 5.58617 3.86526 33
    endloop
  endfacet
  facet normal 0.63443 -0.77298 0
    outer loop
      vertex 5.69692 3.97601 33
      vertex 5.66657 3.9511 35.2492
      vertex 5.66657 3.9511 33
    endloop
  endfacet
  facet normal 0.63443 -0.77298 0
    outer loop
      vertex 5.66657 3.9511 35.2492
      vertex 5.69692 3.97601 33
      vertex 5.69692 3.97601 35.2741
    endloop
  endfacet
  facet normal -0.470638 0.882326 0
    outer loop
      vertex 6.32755 2.96188 33
      vertex 6.33668 2.96675 35.4024
      vertex 6.33668 2.96675 33
    endloop
  endfacet
  facet normal -0.470638 0.882326 0
    outer loop
      vertex 6.33668 2.96675 35.4024
      vertex 6.32755 2.96188 33
      vertex 6.32755 2.96188 35.4072
    endloop
  endfacet
  facet normal 0.29029 0.956939 -0
    outer loop
      vertex 5.90689 2.92044 33
      vertex 5.86931 2.93184 35.4373
      vertex 5.90689 2.92044 35.4487
    endloop
  endfacet
  facet normal 0.29029 0.956939 0
    outer loop
      vertex 5.86931 2.93184 35.4373
      vertex 5.90689 2.92044 33
      vertex 5.86931 2.93184 33
    endloop
  endfacet
  facet normal 0.471302 0.881972 -0
    outer loop
      vertex 5.7968 2.96188 33
      vertex 5.76218 2.98038 35.3887
      vertex 5.7968 2.96188 35.4072
    endloop
  endfacet
  facet normal 0.471302 0.881972 0
    outer loop
      vertex 5.76218 2.98038 35.3887
      vertex 5.7968 2.96188 33
      vertex 5.76218 2.98038 33
    endloop
  endfacet
  facet normal 0.352296 0.935889 -0
    outer loop
      vertex 5.86931 2.93184 33
      vertex 5.83257 2.94567 35.4234
      vertex 5.86931 2.93184 35.4373
    endloop
  endfacet
  facet normal 0.352296 0.935889 0
    outer loop
      vertex 5.83257 2.94567 35.4234
      vertex 5.86931 2.93184 33
      vertex 5.83257 2.94567 33
    endloop
  endfacet
  facet normal 0.683551 0.729902 -0
    outer loop
      vertex 5.66657 3.0489 33
      vertex 5.63791 3.07574 35.2934
      vertex 5.66657 3.0489 35.3202
    endloop
  endfacet
  facet normal 0.683551 0.729902 0
    outer loop
      vertex 5.63791 3.07574 35.2934
      vertex 5.66657 3.0489 33
      vertex 5.63791 3.07574 33
    endloop
  endfacet
  facet normal 0.729783 0.683678 -0
    outer loop
      vertex 5.63791 3.07574 33
      vertex 5.61107 3.10439 35.2647
      vertex 5.63791 3.07574 35.2934
    endloop
  endfacet
  facet normal 0.729783 0.683678 0
    outer loop
      vertex 5.61107 3.10439 35.2647
      vertex 5.63791 3.07574 33
      vertex 5.61107 3.10439 33
    endloop
  endfacet
  facet normal 0.849112 0.528212 -0
    outer loop
      vertex 5.5633 3.16666 33
      vertex 5.54256 3.2 35.1691
      vertex 5.5633 3.16666 35.2025
    endloop
  endfacet
  facet normal 0.849112 0.528212 0
    outer loop
      vertex 5.54256 3.2 35.1691
      vertex 5.5633 3.16666 33
      vertex 5.54256 3.2 33
    endloop
  endfacet
  facet normal -0.352212 0.93592 0
    outer loop
      vertex 6.25504 2.93184 33
      vertex 6.29179 2.94567 35.4234
      vertex 6.29179 2.94567 33
    endloop
  endfacet
  facet normal -0.352212 0.93592 0
    outer loop
      vertex 6.29179 2.94567 35.4234
      vertex 6.25504 2.93184 33
      vertex 6.25504 2.93184 35.4373
    endloop
  endfacet
  facet normal 0.412767 0.910837 -0
    outer loop
      vertex 5.83257 2.94567 33
      vertex 5.7968 2.96188 35.4072
      vertex 5.83257 2.94567 35.4234
    endloop
  endfacet
  facet normal 0.412767 0.910837 0
    outer loop
      vertex 5.7968 2.96188 35.4072
      vertex 5.83257 2.94567 33
      vertex 5.7968 2.96188 33
    endloop
  endfacet
  facet normal 0.22698 0.973899 -0
    outer loop
      vertex 5.94512 2.91153 33
      vertex 5.90689 2.92044 35.4487
      vertex 5.94512 2.91153 35.4576
    endloop
  endfacet
  facet normal 0.22698 0.973899 0
    outer loop
      vertex 5.90689 2.92044 35.4487
      vertex 5.94512 2.91153 33
      vertex 5.90689 2.92044 33
    endloop
  endfacet
  facet normal 0.812889 0.582418 -0
    outer loop
      vertex 5.58617 3.13474 33
      vertex 5.5633 3.16666 35.2025
      vertex 5.58617 3.13474 35.2344
    endloop
  endfacet
  facet normal 0.812889 0.582418 0
    outer loop
      vertex 5.5633 3.16666 35.2025
      vertex 5.58617 3.13474 33
      vertex 5.5633 3.16666 33
    endloop
  endfacet
  facet normal -0.290361 0.956917 0
    outer loop
      vertex 6.21747 2.92044 33
      vertex 6.25504 2.93184 35.4373
      vertex 6.25504 2.93184 33
    endloop
  endfacet
  facet normal -0.290361 0.956917 0
    outer loop
      vertex 6.25504 2.93184 35.4373
      vertex 6.21747 2.92044 33
      vertex 6.21747 2.92044 35.4487
    endloop
  endfacet
  facet normal -0.0326024 0.999468 0
    outer loop
      vertex 6.06218 2.9 33
      vertex 6.10142 2.90128 35.4678
      vertex 6.10142 2.90128 33
    endloop
  endfacet
  facet normal -0.0326024 0.999468 0
    outer loop
      vertex 6.10142 2.90128 35.4678
      vertex 6.06218 2.9 33
      vertex 6.06218 2.9 35.4691
    endloop
  endfacet
  facet normal 0.582418 0.812889 -0
    outer loop
      vertex 5.72884 3.00112 33
      vertex 5.69692 3.02399 35.3451
      vertex 5.72884 3.00112 35.368
    endloop
  endfacet
  facet normal 0.582418 0.812889 0
    outer loop
      vertex 5.69692 3.02399 35.3451
      vertex 5.72884 3.00112 33
      vertex 5.69692 3.02399 33
    endloop
  endfacet
  facet normal 0.63443 0.77298 -0
    outer loop
      vertex 5.69692 3.02399 33
      vertex 5.66657 3.0489 35.3202
      vertex 5.69692 3.02399 35.3451
    endloop
  endfacet
  facet normal 0.63443 0.77298 0
    outer loop
      vertex 5.66657 3.0489 35.3202
      vertex 5.69692 3.02399 33
      vertex 5.66657 3.0489 33
    endloop
  endfacet
  facet normal 0.773105 0.634278 -0
    outer loop
      vertex 5.61107 3.10439 33
      vertex 5.58617 3.13474 35.2344
      vertex 5.61107 3.10439 35.2647
    endloop
  endfacet
  facet normal 0.773105 0.634278 0
    outer loop
      vertex 5.58617 3.13474 35.2344
      vertex 5.61107 3.10439 33
      vertex 5.58617 3.13474 33
    endloop
  endfacet
  facet normal -0.226924 0.973913 0
    outer loop
      vertex 6.17923 2.91153 33
      vertex 6.21747 2.92044 35.4487
      vertex 6.21747 2.92044 33
    endloop
  endfacet
  facet normal -0.226924 0.973913 0
    outer loop
      vertex 6.21747 2.92044 35.4487
      vertex 6.17923 2.91153 33
      vertex 6.17923 2.91153 35.4576
    endloop
  endfacet
  facet normal 0.0326024 0.999468 -0
    outer loop
      vertex 6.06218 2.9 33
      vertex 6.02294 2.90128 35.4678
      vertex 6.06218 2.9 35.4691
    endloop
  endfacet
  facet normal 0.0326024 0.999468 0
    outer loop
      vertex 6.02294 2.90128 35.4678
      vertex 6.06218 2.9 33
      vertex 6.02294 2.90128 33
    endloop
  endfacet
  facet normal -0.162995 0.986627 0
    outer loop
      vertex 6.14049 2.90513 33
      vertex 6.17923 2.91153 35.4576
      vertex 6.17923 2.91153 33
    endloop
  endfacet
  facet normal -0.162995 0.986627 0
    outer loop
      vertex 6.17923 2.91153 35.4576
      vertex 6.14049 2.90513 33
      vertex 6.14049 2.90513 35.464
    endloop
  endfacet
  facet normal 0.0980413 0.995182 -0
    outer loop
      vertex 6.02294 2.90128 33
      vertex 5.98386 2.90513 35.464
      vertex 6.02294 2.90128 35.4678
    endloop
  endfacet
  facet normal 0.0980413 0.995182 0
    outer loop
      vertex 5.98386 2.90513 35.464
      vertex 6.02294 2.90128 33
      vertex 5.98386 2.90513 33
    endloop
  endfacet
  facet normal 0.162995 0.986627 -0
    outer loop
      vertex 5.98386 2.90513 33
      vertex 5.94512 2.91153 35.4576
      vertex 5.98386 2.90513 35.464
    endloop
  endfacet
  facet normal 0.162995 0.986627 0
    outer loop
      vertex 5.94512 2.91153 35.4576
      vertex 5.98386 2.90513 33
      vertex 5.94512 2.91153 33
    endloop
  endfacet
  facet normal -0.0980661 0.99518 0
    outer loop
      vertex 6.10142 2.90128 33
      vertex 6.14049 2.90513 35.464
      vertex 6.14049 2.90513 33
    endloop
  endfacet
  facet normal -0.0980661 0.99518 0
    outer loop
      vertex 6.14049 2.90513 35.464
      vertex 6.10142 2.90128 33
      vertex 6.10142 2.90128 35.4678
    endloop
  endfacet
  facet normal 0.882326 -0.470638 0
    outer loop
      vertex 2.96188 6.32755 36
      vertex 2.96675 6.33668 33
      vertex 2.96675 6.33668 36
    endloop
  endfacet
  facet normal 0.882326 -0.470638 0
    outer loop
      vertex 2.96675 6.33668 33
      vertex 2.96188 6.32755 36
      vertex 2.96188 6.32755 33
    endloop
  endfacet
  facet normal 0.99518 -0.0980661 0
    outer loop
      vertex 2.90128 6.10142 36
      vertex 2.90513 6.14049 33
      vertex 2.90513 6.14049 36
    endloop
  endfacet
  facet normal 0.99518 -0.0980661 0
    outer loop
      vertex 2.90513 6.14049 33
      vertex 2.90128 6.10142 36
      vertex 2.90128 6.10142 33
    endloop
  endfacet
  facet normal 0.849112 0.528212 0
    outer loop
      vertex 3.00112 5.72884 36
      vertex 2.98038 5.76218 33
      vertex 2.98038 5.76218 36
    endloop
  endfacet
  facet normal 0.849112 0.528212 0
    outer loop
      vertex 2.98038 5.76218 33
      vertex 3.00112 5.72884 36
      vertex 3.00112 5.72884 33
    endloop
  endfacet
  facet normal 0.973899 0.22698 0
    outer loop
      vertex 2.92044 5.90689 36
      vertex 2.91153 5.94512 33
      vertex 2.91153 5.94512 36
    endloop
  endfacet
  facet normal 0.973899 0.22698 0
    outer loop
      vertex 2.91153 5.94512 33
      vertex 2.92044 5.90689 36
      vertex 2.92044 5.90689 33
    endloop
  endfacet
  facet normal 0.956917 -0.290361 0
    outer loop
      vertex 2.92044 6.21747 36
      vertex 2.93184 6.25504 33
      vertex 2.93184 6.25504 36
    endloop
  endfacet
  facet normal 0.956917 -0.290361 0
    outer loop
      vertex 2.93184 6.25504 33
      vertex 2.92044 6.21747 36
      vertex 2.92044 6.21747 33
    endloop
  endfacet
  facet normal 0.935889 0.352296 0
    outer loop
      vertex 2.94567 5.83257 36
      vertex 2.93184 5.86931 33
      vertex 2.93184 5.86931 36
    endloop
  endfacet
  facet normal 0.935889 0.352296 0
    outer loop
      vertex 2.93184 5.86931 33
      vertex 2.94567 5.83257 36
      vertex 2.94567 5.83257 33
    endloop
  endfacet
  facet normal 0.634278 0.773105 -0
    outer loop
      vertex 3.13474 5.58617 33
      vertex 3.10439 5.61107 36
      vertex 3.13474 5.58617 36
    endloop
  endfacet
  facet normal 0.634278 0.773105 0
    outer loop
      vertex 3.10439 5.61107 36
      vertex 3.13474 5.58617 33
      vertex 3.10439 5.61107 33
    endloop
  endfacet
  facet normal 0.582418 0.812889 -0
    outer loop
      vertex 3.16666 5.5633 33
      vertex 3.13474 5.58617 36
      vertex 3.16666 5.5633 36
    endloop
  endfacet
  facet normal 0.582418 0.812889 0
    outer loop
      vertex 3.13474 5.58617 36
      vertex 3.16666 5.5633 33
      vertex 3.13474 5.58617 33
    endloop
  endfacet
  facet normal 0.995182 0.0980413 0
    outer loop
      vertex 2.90513 5.98386 36
      vertex 2.90128 6.02294 33
      vertex 2.90128 6.02294 36
    endloop
  endfacet
  facet normal 0.995182 0.0980413 0
    outer loop
      vertex 2.90128 6.02294 33
      vertex 2.90513 5.98386 36
      vertex 2.90513 5.98386 33
    endloop
  endfacet
  facet normal 0.999468 -0.0326024 0
    outer loop
      vertex 2.9 6.06218 36
      vertex 2.90128 6.10142 33
      vertex 2.90128 6.10142 36
    endloop
  endfacet
  facet normal 0.999468 -0.0326024 0
    outer loop
      vertex 2.90128 6.10142 33
      vertex 2.9 6.06218 36
      vertex 2.9 6.06218 33
    endloop
  endfacet
  facet normal 0.986627 0.162995 0
    outer loop
      vertex 2.91153 5.94512 36
      vertex 2.90513 5.98386 33
      vertex 2.90513 5.98386 36
    endloop
  endfacet
  facet normal 0.986627 0.162995 0
    outer loop
      vertex 2.90513 5.98386 33
      vertex 2.91153 5.94512 36
      vertex 2.91153 5.94512 33
    endloop
  endfacet
  facet normal 0.93592 -0.352212 0
    outer loop
      vertex 2.93184 6.25504 36
      vertex 2.94567 6.29179 33
      vertex 2.94567 6.29179 36
    endloop
  endfacet
  facet normal 0.93592 -0.352212 0
    outer loop
      vertex 2.94567 6.29179 33
      vertex 2.93184 6.25504 36
      vertex 2.93184 6.25504 33
    endloop
  endfacet
  facet normal -0.634278 0.773105 0
    outer loop
      vertex 3.89561 5.61107 33
      vertex 3.86526 5.58617 36
      vertex 3.89561 5.61107 36
    endloop
  endfacet
  facet normal -0.634278 0.773105 0
    outer loop
      vertex 3.86526 5.58617 36
      vertex 3.89561 5.61107 33
      vertex 3.86526 5.58617 33
    endloop
  endfacet
  facet normal -0.162995 0.986627 0
    outer loop
      vertex 3.61705 5.47371 33
      vertex 3.57831 5.46731 36
      vertex 3.61705 5.47371 36
    endloop
  endfacet
  facet normal -0.162995 0.986627 0
    outer loop
      vertex 3.57831 5.46731 36
      vertex 3.61705 5.47371 33
      vertex 3.57831 5.46731 33
    endloop
  endfacet
  facet normal 0.910837 0.412767 0
    outer loop
      vertex 2.96188 5.7968 36
      vertex 2.94567 5.83257 33
      vertex 2.94567 5.83257 36
    endloop
  endfacet
  facet normal 0.910837 0.412767 0
    outer loop
      vertex 2.94567 5.83257 33
      vertex 2.96188 5.7968 36
      vertex 2.96188 5.7968 33
    endloop
  endfacet
  facet normal 0.812889 0.582418 0
    outer loop
      vertex 3.02399 5.69692 36
      vertex 3.00112 5.72884 33
      vertex 3.00112 5.72884 36
    endloop
  endfacet
  facet normal 0.812889 0.582418 0
    outer loop
      vertex 3.00112 5.72884 33
      vertex 3.02399 5.69692 36
      vertex 3.02399 5.69692 33
    endloop
  endfacet
  facet normal 0.77298 0.63443 0
    outer loop
      vertex 3.0489 5.66657 36
      vertex 3.02399 5.69692 33
      vertex 3.02399 5.69692 36
    endloop
  endfacet
  facet normal 0.77298 0.63443 0
    outer loop
      vertex 3.02399 5.69692 33
      vertex 3.0489 5.66657 36
      vertex 3.0489 5.66657 33
    endloop
  endfacet
  facet normal 0.729902 0.683551 0
    outer loop
      vertex 3.07574 5.63791 36
      vertex 3.0489 5.66657 33
      vertex 3.0489 5.66657 36
    endloop
  endfacet
  facet normal 0.729902 0.683551 0
    outer loop
      vertex 3.0489 5.66657 33
      vertex 3.07574 5.63791 36
      vertex 3.07574 5.63791 33
    endloop
  endfacet
  facet normal 0.683678 0.729783 -0
    outer loop
      vertex 3.10439 5.61107 33
      vertex 3.07574 5.63791 36
      vertex 3.10439 5.61107 36
    endloop
  endfacet
  facet normal 0.683678 0.729783 0
    outer loop
      vertex 3.07574 5.63791 36
      vertex 3.10439 5.61107 33
      vertex 3.07574 5.63791 33
    endloop
  endfacet
  facet normal 0.528212 0.849112 -0
    outer loop
      vertex 3.2 5.54256 33
      vertex 3.16666 5.5633 36
      vertex 3.2 5.54256 36
    endloop
  endfacet
  facet normal 0.528212 0.849112 0
    outer loop
      vertex 3.16666 5.5633 36
      vertex 3.2 5.54256 33
      vertex 3.16666 5.5633 33
    endloop
  endfacet
  facet normal 0.956939 0.29029 0
    outer loop
      vertex 2.93184 5.86931 36
      vertex 2.92044 5.90689 33
      vertex 2.92044 5.90689 36
    endloop
  endfacet
  facet normal 0.956939 0.29029 0
    outer loop
      vertex 2.92044 5.90689 33
      vertex 2.93184 5.86931 36
      vertex 2.93184 5.86931 33
    endloop
  endfacet
  facet normal 0.999468 0.0326024 0
    outer loop
      vertex 2.90128 6.02294 36
      vertex 2.9 6.06218 33
      vertex 2.9 6.06218 36
    endloop
  endfacet
  facet normal 0.999468 0.0326024 0
    outer loop
      vertex 2.9 6.06218 33
      vertex 2.90128 6.02294 36
      vertex 2.90128 6.02294 33
    endloop
  endfacet
  facet normal 0.973913 -0.226924 0
    outer loop
      vertex 2.91153 6.17923 36
      vertex 2.92044 6.21747 33
      vertex 2.92044 6.21747 36
    endloop
  endfacet
  facet normal 0.973913 -0.226924 0
    outer loop
      vertex 2.92044 6.21747 33
      vertex 2.91153 6.17923 36
      vertex 2.91153 6.17923 33
    endloop
  endfacet
  facet normal 0.986627 -0.162995 0
    outer loop
      vertex 2.90513 6.14049 36
      vertex 2.91153 6.17923 33
      vertex 2.91153 6.17923 36
    endloop
  endfacet
  facet normal 0.986627 -0.162995 0
    outer loop
      vertex 2.91153 6.17923 33
      vertex 2.90513 6.14049 36
      vertex 2.90513 6.14049 33
    endloop
  endfacet
  facet normal 0.910793 -0.412862 0
    outer loop
      vertex 2.94567 6.29179 36
      vertex 2.96188 6.32755 33
      vertex 2.96188 6.32755 36
    endloop
  endfacet
  facet normal 0.910793 -0.412862 0
    outer loop
      vertex 2.96188 6.32755 33
      vertex 2.94567 6.29179 36
      vertex 2.94567 6.29179 33
    endloop
  endfacet
  facet normal -0.226924 0.973913 0
    outer loop
      vertex 3.65529 5.48262 33
      vertex 3.61705 5.47371 36
      vertex 3.65529 5.48262 36
    endloop
  endfacet
  facet normal -0.226924 0.973913 0
    outer loop
      vertex 3.61705 5.47371 36
      vertex 3.65529 5.48262 33
      vertex 3.61705 5.47371 33
    endloop
  endfacet
  facet normal 0.226924 0.973913 -0
    outer loop
      vertex 3.38295 5.47371 33
      vertex 3.34471 5.48262 36
      vertex 3.38295 5.47371 36
    endloop
  endfacet
  facet normal 0.226924 0.973913 0
    outer loop
      vertex 3.34471 5.48262 36
      vertex 3.38295 5.47371 33
      vertex 3.34471 5.48262 33
    endloop
  endfacet
  facet normal 0.0980413 0.995182 -0
    outer loop
      vertex 3.46076 5.46346 33
      vertex 3.42168 5.46731 36
      vertex 3.46076 5.46346 36
    endloop
  endfacet
  facet normal 0.0980413 0.995182 0
    outer loop
      vertex 3.42168 5.46731 36
      vertex 3.46076 5.46346 33
      vertex 3.42168 5.46731 33
    endloop
  endfacet
  facet normal 0.881972 0.471302 0
    outer loop
      vertex 2.98038 5.76218 36
      vertex 2.96188 5.7968 33
      vertex 2.96188 5.7968 36
    endloop
  endfacet
  facet normal 0.881972 0.471302 0
    outer loop
      vertex 2.96188 5.7968 33
      vertex 2.98038 5.76218 36
      vertex 2.98038 5.76218 33
    endloop
  endfacet
  facet normal 0.471394 0.881923 -0
    outer loop
      vertex 3.23463 5.52405 33
      vertex 3.2 5.54256 36
      vertex 3.23463 5.52405 36
    endloop
  endfacet
  facet normal 0.471394 0.881923 0
    outer loop
      vertex 3.2 5.54256 36
      vertex 3.23463 5.52405 33
      vertex 3.2 5.54256 33
    endloop
  endfacet
  facet normal -0.77298 0.63443 0
    outer loop
      vertex 3.9511 5.66657 33
      vertex 3.97601 5.69692 36
      vertex 3.97601 5.69692 33
    endloop
  endfacet
  facet normal -0.77298 0.63443 0
    outer loop
      vertex 3.97601 5.69692 36
      vertex 3.9511 5.66657 33
      vertex 3.9511 5.66657 36
    endloop
  endfacet
  facet normal -0.528212 0.849112 0
    outer loop
      vertex 3.83334 5.5633 33
      vertex 3.8 5.54256 36
      vertex 3.83334 5.5633 36
    endloop
  endfacet
  facet normal -0.528212 0.849112 0
    outer loop
      vertex 3.8 5.54256 36
      vertex 3.83334 5.5633 33
      vertex 3.8 5.54256 33
    endloop
  endfacet
  facet normal -0.352212 0.93592 0
    outer loop
      vertex 3.72961 5.50785 33
      vertex 3.69286 5.49402 36
      vertex 3.72961 5.50785 36
    endloop
  endfacet
  facet normal -0.352212 0.93592 0
    outer loop
      vertex 3.69286 5.49402 36
      vertex 3.72961 5.50785 33
      vertex 3.69286 5.49402 33
    endloop
  endfacet
  facet normal -0.290361 0.956917 0
    outer loop
      vertex 3.69286 5.49402 33
      vertex 3.65529 5.48262 36
      vertex 3.69286 5.49402 36
    endloop
  endfacet
  facet normal -0.290361 0.956917 0
    outer loop
      vertex 3.65529 5.48262 36
      vertex 3.69286 5.49402 33
      vertex 3.65529 5.48262 33
    endloop
  endfacet
  facet normal -0.0980661 0.99518 0
    outer loop
      vertex 3.57831 5.46731 33
      vertex 3.53924 5.46346 36
      vertex 3.57831 5.46731 36
    endloop
  endfacet
  facet normal -0.0980661 0.99518 0
    outer loop
      vertex 3.53924 5.46346 36
      vertex 3.57831 5.46731 33
      vertex 3.53924 5.46346 33
    endloop
  endfacet
  facet normal 0.0326024 0.999468 -0
    outer loop
      vertex 3.5 5.46218 33
      vertex 3.46076 5.46346 36
      vertex 3.5 5.46218 36
    endloop
  endfacet
  facet normal 0.0326024 0.999468 0
    outer loop
      vertex 3.46076 5.46346 36
      vertex 3.5 5.46218 33
      vertex 3.46076 5.46346 33
    endloop
  endfacet
  facet normal 0.163036 0.98662 -0
    outer loop
      vertex 3.42168 5.46731 33
      vertex 3.38295 5.47371 36
      vertex 3.42168 5.46731 36
    endloop
  endfacet
  facet normal 0.163036 0.98662 0
    outer loop
      vertex 3.38295 5.47371 36
      vertex 3.42168 5.46731 33
      vertex 3.38295 5.47371 33
    endloop
  endfacet
  facet normal 0.290361 0.956917 -0
    outer loop
      vertex 3.34471 5.48262 33
      vertex 3.30714 5.49402 36
      vertex 3.34471 5.48262 36
    endloop
  endfacet
  facet normal 0.290361 0.956917 0
    outer loop
      vertex 3.30714 5.49402 36
      vertex 3.34471 5.48262 33
      vertex 3.30714 5.49402 33
    endloop
  endfacet
  facet normal -0.848758 0.528782 0
    outer loop
      vertex 3.99888 5.72884 33
      vertex 4.00435 5.73762 36
      vertex 4.00435 5.73762 33
    endloop
  endfacet
  facet normal -0.848758 0.528782 0
    outer loop
      vertex 4.00435 5.73762 36
      vertex 3.99888 5.72884 33
      vertex 3.99888 5.72884 36
    endloop
  endfacet
  facet normal -0.683678 0.729783 0
    outer loop
      vertex 3.92426 5.63791 33
      vertex 3.89561 5.61107 36
      vertex 3.92426 5.63791 36
    endloop
  endfacet
  facet normal -0.683678 0.729783 0
    outer loop
      vertex 3.89561 5.61107 36
      vertex 3.92426 5.63791 33
      vertex 3.89561 5.61107 33
    endloop
  endfacet
  facet normal -0.582418 0.812889 0
    outer loop
      vertex 3.86526 5.58617 33
      vertex 3.83334 5.5633 36
      vertex 3.86526 5.58617 36
    endloop
  endfacet
  facet normal -0.582418 0.812889 0
    outer loop
      vertex 3.83334 5.5633 36
      vertex 3.86526 5.58617 33
      vertex 3.83334 5.5633 33
    endloop
  endfacet
  facet normal -0.471394 0.881923 0
    outer loop
      vertex 3.8 5.54256 33
      vertex 3.76537 5.52405 36
      vertex 3.8 5.54256 36
    endloop
  endfacet
  facet normal -0.471394 0.881923 0
    outer loop
      vertex 3.76537 5.52405 36
      vertex 3.8 5.54256 33
      vertex 3.76537 5.52405 33
    endloop
  endfacet
  facet normal -0.0326024 0.999468 0
    outer loop
      vertex 3.53924 5.46346 33
      vertex 3.5 5.46218 36
      vertex 3.53924 5.46346 36
    endloop
  endfacet
  facet normal -0.0326024 0.999468 0
    outer loop
      vertex 3.5 5.46218 36
      vertex 3.53924 5.46346 33
      vertex 3.5 5.46218 33
    endloop
  endfacet
  facet normal 0.352212 0.93592 -0
    outer loop
      vertex 3.30714 5.49402 33
      vertex 3.27039 5.50785 36
      vertex 3.30714 5.49402 36
    endloop
  endfacet
  facet normal 0.352212 0.93592 0
    outer loop
      vertex 3.27039 5.50785 36
      vertex 3.30714 5.49402 33
      vertex 3.27039 5.50785 33
    endloop
  endfacet
  facet normal 0.412651 0.910889 -0
    outer loop
      vertex 3.27039 5.50785 33
      vertex 3.23463 5.52405 36
      vertex 3.27039 5.50785 36
    endloop
  endfacet
  facet normal 0.412651 0.910889 0
    outer loop
      vertex 3.23463 5.52405 36
      vertex 3.27039 5.50785 33
      vertex 3.23463 5.52405 33
    endloop
  endfacet
  facet normal -0.812889 0.582418 0
    outer loop
      vertex 3.97601 5.69692 33
      vertex 3.99888 5.72884 36
      vertex 3.99888 5.72884 33
    endloop
  endfacet
  facet normal -0.812889 0.582418 0
    outer loop
      vertex 3.99888 5.72884 36
      vertex 3.97601 5.69692 33
      vertex 3.97601 5.69692 36
    endloop
  endfacet
  facet normal -0.729902 0.683551 0
    outer loop
      vertex 3.92426 5.63791 33
      vertex 3.9511 5.66657 36
      vertex 3.9511 5.66657 33
    endloop
  endfacet
  facet normal -0.729902 0.683551 0
    outer loop
      vertex 3.9511 5.66657 36
      vertex 3.92426 5.63791 33
      vertex 3.92426 5.63791 36
    endloop
  endfacet
  facet normal -0.412651 0.910889 0
    outer loop
      vertex 3.76537 5.52405 33
      vertex 3.72961 5.50785 36
      vertex 3.76537 5.52405 36
    endloop
  endfacet
  facet normal -0.412651 0.910889 0
    outer loop
      vertex 3.72961 5.50785 36
      vertex 3.76537 5.52405 33
      vertex 3.72961 5.50785 33
    endloop
  endfacet
  facet normal 0.729796 0.683665 0
    outer loop
      vertex -0.424264 6.57574 36
      vertex -0.451103 6.60439 33
      vertex -0.451103 6.60439 36
    endloop
  endfacet
  facet normal 0.729796 0.683665 0
    outer loop
      vertex -0.451103 6.60439 33
      vertex -0.424264 6.57574 36
      vertex -0.424264 6.57574 33
    endloop
  endfacet
  facet normal 0.528178 0.849134 -0
    outer loop
      vertex -0.299999 6.48038 33
      vertex -0.333342 6.50112 36
      vertex -0.299999 6.48038 36
    endloop
  endfacet
  facet normal 0.528178 0.849134 0
    outer loop
      vertex -0.333342 6.50112 36
      vertex -0.299999 6.48038 33
      vertex -0.333342 6.50112 33
    endloop
  endfacet
  facet normal 0.773005 0.634399 0
    outer loop
      vertex -0.451103 6.60439 36
      vertex -0.476011 6.63474 33
      vertex -0.476011 6.63474 36
    endloop
  endfacet
  facet normal 0.773005 0.634399 0
    outer loop
      vertex -0.476011 6.63474 33
      vertex -0.451103 6.60439 36
      vertex -0.451103 6.60439 33
    endloop
  endfacet
  facet normal 0.58249 0.812838 -0
    outer loop
      vertex -0.333342 6.50112 33
      vertex -0.365256 6.52399 36
      vertex -0.333342 6.50112 36
    endloop
  endfacet
  facet normal 0.58249 0.812838 0
    outer loop
      vertex -0.365256 6.52399 36
      vertex -0.333342 6.50112 33
      vertex -0.365256 6.52399 33
    endloop
  endfacet
  facet normal 0.226941 0.973909 -0
    outer loop
      vertex -0.117054 6.41153 33
      vertex -0.155291 6.42044 36
      vertex -0.117054 6.41153 36
    endloop
  endfacet
  facet normal 0.226941 0.973909 0
    outer loop
      vertex -0.155291 6.42044 36
      vertex -0.117054 6.41153 33
      vertex -0.155291 6.42044 33
    endloop
  endfacet
  facet normal 0.352245 0.935908 -0
    outer loop
      vertex -0.192863 6.43184 33
      vertex -0.229609 6.44567 36
      vertex -0.192863 6.43184 36
    endloop
  endfacet
  facet normal 0.352245 0.935908 0
    outer loop
      vertex -0.229609 6.44567 36
      vertex -0.192863 6.43184 33
      vertex -0.229609 6.44567 33
    endloop
  endfacet
  facet normal 0.162998 0.986626 -0
    outer loop
      vertex -0.0783148 6.40513 33
      vertex -0.117054 6.41153 36
      vertex -0.0783148 6.40513 36
    endloop
  endfacet
  facet normal 0.162998 0.986626 0
    outer loop
      vertex -0.117054 6.41153 36
      vertex -0.0783148 6.40513 33
      vertex -0.117054 6.41153 33
    endloop
  endfacet
  facet normal 0.849181 0.528102 0
    outer loop
      vertex -0.498881 6.66666 36
      vertex -0.519615 6.7 33
      vertex -0.519615 6.7 36
    endloop
  endfacet
  facet normal 0.849181 0.528102 0
    outer loop
      vertex -0.519615 6.7 33
      vertex -0.498881 6.66666 36
      vertex -0.498881 6.66666 33
    endloop
  endfacet
  facet normal 0.812889 0.582418 0
    outer loop
      vertex -0.476011 6.63474 36
      vertex -0.498881 6.66666 33
      vertex -0.498881 6.66666 36
    endloop
  endfacet
  facet normal 0.812889 0.582418 0
    outer loop
      vertex -0.498881 6.66666 33
      vertex -0.476011 6.63474 36
      vertex -0.476011 6.63474 33
    endloop
  endfacet
  facet normal 0.93592 0.352212 0
    outer loop
      vertex -0.554327 6.77039 36
      vertex -0.568157 6.80714 33
      vertex -0.568157 6.80714 36
    endloop
  endfacet
  facet normal 0.93592 0.352212 0
    outer loop
      vertex -0.568157 6.80714 33
      vertex -0.554327 6.77039 36
      vertex -0.554327 6.77039 33
    endloop
  endfacet
  facet normal 0.995187 0.0979908 0
    outer loop
      vertex -0.594867 6.92168 36
      vertex -0.598715 6.96076 33
      vertex -0.598715 6.96076 36
    endloop
  endfacet
  facet normal 0.995187 0.0979908 0
    outer loop
      vertex -0.598715 6.96076 33
      vertex -0.594867 6.92168 36
      vertex -0.594867 6.92168 33
    endloop
  endfacet
  facet normal -0.93592 0.352212 0
    outer loop
      vertex 0.554327 6.77039 33
      vertex 0.568157 6.80714 36
      vertex 0.568157 6.80714 33
    endloop
  endfacet
  facet normal -0.93592 0.352212 0
    outer loop
      vertex 0.568157 6.80714 36
      vertex 0.554327 6.77039 33
      vertex 0.554327 6.77039 36
    endloop
  endfacet
  facet normal -0.58249 0.812838 0
    outer loop
      vertex 0.365256 6.52399 33
      vertex 0.333342 6.50112 36
      vertex 0.365256 6.52399 36
    endloop
  endfacet
  facet normal -0.58249 0.812838 0
    outer loop
      vertex 0.333342 6.50112 36
      vertex 0.365256 6.52399 33
      vertex 0.333342 6.50112 33
    endloop
  endfacet
  facet normal 0.999466 0.0326711 0
    outer loop
      vertex -0.598715 6.96076 36
      vertex -0.599053 6.9711 33
      vertex -0.599053 6.9711 36
    endloop
  endfacet
  facet normal 0.999466 0.0326711 0
    outer loop
      vertex -0.599053 6.9711 33
      vertex -0.598715 6.96076 36
      vertex -0.598715 6.96076 33
    endloop
  endfacet
  facet normal 0.683589 0.729867 -0
    outer loop
      vertex -0.395607 6.5489 33
      vertex -0.424264 6.57574 36
      vertex -0.395607 6.5489 36
    endloop
  endfacet
  facet normal 0.683589 0.729867 0
    outer loop
      vertex -0.424264 6.57574 36
      vertex -0.395607 6.5489 33
      vertex -0.424264 6.57574 33
    endloop
  endfacet
  facet normal 0.471228 0.882011 -0
    outer loop
      vertex -0.265372 6.46188 33
      vertex -0.299999 6.48038 36
      vertex -0.265372 6.46188 36
    endloop
  endfacet
  facet normal 0.471228 0.882011 0
    outer loop
      vertex -0.299999 6.48038 36
      vertex -0.265372 6.46188 33
      vertex -0.299999 6.48038 33
    endloop
  endfacet
  facet normal 0.290347 0.956922 -0
    outer loop
      vertex -0.155291 6.42044 33
      vertex -0.192863 6.43184 36
      vertex -0.155291 6.42044 36
    endloop
  endfacet
  facet normal 0.290347 0.956922 0
    outer loop
      vertex -0.192863 6.43184 36
      vertex -0.155291 6.42044 33
      vertex -0.192863 6.43184 33
    endloop
  endfacet
  facet normal 0.0980586 0.995181 -0
    outer loop
      vertex -0.0392418 6.40128 33
      vertex -0.0783148 6.40513 36
      vertex -0.0392418 6.40128 36
    endloop
  endfacet
  facet normal 0.0980586 0.995181 0
    outer loop
      vertex -0.0783148 6.40513 36
      vertex -0.0392418 6.40128 33
      vertex -0.0783148 6.40513 33
    endloop
  endfacet
  facet normal 0.910851 0.412736 0
    outer loop
      vertex -0.538123 6.73463 36
      vertex -0.554327 6.77039 33
      vertex -0.554327 6.77039 36
    endloop
  endfacet
  facet normal 0.910851 0.412736 0
    outer loop
      vertex -0.554327 6.77039 33
      vertex -0.538123 6.73463 36
      vertex -0.538123 6.73463 33
    endloop
  endfacet
  facet normal 0.973884 0.227044 0
    outer loop
      vertex -0.579555 6.84471 36
      vertex -0.58847 6.88295 33
      vertex -0.58847 6.88295 36
    endloop
  endfacet
  facet normal 0.973884 0.227044 0
    outer loop
      vertex -0.58847 6.88295 33
      vertex -0.579555 6.84471 36
      vertex -0.579555 6.84471 33
    endloop
  endfacet
  facet normal 0.986632 0.162961 0
    outer loop
      vertex -0.58847 6.88295 36
      vertex -0.594867 6.92168 33
      vertex -0.594867 6.92168 36
    endloop
  endfacet
  facet normal 0.986632 0.162961 0
    outer loop
      vertex -0.594867 6.92168 33
      vertex -0.58847 6.88295 36
      vertex -0.58847 6.88295 33
    endloop
  endfacet
  facet normal -0.634417 0.772991 0
    outer loop
      vertex 0.395607 6.5489 33
      vertex 0.365256 6.52399 36
      vertex 0.395607 6.5489 36
    endloop
  endfacet
  facet normal -0.634417 0.772991 0
    outer loop
      vertex 0.365256 6.52399 36
      vertex 0.395607 6.5489 33
      vertex 0.365256 6.52399 33
    endloop
  endfacet
  facet normal -0.226941 0.973909 0
    outer loop
      vertex 0.155291 6.42044 33
      vertex 0.117054 6.41153 36
      vertex 0.155291 6.42044 36
    endloop
  endfacet
  facet normal -0.226941 0.973909 0
    outer loop
      vertex 0.117054 6.41153 36
      vertex 0.155291 6.42044 33
      vertex 0.117054 6.41153 33
    endloop
  endfacet
  facet normal -0.352245 0.935908 0
    outer loop
      vertex 0.229609 6.44567 33
      vertex 0.192863 6.43184 36
      vertex 0.229609 6.44567 36
    endloop
  endfacet
  facet normal -0.352245 0.935908 0
    outer loop
      vertex 0.192863 6.43184 36
      vertex 0.229609 6.44567 33
      vertex 0.192863 6.43184 33
    endloop
  endfacet
  facet normal 0.634417 0.772991 -0
    outer loop
      vertex -0.365256 6.52399 33
      vertex -0.395607 6.5489 36
      vertex -0.365256 6.52399 36
    endloop
  endfacet
  facet normal 0.634417 0.772991 0
    outer loop
      vertex -0.395607 6.5489 36
      vertex -0.365256 6.52399 33
      vertex -0.395607 6.5489 33
    endloop
  endfacet
  facet normal 0.412834 0.910806 -0
    outer loop
      vertex -0.229609 6.44567 33
      vertex -0.265372 6.46188 36
      vertex -0.229609 6.44567 36
    endloop
  endfacet
  facet normal 0.412834 0.910806 0
    outer loop
      vertex -0.265372 6.46188 36
      vertex -0.229609 6.44567 33
      vertex -0.265372 6.46188 33
    endloop
  endfacet
  facet normal 0.0326009 0.999468 -0
    outer loop
      vertex 0 6.4 33
      vertex -0.0392418 6.40128 36
      vertex 0 6.4 36
    endloop
  endfacet
  facet normal 0.0326009 0.999468 0
    outer loop
      vertex -0.0392418 6.40128 36
      vertex 0 6.4 33
      vertex -0.0392418 6.40128 33
    endloop
  endfacet
  facet normal 0.881944 0.471355 0
    outer loop
      vertex -0.519615 6.7 36
      vertex -0.538123 6.73463 33
      vertex -0.538123 6.73463 36
    endloop
  endfacet
  facet normal 0.881944 0.471355 0
    outer loop
      vertex -0.538123 6.73463 33
      vertex -0.519615 6.7 36
      vertex -0.519615 6.7 33
    endloop
  endfacet
  facet normal 0.956931 0.290314 0
    outer loop
      vertex -0.568157 6.80714 36
      vertex -0.579555 6.84471 33
      vertex -0.579555 6.84471 36
    endloop
  endfacet
  facet normal 0.956931 0.290314 0
    outer loop
      vertex -0.579555 6.84471 33
      vertex -0.568157 6.80714 36
      vertex -0.568157 6.80714 33
    endloop
  endfacet
  facet normal -0.849181 0.528102 0
    outer loop
      vertex 0.498881 6.66666 33
      vertex 0.519615 6.7 36
      vertex 0.519615 6.7 33
    endloop
  endfacet
  facet normal -0.849181 0.528102 0
    outer loop
      vertex 0.519615 6.7 36
      vertex 0.498881 6.66666 33
      vertex 0.498881 6.66666 36
    endloop
  endfacet
  facet normal -0.683589 0.729867 0
    outer loop
      vertex 0.424264 6.57574 33
      vertex 0.395607 6.5489 36
      vertex 0.424264 6.57574 36
    endloop
  endfacet
  facet normal -0.683589 0.729867 0
    outer loop
      vertex 0.395607 6.5489 36
      vertex 0.424264 6.57574 33
      vertex 0.395607 6.5489 33
    endloop
  endfacet
  facet normal -0.528178 0.849134 0
    outer loop
      vertex 0.333342 6.50112 33
      vertex 0.299999 6.48038 36
      vertex 0.333342 6.50112 36
    endloop
  endfacet
  facet normal -0.528178 0.849134 0
    outer loop
      vertex 0.299999 6.48038 36
      vertex 0.333342 6.50112 33
      vertex 0.299999 6.48038 33
    endloop
  endfacet
  facet normal -0.162998 0.986626 0
    outer loop
      vertex 0.117054 6.41153 33
      vertex 0.0783148 6.40513 36
      vertex 0.117054 6.41153 36
    endloop
  endfacet
  facet normal -0.162998 0.986626 0
    outer loop
      vertex 0.0783148 6.40513 36
      vertex 0.117054 6.41153 33
      vertex 0.0783148 6.40513 33
    endloop
  endfacet
  facet normal -0.999466 0.0326711 0
    outer loop
      vertex 0.598715 6.96076 33
      vertex 0.599053 6.9711 36
      vertex 0.599053 6.9711 33
    endloop
  endfacet
  facet normal -0.999466 0.0326711 0
    outer loop
      vertex 0.599053 6.9711 36
      vertex 0.598715 6.96076 33
      vertex 0.598715 6.96076 36
    endloop
  endfacet
  facet normal -0.812889 0.582418 0
    outer loop
      vertex 0.476011 6.63474 33
      vertex 0.498881 6.66666 36
      vertex 0.498881 6.66666 33
    endloop
  endfacet
  facet normal -0.812889 0.582418 0
    outer loop
      vertex 0.498881 6.66666 36
      vertex 0.476011 6.63474 33
      vertex 0.476011 6.63474 36
    endloop
  endfacet
  facet normal -0.986632 0.162961 0
    outer loop
      vertex 0.58847 6.88295 33
      vertex 0.594867 6.92168 36
      vertex 0.594867 6.92168 33
    endloop
  endfacet
  facet normal -0.986632 0.162961 0
    outer loop
      vertex 0.594867 6.92168 36
      vertex 0.58847 6.88295 33
      vertex 0.58847 6.88295 36
    endloop
  endfacet
  facet normal -0.995187 0.0979908 0
    outer loop
      vertex 0.594867 6.92168 33
      vertex 0.598715 6.96076 36
      vertex 0.598715 6.96076 33
    endloop
  endfacet
  facet normal -0.995187 0.0979908 0
    outer loop
      vertex 0.598715 6.96076 36
      vertex 0.594867 6.92168 33
      vertex 0.594867 6.92168 36
    endloop
  endfacet
  facet normal -0.471228 0.882011 0
    outer loop
      vertex 0.299999 6.48038 33
      vertex 0.265372 6.46188 36
      vertex 0.299999 6.48038 36
    endloop
  endfacet
  facet normal -0.471228 0.882011 0
    outer loop
      vertex 0.265372 6.46188 36
      vertex 0.299999 6.48038 33
      vertex 0.265372 6.46188 33
    endloop
  endfacet
  facet normal -0.412834 0.910806 0
    outer loop
      vertex 0.265372 6.46188 33
      vertex 0.229609 6.44567 36
      vertex 0.265372 6.46188 36
    endloop
  endfacet
  facet normal -0.412834 0.910806 0
    outer loop
      vertex 0.229609 6.44567 36
      vertex 0.265372 6.46188 33
      vertex 0.229609 6.44567 33
    endloop
  endfacet
  facet normal -0.290347 0.956922 0
    outer loop
      vertex 0.192863 6.43184 33
      vertex 0.155291 6.42044 36
      vertex 0.192863 6.43184 36
    endloop
  endfacet
  facet normal -0.290347 0.956922 0
    outer loop
      vertex 0.155291 6.42044 36
      vertex 0.192863 6.43184 33
      vertex 0.155291 6.42044 33
    endloop
  endfacet
  facet normal -0.0980586 0.995181 0
    outer loop
      vertex 0.0783148 6.40513 33
      vertex 0.0392418 6.40128 36
      vertex 0.0783148 6.40513 36
    endloop
  endfacet
  facet normal -0.0980586 0.995181 0
    outer loop
      vertex 0.0392418 6.40128 36
      vertex 0.0783148 6.40513 33
      vertex 0.0392418 6.40128 33
    endloop
  endfacet
  facet normal -0.0326009 0.999468 0
    outer loop
      vertex 0.0392418 6.40128 33
      vertex 0 6.4 36
      vertex 0.0392418 6.40128 36
    endloop
  endfacet
  facet normal -0.0326009 0.999468 0
    outer loop
      vertex 0 6.4 36
      vertex 0.0392418 6.40128 33
      vertex 0 6.4 33
    endloop
  endfacet
  facet normal -0.729796 0.683665 0
    outer loop
      vertex 0.424264 6.57574 33
      vertex 0.451103 6.60439 36
      vertex 0.451103 6.60439 33
    endloop
  endfacet
  facet normal -0.729796 0.683665 0
    outer loop
      vertex 0.451103 6.60439 36
      vertex 0.424264 6.57574 33
      vertex 0.424264 6.57574 36
    endloop
  endfacet
  facet normal -0.773005 0.634399 0
    outer loop
      vertex 0.451103 6.60439 33
      vertex 0.476011 6.63474 36
      vertex 0.476011 6.63474 33
    endloop
  endfacet
  facet normal -0.773005 0.634399 0
    outer loop
      vertex 0.476011 6.63474 36
      vertex 0.451103 6.60439 33
      vertex 0.451103 6.60439 36
    endloop
  endfacet
  facet normal -0.881944 0.471355 0
    outer loop
      vertex 0.519615 6.7 33
      vertex 0.538123 6.73463 36
      vertex 0.538123 6.73463 33
    endloop
  endfacet
  facet normal -0.881944 0.471355 0
    outer loop
      vertex 0.538123 6.73463 36
      vertex 0.519615 6.7 33
      vertex 0.519615 6.7 36
    endloop
  endfacet
  facet normal -0.973884 0.227044 0
    outer loop
      vertex 0.579555 6.84471 33
      vertex 0.58847 6.88295 36
      vertex 0.58847 6.88295 33
    endloop
  endfacet
  facet normal -0.973884 0.227044 0
    outer loop
      vertex 0.58847 6.88295 36
      vertex 0.579555 6.84471 33
      vertex 0.579555 6.84471 36
    endloop
  endfacet
  facet normal -0.956931 0.290314 0
    outer loop
      vertex 0.568157 6.80714 33
      vertex 0.579555 6.84471 36
      vertex 0.579555 6.84471 33
    endloop
  endfacet
  facet normal -0.956931 0.290314 0
    outer loop
      vertex 0.579555 6.84471 36
      vertex 0.568157 6.80714 33
      vertex 0.568157 6.80714 36
    endloop
  endfacet
  facet normal -0.910851 0.412736 0
    outer loop
      vertex 0.538123 6.73463 33
      vertex 0.554327 6.77039 36
      vertex 0.554327 6.77039 33
    endloop
  endfacet
  facet normal -0.910851 0.412736 0
    outer loop
      vertex 0.554327 6.77039 36
      vertex 0.538123 6.73463 33
      vertex 0.538123 6.73463 36
    endloop
  endfacet
  facet normal -0.412651 0.910889 0
    outer loop
      vertex -3.23463 5.52405 33
      vertex -3.27039 5.50785 36
      vertex -3.23463 5.52405 36
    endloop
  endfacet
  facet normal -0.412651 0.910889 0
    outer loop
      vertex -3.27039 5.50785 36
      vertex -3.23463 5.52405 33
      vertex -3.27039 5.50785 33
    endloop
  endfacet
  facet normal 0.162995 0.986627 -0
    outer loop
      vertex -3.57831 5.46731 33
      vertex -3.61705 5.47371 36
      vertex -3.57831 5.46731 36
    endloop
  endfacet
  facet normal 0.162995 0.986627 0
    outer loop
      vertex -3.61705 5.47371 36
      vertex -3.57831 5.46731 33
      vertex -3.61705 5.47371 33
    endloop
  endfacet
  facet normal 0.729902 0.683551 0
    outer loop
      vertex -3.92426 5.63791 36
      vertex -3.9511 5.66657 33
      vertex -3.9511 5.66657 36
    endloop
  endfacet
  facet normal 0.729902 0.683551 0
    outer loop
      vertex -3.9511 5.66657 33
      vertex -3.92426 5.63791 36
      vertex -3.92426 5.63791 33
    endloop
  endfacet
  facet normal -0.986627 0.162995 0
    outer loop
      vertex -2.91153 5.94512 33
      vertex -2.90513 5.98386 36
      vertex -2.90513 5.98386 33
    endloop
  endfacet
  facet normal -0.986627 0.162995 0
    outer loop
      vertex -2.90513 5.98386 36
      vertex -2.91153 5.94512 33
      vertex -2.91153 5.94512 36
    endloop
  endfacet
  facet normal -0.849112 0.528212 0
    outer loop
      vertex -3.00112 5.72884 33
      vertex -2.98038 5.76218 36
      vertex -2.98038 5.76218 33
    endloop
  endfacet
  facet normal -0.849112 0.528212 0
    outer loop
      vertex -2.98038 5.76218 36
      vertex -3.00112 5.72884 33
      vertex -3.00112 5.72884 36
    endloop
  endfacet
  facet normal 0.848758 0.528782 0
    outer loop
      vertex -3.99888 5.72884 36
      vertex -4.00435 5.73762 33
      vertex -4.00435 5.73762 36
    endloop
  endfacet
  facet normal 0.848758 0.528782 0
    outer loop
      vertex -4.00435 5.73762 33
      vertex -3.99888 5.72884 36
      vertex -3.99888 5.72884 33
    endloop
  endfacet
  facet normal -0.471394 0.881923 0
    outer loop
      vertex -3.2 5.54256 33
      vertex -3.23463 5.52405 36
      vertex -3.2 5.54256 36
    endloop
  endfacet
  facet normal -0.471394 0.881923 0
    outer loop
      vertex -3.23463 5.52405 36
      vertex -3.2 5.54256 33
      vertex -3.23463 5.52405 33
    endloop
  endfacet
  facet normal -0.0326024 0.999468 0
    outer loop
      vertex -3.46076 5.46346 33
      vertex -3.5 5.46218 36
      vertex -3.46076 5.46346 36
    endloop
  endfacet
  facet normal -0.0326024 0.999468 0
    outer loop
      vertex -3.5 5.46218 36
      vertex -3.46076 5.46346 33
      vertex -3.5 5.46218 33
    endloop
  endfacet
  facet normal 0.683678 0.729783 -0
    outer loop
      vertex -3.89561 5.61107 33
      vertex -3.92426 5.63791 36
      vertex -3.89561 5.61107 36
    endloop
  endfacet
  facet normal 0.683678 0.729783 0
    outer loop
      vertex -3.92426 5.63791 36
      vertex -3.89561 5.61107 33
      vertex -3.92426 5.63791 33
    endloop
  endfacet
  facet normal 0.352212 0.93592 -0
    outer loop
      vertex -3.69286 5.49402 33
      vertex -3.72961 5.50785 36
      vertex -3.69286 5.49402 36
    endloop
  endfacet
  facet normal 0.352212 0.93592 0
    outer loop
      vertex -3.72961 5.50785 36
      vertex -3.69286 5.49402 33
      vertex -3.72961 5.50785 33
    endloop
  endfacet
  facet normal -0.935889 0.352296 0
    outer loop
      vertex -2.94567 5.83257 33
      vertex -2.93184 5.86931 36
      vertex -2.93184 5.86931 33
    endloop
  endfacet
  facet normal -0.935889 0.352296 0
    outer loop
      vertex -2.93184 5.86931 36
      vertex -2.94567 5.83257 33
      vertex -2.94567 5.83257 36
    endloop
  endfacet
  facet normal -0.528212 0.849112 0
    outer loop
      vertex -3.16666 5.5633 33
      vertex -3.2 5.54256 36
      vertex -3.16666 5.5633 36
    endloop
  endfacet
  facet normal -0.528212 0.849112 0
    outer loop
      vertex -3.2 5.54256 36
      vertex -3.16666 5.5633 33
      vertex -3.2 5.54256 33
    endloop
  endfacet
  facet normal -0.226924 0.973913 0
    outer loop
      vertex -3.34471 5.48262 33
      vertex -3.38295 5.47371 36
      vertex -3.34471 5.48262 36
    endloop
  endfacet
  facet normal -0.226924 0.973913 0
    outer loop
      vertex -3.38295 5.47371 36
      vertex -3.34471 5.48262 33
      vertex -3.38295 5.47371 33
    endloop
  endfacet
  facet normal -0.352212 0.93592 0
    outer loop
      vertex -3.27039 5.50785 33
      vertex -3.30714 5.49402 36
      vertex -3.27039 5.50785 36
    endloop
  endfacet
  facet normal -0.352212 0.93592 0
    outer loop
      vertex -3.30714 5.49402 36
      vertex -3.27039 5.50785 33
      vertex -3.30714 5.49402 33
    endloop
  endfacet
  facet normal -0.0980413 0.995182 0
    outer loop
      vertex -3.42168 5.46731 33
      vertex -3.46076 5.46346 36
      vertex -3.42168 5.46731 36
    endloop
  endfacet
  facet normal -0.0980413 0.995182 0
    outer loop
      vertex -3.46076 5.46346 36
      vertex -3.42168 5.46731 33
      vertex -3.46076 5.46346 33
    endloop
  endfacet
  facet normal 0.0326024 0.999468 -0
    outer loop
      vertex -3.5 5.46218 33
      vertex -3.53924 5.46346 36
      vertex -3.5 5.46218 36
    endloop
  endfacet
  facet normal 0.0326024 0.999468 0
    outer loop
      vertex -3.53924 5.46346 36
      vertex -3.5 5.46218 33
      vertex -3.53924 5.46346 33
    endloop
  endfacet
  facet normal 0.634278 0.773105 -0
    outer loop
      vertex -3.86526 5.58617 33
      vertex -3.89561 5.61107 36
      vertex -3.86526 5.58617 36
    endloop
  endfacet
  facet normal 0.634278 0.773105 0
    outer loop
      vertex -3.89561 5.61107 36
      vertex -3.86526 5.58617 33
      vertex -3.89561 5.61107 33
    endloop
  endfacet
  facet normal 0.812889 0.582418 0
    outer loop
      vertex -3.97601 5.69692 36
      vertex -3.99888 5.72884 33
      vertex -3.99888 5.72884 36
    endloop
  endfacet
  facet normal 0.812889 0.582418 0
    outer loop
      vertex -3.99888 5.72884 33
      vertex -3.97601 5.69692 36
      vertex -3.97601 5.69692 33
    endloop
  endfacet
  facet normal 0.412651 0.910889 -0
    outer loop
      vertex -3.72961 5.50785 33
      vertex -3.76537 5.52405 36
      vertex -3.72961 5.50785 36
    endloop
  endfacet
  facet normal 0.412651 0.910889 0
    outer loop
      vertex -3.76537 5.52405 36
      vertex -3.72961 5.50785 33
      vertex -3.76537 5.52405 33
    endloop
  endfacet
  facet normal 0.528212 0.849112 -0
    outer loop
      vertex -3.8 5.54256 33
      vertex -3.83334 5.5633 36
      vertex -3.8 5.54256 36
    endloop
  endfacet
  facet normal 0.528212 0.849112 0
    outer loop
      vertex -3.83334 5.5633 36
      vertex -3.8 5.54256 33
      vertex -3.83334 5.5633 33
    endloop
  endfacet
  facet normal 0.290361 0.956917 -0
    outer loop
      vertex -3.65529 5.48262 33
      vertex -3.69286 5.49402 36
      vertex -3.65529 5.48262 36
    endloop
  endfacet
  facet normal 0.290361 0.956917 0
    outer loop
      vertex -3.69286 5.49402 36
      vertex -3.65529 5.48262 33
      vertex -3.69286 5.49402 33
    endloop
  endfacet
  facet normal -0.986627 -0.162995 0
    outer loop
      vertex -2.90513 6.14049 33
      vertex -2.91153 6.17923 36
      vertex -2.91153 6.17923 33
    endloop
  endfacet
  facet normal -0.986627 -0.162995 0
    outer loop
      vertex -2.91153 6.17923 36
      vertex -2.90513 6.14049 33
      vertex -2.90513 6.14049 36
    endloop
  endfacet
  facet normal -0.683678 0.729783 0
    outer loop
      vertex -3.07574 5.63791 33
      vertex -3.10439 5.61107 36
      vertex -3.07574 5.63791 36
    endloop
  endfacet
  facet normal -0.683678 0.729783 0
    outer loop
      vertex -3.10439 5.61107 36
      vertex -3.07574 5.63791 33
      vertex -3.10439 5.61107 33
    endloop
  endfacet
  facet normal -0.812889 0.582418 0
    outer loop
      vertex -3.02399 5.69692 33
      vertex -3.00112 5.72884 36
      vertex -3.00112 5.72884 33
    endloop
  endfacet
  facet normal -0.812889 0.582418 0
    outer loop
      vertex -3.00112 5.72884 36
      vertex -3.02399 5.69692 33
      vertex -3.02399 5.69692 36
    endloop
  endfacet
  facet normal -0.729902 0.683551 0
    outer loop
      vertex -3.07574 5.63791 33
      vertex -3.0489 5.66657 36
      vertex -3.0489 5.66657 33
    endloop
  endfacet
  facet normal -0.729902 0.683551 0
    outer loop
      vertex -3.0489 5.66657 36
      vertex -3.07574 5.63791 33
      vertex -3.07574 5.63791 36
    endloop
  endfacet
  facet normal -0.956939 0.29029 0
    outer loop
      vertex -2.93184 5.86931 33
      vertex -2.92044 5.90689 36
      vertex -2.92044 5.90689 33
    endloop
  endfacet
  facet normal -0.956939 0.29029 0
    outer loop
      vertex -2.92044 5.90689 36
      vertex -2.93184 5.86931 33
      vertex -2.93184 5.86931 36
    endloop
  endfacet
  facet normal -0.290361 0.956917 0
    outer loop
      vertex -3.30714 5.49402 33
      vertex -3.34471 5.48262 36
      vertex -3.30714 5.49402 36
    endloop
  endfacet
  facet normal -0.290361 0.956917 0
    outer loop
      vertex -3.34471 5.48262 36
      vertex -3.30714 5.49402 33
      vertex -3.34471 5.48262 33
    endloop
  endfacet
  facet normal -0.163036 0.98662 0
    outer loop
      vertex -3.38295 5.47371 33
      vertex -3.42168 5.46731 36
      vertex -3.38295 5.47371 36
    endloop
  endfacet
  facet normal -0.163036 0.98662 0
    outer loop
      vertex -3.42168 5.46731 36
      vertex -3.38295 5.47371 33
      vertex -3.42168 5.46731 33
    endloop
  endfacet
  facet normal 0.0980661 0.99518 -0
    outer loop
      vertex -3.53924 5.46346 33
      vertex -3.57831 5.46731 36
      vertex -3.53924 5.46346 36
    endloop
  endfacet
  facet normal 0.0980661 0.99518 0
    outer loop
      vertex -3.57831 5.46731 36
      vertex -3.53924 5.46346 33
      vertex -3.57831 5.46731 33
    endloop
  endfacet
  facet normal 0.582418 0.812889 -0
    outer loop
      vertex -3.83334 5.5633 33
      vertex -3.86526 5.58617 36
      vertex -3.83334 5.5633 36
    endloop
  endfacet
  facet normal 0.582418 0.812889 0
    outer loop
      vertex -3.86526 5.58617 36
      vertex -3.83334 5.5633 33
      vertex -3.86526 5.58617 33
    endloop
  endfacet
  facet normal 0.77298 0.63443 0
    outer loop
      vertex -3.9511 5.66657 36
      vertex -3.97601 5.69692 33
      vertex -3.97601 5.69692 36
    endloop
  endfacet
  facet normal 0.77298 0.63443 0
    outer loop
      vertex -3.97601 5.69692 33
      vertex -3.9511 5.66657 36
      vertex -3.9511 5.66657 33
    endloop
  endfacet
  facet normal 0.471394 0.881923 -0
    outer loop
      vertex -3.76537 5.52405 33
      vertex -3.8 5.54256 36
      vertex -3.76537 5.52405 36
    endloop
  endfacet
  facet normal 0.471394 0.881923 0
    outer loop
      vertex -3.8 5.54256 36
      vertex -3.76537 5.52405 33
      vertex -3.8 5.54256 33
    endloop
  endfacet
  facet normal 0.226924 0.973913 -0
    outer loop
      vertex -3.61705 5.47371 33
      vertex -3.65529 5.48262 36
      vertex -3.61705 5.47371 36
    endloop
  endfacet
  facet normal 0.226924 0.973913 0
    outer loop
      vertex -3.65529 5.48262 36
      vertex -3.61705 5.47371 33
      vertex -3.65529 5.48262 33
    endloop
  endfacet
  facet normal -0.77298 0.63443 0
    outer loop
      vertex -3.0489 5.66657 33
      vertex -3.02399 5.69692 36
      vertex -3.02399 5.69692 33
    endloop
  endfacet
  facet normal -0.77298 0.63443 0
    outer loop
      vertex -3.02399 5.69692 36
      vertex -3.0489 5.66657 33
      vertex -3.0489 5.66657 36
    endloop
  endfacet
  facet normal -0.910837 0.412767 0
    outer loop
      vertex -2.96188 5.7968 33
      vertex -2.94567 5.83257 36
      vertex -2.94567 5.83257 33
    endloop
  endfacet
  facet normal -0.910837 0.412767 0
    outer loop
      vertex -2.94567 5.83257 36
      vertex -2.96188 5.7968 33
      vertex -2.96188 5.7968 36
    endloop
  endfacet
  facet normal -0.881972 0.471302 0
    outer loop
      vertex -2.98038 5.76218 33
      vertex -2.96188 5.7968 36
      vertex -2.96188 5.7968 33
    endloop
  endfacet
  facet normal -0.881972 0.471302 0
    outer loop
      vertex -2.96188 5.7968 36
      vertex -2.98038 5.76218 33
      vertex -2.98038 5.76218 36
    endloop
  endfacet
  facet normal -0.973899 0.22698 0
    outer loop
      vertex -2.92044 5.90689 33
      vertex -2.91153 5.94512 36
      vertex -2.91153 5.94512 33
    endloop
  endfacet
  facet normal -0.973899 0.22698 0
    outer loop
      vertex -2.91153 5.94512 36
      vertex -2.92044 5.90689 33
      vertex -2.92044 5.90689 36
    endloop
  endfacet
  facet normal -0.882326 -0.470638 0
    outer loop
      vertex -2.96188 6.32755 33
      vertex -2.96675 6.33668 36
      vertex -2.96675 6.33668 33
    endloop
  endfacet
  facet normal -0.882326 -0.470638 0
    outer loop
      vertex -2.96675 6.33668 36
      vertex -2.96188 6.32755 33
      vertex -2.96188 6.32755 36
    endloop
  endfacet
  facet normal -0.910793 -0.412862 0
    outer loop
      vertex -2.94567 6.29179 33
      vertex -2.96188 6.32755 36
      vertex -2.96188 6.32755 33
    endloop
  endfacet
  facet normal -0.910793 -0.412862 0
    outer loop
      vertex -2.96188 6.32755 36
      vertex -2.94567 6.29179 33
      vertex -2.94567 6.29179 36
    endloop
  endfacet
  facet normal -0.995182 0.0980413 0
    outer loop
      vertex -2.90513 5.98386 33
      vertex -2.90128 6.02294 36
      vertex -2.90128 6.02294 33
    endloop
  endfacet
  facet normal -0.995182 0.0980413 0
    outer loop
      vertex -2.90128 6.02294 36
      vertex -2.90513 5.98386 33
      vertex -2.90513 5.98386 36
    endloop
  endfacet
  facet normal -0.99518 -0.0980661 0
    outer loop
      vertex -2.90128 6.10142 33
      vertex -2.90513 6.14049 36
      vertex -2.90513 6.14049 33
    endloop
  endfacet
  facet normal -0.99518 -0.0980661 0
    outer loop
      vertex -2.90513 6.14049 36
      vertex -2.90128 6.10142 33
      vertex -2.90128 6.10142 36
    endloop
  endfacet
  facet normal -0.999468 -0.0326024 0
    outer loop
      vertex -2.9 6.06218 33
      vertex -2.90128 6.10142 36
      vertex -2.90128 6.10142 33
    endloop
  endfacet
  facet normal -0.999468 -0.0326024 0
    outer loop
      vertex -2.90128 6.10142 36
      vertex -2.9 6.06218 33
      vertex -2.9 6.06218 36
    endloop
  endfacet
  facet normal -0.973913 -0.226924 0
    outer loop
      vertex -2.91153 6.17923 33
      vertex -2.92044 6.21747 36
      vertex -2.92044 6.21747 33
    endloop
  endfacet
  facet normal -0.973913 -0.226924 0
    outer loop
      vertex -2.92044 6.21747 36
      vertex -2.91153 6.17923 33
      vertex -2.91153 6.17923 36
    endloop
  endfacet
  facet normal -0.634278 0.773105 0
    outer loop
      vertex -3.10439 5.61107 33
      vertex -3.13474 5.58617 36
      vertex -3.10439 5.61107 36
    endloop
  endfacet
  facet normal -0.634278 0.773105 0
    outer loop
      vertex -3.13474 5.58617 36
      vertex -3.10439 5.61107 33
      vertex -3.13474 5.58617 33
    endloop
  endfacet
  facet normal -0.582418 0.812889 0
    outer loop
      vertex -3.13474 5.58617 33
      vertex -3.16666 5.5633 36
      vertex -3.13474 5.58617 36
    endloop
  endfacet
  facet normal -0.582418 0.812889 0
    outer loop
      vertex -3.16666 5.5633 36
      vertex -3.13474 5.58617 33
      vertex -3.16666 5.5633 33
    endloop
  endfacet
  facet normal -0.93592 -0.352212 0
    outer loop
      vertex -2.93184 6.25504 33
      vertex -2.94567 6.29179 36
      vertex -2.94567 6.29179 33
    endloop
  endfacet
  facet normal -0.93592 -0.352212 0
    outer loop
      vertex -2.94567 6.29179 36
      vertex -2.93184 6.25504 33
      vertex -2.93184 6.25504 36
    endloop
  endfacet
  facet normal -0.999468 0.0326024 0
    outer loop
      vertex -2.90128 6.02294 33
      vertex -2.9 6.06218 36
      vertex -2.9 6.06218 33
    endloop
  endfacet
  facet normal -0.999468 0.0326024 0
    outer loop
      vertex -2.9 6.06218 36
      vertex -2.90128 6.02294 33
      vertex -2.90128 6.02294 36
    endloop
  endfacet
  facet normal -0.956917 -0.290361 0
    outer loop
      vertex -2.92044 6.21747 33
      vertex -2.93184 6.25504 36
      vertex -2.93184 6.25504 33
    endloop
  endfacet
  facet normal -0.956917 -0.290361 0
    outer loop
      vertex -2.93184 6.25504 36
      vertex -2.92044 6.21747 33
      vertex -2.92044 6.21747 36
    endloop
  endfacet
  facet normal -0.352296 0.935889 0
    outer loop
      vertex -5.86931 2.93184 33
      vertex -5.83257 2.94567 35.4234
      vertex -5.83257 2.94567 33
    endloop
  endfacet
  facet normal -0.352296 0.935889 0
    outer loop
      vertex -5.83257 2.94567 35.4234
      vertex -5.86931 2.93184 33
      vertex -5.86931 2.93184 35.4373
    endloop
  endfacet
  facet normal -0.528212 0.849112 0
    outer loop
      vertex -5.76218 2.98038 33
      vertex -5.72884 3.00112 35.368
      vertex -5.72884 3.00112 33
    endloop
  endfacet
  facet normal -0.528212 0.849112 0
    outer loop
      vertex -5.72884 3.00112 35.368
      vertex -5.76218 2.98038 33
      vertex -5.76218 2.98038 35.3887
    endloop
  endfacet
  facet normal -0.812889 0.582418 0
    outer loop
      vertex -5.58617 3.13474 33
      vertex -5.5633 3.16666 35.2025
      vertex -5.5633 3.16666 33
    endloop
  endfacet
  facet normal -0.812889 0.582418 0
    outer loop
      vertex -5.5633 3.16666 35.2025
      vertex -5.58617 3.13474 33
      vertex -5.58617 3.13474 35.2344
    endloop
  endfacet
  facet normal 0.0326024 0.999468 -0
    outer loop
      vertex -6.06218 2.9 33
      vertex -6.10142 2.90128 35.4678
      vertex -6.06218 2.9 35.4691
    endloop
  endfacet
  facet normal 0.0326024 0.999468 0
    outer loop
      vertex -6.10142 2.90128 35.4678
      vertex -6.06218 2.9 33
      vertex -6.10142 2.90128 33
    endloop
  endfacet
  facet normal -0.162995 0.986627 0
    outer loop
      vertex -5.98386 2.90513 33
      vertex -5.94512 2.91153 35.4576
      vertex -5.94512 2.91153 33
    endloop
  endfacet
  facet normal -0.162995 0.986627 0
    outer loop
      vertex -5.94512 2.91153 35.4576
      vertex -5.98386 2.90513 33
      vertex -5.98386 2.90513 35.464
    endloop
  endfacet
  facet normal -0.999468 0.0326024 0
    outer loop
      vertex -5.46346 3.46076 33
      vertex -5.46218 3.5 34.8691
      vertex -5.46218 3.5 33
    endloop
  endfacet
  facet normal -0.999468 0.0326024 0
    outer loop
      vertex -5.46218 3.5 34.8691
      vertex -5.46346 3.46076 33
      vertex -5.46346 3.46076 34.9084
    endloop
  endfacet
  facet normal 0.470638 0.882326 -0
    outer loop
      vertex -6.32755 2.96188 33
      vertex -6.33668 2.96675 35.4024
      vertex -6.32755 2.96188 35.4072
    endloop
  endfacet
  facet normal 0.470638 0.882326 0
    outer loop
      vertex -6.33668 2.96675 35.4024
      vertex -6.32755 2.96188 33
      vertex -6.33668 2.96675 33
    endloop
  endfacet
  facet normal -0.412767 0.910837 0
    outer loop
      vertex -5.83257 2.94567 33
      vertex -5.7968 2.96188 35.4072
      vertex -5.7968 2.96188 33
    endloop
  endfacet
  facet normal -0.412767 0.910837 0
    outer loop
      vertex -5.7968 2.96188 35.4072
      vertex -5.83257 2.94567 33
      vertex -5.83257 2.94567 35.4234
    endloop
  endfacet
  facet normal -0.582418 0.812889 0
    outer loop
      vertex -5.72884 3.00112 33
      vertex -5.69692 3.02399 35.3451
      vertex -5.69692 3.02399 33
    endloop
  endfacet
  facet normal -0.582418 0.812889 0
    outer loop
      vertex -5.69692 3.02399 35.3451
      vertex -5.72884 3.00112 33
      vertex -5.72884 3.00112 35.368
    endloop
  endfacet
  facet normal -0.683551 0.729902 0
    outer loop
      vertex -5.66657 3.0489 33
      vertex -5.63791 3.07574 35.2934
      vertex -5.63791 3.07574 33
    endloop
  endfacet
  facet normal -0.683551 0.729902 0
    outer loop
      vertex -5.63791 3.07574 35.2934
      vertex -5.66657 3.0489 33
      vertex -5.66657 3.0489 35.3202
    endloop
  endfacet
  facet normal -0.773105 0.634278 0
    outer loop
      vertex -5.61107 3.10439 33
      vertex -5.58617 3.13474 35.2344
      vertex -5.58617 3.13474 33
    endloop
  endfacet
  facet normal -0.773105 0.634278 0
    outer loop
      vertex -5.58617 3.13474 35.2344
      vertex -5.61107 3.10439 33
      vertex -5.61107 3.10439 35.2647
    endloop
  endfacet
  facet normal -0.849112 0.528212 0
    outer loop
      vertex -5.5633 3.16666 33
      vertex -5.54256 3.2 35.1691
      vertex -5.54256 3.2 33
    endloop
  endfacet
  facet normal -0.849112 0.528212 0
    outer loop
      vertex -5.54256 3.2 35.1691
      vertex -5.5633 3.16666 33
      vertex -5.5633 3.16666 35.2025
    endloop
  endfacet
  facet normal -0.0326024 0.999468 0
    outer loop
      vertex -6.06218 2.9 33
      vertex -6.02294 2.90128 35.4678
      vertex -6.02294 2.90128 33
    endloop
  endfacet
  facet normal -0.0326024 0.999468 0
    outer loop
      vertex -6.02294 2.90128 35.4678
      vertex -6.06218 2.9 33
      vertex -6.06218 2.9 35.4691
    endloop
  endfacet
  facet normal -0.22698 0.973899 0
    outer loop
      vertex -5.94512 2.91153 33
      vertex -5.90689 2.92044 35.4487
      vertex -5.90689 2.92044 33
    endloop
  endfacet
  facet normal -0.22698 0.973899 0
    outer loop
      vertex -5.90689 2.92044 35.4487
      vertex -5.94512 2.91153 33
      vertex -5.94512 2.91153 35.4576
    endloop
  endfacet
  facet normal 0.162995 0.986627 -0
    outer loop
      vertex -6.14049 2.90513 33
      vertex -6.17923 2.91153 35.4576
      vertex -6.14049 2.90513 35.464
    endloop
  endfacet
  facet normal 0.162995 0.986627 0
    outer loop
      vertex -6.17923 2.91153 35.4576
      vertex -6.14049 2.90513 33
      vertex -6.17923 2.91153 33
    endloop
  endfacet
  facet normal 0.226924 0.973913 -0
    outer loop
      vertex -6.17923 2.91153 33
      vertex -6.21747 2.92044 35.4487
      vertex -6.17923 2.91153 35.4576
    endloop
  endfacet
  facet normal 0.226924 0.973913 0
    outer loop
      vertex -6.21747 2.92044 35.4487
      vertex -6.17923 2.91153 33
      vertex -6.21747 2.92044 33
    endloop
  endfacet
  facet normal 0.0980661 0.99518 -0
    outer loop
      vertex -6.10142 2.90128 33
      vertex -6.14049 2.90513 35.464
      vertex -6.10142 2.90128 35.4678
    endloop
  endfacet
  facet normal 0.0980661 0.99518 0
    outer loop
      vertex -6.14049 2.90513 35.464
      vertex -6.10142 2.90128 33
      vertex -6.14049 2.90513 33
    endloop
  endfacet
  facet normal 0.290361 0.956917 -0
    outer loop
      vertex -6.21747 2.92044 33
      vertex -6.25504 2.93184 35.4373
      vertex -6.21747 2.92044 35.4487
    endloop
  endfacet
  facet normal 0.290361 0.956917 0
    outer loop
      vertex -6.25504 2.93184 35.4373
      vertex -6.21747 2.92044 33
      vertex -6.25504 2.93184 33
    endloop
  endfacet
  facet normal 0.412862 0.910793 -0
    outer loop
      vertex -6.29179 2.94567 33
      vertex -6.32755 2.96188 35.4072
      vertex -6.29179 2.94567 35.4234
    endloop
  endfacet
  facet normal 0.412862 0.910793 0
    outer loop
      vertex -6.32755 2.96188 35.4072
      vertex -6.29179 2.94567 33
      vertex -6.32755 2.96188 33
    endloop
  endfacet
  facet normal -0.881923 -0.471394 -0
    outer loop
      vertex -5.52405 3.76537 35.0634
      vertex -5.54256 3.8 33
      vertex -5.52405 3.76537 33
    endloop
  endfacet
  facet normal -0.881923 -0.471394 0
    outer loop
      vertex -5.54256 3.8 33
      vertex -5.52405 3.76537 35.0634
      vertex -5.54256 3.8 35.0981
    endloop
  endfacet
  facet normal -0.973913 0.226924 0
    outer loop
      vertex -5.48262 3.34471 33
      vertex -5.47371 3.38295 34.9862
      vertex -5.47371 3.38295 33
    endloop
  endfacet
  facet normal -0.973913 0.226924 0
    outer loop
      vertex -5.47371 3.38295 34.9862
      vertex -5.48262 3.34471 33
      vertex -5.48262 3.34471 35.0244
    endloop
  endfacet
  facet normal -0.471302 0.881972 0
    outer loop
      vertex -5.7968 2.96188 33
      vertex -5.76218 2.98038 35.3887
      vertex -5.76218 2.98038 33
    endloop
  endfacet
  facet normal -0.471302 0.881972 0
    outer loop
      vertex -5.76218 2.98038 35.3887
      vertex -5.7968 2.96188 33
      vertex -5.7968 2.96188 35.4072
    endloop
  endfacet
  facet normal -0.63443 0.77298 0
    outer loop
      vertex -5.69692 3.02399 33
      vertex -5.66657 3.0489 35.3202
      vertex -5.66657 3.0489 33
    endloop
  endfacet
  facet normal -0.63443 0.77298 0
    outer loop
      vertex -5.66657 3.0489 35.3202
      vertex -5.69692 3.02399 33
      vertex -5.69692 3.02399 35.3451
    endloop
  endfacet
  facet normal -0.729783 0.683678 0
    outer loop
      vertex -5.63791 3.07574 33
      vertex -5.61107 3.10439 35.2647
      vertex -5.61107 3.10439 33
    endloop
  endfacet
  facet normal -0.729783 0.683678 0
    outer loop
      vertex -5.61107 3.10439 35.2647
      vertex -5.63791 3.07574 33
      vertex -5.63791 3.07574 35.2934
    endloop
  endfacet
  facet normal -0.881923 0.471394 0
    outer loop
      vertex -5.54256 3.2 33
      vertex -5.52405 3.23463 35.1345
      vertex -5.52405 3.23463 33
    endloop
  endfacet
  facet normal -0.881923 0.471394 0
    outer loop
      vertex -5.52405 3.23463 35.1345
      vertex -5.54256 3.2 33
      vertex -5.54256 3.2 35.1691
    endloop
  endfacet
  facet normal -0.0980413 0.995182 0
    outer loop
      vertex -6.02294 2.90128 33
      vertex -5.98386 2.90513 35.464
      vertex -5.98386 2.90513 33
    endloop
  endfacet
  facet normal -0.0980413 0.995182 0
    outer loop
      vertex -5.98386 2.90513 35.464
      vertex -6.02294 2.90128 33
      vertex -6.02294 2.90128 35.4678
    endloop
  endfacet
  facet normal -0.29029 0.956939 0
    outer loop
      vertex -5.90689 2.92044 33
      vertex -5.86931 2.93184 35.4373
      vertex -5.86931 2.93184 33
    endloop
  endfacet
  facet normal -0.29029 0.956939 0
    outer loop
      vertex -5.86931 2.93184 35.4373
      vertex -5.90689 2.92044 33
      vertex -5.90689 2.92044 35.4487
    endloop
  endfacet
  facet normal 0.352212 0.93592 -0
    outer loop
      vertex -6.25504 2.93184 33
      vertex -6.29179 2.94567 35.4234
      vertex -6.25504 2.93184 35.4373
    endloop
  endfacet
  facet normal 0.352212 0.93592 0
    outer loop
      vertex -6.29179 2.94567 35.4234
      vertex -6.25504 2.93184 33
      vertex -6.29179 2.94567 33
    endloop
  endfacet
  facet normal -0.63443 -0.77298 0
    outer loop
      vertex -5.69692 3.97601 33
      vertex -5.66657 3.9511 35.2492
      vertex -5.69692 3.97601 35.2741
    endloop
  endfacet
  facet normal -0.63443 -0.77298 -0
    outer loop
      vertex -5.66657 3.9511 35.2492
      vertex -5.69692 3.97601 33
      vertex -5.66657 3.9511 33
    endloop
  endfacet
  facet normal -0.729783 -0.683678 -0
    outer loop
      vertex -5.61107 3.89561 35.1937
      vertex -5.63791 3.92426 33
      vertex -5.61107 3.89561 33
    endloop
  endfacet
  facet normal -0.729783 -0.683678 0
    outer loop
      vertex -5.63791 3.92426 33
      vertex -5.61107 3.89561 35.1937
      vertex -5.63791 3.92426 35.2223
    endloop
  endfacet
  facet normal -0.99518 -0.0980661 -0
    outer loop
      vertex -5.46346 3.53924 34.8373
      vertex -5.46731 3.57831 33
      vertex -5.46346 3.53924 33
    endloop
  endfacet
  facet normal -0.99518 -0.0980661 0
    outer loop
      vertex -5.46731 3.57831 33
      vertex -5.46346 3.53924 34.8373
      vertex -5.46731 3.57831 34.8764
    endloop
  endfacet
  facet normal -0.999477 -0.0323281 0
    outer loop
      vertex -5.46346 3.53924 33
      vertex -5.46334 3.53553 34.8336
      vertex -5.46346 3.53924 34.8373
    endloop
  endfacet
  facet normal -0.999468 -0.0326024 -5.55643e-07
    outer loop
      vertex -5.46218 3.5 33
      vertex -5.46334 3.53553 34.8336
      vertex -5.46346 3.53924 33
    endloop
  endfacet
  facet normal -0.999467 -0.0326311 0
    outer loop
      vertex -5.46334 3.53553 34.8336
      vertex -5.46218 3.5 33
      vertex -5.46218 3.5 34.8691
    endloop
  endfacet
  facet normal -0.986627 -0.162995 -0
    outer loop
      vertex -5.46731 3.57831 34.8764
      vertex -5.47371 3.61705 33
      vertex -5.46731 3.57831 33
    endloop
  endfacet
  facet normal -0.986627 -0.162995 0
    outer loop
      vertex -5.47371 3.61705 33
      vertex -5.46731 3.57831 34.8764
      vertex -5.47371 3.61705 34.9151
    endloop
  endfacet
  facet normal -0.956917 0.290361 0
    outer loop
      vertex -5.49402 3.30714 33
      vertex -5.48262 3.34471 35.0244
      vertex -5.48262 3.34471 33
    endloop
  endfacet
  facet normal -0.956917 0.290361 0
    outer loop
      vertex -5.48262 3.34471 35.0244
      vertex -5.49402 3.30714 33
      vertex -5.49402 3.30714 35.062
    endloop
  endfacet
  facet normal -0.528782 -0.848758 0
    outer loop
      vertex -5.73762 4.00435 33
      vertex -5.72884 3.99888 35.2969
      vertex -5.73762 4.00435 35.3024
    endloop
  endfacet
  facet normal -0.528782 -0.848758 -0
    outer loop
      vertex -5.72884 3.99888 35.2969
      vertex -5.73762 4.00435 33
      vertex -5.72884 3.99888 33
    endloop
  endfacet
  facet normal -0.683551 -0.729902 0
    outer loop
      vertex -5.66657 3.9511 33
      vertex -5.63791 3.92426 35.2223
      vertex -5.66657 3.9511 35.2492
    endloop
  endfacet
  facet normal -0.683551 -0.729902 -0
    outer loop
      vertex -5.63791 3.92426 35.2223
      vertex -5.66657 3.9511 33
      vertex -5.63791 3.92426 33
    endloop
  endfacet
  facet normal -0.93592 -0.352212 -0
    outer loop
      vertex -5.49402 3.69286 34.9909
      vertex -5.50785 3.72961 33
      vertex -5.49402 3.69286 33
    endloop
  endfacet
  facet normal -0.93592 -0.352212 0
    outer loop
      vertex -5.50785 3.72961 33
      vertex -5.49402 3.69286 34.9909
      vertex -5.50785 3.72961 35.0277
    endloop
  endfacet
  facet normal -0.773105 -0.634278 -0
    outer loop
      vertex -5.58617 3.86526 35.1633
      vertex -5.61107 3.89561 33
      vertex -5.58617 3.86526 33
    endloop
  endfacet
  facet normal -0.773105 -0.634278 0
    outer loop
      vertex -5.61107 3.89561 33
      vertex -5.58617 3.86526 35.1633
      vertex -5.61107 3.89561 35.1937
    endloop
  endfacet
  facet normal -0.849112 -0.528212 -0
    outer loop
      vertex -5.54256 3.8 35.0981
      vertex -5.5633 3.83334 33
      vertex -5.54256 3.8 33
    endloop
  endfacet
  facet normal -0.849112 -0.528212 0
    outer loop
      vertex -5.5633 3.83334 33
      vertex -5.54256 3.8 35.0981
      vertex -5.5633 3.83334 35.1314
    endloop
  endfacet
  facet normal -0.910889 -0.412651 -0
    outer loop
      vertex -5.50785 3.72961 35.0277
      vertex -5.52405 3.76537 33
      vertex -5.50785 3.72961 33
    endloop
  endfacet
  facet normal -0.910889 -0.412651 0
    outer loop
      vertex -5.52405 3.76537 33
      vertex -5.50785 3.72961 35.0277
      vertex -5.52405 3.76537 35.0634
    endloop
  endfacet
  facet normal -0.956917 -0.290361 -0
    outer loop
      vertex -5.48262 3.65529 34.9533
      vertex -5.49402 3.69286 33
      vertex -5.48262 3.65529 33
    endloop
  endfacet
  facet normal -0.956917 -0.290361 0
    outer loop
      vertex -5.49402 3.69286 33
      vertex -5.48262 3.65529 34.9533
      vertex -5.49402 3.69286 34.9909
    endloop
  endfacet
  facet normal -0.973913 -0.226924 -0
    outer loop
      vertex -5.47371 3.61705 34.9151
      vertex -5.48262 3.65529 33
      vertex -5.47371 3.61705 33
    endloop
  endfacet
  facet normal -0.973913 -0.226924 0
    outer loop
      vertex -5.48262 3.65529 33
      vertex -5.47371 3.61705 34.9151
      vertex -5.48262 3.65529 34.9533
    endloop
  endfacet
  facet normal -0.995182 0.0980413 0
    outer loop
      vertex -5.46731 3.42168 33
      vertex -5.46346 3.46076 34.9084
      vertex -5.46346 3.46076 33
    endloop
  endfacet
  facet normal -0.995182 0.0980413 0
    outer loop
      vertex -5.46346 3.46076 34.9084
      vertex -5.46731 3.42168 33
      vertex -5.46731 3.42168 34.9474
    endloop
  endfacet
  facet normal -0.98662 0.163036 0
    outer loop
      vertex -5.47371 3.38295 33
      vertex -5.46731 3.42168 34.9474
      vertex -5.46731 3.42168 33
    endloop
  endfacet
  facet normal -0.98662 0.163036 0
    outer loop
      vertex -5.46731 3.42168 34.9474
      vertex -5.47371 3.38295 33
      vertex -5.47371 3.38295 34.9862
    endloop
  endfacet
  facet normal -0.93592 0.352212 0
    outer loop
      vertex -5.50785 3.27039 33
      vertex -5.49402 3.30714 35.062
      vertex -5.49402 3.30714 33
    endloop
  endfacet
  facet normal -0.93592 0.352212 0
    outer loop
      vertex -5.49402 3.30714 35.062
      vertex -5.50785 3.27039 33
      vertex -5.50785 3.27039 35.0987
    endloop
  endfacet
  facet normal -0.910889 0.412651 0
    outer loop
      vertex -5.52405 3.23463 33
      vertex -5.50785 3.27039 35.0987
      vertex -5.50785 3.27039 33
    endloop
  endfacet
  facet normal -0.910889 0.412651 0
    outer loop
      vertex -5.50785 3.27039 35.0987
      vertex -5.52405 3.23463 33
      vertex -5.52405 3.23463 35.1345
    endloop
  endfacet
  facet normal -0.582418 -0.812889 0
    outer loop
      vertex -5.72884 3.99888 33
      vertex -5.69692 3.97601 35.2741
      vertex -5.72884 3.99888 35.2969
    endloop
  endfacet
  facet normal -0.582418 -0.812889 -0
    outer loop
      vertex -5.69692 3.97601 35.2741
      vertex -5.72884 3.99888 33
      vertex -5.69692 3.97601 33
    endloop
  endfacet
  facet normal -0.812889 -0.582418 -0
    outer loop
      vertex -5.5633 3.83334 35.1314
      vertex -5.58617 3.86526 33
      vertex -5.5633 3.83334 33
    endloop
  endfacet
  facet normal -0.812889 -0.582418 0
    outer loop
      vertex -5.58617 3.86526 33
      vertex -5.5633 3.83334 35.1314
      vertex -5.58617 3.86526 35.1633
    endloop
  endfacet
  facet normal -0.849134 0.528178 0
    outer loop
      vertex -6.50112 -0.333342 33
      vertex -6.48038 -0.299999 36
      vertex -6.48038 -0.299999 33
    endloop
  endfacet
  facet normal -0.849134 0.528178 0
    outer loop
      vertex -6.48038 -0.299999 36
      vertex -6.50112 -0.333342 33
      vertex -6.50112 -0.333342 36
    endloop
  endfacet
  facet normal -0.634399 0.773005 0
    outer loop
      vertex -6.60439 -0.451103 33
      vertex -6.63474 -0.476011 36
      vertex -6.60439 -0.451103 36
    endloop
  endfacet
  facet normal -0.634399 0.773005 0
    outer loop
      vertex -6.63474 -0.476011 36
      vertex -6.60439 -0.451103 33
      vertex -6.63474 -0.476011 33
    endloop
  endfacet
  facet normal -0.812838 0.58249 0
    outer loop
      vertex -6.52399 -0.365256 33
      vertex -6.50112 -0.333342 36
      vertex -6.50112 -0.333342 33
    endloop
  endfacet
  facet normal -0.812838 0.58249 0
    outer loop
      vertex -6.50112 -0.333342 36
      vertex -6.52399 -0.365256 33
      vertex -6.52399 -0.365256 36
    endloop
  endfacet
  facet normal -0.973909 0.226941 0
    outer loop
      vertex -6.42044 -0.155291 33
      vertex -6.41153 -0.117054 36
      vertex -6.41153 -0.117054 33
    endloop
  endfacet
  facet normal -0.973909 0.226941 0
    outer loop
      vertex -6.41153 -0.117054 36
      vertex -6.42044 -0.155291 33
      vertex -6.42044 -0.155291 36
    endloop
  endfacet
  facet normal -0.935908 0.352245 0
    outer loop
      vertex -6.44567 -0.229609 33
      vertex -6.43184 -0.192863 36
      vertex -6.43184 -0.192863 33
    endloop
  endfacet
  facet normal -0.935908 0.352245 0
    outer loop
      vertex -6.43184 -0.192863 36
      vertex -6.44567 -0.229609 33
      vertex -6.44567 -0.229609 36
    endloop
  endfacet
  facet normal -0.986626 0.162998 0
    outer loop
      vertex -6.41153 -0.117054 33
      vertex -6.40513 -0.0783148 36
      vertex -6.40513 -0.0783148 33
    endloop
  endfacet
  facet normal -0.986626 0.162998 0
    outer loop
      vertex -6.40513 -0.0783148 36
      vertex -6.41153 -0.117054 33
      vertex -6.41153 -0.117054 36
    endloop
  endfacet
  facet normal -0.528102 0.849181 0
    outer loop
      vertex -6.66666 -0.498881 33
      vertex -6.7 -0.519615 36
      vertex -6.66666 -0.498881 36
    endloop
  endfacet
  facet normal -0.528102 0.849181 0
    outer loop
      vertex -6.7 -0.519615 36
      vertex -6.66666 -0.498881 33
      vertex -6.7 -0.519615 33
    endloop
  endfacet
  facet normal -0.582418 0.812889 0
    outer loop
      vertex -6.63474 -0.476011 33
      vertex -6.66666 -0.498881 36
      vertex -6.63474 -0.476011 36
    endloop
  endfacet
  facet normal -0.582418 0.812889 0
    outer loop
      vertex -6.66666 -0.498881 36
      vertex -6.63474 -0.476011 33
      vertex -6.66666 -0.498881 33
    endloop
  endfacet
  facet normal -0.352212 0.93592 0
    outer loop
      vertex -6.77039 -0.554327 33
      vertex -6.80714 -0.568157 36
      vertex -6.77039 -0.554327 36
    endloop
  endfacet
  facet normal -0.352212 0.93592 0
    outer loop
      vertex -6.80714 -0.568157 36
      vertex -6.77039 -0.554327 33
      vertex -6.80714 -0.568157 33
    endloop
  endfacet
  facet normal -0.0979908 0.995187 0
    outer loop
      vertex -6.92168 -0.594867 33
      vertex -6.96076 -0.598715 36
      vertex -6.92168 -0.594867 36
    endloop
  endfacet
  facet normal -0.0979908 0.995187 0
    outer loop
      vertex -6.96076 -0.598715 36
      vertex -6.92168 -0.594867 33
      vertex -6.96076 -0.598715 33
    endloop
  endfacet
  facet normal -0.352212 -0.93592 0
    outer loop
      vertex -6.80714 0.568157 33
      vertex -6.77039 0.554327 36
      vertex -6.80714 0.568157 36
    endloop
  endfacet
  facet normal -0.352212 -0.93592 -0
    outer loop
      vertex -6.77039 0.554327 36
      vertex -6.80714 0.568157 33
      vertex -6.77039 0.554327 33
    endloop
  endfacet
  facet normal -0.0326711 0.999466 0
    outer loop
      vertex -6.96076 -0.598715 33
      vertex -6.9711 -0.599053 36
      vertex -6.96076 -0.598715 36
    endloop
  endfacet
  facet normal -0.0326711 0.999466 0
    outer loop
      vertex -6.9711 -0.599053 36
      vertex -6.96076 -0.598715 33
      vertex -6.9711 -0.599053 33
    endloop
  endfacet
  facet normal -0.729867 0.683589 0
    outer loop
      vertex -6.57574 -0.424264 33
      vertex -6.5489 -0.395607 36
      vertex -6.5489 -0.395607 33
    endloop
  endfacet
  facet normal -0.729867 0.683589 0
    outer loop
      vertex -6.5489 -0.395607 36
      vertex -6.57574 -0.424264 33
      vertex -6.57574 -0.424264 36
    endloop
  endfacet
  facet normal -0.772991 0.634417 0
    outer loop
      vertex -6.5489 -0.395607 33
      vertex -6.52399 -0.365256 36
      vertex -6.52399 -0.365256 33
    endloop
  endfacet
  facet normal -0.772991 0.634417 0
    outer loop
      vertex -6.52399 -0.365256 36
      vertex -6.5489 -0.395607 33
      vertex -6.5489 -0.395607 36
    endloop
  endfacet
  facet normal -0.882011 0.471228 0
    outer loop
      vertex -6.48038 -0.299999 33
      vertex -6.46188 -0.265372 36
      vertex -6.46188 -0.265372 33
    endloop
  endfacet
  facet normal -0.882011 0.471228 0
    outer loop
      vertex -6.46188 -0.265372 36
      vertex -6.48038 -0.299999 33
      vertex -6.48038 -0.299999 36
    endloop
  endfacet
  facet normal -0.910806 0.412834 0
    outer loop
      vertex -6.46188 -0.265372 33
      vertex -6.44567 -0.229609 36
      vertex -6.44567 -0.229609 33
    endloop
  endfacet
  facet normal -0.910806 0.412834 0
    outer loop
      vertex -6.44567 -0.229609 36
      vertex -6.46188 -0.265372 33
      vertex -6.46188 -0.265372 36
    endloop
  endfacet
  facet normal -0.956922 0.290347 0
    outer loop
      vertex -6.43184 -0.192863 33
      vertex -6.42044 -0.155291 36
      vertex -6.42044 -0.155291 33
    endloop
  endfacet
  facet normal -0.956922 0.290347 0
    outer loop
      vertex -6.42044 -0.155291 36
      vertex -6.43184 -0.192863 33
      vertex -6.43184 -0.192863 36
    endloop
  endfacet
  facet normal -0.995181 0.0980586 0
    outer loop
      vertex -6.40513 -0.0783148 33
      vertex -6.40128 -0.0392418 36
      vertex -6.40128 -0.0392418 33
    endloop
  endfacet
  facet normal -0.995181 0.0980586 0
    outer loop
      vertex -6.40128 -0.0392418 36
      vertex -6.40513 -0.0783148 33
      vertex -6.40513 -0.0783148 36
    endloop
  endfacet
  facet normal -0.683665 0.729796 0
    outer loop
      vertex -6.57574 -0.424264 33
      vertex -6.60439 -0.451103 36
      vertex -6.57574 -0.424264 36
    endloop
  endfacet
  facet normal -0.683665 0.729796 0
    outer loop
      vertex -6.60439 -0.451103 36
      vertex -6.57574 -0.424264 33
      vertex -6.60439 -0.451103 33
    endloop
  endfacet
  facet normal -0.412736 0.910851 0
    outer loop
      vertex -6.73463 -0.538123 33
      vertex -6.77039 -0.554327 36
      vertex -6.73463 -0.538123 36
    endloop
  endfacet
  facet normal -0.412736 0.910851 0
    outer loop
      vertex -6.77039 -0.554327 36
      vertex -6.73463 -0.538123 33
      vertex -6.77039 -0.554327 33
    endloop
  endfacet
  facet normal -0.471355 0.881944 0
    outer loop
      vertex -6.7 -0.519615 33
      vertex -6.73463 -0.538123 36
      vertex -6.7 -0.519615 36
    endloop
  endfacet
  facet normal -0.471355 0.881944 0
    outer loop
      vertex -6.73463 -0.538123 36
      vertex -6.7 -0.519615 33
      vertex -6.73463 -0.538123 33
    endloop
  endfacet
  facet normal -0.227044 0.973884 0
    outer loop
      vertex -6.84471 -0.579555 33
      vertex -6.88295 -0.58847 36
      vertex -6.84471 -0.579555 36
    endloop
  endfacet
  facet normal -0.227044 0.973884 0
    outer loop
      vertex -6.88295 -0.58847 36
      vertex -6.84471 -0.579555 33
      vertex -6.88295 -0.58847 33
    endloop
  endfacet
  facet normal -0.162961 0.986632 0
    outer loop
      vertex -6.88295 -0.58847 33
      vertex -6.92168 -0.594867 36
      vertex -6.88295 -0.58847 36
    endloop
  endfacet
  facet normal -0.162961 0.986632 0
    outer loop
      vertex -6.92168 -0.594867 36
      vertex -6.88295 -0.58847 33
      vertex -6.92168 -0.594867 33
    endloop
  endfacet
  facet normal -0.935908 -0.352245 0
    outer loop
      vertex -6.43184 0.192863 33
      vertex -6.44567 0.229609 36
      vertex -6.44567 0.229609 33
    endloop
  endfacet
  facet normal -0.935908 -0.352245 0
    outer loop
      vertex -6.44567 0.229609 36
      vertex -6.43184 0.192863 33
      vertex -6.43184 0.192863 36
    endloop
  endfacet
  facet normal -0.999468 0.0326009 0
    outer loop
      vertex -6.40128 -0.0392418 33
      vertex -6.4 0 36
      vertex -6.4 0 33
    endloop
  endfacet
  facet normal -0.999468 0.0326009 0
    outer loop
      vertex -6.4 0 36
      vertex -6.40128 -0.0392418 33
      vertex -6.40128 -0.0392418 36
    endloop
  endfacet
  facet normal -0.290314 0.956931 0
    outer loop
      vertex -6.80714 -0.568157 33
      vertex -6.84471 -0.579555 36
      vertex -6.80714 -0.568157 36
    endloop
  endfacet
  facet normal -0.290314 0.956931 0
    outer loop
      vertex -6.84471 -0.579555 36
      vertex -6.80714 -0.568157 33
      vertex -6.84471 -0.579555 33
    endloop
  endfacet
  facet normal -0.528102 -0.849181 0
    outer loop
      vertex -6.7 0.519615 33
      vertex -6.66666 0.498881 36
      vertex -6.7 0.519615 36
    endloop
  endfacet
  facet normal -0.528102 -0.849181 -0
    outer loop
      vertex -6.66666 0.498881 36
      vertex -6.7 0.519615 33
      vertex -6.66666 0.498881 33
    endloop
  endfacet
  facet normal -0.412736 -0.910851 0
    outer loop
      vertex -6.77039 0.554327 33
      vertex -6.73463 0.538123 36
      vertex -6.77039 0.554327 36
    endloop
  endfacet
  facet normal -0.412736 -0.910851 -0
    outer loop
      vertex -6.73463 0.538123 36
      vertex -6.77039 0.554327 33
      vertex -6.73463 0.538123 33
    endloop
  endfacet
  facet normal -0.812838 -0.58249 0
    outer loop
      vertex -6.50112 0.333342 33
      vertex -6.52399 0.365256 36
      vertex -6.52399 0.365256 33
    endloop
  endfacet
  facet normal -0.812838 -0.58249 0
    outer loop
      vertex -6.52399 0.365256 36
      vertex -6.50112 0.333342 33
      vertex -6.50112 0.333342 36
    endloop
  endfacet
  facet normal -0.849134 -0.528178 0
    outer loop
      vertex -6.48038 0.299999 33
      vertex -6.50112 0.333342 36
      vertex -6.50112 0.333342 33
    endloop
  endfacet
  facet normal -0.849134 -0.528178 0
    outer loop
      vertex -6.50112 0.333342 36
      vertex -6.48038 0.299999 33
      vertex -6.48038 0.299999 36
    endloop
  endfacet
  facet normal -0.973909 -0.226941 0
    outer loop
      vertex -6.41153 0.117054 33
      vertex -6.42044 0.155291 36
      vertex -6.42044 0.155291 33
    endloop
  endfacet
  facet normal -0.973909 -0.226941 0
    outer loop
      vertex -6.42044 0.155291 36
      vertex -6.41153 0.117054 33
      vertex -6.41153 0.117054 36
    endloop
  endfacet
  facet normal -0.986626 -0.162998 0
    outer loop
      vertex -6.40513 0.0783148 33
      vertex -6.41153 0.117054 36
      vertex -6.41153 0.117054 33
    endloop
  endfacet
  facet normal -0.986626 -0.162998 0
    outer loop
      vertex -6.41153 0.117054 36
      vertex -6.40513 0.0783148 33
      vertex -6.40513 0.0783148 36
    endloop
  endfacet
  facet normal -0.0326711 -0.999466 0
    outer loop
      vertex -6.9711 0.599053 33
      vertex -6.96076 0.598715 36
      vertex -6.9711 0.599053 36
    endloop
  endfacet
  facet normal -0.0326711 -0.999466 -0
    outer loop
      vertex -6.96076 0.598715 36
      vertex -6.9711 0.599053 33
      vertex -6.96076 0.598715 33
    endloop
  endfacet
  facet normal -0.162961 -0.986632 0
    outer loop
      vertex -6.92168 0.594867 33
      vertex -6.88295 0.58847 36
      vertex -6.92168 0.594867 36
    endloop
  endfacet
  facet normal -0.162961 -0.986632 -0
    outer loop
      vertex -6.88295 0.58847 36
      vertex -6.92168 0.594867 33
      vertex -6.88295 0.58847 33
    endloop
  endfacet
  facet normal -0.0979908 -0.995187 0
    outer loop
      vertex -6.96076 0.598715 33
      vertex -6.92168 0.594867 36
      vertex -6.96076 0.598715 36
    endloop
  endfacet
  facet normal -0.0979908 -0.995187 -0
    outer loop
      vertex -6.92168 0.594867 36
      vertex -6.96076 0.598715 33
      vertex -6.92168 0.594867 33
    endloop
  endfacet
  facet normal -0.729867 -0.683589 0
    outer loop
      vertex -6.5489 0.395607 33
      vertex -6.57574 0.424264 36
      vertex -6.57574 0.424264 33
    endloop
  endfacet
  facet normal -0.729867 -0.683589 0
    outer loop
      vertex -6.57574 0.424264 36
      vertex -6.5489 0.395607 33
      vertex -6.5489 0.395607 36
    endloop
  endfacet
  facet normal -0.772991 -0.634417 0
    outer loop
      vertex -6.52399 0.365256 33
      vertex -6.5489 0.395607 36
      vertex -6.5489 0.395607 33
    endloop
  endfacet
  facet normal -0.772991 -0.634417 0
    outer loop
      vertex -6.5489 0.395607 36
      vertex -6.52399 0.365256 33
      vertex -6.52399 0.365256 36
    endloop
  endfacet
  facet normal -0.882011 -0.471228 0
    outer loop
      vertex -6.46188 0.265372 33
      vertex -6.48038 0.299999 36
      vertex -6.48038 0.299999 33
    endloop
  endfacet
  facet normal -0.882011 -0.471228 0
    outer loop
      vertex -6.48038 0.299999 36
      vertex -6.46188 0.265372 33
      vertex -6.46188 0.265372 36
    endloop
  endfacet
  facet normal -0.910806 -0.412834 0
    outer loop
      vertex -6.44567 0.229609 33
      vertex -6.46188 0.265372 36
      vertex -6.46188 0.265372 33
    endloop
  endfacet
  facet normal -0.910806 -0.412834 0
    outer loop
      vertex -6.46188 0.265372 36
      vertex -6.44567 0.229609 33
      vertex -6.44567 0.229609 36
    endloop
  endfacet
  facet normal -0.956922 -0.290347 0
    outer loop
      vertex -6.42044 0.155291 33
      vertex -6.43184 0.192863 36
      vertex -6.43184 0.192863 33
    endloop
  endfacet
  facet normal -0.956922 -0.290347 0
    outer loop
      vertex -6.43184 0.192863 36
      vertex -6.42044 0.155291 33
      vertex -6.42044 0.155291 36
    endloop
  endfacet
  facet normal -0.995181 -0.0980586 0
    outer loop
      vertex -6.40128 0.0392418 33
      vertex -6.40513 0.0783148 36
      vertex -6.40513 0.0783148 33
    endloop
  endfacet
  facet normal -0.995181 -0.0980586 0
    outer loop
      vertex -6.40513 0.0783148 36
      vertex -6.40128 0.0392418 33
      vertex -6.40128 0.0392418 36
    endloop
  endfacet
  facet normal -0.999468 -0.0326009 0
    outer loop
      vertex -6.4 0 33
      vertex -6.40128 0.0392418 36
      vertex -6.40128 0.0392418 33
    endloop
  endfacet
  facet normal -0.999468 -0.0326009 0
    outer loop
      vertex -6.40128 0.0392418 36
      vertex -6.4 0 33
      vertex -6.4 0 36
    endloop
  endfacet
  facet normal -0.634399 -0.773005 0
    outer loop
      vertex -6.63474 0.476011 33
      vertex -6.60439 0.451103 36
      vertex -6.63474 0.476011 36
    endloop
  endfacet
  facet normal -0.634399 -0.773005 -0
    outer loop
      vertex -6.60439 0.451103 36
      vertex -6.63474 0.476011 33
      vertex -6.60439 0.451103 33
    endloop
  endfacet
  facet normal -0.471355 -0.881944 0
    outer loop
      vertex -6.73463 0.538123 33
      vertex -6.7 0.519615 36
      vertex -6.73463 0.538123 36
    endloop
  endfacet
  facet normal -0.471355 -0.881944 -0
    outer loop
      vertex -6.7 0.519615 36
      vertex -6.73463 0.538123 33
      vertex -6.7 0.519615 33
    endloop
  endfacet
  facet normal -0.582418 -0.812889 0
    outer loop
      vertex -6.66666 0.498881 33
      vertex -6.63474 0.476011 36
      vertex -6.66666 0.498881 36
    endloop
  endfacet
  facet normal -0.582418 -0.812889 -0
    outer loop
      vertex -6.63474 0.476011 36
      vertex -6.66666 0.498881 33
      vertex -6.63474 0.476011 33
    endloop
  endfacet
  facet normal -0.683665 -0.729796 0
    outer loop
      vertex -6.60439 0.451103 33
      vertex -6.57574 0.424264 36
      vertex -6.60439 0.451103 36
    endloop
  endfacet
  facet normal -0.683665 -0.729796 -0
    outer loop
      vertex -6.57574 0.424264 36
      vertex -6.60439 0.451103 33
      vertex -6.57574 0.424264 33
    endloop
  endfacet
  facet normal -0.227044 -0.973884 0
    outer loop
      vertex -6.88295 0.58847 33
      vertex -6.84471 0.579555 36
      vertex -6.88295 0.58847 36
    endloop
  endfacet
  facet normal -0.227044 -0.973884 -0
    outer loop
      vertex -6.84471 0.579555 36
      vertex -6.88295 0.58847 33
      vertex -6.84471 0.579555 33
    endloop
  endfacet
  facet normal -0.290314 -0.956931 0
    outer loop
      vertex -6.84471 0.579555 33
      vertex -6.80714 0.568157 36
      vertex -6.84471 0.579555 36
    endloop
  endfacet
  facet normal -0.290314 -0.956931 -0
    outer loop
      vertex -6.80714 0.568157 36
      vertex -6.84471 0.579555 33
      vertex -6.80714 0.568157 33
    endloop
  endfacet
  facet normal -0.528782 0.848758 0
    outer loop
      vertex -5.72884 -3.99888 33
      vertex -5.73762 -4.00435 36
      vertex -5.72884 -3.99888 36
    endloop
  endfacet
  facet normal -0.528782 0.848758 0
    outer loop
      vertex -5.73762 -4.00435 36
      vertex -5.72884 -3.99888 33
      vertex -5.73762 -4.00435 33
    endloop
  endfacet
  facet normal -0.999468 -0.0326024 0
    outer loop
      vertex -5.46218 -3.5 33
      vertex -5.46346 -3.46076 36
      vertex -5.46346 -3.46076 33
    endloop
  endfacet
  facet normal -0.999468 -0.0326024 0
    outer loop
      vertex -5.46346 -3.46076 36
      vertex -5.46218 -3.5 33
      vertex -5.46218 -3.5 36
    endloop
  endfacet
  facet normal -0.881923 -0.471394 0
    outer loop
      vertex -5.52405 -3.23463 33
      vertex -5.54256 -3.2 36
      vertex -5.54256 -3.2 33
    endloop
  endfacet
  facet normal -0.881923 -0.471394 0
    outer loop
      vertex -5.54256 -3.2 36
      vertex -5.52405 -3.23463 33
      vertex -5.52405 -3.23463 36
    endloop
  endfacet
  facet normal -0.956917 0.290361 0
    outer loop
      vertex -5.49402 -3.69286 33
      vertex -5.48262 -3.65529 36
      vertex -5.48262 -3.65529 33
    endloop
  endfacet
  facet normal -0.956917 0.290361 0
    outer loop
      vertex -5.48262 -3.65529 36
      vertex -5.49402 -3.69286 33
      vertex -5.49402 -3.69286 36
    endloop
  endfacet
  facet normal -0.773105 0.634278 0
    outer loop
      vertex -5.61107 -3.89561 33
      vertex -5.58617 -3.86526 36
      vertex -5.58617 -3.86526 33
    endloop
  endfacet
  facet normal -0.773105 0.634278 0
    outer loop
      vertex -5.58617 -3.86526 36
      vertex -5.61107 -3.89561 33
      vertex -5.61107 -3.89561 36
    endloop
  endfacet
  facet normal -0.999468 0.0326024 0
    outer loop
      vertex -5.46346 -3.53924 33
      vertex -5.46218 -3.5 36
      vertex -5.46218 -3.5 33
    endloop
  endfacet
  facet normal -0.999468 0.0326024 0
    outer loop
      vertex -5.46218 -3.5 36
      vertex -5.46346 -3.53924 33
      vertex -5.46346 -3.53924 36
    endloop
  endfacet
  facet normal -0.93592 -0.352212 0
    outer loop
      vertex -5.49402 -3.30714 33
      vertex -5.50785 -3.27039 36
      vertex -5.50785 -3.27039 33
    endloop
  endfacet
  facet normal -0.93592 -0.352212 0
    outer loop
      vertex -5.50785 -3.27039 36
      vertex -5.49402 -3.30714 33
      vertex -5.49402 -3.30714 36
    endloop
  endfacet
  facet normal -0.910889 0.412651 0
    outer loop
      vertex -5.52405 -3.76537 33
      vertex -5.50785 -3.72961 36
      vertex -5.50785 -3.72961 33
    endloop
  endfacet
  facet normal -0.910889 0.412651 0
    outer loop
      vertex -5.50785 -3.72961 36
      vertex -5.52405 -3.76537 33
      vertex -5.52405 -3.76537 36
    endloop
  endfacet
  facet normal -0.93592 0.352212 0
    outer loop
      vertex -5.50785 -3.72961 33
      vertex -5.49402 -3.69286 36
      vertex -5.49402 -3.69286 33
    endloop
  endfacet
  facet normal -0.93592 0.352212 0
    outer loop
      vertex -5.49402 -3.69286 36
      vertex -5.50785 -3.72961 33
      vertex -5.50785 -3.72961 36
    endloop
  endfacet
  facet normal -0.729783 0.683678 0
    outer loop
      vertex -5.63791 -3.92426 33
      vertex -5.61107 -3.89561 36
      vertex -5.61107 -3.89561 33
    endloop
  endfacet
  facet normal -0.729783 0.683678 0
    outer loop
      vertex -5.61107 -3.89561 36
      vertex -5.63791 -3.92426 33
      vertex -5.63791 -3.92426 36
    endloop
  endfacet
  facet normal -0.849112 -0.528212 0
    outer loop
      vertex -5.54256 -3.2 33
      vertex -5.5633 -3.16666 36
      vertex -5.5633 -3.16666 33
    endloop
  endfacet
  facet normal -0.849112 -0.528212 0
    outer loop
      vertex -5.5633 -3.16666 36
      vertex -5.54256 -3.2 33
      vertex -5.54256 -3.2 36
    endloop
  endfacet
  facet normal -0.986627 0.162995 0
    outer loop
      vertex -5.47371 -3.61705 33
      vertex -5.46731 -3.57831 36
      vertex -5.46731 -3.57831 33
    endloop
  endfacet
  facet normal -0.986627 0.162995 0
    outer loop
      vertex -5.46731 -3.57831 36
      vertex -5.47371 -3.61705 33
      vertex -5.47371 -3.61705 36
    endloop
  endfacet
  facet normal -0.99518 0.0980661 0
    outer loop
      vertex -5.46731 -3.57831 33
      vertex -5.46346 -3.53924 36
      vertex -5.46346 -3.53924 33
    endloop
  endfacet
  facet normal -0.99518 0.0980661 0
    outer loop
      vertex -5.46346 -3.53924 36
      vertex -5.46731 -3.57831 33
      vertex -5.46731 -3.57831 36
    endloop
  endfacet
  facet normal -0.98662 -0.163036 0
    outer loop
      vertex -5.46731 -3.42168 33
      vertex -5.47371 -3.38295 36
      vertex -5.47371 -3.38295 33
    endloop
  endfacet
  facet normal -0.98662 -0.163036 0
    outer loop
      vertex -5.47371 -3.38295 36
      vertex -5.46731 -3.42168 33
      vertex -5.46731 -3.42168 36
    endloop
  endfacet
  facet normal -0.973913 -0.226924 0
    outer loop
      vertex -5.47371 -3.38295 33
      vertex -5.48262 -3.34471 36
      vertex -5.48262 -3.34471 33
    endloop
  endfacet
  facet normal -0.973913 -0.226924 0
    outer loop
      vertex -5.48262 -3.34471 36
      vertex -5.47371 -3.38295 33
      vertex -5.47371 -3.38295 36
    endloop
  endfacet
  facet normal -0.910889 -0.412651 0
    outer loop
      vertex -5.50785 -3.27039 33
      vertex -5.52405 -3.23463 36
      vertex -5.52405 -3.23463 33
    endloop
  endfacet
  facet normal -0.910889 -0.412651 0
    outer loop
      vertex -5.52405 -3.23463 36
      vertex -5.50785 -3.27039 33
      vertex -5.50785 -3.27039 36
    endloop
  endfacet
  facet normal -0.956917 -0.290361 0
    outer loop
      vertex -5.48262 -3.34471 33
      vertex -5.49402 -3.30714 36
      vertex -5.49402 -3.30714 33
    endloop
  endfacet
  facet normal -0.956917 -0.290361 0
    outer loop
      vertex -5.49402 -3.30714 36
      vertex -5.48262 -3.34471 33
      vertex -5.48262 -3.34471 36
    endloop
  endfacet
  facet normal -0.973913 0.226924 0
    outer loop
      vertex -5.48262 -3.65529 33
      vertex -5.47371 -3.61705 36
      vertex -5.47371 -3.61705 33
    endloop
  endfacet
  facet normal -0.973913 0.226924 0
    outer loop
      vertex -5.47371 -3.61705 36
      vertex -5.48262 -3.65529 33
      vertex -5.48262 -3.65529 36
    endloop
  endfacet
  facet normal -0.849112 0.528212 0
    outer loop
      vertex -5.5633 -3.83334 33
      vertex -5.54256 -3.8 36
      vertex -5.54256 -3.8 33
    endloop
  endfacet
  facet normal -0.849112 0.528212 0
    outer loop
      vertex -5.54256 -3.8 36
      vertex -5.5633 -3.83334 33
      vertex -5.5633 -3.83334 36
    endloop
  endfacet
  facet normal -0.881923 0.471394 0
    outer loop
      vertex -5.54256 -3.8 33
      vertex -5.52405 -3.76537 36
      vertex -5.52405 -3.76537 33
    endloop
  endfacet
  facet normal -0.881923 0.471394 0
    outer loop
      vertex -5.52405 -3.76537 36
      vertex -5.54256 -3.8 33
      vertex -5.54256 -3.8 36
    endloop
  endfacet
  facet normal -0.812889 0.582418 0
    outer loop
      vertex -5.58617 -3.86526 33
      vertex -5.5633 -3.83334 36
      vertex -5.5633 -3.83334 33
    endloop
  endfacet
  facet normal -0.812889 0.582418 0
    outer loop
      vertex -5.5633 -3.83334 36
      vertex -5.58617 -3.86526 33
      vertex -5.58617 -3.86526 36
    endloop
  endfacet
  facet normal -0.683551 0.729902 0
    outer loop
      vertex -5.63791 -3.92426 33
      vertex -5.66657 -3.9511 36
      vertex -5.63791 -3.92426 36
    endloop
  endfacet
  facet normal -0.683551 0.729902 0
    outer loop
      vertex -5.66657 -3.9511 36
      vertex -5.63791 -3.92426 33
      vertex -5.66657 -3.9511 33
    endloop
  endfacet
  facet normal -0.582418 0.812889 0
    outer loop
      vertex -5.69692 -3.97601 33
      vertex -5.72884 -3.99888 36
      vertex -5.69692 -3.97601 36
    endloop
  endfacet
  facet normal -0.582418 0.812889 0
    outer loop
      vertex -5.72884 -3.99888 36
      vertex -5.69692 -3.97601 33
      vertex -5.72884 -3.99888 33
    endloop
  endfacet
  facet normal -0.812889 -0.582418 0
    outer loop
      vertex -5.5633 -3.16666 33
      vertex -5.58617 -3.13474 36
      vertex -5.58617 -3.13474 33
    endloop
  endfacet
  facet normal -0.812889 -0.582418 0
    outer loop
      vertex -5.58617 -3.13474 36
      vertex -5.5633 -3.16666 33
      vertex -5.5633 -3.16666 36
    endloop
  endfacet
  facet normal -0.995182 -0.0980413 0
    outer loop
      vertex -5.46346 -3.46076 33
      vertex -5.46731 -3.42168 36
      vertex -5.46731 -3.42168 33
    endloop
  endfacet
  facet normal -0.995182 -0.0980413 0
    outer loop
      vertex -5.46731 -3.42168 36
      vertex -5.46346 -3.46076 33
      vertex -5.46346 -3.46076 36
    endloop
  endfacet
  facet normal -0.63443 0.77298 0
    outer loop
      vertex -5.66657 -3.9511 33
      vertex -5.69692 -3.97601 36
      vertex -5.66657 -3.9511 36
    endloop
  endfacet
  facet normal -0.63443 0.77298 0
    outer loop
      vertex -5.69692 -3.97601 36
      vertex -5.66657 -3.9511 33
      vertex -5.69692 -3.97601 33
    endloop
  endfacet
  facet normal -0.0326024 -0.999468 0
    outer loop
      vertex -6.06218 -2.9 33
      vertex -6.02294 -2.90128 36
      vertex -6.06218 -2.9 36
    endloop
  endfacet
  facet normal -0.0326024 -0.999468 -0
    outer loop
      vertex -6.02294 -2.90128 36
      vertex -6.06218 -2.9 33
      vertex -6.02294 -2.90128 33
    endloop
  endfacet
  facet normal 0.0980661 -0.99518 0
    outer loop
      vertex -6.14049 -2.90513 33
      vertex -6.10142 -2.90128 36
      vertex -6.14049 -2.90513 36
    endloop
  endfacet
  facet normal 0.0980661 -0.99518 0
    outer loop
      vertex -6.10142 -2.90128 36
      vertex -6.14049 -2.90513 33
      vertex -6.10142 -2.90128 33
    endloop
  endfacet
  facet normal -0.352296 -0.935889 0
    outer loop
      vertex -5.86931 -2.93184 33
      vertex -5.83257 -2.94567 36
      vertex -5.86931 -2.93184 36
    endloop
  endfacet
  facet normal -0.352296 -0.935889 -0
    outer loop
      vertex -5.83257 -2.94567 36
      vertex -5.86931 -2.93184 33
      vertex -5.83257 -2.94567 33
    endloop
  endfacet
  facet normal -0.528212 -0.849112 0
    outer loop
      vertex -5.76218 -2.98038 33
      vertex -5.72884 -3.00112 36
      vertex -5.76218 -2.98038 36
    endloop
  endfacet
  facet normal -0.528212 -0.849112 -0
    outer loop
      vertex -5.72884 -3.00112 36
      vertex -5.76218 -2.98038 33
      vertex -5.72884 -3.00112 33
    endloop
  endfacet
  facet normal -0.683551 -0.729902 0
    outer loop
      vertex -5.66657 -3.0489 33
      vertex -5.63791 -3.07574 36
      vertex -5.66657 -3.0489 36
    endloop
  endfacet
  facet normal -0.683551 -0.729902 -0
    outer loop
      vertex -5.63791 -3.07574 36
      vertex -5.66657 -3.0489 33
      vertex -5.63791 -3.07574 33
    endloop
  endfacet
  facet normal -0.63443 -0.77298 0
    outer loop
      vertex -5.69692 -3.02399 33
      vertex -5.66657 -3.0489 36
      vertex -5.69692 -3.02399 36
    endloop
  endfacet
  facet normal -0.63443 -0.77298 -0
    outer loop
      vertex -5.66657 -3.0489 36
      vertex -5.69692 -3.02399 33
      vertex -5.66657 -3.0489 33
    endloop
  endfacet
  facet normal -0.729783 -0.683678 0
    outer loop
      vertex -5.61107 -3.10439 33
      vertex -5.63791 -3.07574 36
      vertex -5.63791 -3.07574 33
    endloop
  endfacet
  facet normal -0.729783 -0.683678 0
    outer loop
      vertex -5.63791 -3.07574 36
      vertex -5.61107 -3.10439 33
      vertex -5.61107 -3.10439 36
    endloop
  endfacet
  facet normal 0.470638 -0.882326 0
    outer loop
      vertex -6.33668 -2.96675 33
      vertex -6.32755 -2.96188 36
      vertex -6.33668 -2.96675 36
    endloop
  endfacet
  facet normal 0.470638 -0.882326 0
    outer loop
      vertex -6.32755 -2.96188 36
      vertex -6.33668 -2.96675 33
      vertex -6.32755 -2.96188 33
    endloop
  endfacet
  facet normal 0.412862 -0.910793 0
    outer loop
      vertex -6.32755 -2.96188 33
      vertex -6.29179 -2.94567 36
      vertex -6.32755 -2.96188 36
    endloop
  endfacet
  facet normal 0.412862 -0.910793 0
    outer loop
      vertex -6.29179 -2.94567 36
      vertex -6.32755 -2.96188 33
      vertex -6.29179 -2.94567 33
    endloop
  endfacet
  facet normal 0.226924 -0.973913 0
    outer loop
      vertex -6.21747 -2.92044 33
      vertex -6.17923 -2.91153 36
      vertex -6.21747 -2.92044 36
    endloop
  endfacet
  facet normal 0.226924 -0.973913 0
    outer loop
      vertex -6.17923 -2.91153 36
      vertex -6.21747 -2.92044 33
      vertex -6.17923 -2.91153 33
    endloop
  endfacet
  facet normal -0.22698 -0.973899 0
    outer loop
      vertex -5.94512 -2.91153 33
      vertex -5.90689 -2.92044 36
      vertex -5.94512 -2.91153 36
    endloop
  endfacet
  facet normal -0.22698 -0.973899 -0
    outer loop
      vertex -5.90689 -2.92044 36
      vertex -5.94512 -2.91153 33
      vertex -5.90689 -2.92044 33
    endloop
  endfacet
  facet normal -0.29029 -0.956939 0
    outer loop
      vertex -5.90689 -2.92044 33
      vertex -5.86931 -2.93184 36
      vertex -5.90689 -2.92044 36
    endloop
  endfacet
  facet normal -0.29029 -0.956939 -0
    outer loop
      vertex -5.86931 -2.93184 36
      vertex -5.90689 -2.92044 33
      vertex -5.86931 -2.93184 33
    endloop
  endfacet
  facet normal -0.412767 -0.910837 0
    outer loop
      vertex -5.83257 -2.94567 33
      vertex -5.7968 -2.96188 36
      vertex -5.83257 -2.94567 36
    endloop
  endfacet
  facet normal -0.412767 -0.910837 -0
    outer loop
      vertex -5.7968 -2.96188 36
      vertex -5.83257 -2.94567 33
      vertex -5.7968 -2.96188 33
    endloop
  endfacet
  facet normal -0.471302 -0.881972 0
    outer loop
      vertex -5.7968 -2.96188 33
      vertex -5.76218 -2.98038 36
      vertex -5.7968 -2.96188 36
    endloop
  endfacet
  facet normal -0.471302 -0.881972 -0
    outer loop
      vertex -5.76218 -2.98038 36
      vertex -5.7968 -2.96188 33
      vertex -5.76218 -2.98038 33
    endloop
  endfacet
  facet normal -0.582418 -0.812889 0
    outer loop
      vertex -5.72884 -3.00112 33
      vertex -5.69692 -3.02399 36
      vertex -5.72884 -3.00112 36
    endloop
  endfacet
  facet normal -0.582418 -0.812889 -0
    outer loop
      vertex -5.69692 -3.02399 36
      vertex -5.72884 -3.00112 33
      vertex -5.69692 -3.02399 33
    endloop
  endfacet
  facet normal -0.773105 -0.634278 0
    outer loop
      vertex -5.58617 -3.13474 33
      vertex -5.61107 -3.10439 36
      vertex -5.61107 -3.10439 33
    endloop
  endfacet
  facet normal -0.773105 -0.634278 0
    outer loop
      vertex -5.61107 -3.10439 36
      vertex -5.58617 -3.13474 33
      vertex -5.58617 -3.13474 36
    endloop
  endfacet
  facet normal 0.162995 -0.986627 0
    outer loop
      vertex -6.17923 -2.91153 33
      vertex -6.14049 -2.90513 36
      vertex -6.17923 -2.91153 36
    endloop
  endfacet
  facet normal 0.162995 -0.986627 0
    outer loop
      vertex -6.14049 -2.90513 36
      vertex -6.17923 -2.91153 33
      vertex -6.14049 -2.90513 33
    endloop
  endfacet
  facet normal -0.162995 -0.986627 0
    outer loop
      vertex -5.98386 -2.90513 33
      vertex -5.94512 -2.91153 36
      vertex -5.98386 -2.90513 36
    endloop
  endfacet
  facet normal -0.162995 -0.986627 -0
    outer loop
      vertex -5.94512 -2.91153 36
      vertex -5.98386 -2.90513 33
      vertex -5.94512 -2.91153 33
    endloop
  endfacet
  facet normal 0.352212 -0.93592 0
    outer loop
      vertex -6.29179 -2.94567 33
      vertex -6.25504 -2.93184 36
      vertex -6.29179 -2.94567 36
    endloop
  endfacet
  facet normal 0.352212 -0.93592 0
    outer loop
      vertex -6.25504 -2.93184 36
      vertex -6.29179 -2.94567 33
      vertex -6.25504 -2.93184 33
    endloop
  endfacet
  facet normal 0.290361 -0.956917 0
    outer loop
      vertex -6.25504 -2.93184 33
      vertex -6.21747 -2.92044 36
      vertex -6.25504 -2.93184 36
    endloop
  endfacet
  facet normal 0.290361 -0.956917 0
    outer loop
      vertex -6.21747 -2.92044 36
      vertex -6.25504 -2.93184 33
      vertex -6.21747 -2.92044 33
    endloop
  endfacet
  facet normal 0.0326024 -0.999468 0
    outer loop
      vertex -6.10142 -2.90128 33
      vertex -6.06218 -2.9 36
      vertex -6.10142 -2.90128 36
    endloop
  endfacet
  facet normal 0.0326024 -0.999468 0
    outer loop
      vertex -6.06218 -2.9 36
      vertex -6.10142 -2.90128 33
      vertex -6.06218 -2.9 33
    endloop
  endfacet
  facet normal -0.0980413 -0.995182 0
    outer loop
      vertex -6.02294 -2.90128 33
      vertex -5.98386 -2.90513 36
      vertex -6.02294 -2.90128 36
    endloop
  endfacet
  facet normal -0.0980413 -0.995182 -0
    outer loop
      vertex -5.98386 -2.90513 36
      vertex -6.02294 -2.90128 33
      vertex -5.98386 -2.90513 33
    endloop
  endfacet
  facet normal -0.882326 0.470638 0
    outer loop
      vertex -2.96675 -6.33668 33
      vertex -2.96188 -6.32755 36
      vertex -2.96188 -6.32755 33
    endloop
  endfacet
  facet normal -0.882326 0.470638 0
    outer loop
      vertex -2.96188 -6.32755 36
      vertex -2.96675 -6.33668 33
      vertex -2.96675 -6.33668 36
    endloop
  endfacet
  facet normal -0.849112 -0.528212 0
    outer loop
      vertex -2.98038 -5.76218 33
      vertex -3.00112 -5.72884 36
      vertex -3.00112 -5.72884 33
    endloop
  endfacet
  facet normal -0.849112 -0.528212 0
    outer loop
      vertex -3.00112 -5.72884 36
      vertex -2.98038 -5.76218 33
      vertex -2.98038 -5.76218 36
    endloop
  endfacet
  facet normal -0.99518 0.0980661 0
    outer loop
      vertex -2.90513 -6.14049 33
      vertex -2.90128 -6.10142 36
      vertex -2.90128 -6.10142 33
    endloop
  endfacet
  facet normal -0.99518 0.0980661 0
    outer loop
      vertex -2.90128 -6.10142 36
      vertex -2.90513 -6.14049 33
      vertex -2.90513 -6.14049 36
    endloop
  endfacet
  facet normal -0.935889 -0.352296 0
    outer loop
      vertex -2.93184 -5.86931 33
      vertex -2.94567 -5.83257 36
      vertex -2.94567 -5.83257 33
    endloop
  endfacet
  facet normal -0.935889 -0.352296 0
    outer loop
      vertex -2.94567 -5.83257 36
      vertex -2.93184 -5.86931 33
      vertex -2.93184 -5.86931 36
    endloop
  endfacet
  facet normal -0.634278 -0.773105 0
    outer loop
      vertex -3.13474 -5.58617 33
      vertex -3.10439 -5.61107 36
      vertex -3.13474 -5.58617 36
    endloop
  endfacet
  facet normal -0.634278 -0.773105 -0
    outer loop
      vertex -3.10439 -5.61107 36
      vertex -3.13474 -5.58617 33
      vertex -3.10439 -5.61107 33
    endloop
  endfacet
  facet normal -0.995182 -0.0980413 0
    outer loop
      vertex -2.90128 -6.02294 33
      vertex -2.90513 -5.98386 36
      vertex -2.90513 -5.98386 33
    endloop
  endfacet
  facet normal -0.995182 -0.0980413 0
    outer loop
      vertex -2.90513 -5.98386 36
      vertex -2.90128 -6.02294 33
      vertex -2.90128 -6.02294 36
    endloop
  endfacet
  facet normal -0.999468 0.0326024 0
    outer loop
      vertex -2.90128 -6.10142 33
      vertex -2.9 -6.06218 36
      vertex -2.9 -6.06218 33
    endloop
  endfacet
  facet normal -0.999468 0.0326024 0
    outer loop
      vertex -2.9 -6.06218 36
      vertex -2.90128 -6.10142 33
      vertex -2.90128 -6.10142 36
    endloop
  endfacet
  facet normal -0.986627 -0.162995 0
    outer loop
      vertex -2.90513 -5.98386 33
      vertex -2.91153 -5.94512 36
      vertex -2.91153 -5.94512 33
    endloop
  endfacet
  facet normal -0.986627 -0.162995 0
    outer loop
      vertex -2.91153 -5.94512 36
      vertex -2.90513 -5.98386 33
      vertex -2.90513 -5.98386 36
    endloop
  endfacet
  facet normal 0.634278 -0.773105 0
    outer loop
      vertex -3.89561 -5.61107 33
      vertex -3.86526 -5.58617 36
      vertex -3.89561 -5.61107 36
    endloop
  endfacet
  facet normal 0.634278 -0.773105 0
    outer loop
      vertex -3.86526 -5.58617 36
      vertex -3.89561 -5.61107 33
      vertex -3.86526 -5.58617 33
    endloop
  endfacet
  facet normal -0.0980413 -0.995182 0
    outer loop
      vertex -3.46076 -5.46346 33
      vertex -3.42168 -5.46731 36
      vertex -3.46076 -5.46346 36
    endloop
  endfacet
  facet normal -0.0980413 -0.995182 -0
    outer loop
      vertex -3.42168 -5.46731 36
      vertex -3.46076 -5.46346 33
      vertex -3.42168 -5.46731 33
    endloop
  endfacet
  facet normal -0.471394 -0.881923 0
    outer loop
      vertex -3.23463 -5.52405 33
      vertex -3.2 -5.54256 36
      vertex -3.23463 -5.52405 36
    endloop
  endfacet
  facet normal -0.471394 -0.881923 -0
    outer loop
      vertex -3.2 -5.54256 36
      vertex -3.23463 -5.52405 33
      vertex -3.2 -5.54256 33
    endloop
  endfacet
  facet normal -0.77298 -0.63443 0
    outer loop
      vertex -3.02399 -5.69692 33
      vertex -3.0489 -5.66657 36
      vertex -3.0489 -5.66657 33
    endloop
  endfacet
  facet normal -0.77298 -0.63443 0
    outer loop
      vertex -3.0489 -5.66657 36
      vertex -3.02399 -5.69692 33
      vertex -3.02399 -5.69692 36
    endloop
  endfacet
  facet normal -0.729902 -0.683551 0
    outer loop
      vertex -3.0489 -5.66657 33
      vertex -3.07574 -5.63791 36
      vertex -3.07574 -5.63791 33
    endloop
  endfacet
  facet normal -0.729902 -0.683551 0
    outer loop
      vertex -3.07574 -5.63791 36
      vertex -3.0489 -5.66657 33
      vertex -3.0489 -5.66657 36
    endloop
  endfacet
  facet normal -0.582418 -0.812889 0
    outer loop
      vertex -3.16666 -5.5633 33
      vertex -3.13474 -5.58617 36
      vertex -3.16666 -5.5633 36
    endloop
  endfacet
  facet normal -0.582418 -0.812889 -0
    outer loop
      vertex -3.13474 -5.58617 36
      vertex -3.16666 -5.5633 33
      vertex -3.13474 -5.58617 33
    endloop
  endfacet
  facet normal -0.683678 -0.729783 0
    outer loop
      vertex -3.10439 -5.61107 33
      vertex -3.07574 -5.63791 36
      vertex -3.10439 -5.61107 36
    endloop
  endfacet
  facet normal -0.683678 -0.729783 -0
    outer loop
      vertex -3.07574 -5.63791 36
      vertex -3.10439 -5.61107 33
      vertex -3.07574 -5.63791 33
    endloop
  endfacet
  facet normal -0.956939 -0.29029 0
    outer loop
      vertex -2.92044 -5.90689 33
      vertex -2.93184 -5.86931 36
      vertex -2.93184 -5.86931 33
    endloop
  endfacet
  facet normal -0.956939 -0.29029 0
    outer loop
      vertex -2.93184 -5.86931 36
      vertex -2.92044 -5.90689 33
      vertex -2.92044 -5.90689 36
    endloop
  endfacet
  facet normal -0.999468 -0.0326024 0
    outer loop
      vertex -2.9 -6.06218 33
      vertex -2.90128 -6.02294 36
      vertex -2.90128 -6.02294 33
    endloop
  endfacet
  facet normal -0.999468 -0.0326024 0
    outer loop
      vertex -2.90128 -6.02294 36
      vertex -2.9 -6.06218 33
      vertex -2.9 -6.06218 36
    endloop
  endfacet
  facet normal -0.973913 0.226924 0
    outer loop
      vertex -2.92044 -6.21747 33
      vertex -2.91153 -6.17923 36
      vertex -2.91153 -6.17923 33
    endloop
  endfacet
  facet normal -0.973913 0.226924 0
    outer loop
      vertex -2.91153 -6.17923 36
      vertex -2.92044 -6.21747 33
      vertex -2.92044 -6.21747 36
    endloop
  endfacet
  facet normal -0.956917 0.290361 0
    outer loop
      vertex -2.93184 -6.25504 33
      vertex -2.92044 -6.21747 36
      vertex -2.92044 -6.21747 33
    endloop
  endfacet
  facet normal -0.956917 0.290361 0
    outer loop
      vertex -2.92044 -6.21747 36
      vertex -2.93184 -6.25504 33
      vertex -2.93184 -6.25504 36
    endloop
  endfacet
  facet normal -0.910793 0.412862 0
    outer loop
      vertex -2.96188 -6.32755 33
      vertex -2.94567 -6.29179 36
      vertex -2.94567 -6.29179 33
    endloop
  endfacet
  facet normal -0.910793 0.412862 0
    outer loop
      vertex -2.94567 -6.29179 36
      vertex -2.96188 -6.32755 33
      vertex -2.96188 -6.32755 36
    endloop
  endfacet
  facet normal -0.412651 -0.910889 0
    outer loop
      vertex -3.27039 -5.50785 33
      vertex -3.23463 -5.52405 36
      vertex -3.27039 -5.50785 36
    endloop
  endfacet
  facet normal -0.412651 -0.910889 -0
    outer loop
      vertex -3.23463 -5.52405 36
      vertex -3.27039 -5.50785 33
      vertex -3.23463 -5.52405 33
    endloop
  endfacet
  facet normal -0.881972 -0.471302 0
    outer loop
      vertex -2.96188 -5.7968 33
      vertex -2.98038 -5.76218 36
      vertex -2.98038 -5.76218 33
    endloop
  endfacet
  facet normal -0.881972 -0.471302 0
    outer loop
      vertex -2.98038 -5.76218 36
      vertex -2.96188 -5.7968 33
      vertex -2.96188 -5.7968 36
    endloop
  endfacet
  facet normal -0.910837 -0.412767 0
    outer loop
      vertex -2.94567 -5.83257 33
      vertex -2.96188 -5.7968 36
      vertex -2.96188 -5.7968 33
    endloop
  endfacet
  facet normal -0.910837 -0.412767 0
    outer loop
      vertex -2.96188 -5.7968 36
      vertex -2.94567 -5.83257 33
      vertex -2.94567 -5.83257 36
    endloop
  endfacet
  facet normal -0.812889 -0.582418 0
    outer loop
      vertex -3.00112 -5.72884 33
      vertex -3.02399 -5.69692 36
      vertex -3.02399 -5.69692 33
    endloop
  endfacet
  facet normal -0.812889 -0.582418 0
    outer loop
      vertex -3.02399 -5.69692 36
      vertex -3.00112 -5.72884 33
      vertex -3.00112 -5.72884 36
    endloop
  endfacet
  facet normal -0.528212 -0.849112 0
    outer loop
      vertex -3.2 -5.54256 33
      vertex -3.16666 -5.5633 36
      vertex -3.2 -5.54256 36
    endloop
  endfacet
  facet normal -0.528212 -0.849112 -0
    outer loop
      vertex -3.16666 -5.5633 36
      vertex -3.2 -5.54256 33
      vertex -3.16666 -5.5633 33
    endloop
  endfacet
  facet normal -0.973899 -0.22698 0
    outer loop
      vertex -2.91153 -5.94512 33
      vertex -2.92044 -5.90689 36
      vertex -2.92044 -5.90689 33
    endloop
  endfacet
  facet normal -0.973899 -0.22698 0
    outer loop
      vertex -2.92044 -5.90689 36
      vertex -2.91153 -5.94512 33
      vertex -2.91153 -5.94512 36
    endloop
  endfacet
  facet normal -0.986627 0.162995 0
    outer loop
      vertex -2.91153 -6.17923 33
      vertex -2.90513 -6.14049 36
      vertex -2.90513 -6.14049 33
    endloop
  endfacet
  facet normal -0.986627 0.162995 0
    outer loop
      vertex -2.90513 -6.14049 36
      vertex -2.91153 -6.17923 33
      vertex -2.91153 -6.17923 36
    endloop
  endfacet
  facet normal -0.93592 0.352212 0
    outer loop
      vertex -2.94567 -6.29179 33
      vertex -2.93184 -6.25504 36
      vertex -2.93184 -6.25504 33
    endloop
  endfacet
  facet normal -0.93592 0.352212 0
    outer loop
      vertex -2.93184 -6.25504 36
      vertex -2.94567 -6.29179 33
      vertex -2.94567 -6.29179 36
    endloop
  endfacet
  facet normal 0.729902 -0.683551 0
    outer loop
      vertex -3.9511 -5.66657 36
      vertex -3.92426 -5.63791 33
      vertex -3.92426 -5.63791 36
    endloop
  endfacet
  facet normal 0.729902 -0.683551 0
    outer loop
      vertex -3.92426 -5.63791 33
      vertex -3.9511 -5.66657 36
      vertex -3.9511 -5.66657 33
    endloop
  endfacet
  facet normal 0.412651 -0.910889 0
    outer loop
      vertex -3.76537 -5.52405 33
      vertex -3.72961 -5.50785 36
      vertex -3.76537 -5.52405 36
    endloop
  endfacet
  facet normal 0.412651 -0.910889 0
    outer loop
      vertex -3.72961 -5.50785 36
      vertex -3.76537 -5.52405 33
      vertex -3.72961 -5.50785 33
    endloop
  endfacet
  facet normal 0.471394 -0.881923 0
    outer loop
      vertex -3.8 -5.54256 33
      vertex -3.76537 -5.52405 36
      vertex -3.8 -5.54256 36
    endloop
  endfacet
  facet normal 0.471394 -0.881923 0
    outer loop
      vertex -3.76537 -5.52405 36
      vertex -3.8 -5.54256 33
      vertex -3.76537 -5.52405 33
    endloop
  endfacet
  facet normal 0.162995 -0.986627 0
    outer loop
      vertex -3.61705 -5.47371 33
      vertex -3.57831 -5.46731 36
      vertex -3.61705 -5.47371 36
    endloop
  endfacet
  facet normal 0.162995 -0.986627 0
    outer loop
      vertex -3.57831 -5.46731 36
      vertex -3.61705 -5.47371 33
      vertex -3.57831 -5.46731 33
    endloop
  endfacet
  facet normal 0.0980661 -0.99518 0
    outer loop
      vertex -3.57831 -5.46731 33
      vertex -3.53924 -5.46346 36
      vertex -3.57831 -5.46731 36
    endloop
  endfacet
  facet normal 0.0980661 -0.99518 0
    outer loop
      vertex -3.53924 -5.46346 36
      vertex -3.57831 -5.46731 33
      vertex -3.53924 -5.46346 33
    endloop
  endfacet
  facet normal -0.226924 -0.973913 0
    outer loop
      vertex -3.38295 -5.47371 33
      vertex -3.34471 -5.48262 36
      vertex -3.38295 -5.47371 36
    endloop
  endfacet
  facet normal -0.226924 -0.973913 -0
    outer loop
      vertex -3.34471 -5.48262 36
      vertex -3.38295 -5.47371 33
      vertex -3.34471 -5.48262 33
    endloop
  endfacet
  facet normal -0.290361 -0.956917 0
    outer loop
      vertex -3.34471 -5.48262 33
      vertex -3.30714 -5.49402 36
      vertex -3.34471 -5.48262 36
    endloop
  endfacet
  facet normal -0.290361 -0.956917 -0
    outer loop
      vertex -3.30714 -5.49402 36
      vertex -3.34471 -5.48262 33
      vertex -3.30714 -5.49402 33
    endloop
  endfacet
  facet normal -0.352212 -0.93592 0
    outer loop
      vertex -3.30714 -5.49402 33
      vertex -3.27039 -5.50785 36
      vertex -3.30714 -5.49402 36
    endloop
  endfacet
  facet normal -0.352212 -0.93592 -0
    outer loop
      vertex -3.27039 -5.50785 36
      vertex -3.30714 -5.49402 33
      vertex -3.27039 -5.50785 33
    endloop
  endfacet
  facet normal 0.848758 -0.528782 0
    outer loop
      vertex -4.00435 -5.73762 36
      vertex -3.99888 -5.72884 33
      vertex -3.99888 -5.72884 36
    endloop
  endfacet
  facet normal 0.848758 -0.528782 0
    outer loop
      vertex -3.99888 -5.72884 33
      vertex -4.00435 -5.73762 36
      vertex -4.00435 -5.73762 33
    endloop
  endfacet
  facet normal 0.77298 -0.63443 0
    outer loop
      vertex -3.97601 -5.69692 36
      vertex -3.9511 -5.66657 33
      vertex -3.9511 -5.66657 36
    endloop
  endfacet
  facet normal 0.77298 -0.63443 0
    outer loop
      vertex -3.9511 -5.66657 33
      vertex -3.97601 -5.69692 36
      vertex -3.97601 -5.69692 33
    endloop
  endfacet
  facet normal 0.683678 -0.729783 0
    outer loop
      vertex -3.92426 -5.63791 33
      vertex -3.89561 -5.61107 36
      vertex -3.92426 -5.63791 36
    endloop
  endfacet
  facet normal 0.683678 -0.729783 0
    outer loop
      vertex -3.89561 -5.61107 36
      vertex -3.92426 -5.63791 33
      vertex -3.89561 -5.61107 33
    endloop
  endfacet
  facet normal 0.528212 -0.849112 0
    outer loop
      vertex -3.83334 -5.5633 33
      vertex -3.8 -5.54256 36
      vertex -3.83334 -5.5633 36
    endloop
  endfacet
  facet normal 0.528212 -0.849112 0
    outer loop
      vertex -3.8 -5.54256 36
      vertex -3.83334 -5.5633 33
      vertex -3.8 -5.54256 33
    endloop
  endfacet
  facet normal 0.352212 -0.93592 0
    outer loop
      vertex -3.72961 -5.50785 33
      vertex -3.69286 -5.49402 36
      vertex -3.72961 -5.50785 36
    endloop
  endfacet
  facet normal 0.352212 -0.93592 0
    outer loop
      vertex -3.69286 -5.49402 36
      vertex -3.72961 -5.50785 33
      vertex -3.69286 -5.49402 33
    endloop
  endfacet
  facet normal 0.290361 -0.956917 0
    outer loop
      vertex -3.69286 -5.49402 33
      vertex -3.65529 -5.48262 36
      vertex -3.69286 -5.49402 36
    endloop
  endfacet
  facet normal 0.290361 -0.956917 0
    outer loop
      vertex -3.65529 -5.48262 36
      vertex -3.69286 -5.49402 33
      vertex -3.65529 -5.48262 33
    endloop
  endfacet
  facet normal 0.226924 -0.973913 0
    outer loop
      vertex -3.65529 -5.48262 33
      vertex -3.61705 -5.47371 36
      vertex -3.65529 -5.48262 36
    endloop
  endfacet
  facet normal 0.226924 -0.973913 0
    outer loop
      vertex -3.61705 -5.47371 36
      vertex -3.65529 -5.48262 33
      vertex -3.61705 -5.47371 33
    endloop
  endfacet
  facet normal 0.0326024 -0.999468 0
    outer loop
      vertex -3.53924 -5.46346 33
      vertex -3.5 -5.46218 36
      vertex -3.53924 -5.46346 36
    endloop
  endfacet
  facet normal 0.0326024 -0.999468 0
    outer loop
      vertex -3.5 -5.46218 36
      vertex -3.53924 -5.46346 33
      vertex -3.5 -5.46218 33
    endloop
  endfacet
  facet normal -0.0326024 -0.999468 0
    outer loop
      vertex -3.5 -5.46218 33
      vertex -3.46076 -5.46346 36
      vertex -3.5 -5.46218 36
    endloop
  endfacet
  facet normal -0.0326024 -0.999468 -0
    outer loop
      vertex -3.46076 -5.46346 36
      vertex -3.5 -5.46218 33
      vertex -3.46076 -5.46346 33
    endloop
  endfacet
  facet normal -0.163036 -0.98662 0
    outer loop
      vertex -3.42168 -5.46731 33
      vertex -3.38295 -5.47371 36
      vertex -3.42168 -5.46731 36
    endloop
  endfacet
  facet normal -0.163036 -0.98662 -0
    outer loop
      vertex -3.38295 -5.47371 36
      vertex -3.42168 -5.46731 33
      vertex -3.38295 -5.47371 33
    endloop
  endfacet
  facet normal 0.812889 -0.582418 0
    outer loop
      vertex -3.99888 -5.72884 36
      vertex -3.97601 -5.69692 33
      vertex -3.97601 -5.69692 36
    endloop
  endfacet
  facet normal 0.812889 -0.582418 0
    outer loop
      vertex -3.97601 -5.69692 33
      vertex -3.99888 -5.72884 36
      vertex -3.99888 -5.72884 33
    endloop
  endfacet
  facet normal 0.582418 -0.812889 0
    outer loop
      vertex -3.86526 -5.58617 33
      vertex -3.83334 -5.5633 36
      vertex -3.86526 -5.58617 36
    endloop
  endfacet
  facet normal 0.582418 -0.812889 0
    outer loop
      vertex -3.83334 -5.5633 36
      vertex -3.86526 -5.58617 33
      vertex -3.83334 -5.5633 33
    endloop
  endfacet
  facet normal -0.999466 -0.0326711 0
    outer loop
      vertex 0.599053 -6.9711 33
      vertex 0.598715 -6.96076 36
      vertex 0.598715 -6.96076 33
    endloop
  endfacet
  facet normal -0.999466 -0.0326711 0
    outer loop
      vertex 0.598715 -6.96076 36
      vertex 0.599053 -6.9711 33
      vertex 0.599053 -6.9711 36
    endloop
  endfacet
  facet normal -0.93592 -0.352212 0
    outer loop
      vertex 0.568157 -6.80714 33
      vertex 0.554327 -6.77039 36
      vertex 0.554327 -6.77039 33
    endloop
  endfacet
  facet normal -0.93592 -0.352212 0
    outer loop
      vertex 0.554327 -6.77039 36
      vertex 0.568157 -6.80714 33
      vertex 0.568157 -6.80714 36
    endloop
  endfacet
  facet normal -0.528178 -0.849134 0
    outer loop
      vertex 0.299999 -6.48038 33
      vertex 0.333342 -6.50112 36
      vertex 0.299999 -6.48038 36
    endloop
  endfacet
  facet normal -0.528178 -0.849134 -0
    outer loop
      vertex 0.333342 -6.50112 36
      vertex 0.299999 -6.48038 33
      vertex 0.333342 -6.50112 33
    endloop
  endfacet
  facet normal -0.58249 -0.812838 0
    outer loop
      vertex 0.333342 -6.50112 33
      vertex 0.365256 -6.52399 36
      vertex 0.333342 -6.50112 36
    endloop
  endfacet
  facet normal -0.58249 -0.812838 -0
    outer loop
      vertex 0.365256 -6.52399 36
      vertex 0.333342 -6.50112 33
      vertex 0.365256 -6.52399 33
    endloop
  endfacet
  facet normal -0.0980586 -0.995181 0
    outer loop
      vertex 0.0392418 -6.40128 33
      vertex 0.0783148 -6.40513 36
      vertex 0.0392418 -6.40128 36
    endloop
  endfacet
  facet normal -0.0980586 -0.995181 -0
    outer loop
      vertex 0.0783148 -6.40513 36
      vertex 0.0392418 -6.40128 33
      vertex 0.0783148 -6.40513 33
    endloop
  endfacet
  facet normal -0.773005 -0.634399 0
    outer loop
      vertex 0.476011 -6.63474 33
      vertex 0.451103 -6.60439 36
      vertex 0.451103 -6.60439 33
    endloop
  endfacet
  facet normal -0.773005 -0.634399 0
    outer loop
      vertex 0.451103 -6.60439 36
      vertex 0.476011 -6.63474 33
      vertex 0.476011 -6.63474 36
    endloop
  endfacet
  facet normal -0.226941 -0.973909 0
    outer loop
      vertex 0.117054 -6.41153 33
      vertex 0.155291 -6.42044 36
      vertex 0.117054 -6.41153 36
    endloop
  endfacet
  facet normal -0.226941 -0.973909 -0
    outer loop
      vertex 0.155291 -6.42044 36
      vertex 0.117054 -6.41153 33
      vertex 0.155291 -6.42044 33
    endloop
  endfacet
  facet normal -0.352245 -0.935908 0
    outer loop
      vertex 0.192863 -6.43184 33
      vertex 0.229609 -6.44567 36
      vertex 0.192863 -6.43184 36
    endloop
  endfacet
  facet normal -0.352245 -0.935908 -0
    outer loop
      vertex 0.229609 -6.44567 36
      vertex 0.192863 -6.43184 33
      vertex 0.229609 -6.44567 33
    endloop
  endfacet
  facet normal -0.849181 -0.528102 0
    outer loop
      vertex 0.519615 -6.7 33
      vertex 0.498881 -6.66666 36
      vertex 0.498881 -6.66666 33
    endloop
  endfacet
  facet normal -0.849181 -0.528102 0
    outer loop
      vertex 0.498881 -6.66666 36
      vertex 0.519615 -6.7 33
      vertex 0.519615 -6.7 36
    endloop
  endfacet
  facet normal -0.995187 -0.0979908 0
    outer loop
      vertex 0.598715 -6.96076 33
      vertex 0.594867 -6.92168 36
      vertex 0.594867 -6.92168 33
    endloop
  endfacet
  facet normal -0.995187 -0.0979908 0
    outer loop
      vertex 0.594867 -6.92168 36
      vertex 0.598715 -6.96076 33
      vertex 0.598715 -6.96076 36
    endloop
  endfacet
  facet normal -0.956931 -0.290314 0
    outer loop
      vertex 0.579555 -6.84471 33
      vertex 0.568157 -6.80714 36
      vertex 0.568157 -6.80714 33
    endloop
  endfacet
  facet normal -0.956931 -0.290314 0
    outer loop
      vertex 0.568157 -6.80714 36
      vertex 0.579555 -6.84471 33
      vertex 0.579555 -6.84471 36
    endloop
  endfacet
  facet normal -0.986632 -0.162961 0
    outer loop
      vertex 0.594867 -6.92168 33
      vertex 0.58847 -6.88295 36
      vertex 0.58847 -6.88295 33
    endloop
  endfacet
  facet normal -0.986632 -0.162961 0
    outer loop
      vertex 0.58847 -6.88295 36
      vertex 0.594867 -6.92168 33
      vertex 0.594867 -6.92168 36
    endloop
  endfacet
  facet normal 0.995187 -0.0979908 0
    outer loop
      vertex -0.598715 -6.96076 36
      vertex -0.594867 -6.92168 33
      vertex -0.594867 -6.92168 36
    endloop
  endfacet
  facet normal 0.995187 -0.0979908 0
    outer loop
      vertex -0.594867 -6.92168 33
      vertex -0.598715 -6.96076 36
      vertex -0.598715 -6.96076 33
    endloop
  endfacet
  facet normal 0.352245 -0.935908 0
    outer loop
      vertex -0.229609 -6.44567 33
      vertex -0.192863 -6.43184 36
      vertex -0.229609 -6.44567 36
    endloop
  endfacet
  facet normal 0.352245 -0.935908 0
    outer loop
      vertex -0.192863 -6.43184 36
      vertex -0.229609 -6.44567 33
      vertex -0.192863 -6.43184 33
    endloop
  endfacet
  facet normal -0.0326009 -0.999468 0
    outer loop
      vertex 0 -6.4 33
      vertex 0.0392418 -6.40128 36
      vertex 0 -6.4 36
    endloop
  endfacet
  facet normal -0.0326009 -0.999468 -0
    outer loop
      vertex 0.0392418 -6.40128 36
      vertex 0 -6.4 33
      vertex 0.0392418 -6.40128 33
    endloop
  endfacet
  facet normal -0.634417 -0.772991 0
    outer loop
      vertex 0.365256 -6.52399 33
      vertex 0.395607 -6.5489 36
      vertex 0.365256 -6.52399 36
    endloop
  endfacet
  facet normal -0.634417 -0.772991 -0
    outer loop
      vertex 0.395607 -6.5489 36
      vertex 0.365256 -6.52399 33
      vertex 0.395607 -6.5489 33
    endloop
  endfacet
  facet normal -0.412834 -0.910806 0
    outer loop
      vertex 0.229609 -6.44567 33
      vertex 0.265372 -6.46188 36
      vertex 0.229609 -6.44567 36
    endloop
  endfacet
  facet normal -0.412834 -0.910806 -0
    outer loop
      vertex 0.265372 -6.46188 36
      vertex 0.229609 -6.44567 33
      vertex 0.265372 -6.46188 33
    endloop
  endfacet
  facet normal -0.471228 -0.882011 0
    outer loop
      vertex 0.265372 -6.46188 33
      vertex 0.299999 -6.48038 36
      vertex 0.265372 -6.46188 36
    endloop
  endfacet
  facet normal -0.471228 -0.882011 -0
    outer loop
      vertex 0.299999 -6.48038 36
      vertex 0.265372 -6.46188 33
      vertex 0.299999 -6.48038 33
    endloop
  endfacet
  facet normal -0.162998 -0.986626 0
    outer loop
      vertex 0.0783148 -6.40513 33
      vertex 0.117054 -6.41153 36
      vertex 0.0783148 -6.40513 36
    endloop
  endfacet
  facet normal -0.162998 -0.986626 -0
    outer loop
      vertex 0.117054 -6.41153 36
      vertex 0.0783148 -6.40513 33
      vertex 0.117054 -6.41153 33
    endloop
  endfacet
  facet normal -0.290347 -0.956922 0
    outer loop
      vertex 0.155291 -6.42044 33
      vertex 0.192863 -6.43184 36
      vertex 0.155291 -6.42044 36
    endloop
  endfacet
  facet normal -0.290347 -0.956922 -0
    outer loop
      vertex 0.192863 -6.43184 36
      vertex 0.155291 -6.42044 33
      vertex 0.192863 -6.43184 33
    endloop
  endfacet
  facet normal -0.729796 -0.683665 0
    outer loop
      vertex 0.451103 -6.60439 33
      vertex 0.424264 -6.57574 36
      vertex 0.424264 -6.57574 33
    endloop
  endfacet
  facet normal -0.729796 -0.683665 0
    outer loop
      vertex 0.424264 -6.57574 36
      vertex 0.451103 -6.60439 33
      vertex 0.451103 -6.60439 36
    endloop
  endfacet
  facet normal -0.910851 -0.412736 0
    outer loop
      vertex 0.554327 -6.77039 33
      vertex 0.538123 -6.73463 36
      vertex 0.538123 -6.73463 33
    endloop
  endfacet
  facet normal -0.910851 -0.412736 0
    outer loop
      vertex 0.538123 -6.73463 36
      vertex 0.554327 -6.77039 33
      vertex 0.554327 -6.77039 36
    endloop
  endfacet
  facet normal -0.812889 -0.582418 0
    outer loop
      vertex 0.498881 -6.66666 33
      vertex 0.476011 -6.63474 36
      vertex 0.476011 -6.63474 33
    endloop
  endfacet
  facet normal -0.812889 -0.582418 0
    outer loop
      vertex 0.476011 -6.63474 36
      vertex 0.498881 -6.66666 33
      vertex 0.498881 -6.66666 36
    endloop
  endfacet
  facet normal -0.881944 -0.471355 0
    outer loop
      vertex 0.538123 -6.73463 33
      vertex 0.519615 -6.7 36
      vertex 0.519615 -6.7 33
    endloop
  endfacet
  facet normal -0.881944 -0.471355 0
    outer loop
      vertex 0.519615 -6.7 36
      vertex 0.538123 -6.73463 33
      vertex 0.538123 -6.73463 36
    endloop
  endfacet
  facet normal -0.973884 -0.227044 0
    outer loop
      vertex 0.58847 -6.88295 33
      vertex 0.579555 -6.84471 36
      vertex 0.579555 -6.84471 33
    endloop
  endfacet
  facet normal -0.973884 -0.227044 0
    outer loop
      vertex 0.579555 -6.84471 36
      vertex 0.58847 -6.88295 33
      vertex 0.58847 -6.88295 36
    endloop
  endfacet
  facet normal 0.93592 -0.352212 0
    outer loop
      vertex -0.568157 -6.80714 36
      vertex -0.554327 -6.77039 33
      vertex -0.554327 -6.77039 36
    endloop
  endfacet
  facet normal 0.93592 -0.352212 0
    outer loop
      vertex -0.554327 -6.77039 33
      vertex -0.568157 -6.80714 36
      vertex -0.568157 -6.80714 33
    endloop
  endfacet
  facet normal -0.683589 -0.729867 0
    outer loop
      vertex 0.395607 -6.5489 33
      vertex 0.424264 -6.57574 36
      vertex 0.395607 -6.5489 36
    endloop
  endfacet
  facet normal -0.683589 -0.729867 -0
    outer loop
      vertex 0.424264 -6.57574 36
      vertex 0.395607 -6.5489 33
      vertex 0.424264 -6.57574 33
    endloop
  endfacet
  facet normal 0.973884 -0.227044 0
    outer loop
      vertex -0.58847 -6.88295 36
      vertex -0.579555 -6.84471 33
      vertex -0.579555 -6.84471 36
    endloop
  endfacet
  facet normal 0.973884 -0.227044 0
    outer loop
      vertex -0.579555 -6.84471 33
      vertex -0.58847 -6.88295 36
      vertex -0.58847 -6.88295 33
    endloop
  endfacet
  facet normal 0.58249 -0.812838 0
    outer loop
      vertex -0.365256 -6.52399 33
      vertex -0.333342 -6.50112 36
      vertex -0.365256 -6.52399 36
    endloop
  endfacet
  facet normal 0.58249 -0.812838 0
    outer loop
      vertex -0.333342 -6.50112 36
      vertex -0.365256 -6.52399 33
      vertex -0.333342 -6.50112 33
    endloop
  endfacet
  facet normal 0.528178 -0.849134 0
    outer loop
      vertex -0.333342 -6.50112 33
      vertex -0.299999 -6.48038 36
      vertex -0.333342 -6.50112 36
    endloop
  endfacet
  facet normal 0.528178 -0.849134 0
    outer loop
      vertex -0.299999 -6.48038 36
      vertex -0.333342 -6.50112 33
      vertex -0.299999 -6.48038 33
    endloop
  endfacet
  facet normal 0.162998 -0.986626 0
    outer loop
      vertex -0.117054 -6.41153 33
      vertex -0.0783148 -6.40513 36
      vertex -0.117054 -6.41153 36
    endloop
  endfacet
  facet normal 0.162998 -0.986626 0
    outer loop
      vertex -0.0783148 -6.40513 36
      vertex -0.117054 -6.41153 33
      vertex -0.0783148 -6.40513 33
    endloop
  endfacet
  facet normal 0.999466 -0.0326711 0
    outer loop
      vertex -0.599053 -6.9711 36
      vertex -0.598715 -6.96076 33
      vertex -0.598715 -6.96076 36
    endloop
  endfacet
  facet normal 0.999466 -0.0326711 0
    outer loop
      vertex -0.598715 -6.96076 33
      vertex -0.599053 -6.9711 36
      vertex -0.599053 -6.9711 33
    endloop
  endfacet
  facet normal 0.986632 -0.162961 0
    outer loop
      vertex -0.594867 -6.92168 36
      vertex -0.58847 -6.88295 33
      vertex -0.58847 -6.88295 36
    endloop
  endfacet
  facet normal 0.986632 -0.162961 0
    outer loop
      vertex -0.58847 -6.88295 33
      vertex -0.594867 -6.92168 36
      vertex -0.594867 -6.92168 33
    endloop
  endfacet
  facet normal 0.773005 -0.634399 0
    outer loop
      vertex -0.476011 -6.63474 36
      vertex -0.451103 -6.60439 33
      vertex -0.451103 -6.60439 36
    endloop
  endfacet
  facet normal 0.773005 -0.634399 0
    outer loop
      vertex -0.451103 -6.60439 33
      vertex -0.476011 -6.63474 36
      vertex -0.476011 -6.63474 33
    endloop
  endfacet
  facet normal 0.683589 -0.729867 0
    outer loop
      vertex -0.424264 -6.57574 33
      vertex -0.395607 -6.5489 36
      vertex -0.424264 -6.57574 36
    endloop
  endfacet
  facet normal 0.683589 -0.729867 0
    outer loop
      vertex -0.395607 -6.5489 36
      vertex -0.424264 -6.57574 33
      vertex -0.395607 -6.5489 33
    endloop
  endfacet
  facet normal 0.634417 -0.772991 0
    outer loop
      vertex -0.395607 -6.5489 33
      vertex -0.365256 -6.52399 36
      vertex -0.395607 -6.5489 36
    endloop
  endfacet
  facet normal 0.634417 -0.772991 0
    outer loop
      vertex -0.365256 -6.52399 36
      vertex -0.395607 -6.5489 33
      vertex -0.365256 -6.52399 33
    endloop
  endfacet
  facet normal 0.471228 -0.882011 0
    outer loop
      vertex -0.299999 -6.48038 33
      vertex -0.265372 -6.46188 36
      vertex -0.299999 -6.48038 36
    endloop
  endfacet
  facet normal 0.471228 -0.882011 0
    outer loop
      vertex -0.265372 -6.46188 36
      vertex -0.299999 -6.48038 33
      vertex -0.265372 -6.46188 33
    endloop
  endfacet
  facet normal 0.412834 -0.910806 0
    outer loop
      vertex -0.265372 -6.46188 33
      vertex -0.229609 -6.44567 36
      vertex -0.265372 -6.46188 36
    endloop
  endfacet
  facet normal 0.412834 -0.910806 0
    outer loop
      vertex -0.229609 -6.44567 36
      vertex -0.265372 -6.46188 33
      vertex -0.229609 -6.44567 33
    endloop
  endfacet
  facet normal 0.290347 -0.956922 0
    outer loop
      vertex -0.192863 -6.43184 33
      vertex -0.155291 -6.42044 36
      vertex -0.192863 -6.43184 36
    endloop
  endfacet
  facet normal 0.290347 -0.956922 0
    outer loop
      vertex -0.155291 -6.42044 36
      vertex -0.192863 -6.43184 33
      vertex -0.155291 -6.42044 33
    endloop
  endfacet
  facet normal 0.226941 -0.973909 0
    outer loop
      vertex -0.155291 -6.42044 33
      vertex -0.117054 -6.41153 36
      vertex -0.155291 -6.42044 36
    endloop
  endfacet
  facet normal 0.226941 -0.973909 0
    outer loop
      vertex -0.117054 -6.41153 36
      vertex -0.155291 -6.42044 33
      vertex -0.117054 -6.41153 33
    endloop
  endfacet
  facet normal 0.0980586 -0.995181 0
    outer loop
      vertex -0.0783148 -6.40513 33
      vertex -0.0392418 -6.40128 36
      vertex -0.0783148 -6.40513 36
    endloop
  endfacet
  facet normal 0.0980586 -0.995181 0
    outer loop
      vertex -0.0392418 -6.40128 36
      vertex -0.0783148 -6.40513 33
      vertex -0.0392418 -6.40128 33
    endloop
  endfacet
  facet normal 0.0326009 -0.999468 0
    outer loop
      vertex -0.0392418 -6.40128 33
      vertex 0 -6.4 36
      vertex -0.0392418 -6.40128 36
    endloop
  endfacet
  facet normal 0.0326009 -0.999468 0
    outer loop
      vertex 0 -6.4 36
      vertex -0.0392418 -6.40128 33
      vertex 0 -6.4 33
    endloop
  endfacet
  facet normal 0.956931 -0.290314 0
    outer loop
      vertex -0.579555 -6.84471 36
      vertex -0.568157 -6.80714 33
      vertex -0.568157 -6.80714 36
    endloop
  endfacet
  facet normal 0.956931 -0.290314 0
    outer loop
      vertex -0.568157 -6.80714 33
      vertex -0.579555 -6.84471 36
      vertex -0.579555 -6.84471 33
    endloop
  endfacet
  facet normal 0.881944 -0.471355 0
    outer loop
      vertex -0.538123 -6.73463 36
      vertex -0.519615 -6.7 33
      vertex -0.519615 -6.7 36
    endloop
  endfacet
  facet normal 0.881944 -0.471355 0
    outer loop
      vertex -0.519615 -6.7 33
      vertex -0.538123 -6.73463 36
      vertex -0.538123 -6.73463 33
    endloop
  endfacet
  facet normal 0.729796 -0.683665 0
    outer loop
      vertex -0.451103 -6.60439 36
      vertex -0.424264 -6.57574 33
      vertex -0.424264 -6.57574 36
    endloop
  endfacet
  facet normal 0.729796 -0.683665 0
    outer loop
      vertex -0.424264 -6.57574 33
      vertex -0.451103 -6.60439 36
      vertex -0.451103 -6.60439 33
    endloop
  endfacet
  facet normal 0.812889 -0.582418 0
    outer loop
      vertex -0.498881 -6.66666 36
      vertex -0.476011 -6.63474 33
      vertex -0.476011 -6.63474 36
    endloop
  endfacet
  facet normal 0.812889 -0.582418 0
    outer loop
      vertex -0.476011 -6.63474 33
      vertex -0.498881 -6.66666 36
      vertex -0.498881 -6.66666 33
    endloop
  endfacet
  facet normal 0.910851 -0.412736 0
    outer loop
      vertex -0.554327 -6.77039 36
      vertex -0.538123 -6.73463 33
      vertex -0.538123 -6.73463 36
    endloop
  endfacet
  facet normal 0.910851 -0.412736 0
    outer loop
      vertex -0.538123 -6.73463 33
      vertex -0.554327 -6.77039 36
      vertex -0.554327 -6.77039 33
    endloop
  endfacet
  facet normal 0.849181 -0.528102 0
    outer loop
      vertex -0.519615 -6.7 36
      vertex -0.498881 -6.66666 33
      vertex -0.498881 -6.66666 36
    endloop
  endfacet
  facet normal 0.849181 -0.528102 0
    outer loop
      vertex -0.498881 -6.66666 33
      vertex -0.519615 -6.7 36
      vertex -0.519615 -6.7 33
    endloop
  endfacet
  facet normal -0.848758 -0.528782 0
    outer loop
      vertex 4.00435 -5.73762 33
      vertex 3.99888 -5.72884 36
      vertex 3.99888 -5.72884 33
    endloop
  endfacet
  facet normal -0.848758 -0.528782 0
    outer loop
      vertex 3.99888 -5.72884 36
      vertex 4.00435 -5.73762 33
      vertex 4.00435 -5.73762 36
    endloop
  endfacet
  facet normal 0.0326024 -0.999468 0
    outer loop
      vertex 3.46076 -5.46346 33
      vertex 3.5 -5.46218 36
      vertex 3.46076 -5.46346 36
    endloop
  endfacet
  facet normal 0.0326024 -0.999468 0
    outer loop
      vertex 3.5 -5.46218 36
      vertex 3.46076 -5.46346 33
      vertex 3.5 -5.46218 33
    endloop
  endfacet
  facet normal -0.0326024 -0.999468 0
    outer loop
      vertex 3.5 -5.46218 33
      vertex 3.53924 -5.46346 36
      vertex 3.5 -5.46218 36
    endloop
  endfacet
  facet normal -0.0326024 -0.999468 -0
    outer loop
      vertex 3.53924 -5.46346 36
      vertex 3.5 -5.46218 33
      vertex 3.53924 -5.46346 33
    endloop
  endfacet
  facet normal 0.471394 -0.881923 0
    outer loop
      vertex 3.2 -5.54256 33
      vertex 3.23463 -5.52405 36
      vertex 3.2 -5.54256 36
    endloop
  endfacet
  facet normal 0.471394 -0.881923 0
    outer loop
      vertex 3.23463 -5.52405 36
      vertex 3.2 -5.54256 33
      vertex 3.23463 -5.52405 33
    endloop
  endfacet
  facet normal -0.290361 -0.956917 0
    outer loop
      vertex 3.65529 -5.48262 33
      vertex 3.69286 -5.49402 36
      vertex 3.65529 -5.48262 36
    endloop
  endfacet
  facet normal -0.290361 -0.956917 -0
    outer loop
      vertex 3.69286 -5.49402 36
      vertex 3.65529 -5.48262 33
      vertex 3.69286 -5.49402 33
    endloop
  endfacet
  facet normal -0.634278 -0.773105 0
    outer loop
      vertex 3.86526 -5.58617 33
      vertex 3.89561 -5.61107 36
      vertex 3.86526 -5.58617 36
    endloop
  endfacet
  facet normal -0.634278 -0.773105 -0
    outer loop
      vertex 3.89561 -5.61107 36
      vertex 3.86526 -5.58617 33
      vertex 3.89561 -5.61107 33
    endloop
  endfacet
  facet normal 0.352212 -0.93592 0
    outer loop
      vertex 3.27039 -5.50785 33
      vertex 3.30714 -5.49402 36
      vertex 3.27039 -5.50785 36
    endloop
  endfacet
  facet normal 0.352212 -0.93592 0
    outer loop
      vertex 3.30714 -5.49402 36
      vertex 3.27039 -5.50785 33
      vertex 3.30714 -5.49402 33
    endloop
  endfacet
  facet normal -0.412651 -0.910889 0
    outer loop
      vertex 3.72961 -5.50785 33
      vertex 3.76537 -5.52405 36
      vertex 3.72961 -5.50785 36
    endloop
  endfacet
  facet normal -0.412651 -0.910889 -0
    outer loop
      vertex 3.76537 -5.52405 36
      vertex 3.72961 -5.50785 33
      vertex 3.76537 -5.52405 33
    endloop
  endfacet
  facet normal -0.77298 -0.63443 0
    outer loop
      vertex 3.97601 -5.69692 33
      vertex 3.9511 -5.66657 36
      vertex 3.9511 -5.66657 33
    endloop
  endfacet
  facet normal -0.77298 -0.63443 0
    outer loop
      vertex 3.9511 -5.66657 36
      vertex 3.97601 -5.69692 33
      vertex 3.97601 -5.69692 36
    endloop
  endfacet
  facet normal -0.683678 -0.729783 0
    outer loop
      vertex 3.89561 -5.61107 33
      vertex 3.92426 -5.63791 36
      vertex 3.89561 -5.61107 36
    endloop
  endfacet
  facet normal -0.683678 -0.729783 -0
    outer loop
      vertex 3.92426 -5.63791 36
      vertex 3.89561 -5.61107 33
      vertex 3.92426 -5.63791 33
    endloop
  endfacet
  facet normal -0.729902 -0.683551 0
    outer loop
      vertex 3.9511 -5.66657 33
      vertex 3.92426 -5.63791 36
      vertex 3.92426 -5.63791 33
    endloop
  endfacet
  facet normal -0.729902 -0.683551 0
    outer loop
      vertex 3.92426 -5.63791 36
      vertex 3.9511 -5.66657 33
      vertex 3.9511 -5.66657 36
    endloop
  endfacet
  facet normal 0.812889 -0.582418 0
    outer loop
      vertex 3.00112 -5.72884 36
      vertex 3.02399 -5.69692 33
      vertex 3.02399 -5.69692 36
    endloop
  endfacet
  facet normal 0.812889 -0.582418 0
    outer loop
      vertex 3.02399 -5.69692 33
      vertex 3.00112 -5.72884 36
      vertex 3.00112 -5.72884 33
    endloop
  endfacet
  facet normal 0.528212 -0.849112 0
    outer loop
      vertex 3.16666 -5.5633 33
      vertex 3.2 -5.54256 36
      vertex 3.16666 -5.5633 36
    endloop
  endfacet
  facet normal 0.528212 -0.849112 0
    outer loop
      vertex 3.2 -5.54256 36
      vertex 3.16666 -5.5633 33
      vertex 3.2 -5.54256 33
    endloop
  endfacet
  facet normal -0.162995 -0.986627 0
    outer loop
      vertex 3.57831 -5.46731 33
      vertex 3.61705 -5.47371 36
      vertex 3.57831 -5.46731 36
    endloop
  endfacet
  facet normal -0.162995 -0.986627 -0
    outer loop
      vertex 3.61705 -5.47371 36
      vertex 3.57831 -5.46731 33
      vertex 3.61705 -5.47371 33
    endloop
  endfacet
  facet normal -0.0980661 -0.99518 0
    outer loop
      vertex 3.53924 -5.46346 33
      vertex 3.57831 -5.46731 36
      vertex 3.53924 -5.46346 36
    endloop
  endfacet
  facet normal -0.0980661 -0.99518 -0
    outer loop
      vertex 3.57831 -5.46731 36
      vertex 3.53924 -5.46346 33
      vertex 3.57831 -5.46731 33
    endloop
  endfacet
  facet normal 0.163036 -0.98662 0
    outer loop
      vertex 3.38295 -5.47371 33
      vertex 3.42168 -5.46731 36
      vertex 3.38295 -5.47371 36
    endloop
  endfacet
  facet normal 0.163036 -0.98662 0
    outer loop
      vertex 3.42168 -5.46731 36
      vertex 3.38295 -5.47371 33
      vertex 3.42168 -5.46731 33
    endloop
  endfacet
  facet normal 0.226924 -0.973913 0
    outer loop
      vertex 3.34471 -5.48262 33
      vertex 3.38295 -5.47371 36
      vertex 3.34471 -5.48262 36
    endloop
  endfacet
  facet normal 0.226924 -0.973913 0
    outer loop
      vertex 3.38295 -5.47371 36
      vertex 3.34471 -5.48262 33
      vertex 3.38295 -5.47371 33
    endloop
  endfacet
  facet normal 0.412651 -0.910889 0
    outer loop
      vertex 3.23463 -5.52405 33
      vertex 3.27039 -5.50785 36
      vertex 3.23463 -5.52405 36
    endloop
  endfacet
  facet normal 0.412651 -0.910889 0
    outer loop
      vertex 3.27039 -5.50785 36
      vertex 3.23463 -5.52405 33
      vertex 3.27039 -5.50785 33
    endloop
  endfacet
  facet normal 0.290361 -0.956917 0
    outer loop
      vertex 3.30714 -5.49402 33
      vertex 3.34471 -5.48262 36
      vertex 3.30714 -5.49402 36
    endloop
  endfacet
  facet normal 0.290361 -0.956917 0
    outer loop
      vertex 3.34471 -5.48262 36
      vertex 3.30714 -5.49402 33
      vertex 3.34471 -5.48262 33
    endloop
  endfacet
  facet normal -0.226924 -0.973913 0
    outer loop
      vertex 3.61705 -5.47371 33
      vertex 3.65529 -5.48262 36
      vertex 3.61705 -5.47371 36
    endloop
  endfacet
  facet normal -0.226924 -0.973913 -0
    outer loop
      vertex 3.65529 -5.48262 36
      vertex 3.61705 -5.47371 33
      vertex 3.65529 -5.48262 33
    endloop
  endfacet
  facet normal -0.352212 -0.93592 0
    outer loop
      vertex 3.69286 -5.49402 33
      vertex 3.72961 -5.50785 36
      vertex 3.69286 -5.49402 36
    endloop
  endfacet
  facet normal -0.352212 -0.93592 -0
    outer loop
      vertex 3.72961 -5.50785 36
      vertex 3.69286 -5.49402 33
      vertex 3.72961 -5.50785 33
    endloop
  endfacet
  facet normal -0.471394 -0.881923 0
    outer loop
      vertex 3.76537 -5.52405 33
      vertex 3.8 -5.54256 36
      vertex 3.76537 -5.52405 36
    endloop
  endfacet
  facet normal -0.471394 -0.881923 -0
    outer loop
      vertex 3.8 -5.54256 36
      vertex 3.76537 -5.52405 33
      vertex 3.8 -5.54256 33
    endloop
  endfacet
  facet normal -0.582418 -0.812889 0
    outer loop
      vertex 3.83334 -5.5633 33
      vertex 3.86526 -5.58617 36
      vertex 3.83334 -5.5633 36
    endloop
  endfacet
  facet normal -0.582418 -0.812889 -0
    outer loop
      vertex 3.86526 -5.58617 36
      vertex 3.83334 -5.5633 33
      vertex 3.86526 -5.58617 33
    endloop
  endfacet
  facet normal -0.812889 -0.582418 0
    outer loop
      vertex 3.99888 -5.72884 33
      vertex 3.97601 -5.69692 36
      vertex 3.97601 -5.69692 33
    endloop
  endfacet
  facet normal -0.812889 -0.582418 0
    outer loop
      vertex 3.97601 -5.69692 36
      vertex 3.99888 -5.72884 33
      vertex 3.99888 -5.72884 36
    endloop
  endfacet
  facet normal 0.986627 0.162995 0
    outer loop
      vertex 2.91153 -6.17923 36
      vertex 2.90513 -6.14049 33
      vertex 2.90513 -6.14049 36
    endloop
  endfacet
  facet normal 0.986627 0.162995 0
    outer loop
      vertex 2.90513 -6.14049 33
      vertex 2.91153 -6.17923 36
      vertex 2.91153 -6.17923 33
    endloop
  endfacet
  facet normal 0.683678 -0.729783 0
    outer loop
      vertex 3.07574 -5.63791 33
      vertex 3.10439 -5.61107 36
      vertex 3.07574 -5.63791 36
    endloop
  endfacet
  facet normal 0.683678 -0.729783 0
    outer loop
      vertex 3.10439 -5.61107 36
      vertex 3.07574 -5.63791 33
      vertex 3.10439 -5.61107 33
    endloop
  endfacet
  facet normal 0.0980413 -0.995182 0
    outer loop
      vertex 3.42168 -5.46731 33
      vertex 3.46076 -5.46346 36
      vertex 3.42168 -5.46731 36
    endloop
  endfacet
  facet normal 0.0980413 -0.995182 0
    outer loop
      vertex 3.46076 -5.46346 36
      vertex 3.42168 -5.46731 33
      vertex 3.46076 -5.46346 33
    endloop
  endfacet
  facet normal -0.528212 -0.849112 0
    outer loop
      vertex 3.8 -5.54256 33
      vertex 3.83334 -5.5633 36
      vertex 3.8 -5.54256 36
    endloop
  endfacet
  facet normal -0.528212 -0.849112 -0
    outer loop
      vertex 3.83334 -5.5633 36
      vertex 3.8 -5.54256 33
      vertex 3.83334 -5.5633 33
    endloop
  endfacet
  facet normal 0.973913 0.226924 0
    outer loop
      vertex 2.92044 -6.21747 36
      vertex 2.91153 -6.17923 33
      vertex 2.91153 -6.17923 36
    endloop
  endfacet
  facet normal 0.973913 0.226924 0
    outer loop
      vertex 2.91153 -6.17923 33
      vertex 2.92044 -6.21747 36
      vertex 2.92044 -6.21747 33
    endloop
  endfacet
  facet normal 0.935889 -0.352296 0
    outer loop
      vertex 2.93184 -5.86931 36
      vertex 2.94567 -5.83257 33
      vertex 2.94567 -5.83257 36
    endloop
  endfacet
  facet normal 0.935889 -0.352296 0
    outer loop
      vertex 2.94567 -5.83257 33
      vertex 2.93184 -5.86931 36
      vertex 2.93184 -5.86931 33
    endloop
  endfacet
  facet normal 0.849112 -0.528212 0
    outer loop
      vertex 2.98038 -5.76218 36
      vertex 3.00112 -5.72884 33
      vertex 3.00112 -5.72884 36
    endloop
  endfacet
  facet normal 0.849112 -0.528212 0
    outer loop
      vertex 3.00112 -5.72884 33
      vertex 2.98038 -5.76218 36
      vertex 2.98038 -5.76218 33
    endloop
  endfacet
  facet normal 0.910837 -0.412767 0
    outer loop
      vertex 2.94567 -5.83257 36
      vertex 2.96188 -5.7968 33
      vertex 2.96188 -5.7968 36
    endloop
  endfacet
  facet normal 0.910837 -0.412767 0
    outer loop
      vertex 2.96188 -5.7968 33
      vertex 2.94567 -5.83257 36
      vertex 2.94567 -5.83257 33
    endloop
  endfacet
  facet normal 0.729902 -0.683551 0
    outer loop
      vertex 3.0489 -5.66657 36
      vertex 3.07574 -5.63791 33
      vertex 3.07574 -5.63791 36
    endloop
  endfacet
  facet normal 0.729902 -0.683551 0
    outer loop
      vertex 3.07574 -5.63791 33
      vertex 3.0489 -5.66657 36
      vertex 3.0489 -5.66657 33
    endloop
  endfacet
  facet normal 0.882326 0.470638 0
    outer loop
      vertex 2.96675 -6.33668 36
      vertex 2.96188 -6.32755 33
      vertex 2.96188 -6.32755 36
    endloop
  endfacet
  facet normal 0.882326 0.470638 0
    outer loop
      vertex 2.96188 -6.32755 33
      vertex 2.96675 -6.33668 36
      vertex 2.96675 -6.33668 33
    endloop
  endfacet
  facet normal 0.910793 0.412862 0
    outer loop
      vertex 2.96188 -6.32755 36
      vertex 2.94567 -6.29179 33
      vertex 2.94567 -6.29179 36
    endloop
  endfacet
  facet normal 0.910793 0.412862 0
    outer loop
      vertex 2.94567 -6.29179 33
      vertex 2.96188 -6.32755 36
      vertex 2.96188 -6.32755 33
    endloop
  endfacet
  facet normal 0.986627 -0.162995 0
    outer loop
      vertex 2.90513 -5.98386 36
      vertex 2.91153 -5.94512 33
      vertex 2.91153 -5.94512 36
    endloop
  endfacet
  facet normal 0.986627 -0.162995 0
    outer loop
      vertex 2.91153 -5.94512 33
      vertex 2.90513 -5.98386 36
      vertex 2.90513 -5.98386 33
    endloop
  endfacet
  facet normal 0.973899 -0.22698 0
    outer loop
      vertex 2.91153 -5.94512 36
      vertex 2.92044 -5.90689 33
      vertex 2.92044 -5.90689 36
    endloop
  endfacet
  facet normal 0.973899 -0.22698 0
    outer loop
      vertex 2.92044 -5.90689 33
      vertex 2.91153 -5.94512 36
      vertex 2.91153 -5.94512 33
    endloop
  endfacet
  facet normal 0.956939 -0.29029 0
    outer loop
      vertex 2.92044 -5.90689 36
      vertex 2.93184 -5.86931 33
      vertex 2.93184 -5.86931 36
    endloop
  endfacet
  facet normal 0.956939 -0.29029 0
    outer loop
      vertex 2.93184 -5.86931 33
      vertex 2.92044 -5.90689 36
      vertex 2.92044 -5.90689 33
    endloop
  endfacet
  facet normal 0.881972 -0.471302 0
    outer loop
      vertex 2.96188 -5.7968 36
      vertex 2.98038 -5.76218 33
      vertex 2.98038 -5.76218 36
    endloop
  endfacet
  facet normal 0.881972 -0.471302 0
    outer loop
      vertex 2.98038 -5.76218 33
      vertex 2.96188 -5.7968 36
      vertex 2.96188 -5.7968 33
    endloop
  endfacet
  facet normal 0.77298 -0.63443 0
    outer loop
      vertex 3.02399 -5.69692 36
      vertex 3.0489 -5.66657 33
      vertex 3.0489 -5.66657 36
    endloop
  endfacet
  facet normal 0.77298 -0.63443 0
    outer loop
      vertex 3.0489 -5.66657 33
      vertex 3.02399 -5.69692 36
      vertex 3.02399 -5.69692 33
    endloop
  endfacet
  facet normal 0.634278 -0.773105 0
    outer loop
      vertex 3.10439 -5.61107 33
      vertex 3.13474 -5.58617 36
      vertex 3.10439 -5.61107 36
    endloop
  endfacet
  facet normal 0.634278 -0.773105 0
    outer loop
      vertex 3.13474 -5.58617 36
      vertex 3.10439 -5.61107 33
      vertex 3.13474 -5.58617 33
    endloop
  endfacet
  facet normal 0.582418 -0.812889 0
    outer loop
      vertex 3.13474 -5.58617 33
      vertex 3.16666 -5.5633 36
      vertex 3.13474 -5.58617 36
    endloop
  endfacet
  facet normal 0.582418 -0.812889 0
    outer loop
      vertex 3.16666 -5.5633 36
      vertex 3.13474 -5.58617 33
      vertex 3.16666 -5.5633 33
    endloop
  endfacet
  facet normal 0.956917 0.290361 0
    outer loop
      vertex 2.93184 -6.25504 36
      vertex 2.92044 -6.21747 33
      vertex 2.92044 -6.21747 36
    endloop
  endfacet
  facet normal 0.956917 0.290361 0
    outer loop
      vertex 2.92044 -6.21747 33
      vertex 2.93184 -6.25504 36
      vertex 2.93184 -6.25504 33
    endloop
  endfacet
  facet normal 0.93592 0.352212 0
    outer loop
      vertex 2.94567 -6.29179 36
      vertex 2.93184 -6.25504 33
      vertex 2.93184 -6.25504 36
    endloop
  endfacet
  facet normal 0.93592 0.352212 0
    outer loop
      vertex 2.93184 -6.25504 33
      vertex 2.94567 -6.29179 36
      vertex 2.94567 -6.29179 33
    endloop
  endfacet
  facet normal 0.999468 -0.0326024 0
    outer loop
      vertex 2.9 -6.06218 36
      vertex 2.90128 -6.02294 33
      vertex 2.90128 -6.02294 36
    endloop
  endfacet
  facet normal 0.999468 -0.0326024 0
    outer loop
      vertex 2.90128 -6.02294 33
      vertex 2.9 -6.06218 36
      vertex 2.9 -6.06218 33
    endloop
  endfacet
  facet normal 0.999468 0.0326024 0
    outer loop
      vertex 2.90128 -6.10142 36
      vertex 2.9 -6.06218 33
      vertex 2.9 -6.06218 36
    endloop
  endfacet
  facet normal 0.999468 0.0326024 0
    outer loop
      vertex 2.9 -6.06218 33
      vertex 2.90128 -6.10142 36
      vertex 2.90128 -6.10142 33
    endloop
  endfacet
  facet normal 0.995182 -0.0980413 0
    outer loop
      vertex 2.90128 -6.02294 36
      vertex 2.90513 -5.98386 33
      vertex 2.90513 -5.98386 36
    endloop
  endfacet
  facet normal 0.995182 -0.0980413 0
    outer loop
      vertex 2.90513 -5.98386 33
      vertex 2.90128 -6.02294 36
      vertex 2.90128 -6.02294 33
    endloop
  endfacet
  facet normal 0.99518 0.0980661 0
    outer loop
      vertex 2.90513 -6.14049 36
      vertex 2.90128 -6.10142 33
      vertex 2.90128 -6.10142 36
    endloop
  endfacet
  facet normal 0.99518 0.0980661 0
    outer loop
      vertex 2.90128 -6.10142 33
      vertex 2.90513 -6.14049 36
      vertex 2.90513 -6.14049 33
    endloop
  endfacet
  facet normal 0.881923 -0.471394 0
    outer loop
      vertex 5.52405 -3.23463 36
      vertex 5.54256 -3.2 33
      vertex 5.54256 -3.2 36
    endloop
  endfacet
  facet normal 0.881923 -0.471394 0
    outer loop
      vertex 5.54256 -3.2 33
      vertex 5.52405 -3.23463 36
      vertex 5.52405 -3.23463 33
    endloop
  endfacet
  facet normal -0.470638 -0.882326 0
    outer loop
      vertex 6.32755 -2.96188 33
      vertex 6.33668 -2.96675 36
      vertex 6.32755 -2.96188 36
    endloop
  endfacet
  facet normal -0.470638 -0.882326 -0
    outer loop
      vertex 6.33668 -2.96675 36
      vertex 6.32755 -2.96188 33
      vertex 6.33668 -2.96675 33
    endloop
  endfacet
  facet normal 0.29029 -0.956939 0
    outer loop
      vertex 5.86931 -2.93184 33
      vertex 5.90689 -2.92044 36
      vertex 5.86931 -2.93184 36
    endloop
  endfacet
  facet normal 0.29029 -0.956939 0
    outer loop
      vertex 5.90689 -2.92044 36
      vertex 5.86931 -2.93184 33
      vertex 5.90689 -2.92044 33
    endloop
  endfacet
  facet normal -0.0980661 -0.99518 0
    outer loop
      vertex 6.10142 -2.90128 33
      vertex 6.14049 -2.90513 36
      vertex 6.10142 -2.90128 36
    endloop
  endfacet
  facet normal -0.0980661 -0.99518 -0
    outer loop
      vertex 6.14049 -2.90513 36
      vertex 6.10142 -2.90128 33
      vertex 6.14049 -2.90513 33
    endloop
  endfacet
  facet normal 0.528212 -0.849112 0
    outer loop
      vertex 5.72884 -3.00112 33
      vertex 5.76218 -2.98038 36
      vertex 5.72884 -3.00112 36
    endloop
  endfacet
  facet normal 0.528212 -0.849112 0
    outer loop
      vertex 5.76218 -2.98038 36
      vertex 5.72884 -3.00112 33
      vertex 5.76218 -2.98038 33
    endloop
  endfacet
  facet normal 0.412767 -0.910837 0
    outer loop
      vertex 5.7968 -2.96188 33
      vertex 5.83257 -2.94567 36
      vertex 5.7968 -2.96188 36
    endloop
  endfacet
  facet normal 0.412767 -0.910837 0
    outer loop
      vertex 5.83257 -2.94567 36
      vertex 5.7968 -2.96188 33
      vertex 5.83257 -2.94567 33
    endloop
  endfacet
  facet normal -0.290361 -0.956917 0
    outer loop
      vertex 6.21747 -2.92044 33
      vertex 6.25504 -2.93184 36
      vertex 6.21747 -2.92044 36
    endloop
  endfacet
  facet normal -0.290361 -0.956917 -0
    outer loop
      vertex 6.25504 -2.93184 36
      vertex 6.21747 -2.92044 33
      vertex 6.25504 -2.93184 33
    endloop
  endfacet
  facet normal 0.773105 -0.634278 0
    outer loop
      vertex 5.58617 -3.13474 36
      vertex 5.61107 -3.10439 33
      vertex 5.61107 -3.10439 36
    endloop
  endfacet
  facet normal 0.773105 -0.634278 0
    outer loop
      vertex 5.61107 -3.10439 33
      vertex 5.58617 -3.13474 36
      vertex 5.58617 -3.13474 33
    endloop
  endfacet
  facet normal 0.352296 -0.935889 0
    outer loop
      vertex 5.83257 -2.94567 33
      vertex 5.86931 -2.93184 36
      vertex 5.83257 -2.94567 36
    endloop
  endfacet
  facet normal 0.352296 -0.935889 0
    outer loop
      vertex 5.86931 -2.93184 36
      vertex 5.83257 -2.94567 33
      vertex 5.86931 -2.93184 33
    endloop
  endfacet
  facet normal 0.729783 -0.683678 0
    outer loop
      vertex 5.61107 -3.10439 36
      vertex 5.63791 -3.07574 33
      vertex 5.63791 -3.07574 36
    endloop
  endfacet
  facet normal 0.729783 -0.683678 0
    outer loop
      vertex 5.63791 -3.07574 33
      vertex 5.61107 -3.10439 36
      vertex 5.61107 -3.10439 33
    endloop
  endfacet
  facet normal 0.812889 -0.582418 0
    outer loop
      vertex 5.5633 -3.16666 36
      vertex 5.58617 -3.13474 33
      vertex 5.58617 -3.13474 36
    endloop
  endfacet
  facet normal 0.812889 -0.582418 0
    outer loop
      vertex 5.58617 -3.13474 33
      vertex 5.5633 -3.16666 36
      vertex 5.5633 -3.16666 33
    endloop
  endfacet
  facet normal 0.0326024 -0.999468 0
    outer loop
      vertex 6.02294 -2.90128 33
      vertex 6.06218 -2.9 36
      vertex 6.02294 -2.90128 36
    endloop
  endfacet
  facet normal 0.0326024 -0.999468 0
    outer loop
      vertex 6.06218 -2.9 36
      vertex 6.02294 -2.90128 33
      vertex 6.06218 -2.9 33
    endloop
  endfacet
  facet normal 0.162995 -0.986627 0
    outer loop
      vertex 5.94512 -2.91153 33
      vertex 5.98386 -2.90513 36
      vertex 5.94512 -2.91153 36
    endloop
  endfacet
  facet normal 0.162995 -0.986627 0
    outer loop
      vertex 5.98386 -2.90513 36
      vertex 5.94512 -2.91153 33
      vertex 5.98386 -2.90513 33
    endloop
  endfacet
  facet normal -0.162995 -0.986627 0
    outer loop
      vertex 6.14049 -2.90513 33
      vertex 6.17923 -2.91153 36
      vertex 6.14049 -2.90513 36
    endloop
  endfacet
  facet normal -0.162995 -0.986627 -0
    outer loop
      vertex 6.17923 -2.91153 36
      vertex 6.14049 -2.90513 33
      vertex 6.17923 -2.91153 33
    endloop
  endfacet
  facet normal -0.352212 -0.93592 0
    outer loop
      vertex 6.25504 -2.93184 33
      vertex 6.29179 -2.94567 36
      vertex 6.25504 -2.93184 36
    endloop
  endfacet
  facet normal -0.352212 -0.93592 -0
    outer loop
      vertex 6.29179 -2.94567 36
      vertex 6.25504 -2.93184 33
      vertex 6.29179 -2.94567 33
    endloop
  endfacet
  facet normal 0.63443 -0.77298 0
    outer loop
      vertex 5.66657 -3.0489 33
      vertex 5.69692 -3.02399 36
      vertex 5.66657 -3.0489 36
    endloop
  endfacet
  facet normal 0.63443 -0.77298 0
    outer loop
      vertex 5.69692 -3.02399 36
      vertex 5.66657 -3.0489 33
      vertex 5.69692 -3.02399 33
    endloop
  endfacet
  facet normal 0.582418 -0.812889 0
    outer loop
      vertex 5.69692 -3.02399 33
      vertex 5.72884 -3.00112 36
      vertex 5.69692 -3.02399 36
    endloop
  endfacet
  facet normal 0.582418 -0.812889 0
    outer loop
      vertex 5.72884 -3.00112 36
      vertex 5.69692 -3.02399 33
      vertex 5.72884 -3.00112 33
    endloop
  endfacet
  facet normal 0.849112 -0.528212 0
    outer loop
      vertex 5.54256 -3.2 36
      vertex 5.5633 -3.16666 33
      vertex 5.5633 -3.16666 36
    endloop
  endfacet
  facet normal 0.849112 -0.528212 0
    outer loop
      vertex 5.5633 -3.16666 33
      vertex 5.54256 -3.2 36
      vertex 5.54256 -3.2 33
    endloop
  endfacet
  facet normal -0.0326024 -0.999468 0
    outer loop
      vertex 6.06218 -2.9 33
      vertex 6.10142 -2.90128 36
      vertex 6.06218 -2.9 36
    endloop
  endfacet
  facet normal -0.0326024 -0.999468 -0
    outer loop
      vertex 6.10142 -2.90128 36
      vertex 6.06218 -2.9 33
      vertex 6.10142 -2.90128 33
    endloop
  endfacet
  facet normal 0.0980413 -0.995182 0
    outer loop
      vertex 5.98386 -2.90513 33
      vertex 6.02294 -2.90128 36
      vertex 5.98386 -2.90513 36
    endloop
  endfacet
  facet normal 0.0980413 -0.995182 0
    outer loop
      vertex 6.02294 -2.90128 36
      vertex 5.98386 -2.90513 33
      vertex 6.02294 -2.90128 33
    endloop
  endfacet
  facet normal -0.412862 -0.910793 0
    outer loop
      vertex 6.29179 -2.94567 33
      vertex 6.32755 -2.96188 36
      vertex 6.29179 -2.94567 36
    endloop
  endfacet
  facet normal -0.412862 -0.910793 -0
    outer loop
      vertex 6.32755 -2.96188 36
      vertex 6.29179 -2.94567 33
      vertex 6.32755 -2.96188 33
    endloop
  endfacet
  facet normal 0.729783 0.683678 0
    outer loop
      vertex 5.63791 -3.92426 36
      vertex 5.61107 -3.89561 33
      vertex 5.61107 -3.89561 36
    endloop
  endfacet
  facet normal 0.729783 0.683678 0
    outer loop
      vertex 5.61107 -3.89561 33
      vertex 5.63791 -3.92426 36
      vertex 5.63791 -3.92426 33
    endloop
  endfacet
  facet normal 0.986627 0.162995 0
    outer loop
      vertex 5.47371 -3.61705 36
      vertex 5.46731 -3.57831 33
      vertex 5.46731 -3.57831 36
    endloop
  endfacet
  facet normal 0.986627 0.162995 0
    outer loop
      vertex 5.46731 -3.57831 33
      vertex 5.47371 -3.61705 36
      vertex 5.47371 -3.61705 33
    endloop
  endfacet
  facet normal 0.99518 0.0980661 0
    outer loop
      vertex 5.46731 -3.57831 36
      vertex 5.46346 -3.53924 33
      vertex 5.46346 -3.53924 36
    endloop
  endfacet
  facet normal 0.99518 0.0980661 0
    outer loop
      vertex 5.46346 -3.53924 33
      vertex 5.46731 -3.57831 36
      vertex 5.46731 -3.57831 33
    endloop
  endfacet
  facet normal 0.471302 -0.881972 0
    outer loop
      vertex 5.76218 -2.98038 33
      vertex 5.7968 -2.96188 36
      vertex 5.76218 -2.98038 36
    endloop
  endfacet
  facet normal 0.471302 -0.881972 0
    outer loop
      vertex 5.7968 -2.96188 36
      vertex 5.76218 -2.98038 33
      vertex 5.7968 -2.96188 33
    endloop
  endfacet
  facet normal 0.683551 -0.729902 0
    outer loop
      vertex 5.63791 -3.07574 33
      vertex 5.66657 -3.0489 36
      vertex 5.63791 -3.07574 36
    endloop
  endfacet
  facet normal 0.683551 -0.729902 0
    outer loop
      vertex 5.66657 -3.0489 36
      vertex 5.63791 -3.07574 33
      vertex 5.66657 -3.0489 33
    endloop
  endfacet
  facet normal 0.22698 -0.973899 0
    outer loop
      vertex 5.90689 -2.92044 33
      vertex 5.94512 -2.91153 36
      vertex 5.90689 -2.92044 36
    endloop
  endfacet
  facet normal 0.22698 -0.973899 0
    outer loop
      vertex 5.94512 -2.91153 36
      vertex 5.90689 -2.92044 33
      vertex 5.94512 -2.91153 33
    endloop
  endfacet
  facet normal -0.226924 -0.973913 0
    outer loop
      vertex 6.17923 -2.91153 33
      vertex 6.21747 -2.92044 36
      vertex 6.17923 -2.91153 36
    endloop
  endfacet
  facet normal -0.226924 -0.973913 -0
    outer loop
      vertex 6.21747 -2.92044 36
      vertex 6.17923 -2.91153 33
      vertex 6.21747 -2.92044 33
    endloop
  endfacet
  facet normal 0.63443 0.77298 -0
    outer loop
      vertex 5.69692 -3.97601 33
      vertex 5.66657 -3.9511 36
      vertex 5.69692 -3.97601 36
    endloop
  endfacet
  facet normal 0.63443 0.77298 0
    outer loop
      vertex 5.66657 -3.9511 36
      vertex 5.69692 -3.97601 33
      vertex 5.66657 -3.9511 33
    endloop
  endfacet
  facet normal 0.849112 0.528212 0
    outer loop
      vertex 5.5633 -3.83334 36
      vertex 5.54256 -3.8 33
      vertex 5.54256 -3.8 36
    endloop
  endfacet
  facet normal 0.849112 0.528212 0
    outer loop
      vertex 5.54256 -3.8 33
      vertex 5.5633 -3.83334 36
      vertex 5.5633 -3.83334 33
    endloop
  endfacet
  facet normal 0.910889 0.412651 0
    outer loop
      vertex 5.52405 -3.76537 36
      vertex 5.50785 -3.72961 33
      vertex 5.50785 -3.72961 36
    endloop
  endfacet
  facet normal 0.910889 0.412651 0
    outer loop
      vertex 5.50785 -3.72961 33
      vertex 5.52405 -3.76537 36
      vertex 5.52405 -3.76537 33
    endloop
  endfacet
  facet normal 0.995182 -0.0980413 0
    outer loop
      vertex 5.46346 -3.46076 36
      vertex 5.46731 -3.42168 33
      vertex 5.46731 -3.42168 36
    endloop
  endfacet
  facet normal 0.995182 -0.0980413 0
    outer loop
      vertex 5.46731 -3.42168 33
      vertex 5.46346 -3.46076 36
      vertex 5.46346 -3.46076 33
    endloop
  endfacet
  facet normal 0.973913 -0.226924 0
    outer loop
      vertex 5.47371 -3.38295 36
      vertex 5.48262 -3.34471 33
      vertex 5.48262 -3.34471 36
    endloop
  endfacet
  facet normal 0.973913 -0.226924 0
    outer loop
      vertex 5.48262 -3.34471 33
      vertex 5.47371 -3.38295 36
      vertex 5.47371 -3.38295 33
    endloop
  endfacet
  facet normal 0.956917 -0.290361 0
    outer loop
      vertex 5.48262 -3.34471 36
      vertex 5.49402 -3.30714 33
      vertex 5.49402 -3.30714 36
    endloop
  endfacet
  facet normal 0.956917 -0.290361 0
    outer loop
      vertex 5.49402 -3.30714 33
      vertex 5.48262 -3.34471 36
      vertex 5.48262 -3.34471 33
    endloop
  endfacet
  facet normal 0.881923 0.471394 0
    outer loop
      vertex 5.54256 -3.8 36
      vertex 5.52405 -3.76537 33
      vertex 5.52405 -3.76537 36
    endloop
  endfacet
  facet normal 0.881923 0.471394 0
    outer loop
      vertex 5.52405 -3.76537 33
      vertex 5.54256 -3.8 36
      vertex 5.54256 -3.8 33
    endloop
  endfacet
  facet normal 0.93592 0.352212 0
    outer loop
      vertex 5.50785 -3.72961 36
      vertex 5.49402 -3.69286 33
      vertex 5.49402 -3.69286 36
    endloop
  endfacet
  facet normal 0.93592 0.352212 0
    outer loop
      vertex 5.49402 -3.69286 33
      vertex 5.50785 -3.72961 36
      vertex 5.50785 -3.72961 33
    endloop
  endfacet
  facet normal 0.812889 0.582418 0
    outer loop
      vertex 5.58617 -3.86526 36
      vertex 5.5633 -3.83334 33
      vertex 5.5633 -3.83334 36
    endloop
  endfacet
  facet normal 0.812889 0.582418 0
    outer loop
      vertex 5.5633 -3.83334 33
      vertex 5.58617 -3.86526 36
      vertex 5.58617 -3.86526 33
    endloop
  endfacet
  facet normal 0.956917 0.290361 0
    outer loop
      vertex 5.49402 -3.69286 36
      vertex 5.48262 -3.65529 33
      vertex 5.48262 -3.65529 36
    endloop
  endfacet
  facet normal 0.956917 0.290361 0
    outer loop
      vertex 5.48262 -3.65529 33
      vertex 5.49402 -3.69286 36
      vertex 5.49402 -3.69286 33
    endloop
  endfacet
  facet normal 0.973913 0.226924 0
    outer loop
      vertex 5.48262 -3.65529 36
      vertex 5.47371 -3.61705 33
      vertex 5.47371 -3.61705 36
    endloop
  endfacet
  facet normal 0.973913 0.226924 0
    outer loop
      vertex 5.47371 -3.61705 33
      vertex 5.48262 -3.65529 36
      vertex 5.48262 -3.65529 33
    endloop
  endfacet
  facet normal 0.999468 0.0326024 0
    outer loop
      vertex 5.46346 -3.53924 36
      vertex 5.46218 -3.5 33
      vertex 5.46218 -3.5 36
    endloop
  endfacet
  facet normal 0.999468 0.0326024 0
    outer loop
      vertex 5.46218 -3.5 33
      vertex 5.46346 -3.53924 36
      vertex 5.46346 -3.53924 33
    endloop
  endfacet
  facet normal 0.999468 -0.0326024 0
    outer loop
      vertex 5.46218 -3.5 36
      vertex 5.46346 -3.46076 33
      vertex 5.46346 -3.46076 36
    endloop
  endfacet
  facet normal 0.999468 -0.0326024 0
    outer loop
      vertex 5.46346 -3.46076 33
      vertex 5.46218 -3.5 36
      vertex 5.46218 -3.5 33
    endloop
  endfacet
  facet normal 0.98662 -0.163036 0
    outer loop
      vertex 5.46731 -3.42168 36
      vertex 5.47371 -3.38295 33
      vertex 5.47371 -3.38295 36
    endloop
  endfacet
  facet normal 0.98662 -0.163036 0
    outer loop
      vertex 5.47371 -3.38295 33
      vertex 5.46731 -3.42168 36
      vertex 5.46731 -3.42168 33
    endloop
  endfacet
  facet normal 0.93592 -0.352212 0
    outer loop
      vertex 5.49402 -3.30714 36
      vertex 5.50785 -3.27039 33
      vertex 5.50785 -3.27039 36
    endloop
  endfacet
  facet normal 0.93592 -0.352212 0
    outer loop
      vertex 5.50785 -3.27039 33
      vertex 5.49402 -3.30714 36
      vertex 5.49402 -3.30714 33
    endloop
  endfacet
  facet normal 0.910889 -0.412651 0
    outer loop
      vertex 5.50785 -3.27039 36
      vertex 5.52405 -3.23463 33
      vertex 5.52405 -3.23463 36
    endloop
  endfacet
  facet normal 0.910889 -0.412651 0
    outer loop
      vertex 5.52405 -3.23463 33
      vertex 5.50785 -3.27039 36
      vertex 5.50785 -3.27039 33
    endloop
  endfacet
  facet normal 0.582418 0.812889 -0
    outer loop
      vertex 5.72884 -3.99888 33
      vertex 5.69692 -3.97601 36
      vertex 5.72884 -3.99888 36
    endloop
  endfacet
  facet normal 0.582418 0.812889 0
    outer loop
      vertex 5.69692 -3.97601 36
      vertex 5.72884 -3.99888 33
      vertex 5.69692 -3.97601 33
    endloop
  endfacet
  facet normal 0.683551 0.729902 -0
    outer loop
      vertex 5.66657 -3.9511 33
      vertex 5.63791 -3.92426 36
      vertex 5.66657 -3.9511 36
    endloop
  endfacet
  facet normal 0.683551 0.729902 0
    outer loop
      vertex 5.63791 -3.92426 36
      vertex 5.66657 -3.9511 33
      vertex 5.63791 -3.92426 33
    endloop
  endfacet
  facet normal 0.773105 0.634278 0
    outer loop
      vertex 5.61107 -3.89561 36
      vertex 5.58617 -3.86526 33
      vertex 5.58617 -3.86526 36
    endloop
  endfacet
  facet normal 0.773105 0.634278 0
    outer loop
      vertex 5.58617 -3.86526 33
      vertex 5.61107 -3.89561 36
      vertex 5.61107 -3.89561 33
    endloop
  endfacet
  facet normal 0.528782 0.848758 -0
    outer loop
      vertex 5.73762 -4.00435 33
      vertex 5.72884 -3.99888 36
      vertex 5.73762 -4.00435 36
    endloop
  endfacet
  facet normal 0.528782 0.848758 0
    outer loop
      vertex 5.72884 -3.99888 36
      vertex 5.73762 -4.00435 33
      vertex 5.72884 -3.99888 33
    endloop
  endfacet
  facet normal 0.582479 0.812846 -0
    outer loop
      vertex 4.26133 5.55347 33
      vertex 4.00435 5.73762 36
      vertex 4.26133 5.55347 36
    endloop
  endfacet
  facet normal 0.582479 0.812846 0
    outer loop
      vertex 4.00435 5.73762 36
      vertex 4.26133 5.55347 33
      vertex 4.00435 5.73762 33
    endloop
  endfacet
  facet normal -0.352248 0.935907 0
    outer loop
      vertex -2.25008 6.62851 33
      vertex -2.67878 6.46716 36
      vertex -2.25008 6.62851 36
    endloop
  endfacet
  facet normal -0.352248 0.935907 0
    outer loop
      vertex -2.67878 6.46716 36
      vertex -2.25008 6.62851 33
      vertex -2.67878 6.46716 33
    endloop
  endfacet
  facet normal -0.910861 0.412714 0
    outer loop
      vertex -6.46716 2.67878 33
      vertex -6.33668 2.96675 35.4024
      vertex -6.33668 2.96675 33
    endloop
  endfacet
  facet normal -0.910861 0.412714 0
    outer loop
      vertex -6.33668 2.96675 35.4024
      vertex -6.46716 2.67878 33
      vertex -6.46716 2.67878 35.6903
    endloop
  endfacet
  facet normal 0.910861 0.412714 -0
    outer loop
      vertex 6.46716 2.67878 33
      vertex 6.33668 2.96675 35.4024
      vertex 6.46716 2.67878 35.6903
    endloop
  endfacet
  facet normal 0.910861 0.412714 0
    outer loop
      vertex 6.33668 2.96675 35.4024
      vertex 6.46716 2.67878 33
      vertex 6.33668 2.96675 33
    endloop
  endfacet
  facet normal 0.412714 0.910861 -0
    outer loop
      vertex 2.96675 6.33668 33
      vertex 2.67878 6.46716 36
      vertex 2.96675 6.33668 36
    endloop
  endfacet
  facet normal 0.412714 0.910861 0
    outer loop
      vertex 2.67878 6.46716 36
      vertex 2.96675 6.33668 33
      vertex 2.67878 6.46716 33
    endloop
  endfacet
  facet normal 0.162881 0.986646 -0
    outer loop
      vertex 1.36563 6.8655 33
      vertex 0.913683 6.94011 36
      vertex 1.36563 6.8655 36
    endloop
  endfacet
  facet normal 0.162881 0.986646 0
    outer loop
      vertex 0.913683 6.94011 36
      vertex 1.36563 6.8655 33
      vertex 0.913683 6.94011 33
    endloop
  endfacet
  facet normal -0.986646 0.162881 0
    outer loop
      vertex -6.94011 0.913683 33
      vertex -6.8655 1.36563 36
      vertex -6.8655 1.36563 33
    endloop
  endfacet
  facet normal -0.986646 0.162881 0
    outer loop
      vertex -6.8655 1.36563 36
      vertex -6.94011 0.913683 33
      vertex -6.94011 0.913683 36
    endloop
  endfacet
  facet normal -0.729869 0.683587 0
    outer loop
      vertex -5.26288 4.61542 35.9135
      vertex -4.94975 4.94975 36
      vertex -4.94975 4.94975 33
    endloop
  endfacet
  facet normal -0.729869 0.683587 0
    outer loop
      vertex -5.26288 4.61542 35.9135
      vertex -4.94975 4.94975 33
      vertex -5.26288 4.61542 33
    endloop
  endfacet
  facet normal -0.729864 0.683592 -3.52662e-05
    outer loop
      vertex -4.94975 4.94975 36
      vertex -5.26288 4.61542 35.9135
      vertex -5.18184 4.70195 36
    endloop
  endfacet
  facet normal -0.162881 0.986646 0
    outer loop
      vertex -0.913683 6.94011 33
      vertex -1.36563 6.8655 36
      vertex -0.913683 6.94011 36
    endloop
  endfacet
  facet normal -0.162881 0.986646 0
    outer loop
      vertex -1.36563 6.8655 36
      vertex -0.913683 6.94011 33
      vertex -1.36563 6.8655 33
    endloop
  endfacet
  facet normal 0.352248 -0.935907 0
    outer loop
      vertex 2.25008 -6.62851 33
      vertex 2.67878 -6.46716 36
      vertex 2.25008 -6.62851 36
    endloop
  endfacet
  facet normal 0.352248 -0.935907 0
    outer loop
      vertex 2.67878 -6.46716 36
      vertex 2.25008 -6.62851 33
      vertex 2.67878 -6.46716 33
    endloop
  endfacet
  facet normal -0.162881 -0.986646 0
    outer loop
      vertex -1.36563 -6.8655 33
      vertex -0.913683 -6.94011 36
      vertex -1.36563 -6.8655 36
    endloop
  endfacet
  facet normal -0.162881 -0.986646 -0
    outer loop
      vertex -0.913683 -6.94011 36
      vertex -1.36563 -6.8655 33
      vertex -0.913683 -6.94011 33
    endloop
  endfacet
  facet normal -0.683587 -0.729869 0
    outer loop
      vertex -4.94975 -4.94975 33
      vertex -4.61542 -5.26288 36
      vertex -4.94975 -4.94975 36
    endloop
  endfacet
  facet normal -0.683587 -0.729869 -0
    outer loop
      vertex -4.61542 -5.26288 36
      vertex -4.94975 -4.94975 33
      vertex -4.61542 -5.26288 33
    endloop
  endfacet
  facet normal -0.986646 -0.162881 0
    outer loop
      vertex -6.8655 -1.36563 33
      vertex -6.94011 -0.913683 36
      vertex -6.94011 -0.913683 33
    endloop
  endfacet
  facet normal -0.986646 -0.162881 0
    outer loop
      vertex -6.94011 -0.913683 36
      vertex -6.8655 -1.36563 33
      vertex -6.8655 -1.36563 36
    endloop
  endfacet
  facet normal -0.812846 -0.582479 0
    outer loop
      vertex -5.55347 -4.26133 33
      vertex -5.73762 -4.00435 36
      vertex -5.73762 -4.00435 33
    endloop
  endfacet
  facet normal -0.812846 -0.582479 0
    outer loop
      vertex -5.73762 -4.00435 36
      vertex -5.55347 -4.26133 33
      vertex -5.55347 -4.26133 36
    endloop
  endfacet
  facet normal 0.995184 0.0980223 0
    outer loop
      vertex 6.9711 0.599053 36
      vertex 6.94011 0.913683 33
      vertex 6.94011 0.913683 36
    endloop
  endfacet
  facet normal 0.995184 0.0980223 0
    outer loop
      vertex 6.94011 0.913683 33
      vertex 6.9711 0.599053 36
      vertex 6.9711 0.599053 33
    endloop
  endfacet
  facet normal 0.986646 0.162881 0
    outer loop
      vertex 6.94011 0.913683 36
      vertex 6.8655 1.36563 33
      vertex 6.8655 1.36563 36
    endloop
  endfacet
  facet normal 0.986646 0.162881 0
    outer loop
      vertex 6.8655 1.36563 33
      vertex 6.94011 0.913683 36
      vertex 6.94011 0.913683 33
    endloop
  endfacet
  facet normal 0.773015 0.634388 0
    outer loop
      vertex 5.55347 4.26133 35.5594
      vertex 5.26288 4.61542 33
      vertex 5.26288 4.61542 35.9135
    endloop
  endfacet
  facet normal 0.773015 0.634388 0
    outer loop
      vertex 5.26288 4.61542 33
      vertex 5.55347 4.26133 35.5594
      vertex 5.55347 4.26133 33
    endloop
  endfacet
  facet normal 0.812846 0.582479 0
    outer loop
      vertex 5.73762 4.00435 35.3024
      vertex 5.55347 4.26133 33
      vertex 5.55347 4.26133 35.5594
    endloop
  endfacet
  facet normal 0.812846 0.582479 0
    outer loop
      vertex 5.55347 4.26133 33
      vertex 5.73762 4.00435 35.3024
      vertex 5.73762 4.00435 33
    endloop
  endfacet
  facet normal 0.729864 0.683592 -3.52662e-05
    outer loop
      vertex 5.26288 4.61542 35.9135
      vertex 4.94975 4.94975 36
      vertex 5.18184 4.70195 36
    endloop
  endfacet
  facet normal 0.729869 0.683587 0
    outer loop
      vertex 4.94975 4.94975 36
      vertex 5.26288 4.61542 35.9135
      vertex 4.94975 4.94975 33
    endloop
  endfacet
  facet normal 0.729869 0.683587 0
    outer loop
      vertex 4.94975 4.94975 33
      vertex 5.26288 4.61542 35.9135
      vertex 5.26288 4.61542 33
    endloop
  endfacet
  facet normal 0.290281 0.956942 -0
    outer loop
      vertex 2.25008 6.62851 33
      vertex 1.81173 6.76148 36
      vertex 2.25008 6.62851 36
    endloop
  endfacet
  facet normal 0.290281 0.956942 0
    outer loop
      vertex 1.81173 6.76148 36
      vertex 2.25008 6.62851 33
      vertex 1.81173 6.76148 33
    endloop
  endfacet
  facet normal 0.227085 0.973875 -0
    outer loop
      vertex 1.81173 6.76148 33
      vertex 1.36563 6.8655 36
      vertex 1.81173 6.76148 36
    endloop
  endfacet
  facet normal 0.227085 0.973875 0
    outer loop
      vertex 1.36563 6.8655 36
      vertex 1.81173 6.76148 33
      vertex 1.36563 6.8655 33
    endloop
  endfacet
  facet normal -0.956942 0.290281 0
    outer loop
      vertex -6.76148 1.81173 33
      vertex -6.62851 2.25008 36
      vertex -6.62851 2.25008 33
    endloop
  endfacet
  facet normal -0.956942 0.290281 0
    outer loop
      vertex -6.62851 2.25008 36
      vertex -6.76148 1.81173 33
      vertex -6.76148 1.81173 36
    endloop
  endfacet
  facet normal -0.973875 0.227085 0
    outer loop
      vertex -6.8655 1.36563 33
      vertex -6.76148 1.81173 36
      vertex -6.76148 1.81173 33
    endloop
  endfacet
  facet normal -0.973875 0.227085 0
    outer loop
      vertex -6.76148 1.81173 36
      vertex -6.8655 1.36563 33
      vertex -6.8655 1.36563 36
    endloop
  endfacet
  facet normal -0.812846 0.582479 0
    outer loop
      vertex -5.73762 4.00435 35.3024
      vertex -5.55347 4.26133 33
      vertex -5.73762 4.00435 33
    endloop
  endfacet
  facet normal -0.812846 0.582479 0
    outer loop
      vertex -5.55347 4.26133 33
      vertex -5.73762 4.00435 35.3024
      vertex -5.55347 4.26133 35.5594
    endloop
  endfacet
  facet normal -0.227085 0.973875 0
    outer loop
      vertex -1.36563 6.8655 33
      vertex -1.81173 6.76148 36
      vertex -1.36563 6.8655 36
    endloop
  endfacet
  facet normal -0.227085 0.973875 0
    outer loop
      vertex -1.81173 6.76148 36
      vertex -1.36563 6.8655 33
      vertex -1.81173 6.76148 33
    endloop
  endfacet
  facet normal -0.412714 0.910861 0
    outer loop
      vertex -2.67878 6.46716 33
      vertex -2.96675 6.33668 36
      vertex -2.67878 6.46716 36
    endloop
  endfacet
  facet normal -0.412714 0.910861 0
    outer loop
      vertex -2.96675 6.33668 36
      vertex -2.67878 6.46716 33
      vertex -2.96675 6.33668 33
    endloop
  endfacet
  facet normal -0.683587 0.729869 0
    outer loop
      vertex -4.61542 5.26288 33
      vertex -4.94975 4.94975 36
      vertex -4.61542 5.26288 36
    endloop
  endfacet
  facet normal -0.683587 0.729869 0
    outer loop
      vertex -4.94975 4.94975 36
      vertex -4.61542 5.26288 33
      vertex -4.94975 4.94975 33
    endloop
  endfacet
  facet normal 0.162881 -0.986646 0
    outer loop
      vertex 0.913683 -6.94011 33
      vertex 1.36563 -6.8655 36
      vertex 0.913683 -6.94011 36
    endloop
  endfacet
  facet normal 0.162881 -0.986646 0
    outer loop
      vertex 1.36563 -6.8655 36
      vertex 0.913683 -6.94011 33
      vertex 1.36563 -6.8655 33
    endloop
  endfacet
  facet normal 0.956942 -0.290281 0
    outer loop
      vertex 6.62851 -2.25008 36
      vertex 6.76148 -1.81173 33
      vertex 6.76148 -1.81173 36
    endloop
  endfacet
  facet normal 0.956942 -0.290281 0
    outer loop
      vertex 6.76148 -1.81173 33
      vertex 6.62851 -2.25008 36
      vertex 6.62851 -2.25008 33
    endloop
  endfacet
  facet normal 0.910861 -0.412714 0
    outer loop
      vertex 6.33668 -2.96675 36
      vertex 6.46716 -2.67878 33
      vertex 6.46716 -2.67878 36
    endloop
  endfacet
  facet normal 0.910861 -0.412714 0
    outer loop
      vertex 6.46716 -2.67878 33
      vertex 6.33668 -2.96675 36
      vertex 6.33668 -2.96675 33
    endloop
  endfacet
  facet normal 0.227085 -0.973875 0
    outer loop
      vertex 1.36563 -6.8655 33
      vertex 1.81173 -6.76148 36
      vertex 1.36563 -6.8655 36
    endloop
  endfacet
  facet normal 0.227085 -0.973875 0
    outer loop
      vertex 1.81173 -6.76148 36
      vertex 1.36563 -6.8655 33
      vertex 1.81173 -6.76148 33
    endloop
  endfacet
  facet normal 0.634388 -0.773015 0
    outer loop
      vertex 4.26133 -5.55347 33
      vertex 4.61542 -5.26288 36
      vertex 4.26133 -5.55347 36
    endloop
  endfacet
  facet normal 0.634388 -0.773015 0
    outer loop
      vertex 4.61542 -5.26288 36
      vertex 4.26133 -5.55347 33
      vertex 4.61542 -5.26288 33
    endloop
  endfacet
  facet normal 0.729869 -0.683587 0
    outer loop
      vertex 4.94975 -4.94975 36
      vertex 5.26288 -4.61542 33
      vertex 5.26288 -4.61542 36
    endloop
  endfacet
  facet normal 0.729869 -0.683587 0
    outer loop
      vertex 5.26288 -4.61542 33
      vertex 4.94975 -4.94975 36
      vertex 4.94975 -4.94975 33
    endloop
  endfacet
  facet normal 0.412714 -0.910861 0
    outer loop
      vertex 2.67878 -6.46716 33
      vertex 2.96675 -6.33668 36
      vertex 2.67878 -6.46716 36
    endloop
  endfacet
  facet normal 0.412714 -0.910861 0
    outer loop
      vertex 2.96675 -6.33668 36
      vertex 2.67878 -6.46716 33
      vertex 2.96675 -6.33668 33
    endloop
  endfacet
  facet normal -0.412714 -0.910861 0
    outer loop
      vertex -2.96675 -6.33668 33
      vertex -2.67878 -6.46716 36
      vertex -2.96675 -6.33668 36
    endloop
  endfacet
  facet normal -0.412714 -0.910861 -0
    outer loop
      vertex -2.67878 -6.46716 36
      vertex -2.96675 -6.33668 33
      vertex -2.67878 -6.46716 33
    endloop
  endfacet
  facet normal -0.582479 -0.812846 0
    outer loop
      vertex -4.26133 -5.55347 33
      vertex -4.00435 -5.73762 36
      vertex -4.26133 -5.55347 36
    endloop
  endfacet
  facet normal -0.582479 -0.812846 -0
    outer loop
      vertex -4.00435 -5.73762 36
      vertex -4.26133 -5.55347 33
      vertex -4.00435 -5.73762 33
    endloop
  endfacet
  facet normal -0.973875 -0.227085 0
    outer loop
      vertex -6.76148 -1.81173 33
      vertex -6.8655 -1.36563 36
      vertex -6.8655 -1.36563 33
    endloop
  endfacet
  facet normal -0.973875 -0.227085 0
    outer loop
      vertex -6.8655 -1.36563 36
      vertex -6.76148 -1.81173 33
      vertex -6.76148 -1.81173 36
    endloop
  endfacet
  facet normal -0.935907 -0.352248 0
    outer loop
      vertex -6.46716 -2.67878 33
      vertex -6.62851 -2.25008 36
      vertex -6.62851 -2.25008 33
    endloop
  endfacet
  facet normal -0.935907 -0.352248 0
    outer loop
      vertex -6.62851 -2.25008 36
      vertex -6.46716 -2.67878 33
      vertex -6.46716 -2.67878 36
    endloop
  endfacet
  facet normal 0.973875 0.227085 0
    outer loop
      vertex 6.8655 1.36563 36
      vertex 6.76148 1.81173 33
      vertex 6.76148 1.81173 36
    endloop
  endfacet
  facet normal 0.973875 0.227085 0
    outer loop
      vertex 6.76148 1.81173 33
      vertex 6.8655 1.36563 36
      vertex 6.8655 1.36563 33
    endloop
  endfacet
  facet normal 0.956942 0.290281 0
    outer loop
      vertex 6.76148 1.81173 36
      vertex 6.62851 2.25008 33
      vertex 6.62851 2.25008 36
    endloop
  endfacet
  facet normal 0.956942 0.290281 0
    outer loop
      vertex 6.62851 2.25008 33
      vertex 6.76148 1.81173 36
      vertex 6.76148 1.81173 33
    endloop
  endfacet
  facet normal 0.935915 0.352226 -3.41194e-05
    outer loop
      vertex 6.62851 2.25008 36
      vertex 6.46716 2.67878 35.6903
      vertex 6.58371 2.36912 36
    endloop
  endfacet
  facet normal 0.935907 0.352248 0
    outer loop
      vertex 6.46716 2.67878 35.6903
      vertex 6.62851 2.25008 36
      vertex 6.62851 2.25008 33
    endloop
  endfacet
  facet normal 0.935907 0.352248 0
    outer loop
      vertex 6.46716 2.67878 35.6903
      vertex 6.62851 2.25008 33
      vertex 6.46716 2.67878 33
    endloop
  endfacet
  facet normal 0.683587 0.729869 -0
    outer loop
      vertex 4.94975 4.94975 33
      vertex 4.61542 5.26288 36
      vertex 4.94975 4.94975 36
    endloop
  endfacet
  facet normal 0.683587 0.729869 0
    outer loop
      vertex 4.61542 5.26288 36
      vertex 4.94975 4.94975 33
      vertex 4.61542 5.26288 33
    endloop
  endfacet
  facet normal 0.352248 0.935907 -0
    outer loop
      vertex 2.67878 6.46716 33
      vertex 2.25008 6.62851 36
      vertex 2.67878 6.46716 36
    endloop
  endfacet
  facet normal 0.352248 0.935907 0
    outer loop
      vertex 2.25008 6.62851 36
      vertex 2.67878 6.46716 33
      vertex 2.25008 6.62851 33
    endloop
  endfacet
  facet normal 0.0980223 0.995184 -0
    outer loop
      vertex 0.913683 6.94011 33
      vertex 0.599053 6.9711 36
      vertex 0.913683 6.94011 36
    endloop
  endfacet
  facet normal 0.0980223 0.995184 0
    outer loop
      vertex 0.599053 6.9711 36
      vertex 0.913683 6.94011 33
      vertex 0.599053 6.9711 33
    endloop
  endfacet
  facet normal -0.935907 0.352248 0
    outer loop
      vertex -6.62851 2.25008 33
      vertex -6.46716 2.67878 35.6903
      vertex -6.46716 2.67878 33
    endloop
  endfacet
  facet normal -0.935907 0.352248 0
    outer loop
      vertex -6.62851 2.25008 36
      vertex -6.46716 2.67878 35.6903
      vertex -6.62851 2.25008 33
    endloop
  endfacet
  facet normal -0.935915 0.352226 -3.41194e-05
    outer loop
      vertex -6.46716 2.67878 35.6903
      vertex -6.62851 2.25008 36
      vertex -6.58371 2.36912 36
    endloop
  endfacet
  facet normal -0.995184 0.0980223 0
    outer loop
      vertex -6.9711 0.599053 33
      vertex -6.94011 0.913683 36
      vertex -6.94011 0.913683 33
    endloop
  endfacet
  facet normal -0.995184 0.0980223 0
    outer loop
      vertex -6.94011 0.913683 36
      vertex -6.9711 0.599053 33
      vertex -6.9711 0.599053 36
    endloop
  endfacet
  facet normal -0.773015 0.634388 0
    outer loop
      vertex -5.55347 4.26133 35.5594
      vertex -5.26288 4.61542 33
      vertex -5.55347 4.26133 33
    endloop
  endfacet
  facet normal -0.773015 0.634388 0
    outer loop
      vertex -5.26288 4.61542 33
      vertex -5.55347 4.26133 35.5594
      vertex -5.26288 4.61542 35.9135
    endloop
  endfacet
  facet normal -0.290281 0.956942 0
    outer loop
      vertex -1.81173 6.76148 33
      vertex -2.25008 6.62851 36
      vertex -1.81173 6.76148 36
    endloop
  endfacet
  facet normal -0.290281 0.956942 0
    outer loop
      vertex -2.25008 6.62851 36
      vertex -1.81173 6.76148 33
      vertex -2.25008 6.62851 33
    endloop
  endfacet
  facet normal -0.0980223 0.995184 0
    outer loop
      vertex -0.599053 6.9711 33
      vertex -0.913683 6.94011 36
      vertex -0.599053 6.9711 36
    endloop
  endfacet
  facet normal -0.0980223 0.995184 0
    outer loop
      vertex -0.913683 6.94011 36
      vertex -0.599053 6.9711 33
      vertex -0.913683 6.94011 33
    endloop
  endfacet
  facet normal -0.582479 0.812846 0
    outer loop
      vertex -4.00435 5.73762 33
      vertex -4.26133 5.55347 36
      vertex -4.00435 5.73762 36
    endloop
  endfacet
  facet normal -0.582479 0.812846 0
    outer loop
      vertex -4.26133 5.55347 36
      vertex -4.00435 5.73762 33
      vertex -4.26133 5.55347 33
    endloop
  endfacet
  facet normal -0.634388 0.773015 0
    outer loop
      vertex -4.26133 5.55347 33
      vertex -4.61542 5.26288 36
      vertex -4.26133 5.55347 36
    endloop
  endfacet
  facet normal -0.634388 0.773015 0
    outer loop
      vertex -4.61542 5.26288 36
      vertex -4.26133 5.55347 33
      vertex -4.61542 5.26288 33
    endloop
  endfacet
  facet normal 0.986646 -0.162881 0
    outer loop
      vertex 6.8655 -1.36563 36
      vertex 6.94011 -0.913683 33
      vertex 6.94011 -0.913683 36
    endloop
  endfacet
  facet normal 0.986646 -0.162881 0
    outer loop
      vertex 6.94011 -0.913683 33
      vertex 6.8655 -1.36563 36
      vertex 6.8655 -1.36563 33
    endloop
  endfacet
  facet normal 0.995184 -0.0980223 0
    outer loop
      vertex 6.94011 -0.913683 36
      vertex 6.9711 -0.599053 33
      vertex 6.9711 -0.599053 36
    endloop
  endfacet
  facet normal 0.995184 -0.0980223 0
    outer loop
      vertex 6.9711 -0.599053 33
      vertex 6.94011 -0.913683 36
      vertex 6.94011 -0.913683 33
    endloop
  endfacet
  facet normal 0.0980223 -0.995184 0
    outer loop
      vertex 0.599053 -6.9711 33
      vertex 0.913683 -6.94011 36
      vertex 0.599053 -6.9711 36
    endloop
  endfacet
  facet normal 0.0980223 -0.995184 0
    outer loop
      vertex 0.913683 -6.94011 36
      vertex 0.599053 -6.9711 33
      vertex 0.913683 -6.94011 33
    endloop
  endfacet
  facet normal 0.290281 -0.956942 0
    outer loop
      vertex 1.81173 -6.76148 33
      vertex 2.25008 -6.62851 36
      vertex 1.81173 -6.76148 36
    endloop
  endfacet
  facet normal 0.290281 -0.956942 0
    outer loop
      vertex 2.25008 -6.62851 36
      vertex 1.81173 -6.76148 33
      vertex 2.25008 -6.62851 33
    endloop
  endfacet
  facet normal 0.582479 -0.812846 0
    outer loop
      vertex 4.00435 -5.73762 33
      vertex 4.26133 -5.55347 36
      vertex 4.00435 -5.73762 36
    endloop
  endfacet
  facet normal 0.582479 -0.812846 0
    outer loop
      vertex 4.26133 -5.55347 36
      vertex 4.00435 -5.73762 33
      vertex 4.26133 -5.55347 33
    endloop
  endfacet
  facet normal 0.683587 -0.729869 0
    outer loop
      vertex 4.61542 -5.26288 33
      vertex 4.94975 -4.94975 36
      vertex 4.61542 -5.26288 36
    endloop
  endfacet
  facet normal 0.683587 -0.729869 0
    outer loop
      vertex 4.94975 -4.94975 36
      vertex 4.61542 -5.26288 33
      vertex 4.94975 -4.94975 33
    endloop
  endfacet
  facet normal -0.227085 -0.973875 0
    outer loop
      vertex -1.81173 -6.76148 33
      vertex -1.36563 -6.8655 36
      vertex -1.81173 -6.76148 36
    endloop
  endfacet
  facet normal -0.227085 -0.973875 -0
    outer loop
      vertex -1.36563 -6.8655 36
      vertex -1.81173 -6.76148 33
      vertex -1.36563 -6.8655 33
    endloop
  endfacet
  facet normal -0.352248 -0.935907 0
    outer loop
      vertex -2.67878 -6.46716 33
      vertex -2.25008 -6.62851 36
      vertex -2.67878 -6.46716 36
    endloop
  endfacet
  facet normal -0.352248 -0.935907 -0
    outer loop
      vertex -2.25008 -6.62851 36
      vertex -2.67878 -6.46716 33
      vertex -2.25008 -6.62851 33
    endloop
  endfacet
  facet normal -0.0980223 -0.995184 0
    outer loop
      vertex -0.913683 -6.94011 33
      vertex -0.599053 -6.9711 36
      vertex -0.913683 -6.94011 36
    endloop
  endfacet
  facet normal -0.0980223 -0.995184 -0
    outer loop
      vertex -0.599053 -6.9711 36
      vertex -0.913683 -6.94011 33
      vertex -0.599053 -6.9711 33
    endloop
  endfacet
  facet normal -0.290281 -0.956942 0
    outer loop
      vertex -2.25008 -6.62851 33
      vertex -1.81173 -6.76148 36
      vertex -2.25008 -6.62851 36
    endloop
  endfacet
  facet normal -0.290281 -0.956942 -0
    outer loop
      vertex -1.81173 -6.76148 36
      vertex -2.25008 -6.62851 33
      vertex -1.81173 -6.76148 33
    endloop
  endfacet
  facet normal -0.634388 -0.773015 0
    outer loop
      vertex -4.61542 -5.26288 33
      vertex -4.26133 -5.55347 36
      vertex -4.61542 -5.26288 36
    endloop
  endfacet
  facet normal -0.634388 -0.773015 -0
    outer loop
      vertex -4.26133 -5.55347 36
      vertex -4.61542 -5.26288 33
      vertex -4.26133 -5.55347 33
    endloop
  endfacet
  facet normal -0.956942 -0.290281 0
    outer loop
      vertex -6.62851 -2.25008 33
      vertex -6.76148 -1.81173 36
      vertex -6.76148 -1.81173 33
    endloop
  endfacet
  facet normal -0.956942 -0.290281 0
    outer loop
      vertex -6.76148 -1.81173 36
      vertex -6.62851 -2.25008 33
      vertex -6.62851 -2.25008 36
    endloop
  endfacet
  facet normal 0 0 -1
    outer loop
      vertex 1.25 2.16506 33
      vertex 3.23463 5.52405 33
      vertex 1.38893 2.07867 33
    endloop
  endfacet
  facet normal -0 0 -1
    outer loop
      vertex 2.90128 -6.10142 33
      vertex 2.67878 -6.46716 33
      vertex 2.9 -6.06218 33
    endloop
  endfacet
  facet normal -0 0 -1
    outer loop
      vertex 2.90513 -6.14049 33
      vertex 2.67878 -6.46716 33
      vertex 2.90128 -6.10142 33
    endloop
  endfacet
  facet normal -0 0 -1
    outer loop
      vertex 2.91153 -6.17923 33
      vertex 2.67878 -6.46716 33
      vertex 2.90513 -6.14049 33
    endloop
  endfacet
  facet normal -0 0 -1
    outer loop
      vertex 2.92044 -6.21747 33
      vertex 2.67878 -6.46716 33
      vertex 2.91153 -6.17923 33
    endloop
  endfacet
  facet normal -0 0 -1
    outer loop
      vertex 2.93184 -6.25504 33
      vertex 2.67878 -6.46716 33
      vertex 2.92044 -6.21747 33
    endloop
  endfacet
  facet normal -0 0 -1
    outer loop
      vertex 2.94567 -6.29179 33
      vertex 2.67878 -6.46716 33
      vertex 2.93184 -6.25504 33
    endloop
  endfacet
  facet normal -0 0 -1
    outer loop
      vertex 2.96188 -6.32755 33
      vertex 2.67878 -6.46716 33
      vertex 2.94567 -6.29179 33
    endloop
  endfacet
  facet normal 0 0 -1
    outer loop
      vertex 2.67878 -6.46716 33
      vertex 2.96188 -6.32755 33
      vertex 2.96675 -6.33668 33
    endloop
  endfacet
  facet normal 0 0 -1
    outer loop
      vertex 5.55347 -4.26133 33
      vertex 5.72884 -3.99888 33
      vertex 5.73762 -4.00435 33
    endloop
  endfacet
  facet normal 0 0 -1
    outer loop
      vertex 5.55347 -4.26133 33
      vertex 5.69692 -3.97601 33
      vertex 5.72884 -3.99888 33
    endloop
  endfacet
  facet normal 0 0 -1
    outer loop
      vertex 5.55347 -4.26133 33
      vertex 5.66657 -3.9511 33
      vertex 5.69692 -3.97601 33
    endloop
  endfacet
  facet normal 0 0 -1
    outer loop
      vertex 5.55347 -4.26133 33
      vertex 5.63791 -3.92426 33
      vertex 5.66657 -3.9511 33
    endloop
  endfacet
  facet normal 0 0 -1
    outer loop
      vertex 5.55347 -4.26133 33
      vertex 5.61107 -3.89561 33
      vertex 5.63791 -3.92426 33
    endloop
  endfacet
  facet normal 0 0 -1
    outer loop
      vertex 5.55347 -4.26133 33
      vertex 5.58617 -3.86526 33
      vertex 5.61107 -3.89561 33
    endloop
  endfacet
  facet normal 0 0 -1
    outer loop
      vertex 5.55347 -4.26133 33
      vertex 5.5633 -3.83334 33
      vertex 5.58617 -3.86526 33
    endloop
  endfacet
  facet normal 0 0 -1
    outer loop
      vertex 5.55347 -4.26133 33
      vertex 5.54256 -3.8 33
      vertex 5.5633 -3.83334 33
    endloop
  endfacet
  facet normal 0 0 -1
    outer loop
      vertex 5.55347 -4.26133 33
      vertex 5.52405 -3.76537 33
      vertex 5.54256 -3.8 33
    endloop
  endfacet
  facet normal 0 0 -1
    outer loop
      vertex 5.26288 -4.61542 33
      vertex 5.52405 -3.76537 33
      vertex 5.55347 -4.26133 33
    endloop
  endfacet
  facet normal -0 0 -1
    outer loop
      vertex 5.52405 -3.76537 33
      vertex 5.26288 -4.61542 33
      vertex 5.50785 -3.72961 33
    endloop
  endfacet
  facet normal -0 0 -1
    outer loop
      vertex 5.50785 -3.72961 33
      vertex 5.26288 -4.61542 33
      vertex 5.49402 -3.69286 33
    endloop
  endfacet
  facet normal -0 0 -1
    outer loop
      vertex 5.49402 -3.69286 33
      vertex 5.26288 -4.61542 33
      vertex 5.48262 -3.65529 33
    endloop
  endfacet
  facet normal -0 0 -1
    outer loop
      vertex 5.48262 -3.65529 33
      vertex 5.26288 -4.61542 33
      vertex 5.47371 -3.61705 33
    endloop
  endfacet
  facet normal -0 0 -1
    outer loop
      vertex 5.50785 3.27039 33
      vertex 2.07867 1.38893 33
      vertex 5.49402 3.30714 33
    endloop
  endfacet
  facet normal -0 0 -1
    outer loop
      vertex 5.46731 -3.57831 33
      vertex 3.34471 -5.48262 33
      vertex 5.46346 -3.53924 33
    endloop
  endfacet
  facet normal 0 0 -1
    outer loop
      vertex 3.34471 -5.48262 33
      vertex 5.46731 -3.57831 33
      vertex 5.26288 -4.61542 33
    endloop
  endfacet
  facet normal -0 0 -1
    outer loop
      vertex 5.47371 -3.61705 33
      vertex 5.26288 -4.61542 33
      vertex 5.46731 -3.57831 33
    endloop
  endfacet
  facet normal 0 0 -1
    outer loop
      vertex 6.94011 -0.913683 33
      vertex 6.96076 -0.598715 33
      vertex 6.9711 -0.599053 33
    endloop
  endfacet
  facet normal 0 0 -1
    outer loop
      vertex 6.94011 -0.913683 33
      vertex 6.92168 -0.594867 33
      vertex 6.96076 -0.598715 33
    endloop
  endfacet
  facet normal 0 0 -1
    outer loop
      vertex 6.94011 -0.913683 33
      vertex 6.88295 -0.58847 33
      vertex 6.92168 -0.594867 33
    endloop
  endfacet
  facet normal 0 0 -1
    outer loop
      vertex 6.66666 -0.498881 33
      vertex 6.94011 -0.913683 33
      vertex 6.8655 -1.36563 33
    endloop
  endfacet
  facet normal 0 0 -1
    outer loop
      vertex 6.94011 -0.913683 33
      vertex 6.84471 -0.579555 33
      vertex 6.88295 -0.58847 33
    endloop
  endfacet
  facet normal 0 0 -1
    outer loop
      vertex 6.94011 -0.913683 33
      vertex 6.80714 -0.568157 33
      vertex 6.84471 -0.579555 33
    endloop
  endfacet
  facet normal 0 0 -1
    outer loop
      vertex 6.94011 -0.913683 33
      vertex 6.77039 -0.554327 33
      vertex 6.80714 -0.568157 33
    endloop
  endfacet
  facet normal 0 0 -1
    outer loop
      vertex 6.5489 -0.395607 33
      vertex 6.8655 -1.36563 33
      vertex 6.76148 -1.81173 33
    endloop
  endfacet
  facet normal 0 0 -1
    outer loop
      vertex 6.94011 -0.913683 33
      vertex 6.73463 -0.538123 33
      vertex 6.77039 -0.554327 33
    endloop
  endfacet
  facet normal 0 0 -1
    outer loop
      vertex 6.94011 -0.913683 33
      vertex 6.7 -0.519615 33
      vertex 6.73463 -0.538123 33
    endloop
  endfacet
  facet normal 0 0 -1
    outer loop
      vertex 6.94011 -0.913683 33
      vertex 6.66666 -0.498881 33
      vertex 6.7 -0.519615 33
    endloop
  endfacet
  facet normal 0 0 -1
    outer loop
      vertex 6.8655 -1.36563 33
      vertex 6.63474 -0.476011 33
      vertex 6.66666 -0.498881 33
    endloop
  endfacet
  facet normal 0 0 -1
    outer loop
      vertex 5.86931 -2.93184 33
      vertex 6.76148 -1.81173 33
      vertex 6.62851 -2.25008 33
    endloop
  endfacet
  facet normal 0 0 -1
    outer loop
      vertex 6.8655 -1.36563 33
      vertex 6.60439 -0.451103 33
      vertex 6.63474 -0.476011 33
    endloop
  endfacet
  facet normal 0 0 -1
    outer loop
      vertex 6.8655 -1.36563 33
      vertex 6.57574 -0.424264 33
      vertex 6.60439 -0.451103 33
    endloop
  endfacet
  facet normal 0 0 -1
    outer loop
      vertex 6.8655 -1.36563 33
      vertex 6.5489 -0.395607 33
      vertex 6.57574 -0.424264 33
    endloop
  endfacet
  facet normal 0 0 -1
    outer loop
      vertex 6.76148 -1.81173 33
      vertex 6.52399 -0.365256 33
      vertex 6.5489 -0.395607 33
    endloop
  endfacet
  facet normal 0 0 -1
    outer loop
      vertex 5.7968 -2.96188 33
      vertex 6.76148 -1.81173 33
      vertex 5.83257 -2.94567 33
    endloop
  endfacet
  facet normal 0 0 -1
    outer loop
      vertex 6.76148 -1.81173 33
      vertex 6.50112 -0.333342 33
      vertex 6.52399 -0.365256 33
    endloop
  endfacet
  facet normal 0 0 -1
    outer loop
      vertex 6.02294 -2.90128 33
      vertex 6.62851 -2.25008 33
      vertex 6.46716 -2.67878 33
    endloop
  endfacet
  facet normal 0 0 -1
    outer loop
      vertex 5.90689 -2.92044 33
      vertex 6.62851 -2.25008 33
      vertex 5.94512 -2.91153 33
    endloop
  endfacet
  facet normal 0 0 -1
    outer loop
      vertex 5.86931 -2.93184 33
      vertex 6.62851 -2.25008 33
      vertex 5.90689 -2.92044 33
    endloop
  endfacet
  facet normal 0 0 -1
    outer loop
      vertex 6.76148 -1.81173 33
      vertex 5.86931 -2.93184 33
      vertex 5.83257 -2.94567 33
    endloop
  endfacet
  facet normal -0 0 -1
    outer loop
      vertex 6.76148 -1.81173 33
      vertex 5.7968 -2.96188 33
      vertex 6.50112 -0.333342 33
    endloop
  endfacet
  facet normal -0 0 -1
    outer loop
      vertex 6.50112 -0.333342 33
      vertex 5.7968 -2.96188 33
      vertex 6.48038 -0.299999 33
    endloop
  endfacet
  facet normal 0 0 -1
    outer loop
      vertex 5.76218 -2.98038 33
      vertex 6.48038 -0.299999 33
      vertex 5.7968 -2.96188 33
    endloop
  endfacet
  facet normal -0 0 -1
    outer loop
      vertex 6.48038 -0.299999 33
      vertex 5.76218 -2.98038 33
      vertex 6.46188 -0.265372 33
    endloop
  endfacet
  facet normal 0 0 -1
    outer loop
      vertex 5.72884 -3.00112 33
      vertex 6.46188 -0.265372 33
      vertex 5.76218 -2.98038 33
    endloop
  endfacet
  facet normal 0 0 -1
    outer loop
      vertex 6.32755 -2.96188 33
      vertex 6.46716 -2.67878 33
      vertex 6.33668 -2.96675 33
    endloop
  endfacet
  facet normal 0 0 -1
    outer loop
      vertex 6.96076 0.598715 33
      vertex 6.94011 0.913683 33
      vertex 6.9711 0.599053 33
    endloop
  endfacet
  facet normal 0 0 -1
    outer loop
      vertex 6.92168 0.594867 33
      vertex 6.94011 0.913683 33
      vertex 6.96076 0.598715 33
    endloop
  endfacet
  facet normal 0 0 -1
    outer loop
      vertex 6.88295 0.58847 33
      vertex 6.94011 0.913683 33
      vertex 6.92168 0.594867 33
    endloop
  endfacet
  facet normal 0 0 -1
    outer loop
      vertex 6.84471 0.579555 33
      vertex 6.94011 0.913683 33
      vertex 6.88295 0.58847 33
    endloop
  endfacet
  facet normal 0 0 -1
    outer loop
      vertex 6.80714 0.568157 33
      vertex 6.94011 0.913683 33
      vertex 6.84471 0.579555 33
    endloop
  endfacet
  facet normal 0 0 -1
    outer loop
      vertex 6.77039 0.554327 33
      vertex 6.94011 0.913683 33
      vertex 6.80714 0.568157 33
    endloop
  endfacet
  facet normal 0 0 -1
    outer loop
      vertex 6.73463 0.538123 33
      vertex 6.94011 0.913683 33
      vertex 6.77039 0.554327 33
    endloop
  endfacet
  facet normal 0 0 -1
    outer loop
      vertex 6.7 0.519615 33
      vertex 6.94011 0.913683 33
      vertex 6.73463 0.538123 33
    endloop
  endfacet
  facet normal 0 0 -1
    outer loop
      vertex 6.66666 0.498881 33
      vertex 6.94011 0.913683 33
      vertex 6.7 0.519615 33
    endloop
  endfacet
  facet normal -0 0 -1
    outer loop
      vertex 6.94011 0.913683 33
      vertex 6.66666 0.498881 33
      vertex 6.8655 1.36563 33
    endloop
  endfacet
  facet normal 0 0 -1
    outer loop
      vertex 6.63474 0.476011 33
      vertex 6.8655 1.36563 33
      vertex 6.66666 0.498881 33
    endloop
  endfacet
  facet normal 0 0 -1
    outer loop
      vertex 6.60439 0.451103 33
      vertex 6.8655 1.36563 33
      vertex 6.63474 0.476011 33
    endloop
  endfacet
  facet normal 0 0 -1
    outer loop
      vertex 6.57574 0.424264 33
      vertex 6.8655 1.36563 33
      vertex 6.60439 0.451103 33
    endloop
  endfacet
  facet normal 0 0 -1
    outer loop
      vertex 6.5489 0.395607 33
      vertex 6.8655 1.36563 33
      vertex 6.57574 0.424264 33
    endloop
  endfacet
  facet normal -0 0 -1
    outer loop
      vertex 6.8655 1.36563 33
      vertex 6.5489 0.395607 33
      vertex 6.76148 1.81173 33
    endloop
  endfacet
  facet normal 0 0 -1
    outer loop
      vertex 6.52399 0.365256 33
      vertex 6.76148 1.81173 33
      vertex 6.5489 0.395607 33
    endloop
  endfacet
  facet normal 0 0 -1
    outer loop
      vertex 6.50112 0.333342 33
      vertex 6.76148 1.81173 33
      vertex 6.52399 0.365256 33
    endloop
  endfacet
  facet normal 0 0 -1
    outer loop
      vertex 5.7968 2.96188 33
      vertex 6.76148 1.81173 33
      vertex 6.50112 0.333342 33
    endloop
  endfacet
  facet normal 0 0 -1
    outer loop
      vertex 5.7968 2.96188 33
      vertex 6.50112 0.333342 33
      vertex 6.48038 0.299999 33
    endloop
  endfacet
  facet normal -0 -0 -1
    outer loop
      vertex 5.86931 2.93184 33
      vertex 6.76148 1.81173 33
      vertex 5.83257 2.94567 33
    endloop
  endfacet
  facet normal 0 0 -1
    outer loop
      vertex 5.76218 2.98038 33
      vertex 6.48038 0.299999 33
      vertex 6.46188 0.265372 33
    endloop
  endfacet
  facet normal 0 0 -1
    outer loop
      vertex 6.42044 0.155291 33
      vertex 2.45196 0.487725 33
      vertex 6.43184 0.192863 33
    endloop
  endfacet
  facet normal 0 0 -1
    outer loop
      vertex 6.41153 0.117054 33
      vertex 2.47861 0.326315 33
      vertex 6.42044 0.155291 33
    endloop
  endfacet
  facet normal 0 0 -1
    outer loop
      vertex 2.47861 0.326315 33
      vertex 6.41153 0.117054 33
      vertex 2.49465 0.163507 33
    endloop
  endfacet
  facet normal 0 0 -1
    outer loop
      vertex 6.40513 0.0783148 33
      vertex 2.49465 0.163507 33
      vertex 6.41153 0.117054 33
    endloop
  endfacet
  facet normal 0 0 -1
    outer loop
      vertex 6.40128 0.0392418 33
      vertex 2.49465 0.163507 33
      vertex 6.40513 0.0783148 33
    endloop
  endfacet
  facet normal 0 0 -1
    outer loop
      vertex 2.49465 0.163507 33
      vertex 6.40128 0.0392418 33
      vertex 2.5 0 33
    endloop
  endfacet
  facet normal 0 0 -1
    outer loop
      vertex 2.5 0 33
      vertex 6.40128 0.0392418 33
      vertex 6.4 0 33
    endloop
  endfacet
  facet normal -0 -0 -1
    outer loop
      vertex 5.98386 2.90513 33
      vertex 6.62851 2.25008 33
      vertex 5.94512 2.91153 33
    endloop
  endfacet
  facet normal 0 0 -1
    outer loop
      vertex 6.29179 -2.94567 33
      vertex 6.46716 -2.67878 33
      vertex 6.32755 -2.96188 33
    endloop
  endfacet
  facet normal 0 0 -1
    outer loop
      vertex 6.25504 -2.93184 33
      vertex 6.46716 -2.67878 33
      vertex 6.29179 -2.94567 33
    endloop
  endfacet
  facet normal 0 0 -1
    outer loop
      vertex 6.46716 2.67878 33
      vertex 6.32755 2.96188 33
      vertex 6.33668 2.96675 33
    endloop
  endfacet
  facet normal 0 0 -1
    outer loop
      vertex 6.21747 -2.92044 33
      vertex 6.46716 -2.67878 33
      vertex 6.25504 -2.93184 33
    endloop
  endfacet
  facet normal 0 0 -1
    outer loop
      vertex 6.46716 2.67878 33
      vertex 6.29179 2.94567 33
      vertex 6.32755 2.96188 33
    endloop
  endfacet
  facet normal 0 0 -1
    outer loop
      vertex 6.17923 -2.91153 33
      vertex 6.46716 -2.67878 33
      vertex 6.21747 -2.92044 33
    endloop
  endfacet
  facet normal 0 0 -1
    outer loop
      vertex 6.46716 2.67878 33
      vertex 6.25504 2.93184 33
      vertex 6.29179 2.94567 33
    endloop
  endfacet
  facet normal 0 0 -1
    outer loop
      vertex 6.14049 -2.90513 33
      vertex 6.46716 -2.67878 33
      vertex 6.17923 -2.91153 33
    endloop
  endfacet
  facet normal 0 0 -1
    outer loop
      vertex 6.46716 2.67878 33
      vertex 6.21747 2.92044 33
      vertex 6.25504 2.93184 33
    endloop
  endfacet
  facet normal 0 0 -1
    outer loop
      vertex 6.10142 -2.90128 33
      vertex 6.46716 -2.67878 33
      vertex 6.14049 -2.90513 33
    endloop
  endfacet
  facet normal 0 0 -1
    outer loop
      vertex 6.46716 2.67878 33
      vertex 6.17923 2.91153 33
      vertex 6.21747 2.92044 33
    endloop
  endfacet
  facet normal 0 0 -1
    outer loop
      vertex 6.06218 -2.9 33
      vertex 6.46716 -2.67878 33
      vertex 6.10142 -2.90128 33
    endloop
  endfacet
  facet normal 0 0 -1
    outer loop
      vertex 6.46716 2.67878 33
      vertex 6.14049 2.90513 33
      vertex 6.17923 2.91153 33
    endloop
  endfacet
  facet normal 0 0 -1
    outer loop
      vertex 6.02294 -2.90128 33
      vertex 6.46716 -2.67878 33
      vertex 6.06218 -2.9 33
    endloop
  endfacet
  facet normal 0 0 -1
    outer loop
      vertex 6.46716 2.67878 33
      vertex 6.10142 2.90128 33
      vertex 6.14049 2.90513 33
    endloop
  endfacet
  facet normal 0 0 -1
    outer loop
      vertex 6.62851 -2.25008 33
      vertex 6.02294 -2.90128 33
      vertex 5.98386 -2.90513 33
    endloop
  endfacet
  facet normal 0 0 -1
    outer loop
      vertex 6.46716 2.67878 33
      vertex 6.06218 2.9 33
      vertex 6.10142 2.90128 33
    endloop
  endfacet
  facet normal 0 0 -1
    outer loop
      vertex 6.62851 -2.25008 33
      vertex 5.98386 -2.90513 33
      vertex 5.94512 -2.91153 33
    endloop
  endfacet
  facet normal 0 0 -1
    outer loop
      vertex 6.46716 2.67878 33
      vertex 6.02294 2.90128 33
      vertex 6.06218 2.9 33
    endloop
  endfacet
  facet normal -0 0 -1
    outer loop
      vertex 6.46188 -0.265372 33
      vertex 5.72884 -3.00112 33
      vertex 6.44567 -0.229609 33
    endloop
  endfacet
  facet normal 0 0 -1
    outer loop
      vertex 6.62851 2.25008 33
      vertex 6.02294 2.90128 33
      vertex 6.46716 2.67878 33
    endloop
  endfacet
  facet normal 0 0 -1
    outer loop
      vertex 5.69692 -3.02399 33
      vertex 6.44567 -0.229609 33
      vertex 5.72884 -3.00112 33
    endloop
  endfacet
  facet normal -0 -0 -1
    outer loop
      vertex 6.02294 2.90128 33
      vertex 6.62851 2.25008 33
      vertex 5.98386 2.90513 33
    endloop
  endfacet
  facet normal 0 0 -1
    outer loop
      vertex 2.5 0 33
      vertex 6.44567 -0.229609 33
      vertex 5.69692 -3.02399 33
    endloop
  endfacet
  facet normal 0 0 -1
    outer loop
      vertex 6.62851 2.25008 33
      vertex 5.90689 2.92044 33
      vertex 5.94512 2.91153 33
    endloop
  endfacet
  facet normal 0 0 -1
    outer loop
      vertex 2.5 0 33
      vertex 5.69692 -3.02399 33
      vertex 5.66657 -3.0489 33
    endloop
  endfacet
  facet normal 0 0 -1
    outer loop
      vertex 6.62851 2.25008 33
      vertex 5.86931 2.93184 33
      vertex 5.90689 2.92044 33
    endloop
  endfacet
  facet normal 0 0 -1
    outer loop
      vertex 6.44567 -0.229609 33
      vertex 2.5 0 33
      vertex 6.43184 -0.192863 33
    endloop
  endfacet
  facet normal 0 0 -1
    outer loop
      vertex 6.76148 1.81173 33
      vertex 5.86931 2.93184 33
      vertex 6.62851 2.25008 33
    endloop
  endfacet
  facet normal 0 0 -1
    outer loop
      vertex 2.5 0 33
      vertex 5.66657 -3.0489 33
      vertex 5.63791 -3.07574 33
    endloop
  endfacet
  facet normal 0 0 -1
    outer loop
      vertex 6.76148 1.81173 33
      vertex 5.7968 2.96188 33
      vertex 5.83257 2.94567 33
    endloop
  endfacet
  facet normal 0 0 -1
    outer loop
      vertex 6.43184 -0.192863 33
      vertex 2.5 0 33
      vertex 6.42044 -0.155291 33
    endloop
  endfacet
  facet normal 0 0 -1
    outer loop
      vertex 6.48038 0.299999 33
      vertex 5.76218 2.98038 33
      vertex 5.7968 2.96188 33
    endloop
  endfacet
  facet normal 0 0 -1
    outer loop
      vertex 2.5 0 33
      vertex 5.63791 -3.07574 33
      vertex 5.61107 -3.10439 33
    endloop
  endfacet
  facet normal 0 0 -1
    outer loop
      vertex 6.46188 0.265372 33
      vertex 5.72884 3.00112 33
      vertex 5.76218 2.98038 33
    endloop
  endfacet
  facet normal 0 0 -1
    outer loop
      vertex 6.42044 -0.155291 33
      vertex 2.5 0 33
      vertex 6.41153 -0.117054 33
    endloop
  endfacet
  facet normal 0 0 -1
    outer loop
      vertex 6.43184 0.192863 33
      vertex 2.45196 0.487725 33
      vertex 6.44567 0.229609 33
    endloop
  endfacet
  facet normal 0 0 -1
    outer loop
      vertex 2.5 0 33
      vertex 5.61107 -3.10439 33
      vertex 5.58617 -3.13474 33
    endloop
  endfacet
  facet normal 0 0 -1
    outer loop
      vertex 2.45196 0.487725 33
      vertex 6.42044 0.155291 33
      vertex 2.47861 0.326315 33
    endloop
  endfacet
  facet normal 0 0 -1
    outer loop
      vertex 6.41153 -0.117054 33
      vertex 2.5 0 33
      vertex 6.40513 -0.0783148 33
    endloop
  endfacet
  facet normal 0 0 -1
    outer loop
      vertex 2.41481 0.647047 33
      vertex 6.44567 0.229609 33
      vertex 2.45196 0.487725 33
    endloop
  endfacet
  facet normal 0 0 -1
    outer loop
      vertex 2.5 0 33
      vertex 5.58617 -3.13474 33
      vertex 5.5633 -3.16666 33
    endloop
  endfacet
  facet normal 0 0 -1
    outer loop
      vertex 6.44567 0.229609 33
      vertex 2.41481 0.647047 33
      vertex 6.46188 0.265372 33
    endloop
  endfacet
  facet normal 0 0 -1
    outer loop
      vertex 6.40513 -0.0783148 33
      vertex 2.5 0 33
      vertex 6.40128 -0.0392418 33
    endloop
  endfacet
  facet normal 0 0 -1
    outer loop
      vertex 6.46188 0.265372 33
      vertex 2.41481 0.647047 33
      vertex 5.72884 3.00112 33
    endloop
  endfacet
  facet normal 0 0 -1
    outer loop
      vertex 2.5 0 33
      vertex 5.5633 -3.16666 33
      vertex 5.54256 -3.2 33
    endloop
  endfacet
  facet normal -0 0 -1
    outer loop
      vertex 5.72884 3.00112 33
      vertex 2.41481 0.647047 33
      vertex 5.69692 3.02399 33
    endloop
  endfacet
  facet normal 0 0 -1
    outer loop
      vertex 6.40128 -0.0392418 33
      vertex 2.5 0 33
      vertex 6.4 0 33
    endloop
  endfacet
  facet normal 0 0 -1
    outer loop
      vertex 2.36732 0.803598 33
      vertex 5.69692 3.02399 33
      vertex 2.41481 0.647047 33
    endloop
  endfacet
  facet normal 0 0 -1
    outer loop
      vertex 2.5 0 33
      vertex 3.30714 -5.49402 33
      vertex 3.27039 -5.50785 33
    endloop
  endfacet
  facet normal 0 0 -1
    outer loop
      vertex 5.49402 -3.30714 33
      vertex 2.5 0 33
      vertex 5.50785 -3.27039 33
    endloop
  endfacet
  facet normal 0 0 -1
    outer loop
      vertex 5.48262 -3.34471 33
      vertex 2.5 0 33
      vertex 5.49402 -3.30714 33
    endloop
  endfacet
  facet normal 0 0 -1
    outer loop
      vertex 2.5 0 33
      vertex 3.27039 -5.50785 33
      vertex 3.23463 -5.52405 33
    endloop
  endfacet
  facet normal 0 0 -1
    outer loop
      vertex 2.5 0 33
      vertex 3.34471 -5.48262 33
      vertex 3.30714 -5.49402 33
    endloop
  endfacet
  facet normal 0 0 -1
    outer loop
      vertex 5.50785 -3.27039 33
      vertex 2.5 0 33
      vertex 5.52405 -3.23463 33
    endloop
  endfacet
  facet normal 0 0 -1
    outer loop
      vertex 5.47371 -3.38295 33
      vertex 2.5 0 33
      vertex 5.48262 -3.34471 33
    endloop
  endfacet
  facet normal 0 0 -1
    outer loop
      vertex 2.5 0 33
      vertex 3.23463 -5.52405 33
      vertex 3.2 -5.54256 33
    endloop
  endfacet
  facet normal 0 0 -1
    outer loop
      vertex 2.5 0 33
      vertex 5.47371 -3.38295 33
      vertex 3.34471 -5.48262 33
    endloop
  endfacet
  facet normal 0 0 -1
    outer loop
      vertex 5.52405 -3.23463 33
      vertex 2.5 0 33
      vertex 5.54256 -3.2 33
    endloop
  endfacet
  facet normal 0 0 -1
    outer loop
      vertex 3.34471 -5.48262 33
      vertex 5.47371 -3.38295 33
      vertex 5.46731 -3.42168 33
    endloop
  endfacet
  facet normal -0 0 -1
    outer loop
      vertex 5.69692 3.02399 33
      vertex 2.36732 0.803598 33
      vertex 5.66657 3.0489 33
    endloop
  endfacet
  facet normal -0 0 -1
    outer loop
      vertex 5.46218 -3.5 33
      vertex 3.34471 -5.48262 33
      vertex 5.46346 -3.46076 33
    endloop
  endfacet
  facet normal -0 0 -1
    outer loop
      vertex 5.46346 -3.46076 33
      vertex 3.34471 -5.48262 33
      vertex 5.46731 -3.42168 33
    endloop
  endfacet
  facet normal -0 0 -1
    outer loop
      vertex 5.46346 -3.53924 33
      vertex 3.34471 -5.48262 33
      vertex 5.46218 -3.5 33
    endloop
  endfacet
  facet normal -0 0 -1
    outer loop
      vertex 5.66657 3.0489 33
      vertex 2.36732 0.803598 33
      vertex 5.63791 3.07574 33
    endloop
  endfacet
  facet normal 0 0 -1
    outer loop
      vertex 5.72884 3.99888 33
      vertex 5.55347 4.26133 33
      vertex 5.73762 4.00435 33
    endloop
  endfacet
  facet normal 0 0 -1
    outer loop
      vertex 5.69692 3.97601 33
      vertex 5.55347 4.26133 33
      vertex 5.72884 3.99888 33
    endloop
  endfacet
  facet normal 0 0 -1
    outer loop
      vertex 5.66657 3.9511 33
      vertex 5.55347 4.26133 33
      vertex 5.69692 3.97601 33
    endloop
  endfacet
  facet normal 0 0 -1
    outer loop
      vertex 5.63791 3.92426 33
      vertex 5.55347 4.26133 33
      vertex 5.66657 3.9511 33
    endloop
  endfacet
  facet normal 0 0 -1
    outer loop
      vertex 5.61107 3.89561 33
      vertex 5.55347 4.26133 33
      vertex 5.63791 3.92426 33
    endloop
  endfacet
  facet normal 0 0 -1
    outer loop
      vertex 5.58617 3.86526 33
      vertex 5.55347 4.26133 33
      vertex 5.61107 3.89561 33
    endloop
  endfacet
  facet normal 0 0 -1
    outer loop
      vertex 5.5633 3.83334 33
      vertex 5.55347 4.26133 33
      vertex 5.58617 3.86526 33
    endloop
  endfacet
  facet normal 0 0 -1
    outer loop
      vertex 5.54256 3.8 33
      vertex 5.55347 4.26133 33
      vertex 5.5633 3.83334 33
    endloop
  endfacet
  facet normal 0 0 -1
    outer loop
      vertex 5.52405 3.76537 33
      vertex 5.55347 4.26133 33
      vertex 5.54256 3.8 33
    endloop
  endfacet
  facet normal 0 0 -1
    outer loop
      vertex 5.26288 4.61542 33
      vertex 5.52405 3.76537 33
      vertex 5.50785 3.72961 33
    endloop
  endfacet
  facet normal 0 0 -1
    outer loop
      vertex 5.26288 4.61542 33
      vertex 5.50785 3.72961 33
      vertex 5.49402 3.69286 33
    endloop
  endfacet
  facet normal 0 0 -1
    outer loop
      vertex 5.26288 4.61542 33
      vertex 5.49402 3.69286 33
      vertex 5.48262 3.65529 33
    endloop
  endfacet
  facet normal 0 0 -1
    outer loop
      vertex 5.26288 4.61542 33
      vertex 5.48262 3.65529 33
      vertex 5.47371 3.61705 33
    endloop
  endfacet
  facet normal 0 0 -1
    outer loop
      vertex 4.94975 4.94975 33
      vertex 5.47371 3.61705 33
      vertex 5.46731 3.57831 33
    endloop
  endfacet
  facet normal 0 0 -1
    outer loop
      vertex 5.52405 3.76537 33
      vertex 5.26288 4.61542 33
      vertex 5.55347 4.26133 33
    endloop
  endfacet
  facet normal 0 0 -1
    outer loop
      vertex 4.94975 4.94975 33
      vertex 5.46731 3.57831 33
      vertex 5.46346 3.53924 33
    endloop
  endfacet
  facet normal 0 0 -1
    outer loop
      vertex 3.53924 5.46346 33
      vertex 5.46346 3.53924 33
      vertex 5.46218 3.5 33
    endloop
  endfacet
  facet normal 0 0 -1
    outer loop
      vertex 2.3097 0.956708 33
      vertex 5.63791 3.07574 33
      vertex 2.36732 0.803598 33
    endloop
  endfacet
  facet normal 0 0 -1
    outer loop
      vertex 3.5 -5.46218 33
      vertex 5.26288 -4.61542 33
      vertex 4.94975 -4.94975 33
    endloop
  endfacet
  facet normal 0 0 -1
    outer loop
      vertex 3.34471 -5.48262 33
      vertex 5.26288 -4.61542 33
      vertex 3.38295 -5.47371 33
    endloop
  endfacet
  facet normal 0 0 -1
    outer loop
      vertex 3.61705 -5.47371 33
      vertex 4.94975 -4.94975 33
      vertex 4.61542 -5.26288 33
    endloop
  endfacet
  facet normal 0 0 -1
    outer loop
      vertex 5.26288 -4.61542 33
      vertex 3.46076 -5.46346 33
      vertex 3.42168 -5.46731 33
    endloop
  endfacet
  facet normal 0 0 -1
    outer loop
      vertex 3.76537 -5.52405 33
      vertex 4.61542 -5.26288 33
      vertex 4.26133 -5.55347 33
    endloop
  endfacet
  facet normal 0 0 -1
    outer loop
      vertex 4.94975 -4.94975 33
      vertex 3.61705 -5.47371 33
      vertex 3.57831 -5.46731 33
    endloop
  endfacet
  facet normal 0 0 -1
    outer loop
      vertex 3.99888 -5.72884 33
      vertex 4.26133 -5.55347 33
      vertex 4.00435 -5.73762 33
    endloop
  endfacet
  facet normal 0 0 -1
    outer loop
      vertex 3.97601 -5.69692 33
      vertex 4.26133 -5.55347 33
      vertex 3.99888 -5.72884 33
    endloop
  endfacet
  facet normal 0 0 -1
    outer loop
      vertex 3.9511 -5.66657 33
      vertex 4.26133 -5.55347 33
      vertex 3.97601 -5.69692 33
    endloop
  endfacet
  facet normal 0 0 -1
    outer loop
      vertex 4.26133 5.55347 33
      vertex 3.99888 5.72884 33
      vertex 4.00435 5.73762 33
    endloop
  endfacet
  facet normal 0 0 -1
    outer loop
      vertex 3.92426 -5.63791 33
      vertex 4.26133 -5.55347 33
      vertex 3.9511 -5.66657 33
    endloop
  endfacet
  facet normal 0 0 -1
    outer loop
      vertex 4.26133 5.55347 33
      vertex 3.97601 5.69692 33
      vertex 3.99888 5.72884 33
    endloop
  endfacet
  facet normal 0 0 -1
    outer loop
      vertex 3.89561 -5.61107 33
      vertex 4.26133 -5.55347 33
      vertex 3.92426 -5.63791 33
    endloop
  endfacet
  facet normal 0 0 -1
    outer loop
      vertex 4.26133 5.55347 33
      vertex 3.9511 5.66657 33
      vertex 3.97601 5.69692 33
    endloop
  endfacet
  facet normal 0 0 -1
    outer loop
      vertex 3.86526 -5.58617 33
      vertex 4.26133 -5.55347 33
      vertex 3.89561 -5.61107 33
    endloop
  endfacet
  facet normal 0 0 -1
    outer loop
      vertex 4.26133 5.55347 33
      vertex 3.92426 5.63791 33
      vertex 3.9511 5.66657 33
    endloop
  endfacet
  facet normal 0 0 -1
    outer loop
      vertex 3.83334 -5.5633 33
      vertex 4.26133 -5.55347 33
      vertex 3.86526 -5.58617 33
    endloop
  endfacet
  facet normal 0 0 -1
    outer loop
      vertex 4.26133 5.55347 33
      vertex 3.89561 5.61107 33
      vertex 3.92426 5.63791 33
    endloop
  endfacet
  facet normal 0 0 -1
    outer loop
      vertex 3.8 -5.54256 33
      vertex 4.26133 -5.55347 33
      vertex 3.83334 -5.5633 33
    endloop
  endfacet
  facet normal 0 0 -1
    outer loop
      vertex 4.26133 5.55347 33
      vertex 3.86526 5.58617 33
      vertex 3.89561 5.61107 33
    endloop
  endfacet
  facet normal 0 0 -1
    outer loop
      vertex 3.76537 -5.52405 33
      vertex 4.26133 -5.55347 33
      vertex 3.8 -5.54256 33
    endloop
  endfacet
  facet normal 0 0 -1
    outer loop
      vertex 4.26133 5.55347 33
      vertex 3.83334 5.5633 33
      vertex 3.86526 5.58617 33
    endloop
  endfacet
  facet normal 0 0 -1
    outer loop
      vertex 4.61542 -5.26288 33
      vertex 3.76537 -5.52405 33
      vertex 3.72961 -5.50785 33
    endloop
  endfacet
  facet normal -0 0 -1
    outer loop
      vertex 4.26133 5.55347 33
      vertex 3.8 5.54256 33
      vertex 3.83334 5.5633 33
    endloop
  endfacet
  facet normal 0 0 -1
    outer loop
      vertex 4.61542 -5.26288 33
      vertex 3.72961 -5.50785 33
      vertex 3.69286 -5.49402 33
    endloop
  endfacet
  facet normal 0 0 -1
    outer loop
      vertex 4.26133 5.55347 33
      vertex 3.76537 5.52405 33
      vertex 3.8 5.54256 33
    endloop
  endfacet
  facet normal 0 0 -1
    outer loop
      vertex 4.61542 -5.26288 33
      vertex 3.69286 -5.49402 33
      vertex 3.65529 -5.48262 33
    endloop
  endfacet
  facet normal 0 0 -1
    outer loop
      vertex 4.61542 5.26288 33
      vertex 3.76537 5.52405 33
      vertex 4.26133 5.55347 33
    endloop
  endfacet
  facet normal 0 0 -1
    outer loop
      vertex 4.61542 -5.26288 33
      vertex 3.65529 -5.48262 33
      vertex 3.61705 -5.47371 33
    endloop
  endfacet
  facet normal 0 -0 -1
    outer loop
      vertex 3.76537 5.52405 33
      vertex 4.61542 5.26288 33
      vertex 3.72961 5.50785 33
    endloop
  endfacet
  facet normal 0 0 -1
    outer loop
      vertex 4.94975 -4.94975 33
      vertex 3.57831 -5.46731 33
      vertex 3.53924 -5.46346 33
    endloop
  endfacet
  facet normal 0 -0 -1
    outer loop
      vertex 3.72961 5.50785 33
      vertex 4.61542 5.26288 33
      vertex 3.69286 5.49402 33
    endloop
  endfacet
  facet normal 0 -0 -1
    outer loop
      vertex 3.65529 5.48262 33
      vertex 4.61542 5.26288 33
      vertex 3.61705 5.47371 33
    endloop
  endfacet
  facet normal 0 -0 -1
    outer loop
      vertex 3.69286 5.49402 33
      vertex 4.61542 5.26288 33
      vertex 3.65529 5.48262 33
    endloop
  endfacet
  facet normal 0 0 -1
    outer loop
      vertex 4.94975 -4.94975 33
      vertex 3.53924 -5.46346 33
      vertex 3.5 -5.46218 33
    endloop
  endfacet
  facet normal 0 0 -1
    outer loop
      vertex 4.94975 4.94975 33
      vertex 3.61705 5.47371 33
      vertex 4.61542 5.26288 33
    endloop
  endfacet
  facet normal 0 0 -1
    outer loop
      vertex 5.26288 -4.61542 33
      vertex 3.5 -5.46218 33
      vertex 3.46076 -5.46346 33
    endloop
  endfacet
  facet normal 0 -0 -1
    outer loop
      vertex 3.61705 5.47371 33
      vertex 4.94975 4.94975 33
      vertex 3.57831 5.46731 33
    endloop
  endfacet
  facet normal 0 0 -1
    outer loop
      vertex 5.26288 -4.61542 33
      vertex 3.42168 -5.46731 33
      vertex 3.38295 -5.47371 33
    endloop
  endfacet
  facet normal 0 -0 -1
    outer loop
      vertex 3.57831 5.46731 33
      vertex 4.94975 4.94975 33
      vertex 3.53924 5.46346 33
    endloop
  endfacet
  facet normal 0 0 -1
    outer loop
      vertex 5.47371 3.61705 33
      vertex 4.94975 4.94975 33
      vertex 5.26288 4.61542 33
    endloop
  endfacet
  facet normal 0 0 -1
    outer loop
      vertex 5.46346 3.53924 33
      vertex 3.53924 5.46346 33
      vertex 4.94975 4.94975 33
    endloop
  endfacet
  facet normal -0 0 -1
    outer loop
      vertex 5.54256 3.2 33
      vertex 2.16506 1.25 33
      vertex 5.52405 3.23463 33
    endloop
  endfacet
  facet normal 0 -0 -1
    outer loop
      vertex 3.53924 5.46346 33
      vertex 5.46218 3.5 33
      vertex 3.5 5.46218 33
    endloop
  endfacet
  facet normal 0 0 -1
    outer loop
      vertex 5.46346 3.46076 33
      vertex 3.46076 5.46346 33
      vertex 5.46218 3.5 33
    endloop
  endfacet
  facet normal -0 -0 -1
    outer loop
      vertex 3.5 5.46218 33
      vertex 5.46218 3.5 33
      vertex 3.46076 5.46346 33
    endloop
  endfacet
  facet normal -0 0 -1
    outer loop
      vertex 5.48262 3.34471 33
      vertex 1.8796 1.64836 33
      vertex 5.47371 3.38295 33
    endloop
  endfacet
  facet normal -0 0 -1
    outer loop
      vertex 5.47371 3.38295 33
      vertex 1.8796 1.64836 33
      vertex 5.46731 3.42168 33
    endloop
  endfacet
  facet normal -0 0 -1
    outer loop
      vertex 5.63791 3.07574 33
      vertex 2.3097 0.956708 33
      vertex 5.61107 3.10439 33
    endloop
  endfacet
  facet normal -0 0 -1
    outer loop
      vertex 5.52405 3.23463 33
      vertex 2.07867 1.38893 33
      vertex 5.50785 3.27039 33
    endloop
  endfacet
  facet normal 0 0 -1
    outer loop
      vertex 2.16506 1.25 33
      vertex 5.5633 3.16666 33
      vertex 2.24218 1.10572 33
    endloop
  endfacet
  facet normal 0 0 -1
    outer loop
      vertex 2.07867 1.38893 33
      vertex 5.52405 3.23463 33
      vertex 2.16506 1.25 33
    endloop
  endfacet
  facet normal 0 0 -1
    outer loop
      vertex 2.24218 1.10572 33
      vertex 5.58617 3.13474 33
      vertex 2.3097 0.956708 33
    endloop
  endfacet
  facet normal -0 0 -1
    outer loop
      vertex 5.58617 3.13474 33
      vertex 2.24218 1.10572 33
      vertex 5.5633 3.16666 33
    endloop
  endfacet
  facet normal -0 0 -1
    outer loop
      vertex 5.5633 3.16666 33
      vertex 2.16506 1.25 33
      vertex 5.54256 3.2 33
    endloop
  endfacet
  facet normal -0 0 -1
    outer loop
      vertex 5.61107 3.10439 33
      vertex 2.3097 0.956708 33
      vertex 5.58617 3.13474 33
    endloop
  endfacet
  facet normal 0 0 -1
    outer loop
      vertex 2.5 0 33
      vertex 3.2 -5.54256 33
      vertex 3.16666 -5.5633 33
    endloop
  endfacet
  facet normal 0 0 -1
    outer loop
      vertex 1.98338 1.5219 33
      vertex 5.49402 3.30714 33
      vertex 2.07867 1.38893 33
    endloop
  endfacet
  facet normal 0 0 -1
    outer loop
      vertex 2.5 0 33
      vertex 3.16666 -5.5633 33
      vertex 3.13474 -5.58617 33
    endloop
  endfacet
  facet normal -0 0 -1
    outer loop
      vertex 5.49402 3.30714 33
      vertex 1.98338 1.5219 33
      vertex 5.48262 3.34471 33
    endloop
  endfacet
  facet normal 0 0 -1
    outer loop
      vertex 2.5 0 33
      vertex 3.13474 -5.58617 33
      vertex 3.10439 -5.61107 33
    endloop
  endfacet
  facet normal 0 0 -1
    outer loop
      vertex 1.8796 1.64836 33
      vertex 5.48262 3.34471 33
      vertex 1.98338 1.5219 33
    endloop
  endfacet
  facet normal 0 0 -1
    outer loop
      vertex 2.5 0 33
      vertex 3.10439 -5.61107 33
      vertex 3.07574 -5.63791 33
    endloop
  endfacet
  facet normal 0 0 -1
    outer loop
      vertex 1.76777 1.76777 33
      vertex 5.46731 3.42168 33
      vertex 1.8796 1.64836 33
    endloop
  endfacet
  facet normal 0 0 -1
    outer loop
      vertex 2.5 0 33
      vertex 3.07574 -5.63791 33
      vertex 3.0489 -5.66657 33
    endloop
  endfacet
  facet normal -0 0 -1
    outer loop
      vertex 5.46731 3.42168 33
      vertex 1.76777 1.76777 33
      vertex 5.46346 3.46076 33
    endloop
  endfacet
  facet normal 0 0 -1
    outer loop
      vertex 2.5 0 33
      vertex 3.0489 -5.66657 33
      vertex 3.02399 -5.69692 33
    endloop
  endfacet
  facet normal -0 0 -1
    outer loop
      vertex 5.46346 3.46076 33
      vertex 1.76777 1.76777 33
      vertex 3.46076 5.46346 33
    endloop
  endfacet
  facet normal 0 0 -1
    outer loop
      vertex 2.5 0 33
      vertex 3.02399 -5.69692 33
      vertex 3.00112 -5.72884 33
    endloop
  endfacet
  facet normal -0 0 -1
    outer loop
      vertex 3.46076 5.46346 33
      vertex 1.76777 1.76777 33
      vertex 3.42168 5.46731 33
    endloop
  endfacet
  facet normal 0 0 -1
    outer loop
      vertex 2.5 0 33
      vertex 3.00112 -5.72884 33
      vertex 2.98038 -5.76218 33
    endloop
  endfacet
  facet normal 0 0 -1
    outer loop
      vertex 1.64836 1.8796 33
      vertex 3.42168 5.46731 33
      vertex 1.76777 1.76777 33
    endloop
  endfacet
  facet normal 0 0 -1
    outer loop
      vertex 2.5 0 33
      vertex 2.98038 -5.76218 33
      vertex 2.96188 -5.7968 33
    endloop
  endfacet
  facet normal -0 0 -1
    outer loop
      vertex 3.42168 5.46731 33
      vertex 1.64836 1.8796 33
      vertex 3.38295 5.47371 33
    endloop
  endfacet
  facet normal 0 0 -1
    outer loop
      vertex 2.5 0 33
      vertex 2.96188 -5.7968 33
      vertex 2.94567 -5.83257 33
    endloop
  endfacet
  facet normal -0 0 -1
    outer loop
      vertex 3.38295 5.47371 33
      vertex 1.64836 1.8796 33
      vertex 3.34471 5.48262 33
    endloop
  endfacet
  facet normal 0 0 -1
    outer loop
      vertex 2.67878 -6.46716 33
      vertex 2.94567 -5.83257 33
      vertex 2.93184 -5.86931 33
    endloop
  endfacet
  facet normal 0 0 -1
    outer loop
      vertex 2.5 0 33
      vertex 2.94567 -5.83257 33
      vertex 2.67878 -6.46716 33
    endloop
  endfacet
  facet normal 0 0 -1
    outer loop
      vertex 2.67878 -6.46716 33
      vertex 2.93184 -5.86931 33
      vertex 2.92044 -5.90689 33
    endloop
  endfacet
  facet normal 0 0 -1
    outer loop
      vertex 1.5219 1.98338 33
      vertex 3.34471 5.48262 33
      vertex 1.64836 1.8796 33
    endloop
  endfacet
  facet normal 0 0 -1
    outer loop
      vertex 2.67878 -6.46716 33
      vertex 2.92044 -5.90689 33
      vertex 2.91153 -5.94512 33
    endloop
  endfacet
  facet normal -0 0 -1
    outer loop
      vertex 3.34471 5.48262 33
      vertex 1.5219 1.98338 33
      vertex 3.30714 5.49402 33
    endloop
  endfacet
  facet normal 0 0 -1
    outer loop
      vertex 2.67878 -6.46716 33
      vertex 2.91153 -5.94512 33
      vertex 2.90513 -5.98386 33
    endloop
  endfacet
  facet normal -0 0 -1
    outer loop
      vertex 3.30714 5.49402 33
      vertex 1.5219 1.98338 33
      vertex 3.27039 5.50785 33
    endloop
  endfacet
  facet normal 0 0 -1
    outer loop
      vertex 2.67878 -6.46716 33
      vertex 2.90513 -5.98386 33
      vertex 2.90128 -6.02294 33
    endloop
  endfacet
  facet normal 0 0 -1
    outer loop
      vertex 1.38893 2.07867 33
      vertex 3.27039 5.50785 33
      vertex 1.5219 1.98338 33
    endloop
  endfacet
  facet normal 0 0 -1
    outer loop
      vertex 2.67878 -6.46716 33
      vertex 2.90128 -6.02294 33
      vertex 2.9 -6.06218 33
    endloop
  endfacet
  facet normal -0 0 -1
    outer loop
      vertex 3.27039 5.50785 33
      vertex 1.38893 2.07867 33
      vertex 3.23463 5.52405 33
    endloop
  endfacet
  facet normal 0 0 -1
    outer loop
      vertex 2.96188 6.32755 33
      vertex 2.67878 6.46716 33
      vertex 2.96675 6.33668 33
    endloop
  endfacet
  facet normal 0 0 -1
    outer loop
      vertex 2.94567 6.29179 33
      vertex 2.67878 6.46716 33
      vertex 2.96188 6.32755 33
    endloop
  endfacet
  facet normal 0 0 -1
    outer loop
      vertex 2.93184 6.25504 33
      vertex 2.67878 6.46716 33
      vertex 2.94567 6.29179 33
    endloop
  endfacet
  facet normal 0 0 -1
    outer loop
      vertex 2.92044 6.21747 33
      vertex 2.67878 6.46716 33
      vertex 2.93184 6.25504 33
    endloop
  endfacet
  facet normal 0 0 -1
    outer loop
      vertex 2.91153 6.17923 33
      vertex 2.67878 6.46716 33
      vertex 2.92044 6.21747 33
    endloop
  endfacet
  facet normal 0 0 -1
    outer loop
      vertex 2.90513 6.14049 33
      vertex 2.67878 6.46716 33
      vertex 2.91153 6.17923 33
    endloop
  endfacet
  facet normal 0 0 -1
    outer loop
      vertex 2.90128 6.10142 33
      vertex 2.67878 6.46716 33
      vertex 2.90513 6.14049 33
    endloop
  endfacet
  facet normal 0 0 -1
    outer loop
      vertex 2.9 6.06218 33
      vertex 2.67878 6.46716 33
      vertex 2.90128 6.10142 33
    endloop
  endfacet
  facet normal -0 0 -1
    outer loop
      vertex 3.23463 5.52405 33
      vertex 1.25 2.16506 33
      vertex 3.2 5.54256 33
    endloop
  endfacet
  facet normal -0 0 -1
    outer loop
      vertex 3.2 5.54256 33
      vertex 1.25 2.16506 33
      vertex 3.16666 5.5633 33
    endloop
  endfacet
  facet normal 0 0 -1
    outer loop
      vertex 2.67878 -6.46716 33
      vertex 2.49465 -0.163507 33
      vertex 2.5 0 33
    endloop
  endfacet
  facet normal 0 0 -1
    outer loop
      vertex 2.67878 -6.46716 33
      vertex 2.47861 -0.326315 33
      vertex 2.49465 -0.163507 33
    endloop
  endfacet
  facet normal 0 0 -1
    outer loop
      vertex 2.67878 -6.46716 33
      vertex 2.45196 -0.487725 33
      vertex 2.47861 -0.326315 33
    endloop
  endfacet
  facet normal 0 0 -1
    outer loop
      vertex 2.67878 -6.46716 33
      vertex 2.41481 -0.647047 33
      vertex 2.45196 -0.487725 33
    endloop
  endfacet
  facet normal 0 0 -1
    outer loop
      vertex 2.67878 -6.46716 33
      vertex 2.36732 -0.803598 33
      vertex 2.41481 -0.647047 33
    endloop
  endfacet
  facet normal 0 0 -1
    outer loop
      vertex 2.67878 -6.46716 33
      vertex 2.3097 -0.956708 33
      vertex 2.36732 -0.803598 33
    endloop
  endfacet
  facet normal 0 0 -1
    outer loop
      vertex 0.956708 -2.3097 33
      vertex 2.67878 -6.46716 33
      vertex 2.25008 -6.62851 33
    endloop
  endfacet
  facet normal 0 0 -1
    outer loop
      vertex 2.67878 -6.46716 33
      vertex 2.24218 -1.10572 33
      vertex 2.3097 -0.956708 33
    endloop
  endfacet
  facet normal 0 0 -1
    outer loop
      vertex 2.67878 -6.46716 33
      vertex 2.16506 -1.25 33
      vertex 2.24218 -1.10572 33
    endloop
  endfacet
  facet normal 0 0 -1
    outer loop
      vertex 2.67878 -6.46716 33
      vertex 2.07867 -1.38893 33
      vertex 2.16506 -1.25 33
    endloop
  endfacet
  facet normal 0 0 -1
    outer loop
      vertex 2.67878 -6.46716 33
      vertex 1.98338 -1.5219 33
      vertex 2.07867 -1.38893 33
    endloop
  endfacet
  facet normal 0 0 -1
    outer loop
      vertex 2.67878 -6.46716 33
      vertex 1.8796 -1.64836 33
      vertex 1.98338 -1.5219 33
    endloop
  endfacet
  facet normal 0 0 -1
    outer loop
      vertex 0.299999 -6.48038 33
      vertex 2.25008 -6.62851 33
      vertex 1.81173 -6.76148 33
    endloop
  endfacet
  facet normal 0 0 -1
    outer loop
      vertex 2.67878 -6.46716 33
      vertex 1.76777 -1.76777 33
      vertex 1.8796 -1.64836 33
    endloop
  endfacet
  facet normal 0 0 -1
    outer loop
      vertex 2.67878 -6.46716 33
      vertex 1.64836 -1.8796 33
      vertex 1.76777 -1.76777 33
    endloop
  endfacet
  facet normal 0 0 -1
    outer loop
      vertex 2.67878 -6.46716 33
      vertex 1.5219 -1.98338 33
      vertex 1.64836 -1.8796 33
    endloop
  endfacet
  facet normal 0 0 -1
    outer loop
      vertex 2.67878 -6.46716 33
      vertex 1.38893 -2.07867 33
      vertex 1.5219 -1.98338 33
    endloop
  endfacet
  facet normal 0 0 -1
    outer loop
      vertex 0.395607 -6.5489 33
      vertex 1.81173 -6.76148 33
      vertex 1.36563 -6.8655 33
    endloop
  endfacet
  facet normal 0 0 -1
    outer loop
      vertex 2.67878 -6.46716 33
      vertex 1.25 -2.16506 33
      vertex 1.38893 -2.07867 33
    endloop
  endfacet
  facet normal 0 0 -1
    outer loop
      vertex 2.67878 -6.46716 33
      vertex 1.10572 -2.24218 33
      vertex 1.25 -2.16506 33
    endloop
  endfacet
  facet normal 0 0 -1
    outer loop
      vertex 2.67878 -6.46716 33
      vertex 0.956708 -2.3097 33
      vertex 1.10572 -2.24218 33
    endloop
  endfacet
  facet normal 0 0 -1
    outer loop
      vertex 0.498881 -6.66666 33
      vertex 1.36563 -6.8655 33
      vertex 0.913683 -6.94011 33
    endloop
  endfacet
  facet normal 0 0 -1
    outer loop
      vertex 0.395607 -6.5489 33
      vertex 1.36563 -6.8655 33
      vertex 0.424264 -6.57574 33
    endloop
  endfacet
  facet normal 0 0 -1
    outer loop
      vertex 1.81173 -6.76148 33
      vertex 0.395607 -6.5489 33
      vertex 0.365256 -6.52399 33
    endloop
  endfacet
  facet normal 0 0 -1
    outer loop
      vertex 0.598715 -6.96076 33
      vertex 0.913683 -6.94011 33
      vertex 0.599053 -6.9711 33
    endloop
  endfacet
  facet normal 0 0 -1
    outer loop
      vertex 0.594867 -6.92168 33
      vertex 0.913683 -6.94011 33
      vertex 0.598715 -6.96076 33
    endloop
  endfacet
  facet normal 0 0 -1
    outer loop
      vertex 0.58847 -6.88295 33
      vertex 0.913683 -6.94011 33
      vertex 0.594867 -6.92168 33
    endloop
  endfacet
  facet normal 0 0 -1
    outer loop
      vertex 0.579555 -6.84471 33
      vertex 0.913683 -6.94011 33
      vertex 0.58847 -6.88295 33
    endloop
  endfacet
  facet normal 0 0 -1
    outer loop
      vertex 0.568157 -6.80714 33
      vertex 0.913683 -6.94011 33
      vertex 0.579555 -6.84471 33
    endloop
  endfacet
  facet normal 0 0 -1
    outer loop
      vertex 0.554327 -6.77039 33
      vertex 0.913683 -6.94011 33
      vertex 0.568157 -6.80714 33
    endloop
  endfacet
  facet normal 0 0 -1
    outer loop
      vertex 0.538123 -6.73463 33
      vertex 0.913683 -6.94011 33
      vertex 0.554327 -6.77039 33
    endloop
  endfacet
  facet normal 0 0 -1
    outer loop
      vertex 0.519615 -6.7 33
      vertex 0.913683 -6.94011 33
      vertex 0.538123 -6.73463 33
    endloop
  endfacet
  facet normal 0 0 -1
    outer loop
      vertex 0.498881 -6.66666 33
      vertex 0.913683 -6.94011 33
      vertex 0.519615 -6.7 33
    endloop
  endfacet
  facet normal 0 0 -1
    outer loop
      vertex 1.36563 -6.8655 33
      vertex 0.498881 -6.66666 33
      vertex 0.476011 -6.63474 33
    endloop
  endfacet
  facet normal 0 0 -1
    outer loop
      vertex 1.36563 -6.8655 33
      vertex 0.476011 -6.63474 33
      vertex 0.451103 -6.60439 33
    endloop
  endfacet
  facet normal 0 0 -1
    outer loop
      vertex 1.36563 -6.8655 33
      vertex 0.451103 -6.60439 33
      vertex 0.424264 -6.57574 33
    endloop
  endfacet
  facet normal 0 0 -1
    outer loop
      vertex 1.81173 -6.76148 33
      vertex 0.365256 -6.52399 33
      vertex 0.333342 -6.50112 33
    endloop
  endfacet
  facet normal 0 0 -1
    outer loop
      vertex 2.25008 -6.62851 33
      vertex 0.803598 -2.36732 33
      vertex 0.956708 -2.3097 33
    endloop
  endfacet
  facet normal 0 0 -1
    outer loop
      vertex 0.299999 -6.48038 33
      vertex 1.81173 -6.76148 33
      vertex 0.333342 -6.50112 33
    endloop
  endfacet
  facet normal 0 0 -1
    outer loop
      vertex 2.25008 -6.62851 33
      vertex 0.299999 -6.48038 33
      vertex 0.803598 -2.36732 33
    endloop
  endfacet
  facet normal 0 0 -1
    outer loop
      vertex 0.803598 -2.36732 33
      vertex 0.299999 -6.48038 33
      vertex 0.647047 -2.41481 33
    endloop
  endfacet
  facet normal 0 0 -1
    outer loop
      vertex 0.265372 -6.46188 33
      vertex 0.647047 -2.41481 33
      vertex 0.299999 -6.48038 33
    endloop
  endfacet
  facet normal 0 0 -1
    outer loop
      vertex 0.229609 -6.44567 33
      vertex 0.647047 -2.41481 33
      vertex 0.265372 -6.46188 33
    endloop
  endfacet
  facet normal 0 0 -1
    outer loop
      vertex 0.647047 -2.41481 33
      vertex 0.229609 -6.44567 33
      vertex 0.487725 -2.45196 33
    endloop
  endfacet
  facet normal 0 0 -1
    outer loop
      vertex 0.192863 -6.43184 33
      vertex 0.487725 -2.45196 33
      vertex 0.229609 -6.44567 33
    endloop
  endfacet
  facet normal 0 0 -1
    outer loop
      vertex 0.155291 -6.42044 33
      vertex 0.487725 -2.45196 33
      vertex 0.192863 -6.43184 33
    endloop
  endfacet
  facet normal 0 0 -1
    outer loop
      vertex 0.487725 -2.45196 33
      vertex 0.155291 -6.42044 33
      vertex 0.326315 -2.47861 33
    endloop
  endfacet
  facet normal 0 0 -1
    outer loop
      vertex 0.117054 -6.41153 33
      vertex 0.326315 -2.47861 33
      vertex 0.155291 -6.42044 33
    endloop
  endfacet
  facet normal 0 0 -1
    outer loop
      vertex 0.326315 -2.47861 33
      vertex 0.117054 -6.41153 33
      vertex 0.163507 -2.49465 33
    endloop
  endfacet
  facet normal 0 0 -1
    outer loop
      vertex 0.0783148 -6.40513 33
      vertex 0.163507 -2.49465 33
      vertex 0.117054 -6.41153 33
    endloop
  endfacet
  facet normal 0 0 -1
    outer loop
      vertex 0.0392418 -6.40128 33
      vertex 0.163507 -2.49465 33
      vertex 0.0783148 -6.40513 33
    endloop
  endfacet
  facet normal 0 0 -1
    outer loop
      vertex 0 -2.5 33
      vertex 0.0392418 -6.40128 33
      vertex 0 -6.4 33
    endloop
  endfacet
  facet normal 0 0 -1
    outer loop
      vertex 0.0392418 -6.40128 33
      vertex 0 -2.5 33
      vertex 0.163507 -2.49465 33
    endloop
  endfacet
  facet normal 0 0 -1
    outer loop
      vertex -0.0392418 -6.40128 33
      vertex 0 -2.5 33
      vertex 0 -6.4 33
    endloop
  endfacet
  facet normal 0 0 -1
    outer loop
      vertex -0.163507 -2.49465 33
      vertex -0.0392418 -6.40128 33
      vertex -0.0783148 -6.40513 33
    endloop
  endfacet
  facet normal 0 0 -1
    outer loop
      vertex -0.163507 -2.49465 33
      vertex -0.0783148 -6.40513 33
      vertex -0.117054 -6.41153 33
    endloop
  endfacet
  facet normal 0 0 -1
    outer loop
      vertex -0.326315 -2.47861 33
      vertex -0.117054 -6.41153 33
      vertex -0.155291 -6.42044 33
    endloop
  endfacet
  facet normal 0 0 -1
    outer loop
      vertex -0.0392418 -6.40128 33
      vertex -0.163507 -2.49465 33
      vertex 0 -2.5 33
    endloop
  endfacet
  facet normal 0 0 -1
    outer loop
      vertex -0.487725 -2.45196 33
      vertex -0.155291 -6.42044 33
      vertex -0.192863 -6.43184 33
    endloop
  endfacet
  facet normal 0 0 -1
    outer loop
      vertex -0.487725 -2.45196 33
      vertex -0.192863 -6.43184 33
      vertex -0.229609 -6.44567 33
    endloop
  endfacet
  facet normal 0 0 -1
    outer loop
      vertex -0.647047 -2.41481 33
      vertex -0.229609 -6.44567 33
      vertex -0.265372 -6.46188 33
    endloop
  endfacet
  facet normal 0 0 -1
    outer loop
      vertex -3.00112 -5.72884 33
      vertex -0.265372 -6.46188 33
      vertex -0.299999 -6.48038 33
    endloop
  endfacet
  facet normal 0 0 -1
    outer loop
      vertex -0.117054 -6.41153 33
      vertex -0.326315 -2.47861 33
      vertex -0.163507 -2.49465 33
    endloop
  endfacet
  facet normal 0 0 -1
    outer loop
      vertex -2.98038 -5.76218 33
      vertex -0.299999 -6.48038 33
      vertex -0.333342 -6.50112 33
    endloop
  endfacet
  facet normal 0 0 -1
    outer loop
      vertex -1.81173 -6.76148 33
      vertex -0.333342 -6.50112 33
      vertex -0.365256 -6.52399 33
    endloop
  endfacet
  facet normal 0 0 -1
    outer loop
      vertex -1.81173 -6.76148 33
      vertex -0.365256 -6.52399 33
      vertex -0.395607 -6.5489 33
    endloop
  endfacet
  facet normal 0 0 -1
    outer loop
      vertex -1.36563 -6.8655 33
      vertex -0.395607 -6.5489 33
      vertex -0.424264 -6.57574 33
    endloop
  endfacet
  facet normal 0 0 -1
    outer loop
      vertex -1.36563 -6.8655 33
      vertex -0.424264 -6.57574 33
      vertex -0.451103 -6.60439 33
    endloop
  endfacet
  facet normal 0 0 -1
    outer loop
      vertex -1.36563 -6.8655 33
      vertex -0.451103 -6.60439 33
      vertex -0.476011 -6.63474 33
    endloop
  endfacet
  facet normal 0 0 -1
    outer loop
      vertex -0.155291 -6.42044 33
      vertex -0.487725 -2.45196 33
      vertex -0.326315 -2.47861 33
    endloop
  endfacet
  facet normal 0 0 -1
    outer loop
      vertex -1.36563 -6.8655 33
      vertex -0.476011 -6.63474 33
      vertex -0.498881 -6.66666 33
    endloop
  endfacet
  facet normal 0 0 -1
    outer loop
      vertex -0.913683 -6.94011 33
      vertex -0.498881 -6.66666 33
      vertex -0.519615 -6.7 33
    endloop
  endfacet
  facet normal 0 0 -1
    outer loop
      vertex -0.913683 -6.94011 33
      vertex -0.519615 -6.7 33
      vertex -0.538123 -6.73463 33
    endloop
  endfacet
  facet normal 0 0 -1
    outer loop
      vertex -0.913683 -6.94011 33
      vertex -0.538123 -6.73463 33
      vertex -0.554327 -6.77039 33
    endloop
  endfacet
  facet normal 0 0 -1
    outer loop
      vertex -0.913683 -6.94011 33
      vertex -0.554327 -6.77039 33
      vertex -0.568157 -6.80714 33
    endloop
  endfacet
  facet normal 0 0 -1
    outer loop
      vertex -0.913683 -6.94011 33
      vertex -0.568157 -6.80714 33
      vertex -0.579555 -6.84471 33
    endloop
  endfacet
  facet normal 0 0 -1
    outer loop
      vertex -0.913683 -6.94011 33
      vertex -0.579555 -6.84471 33
      vertex -0.58847 -6.88295 33
    endloop
  endfacet
  facet normal 0 0 -1
    outer loop
      vertex -0.913683 -6.94011 33
      vertex -0.58847 -6.88295 33
      vertex -0.594867 -6.92168 33
    endloop
  endfacet
  facet normal 0 0 -1
    outer loop
      vertex -0.913683 -6.94011 33
      vertex -0.594867 -6.92168 33
      vertex -0.598715 -6.96076 33
    endloop
  endfacet
  facet normal 0 0 -1
    outer loop
      vertex -0.913683 -6.94011 33
      vertex -0.598715 -6.96076 33
      vertex -0.599053 -6.9711 33
    endloop
  endfacet
  facet normal 0 0 -1
    outer loop
      vertex -0.498881 -6.66666 33
      vertex -0.913683 -6.94011 33
      vertex -1.36563 -6.8655 33
    endloop
  endfacet
  facet normal 0 0 -1
    outer loop
      vertex -0.395607 -6.5489 33
      vertex -1.36563 -6.8655 33
      vertex -1.81173 -6.76148 33
    endloop
  endfacet
  facet normal 0 0 -1
    outer loop
      vertex -0.299999 -6.48038 33
      vertex -2.98038 -5.76218 33
      vertex -3.00112 -5.72884 33
    endloop
  endfacet
  facet normal 0 0 -1
    outer loop
      vertex -0.229609 -6.44567 33
      vertex -0.647047 -2.41481 33
      vertex -0.487725 -2.45196 33
    endloop
  endfacet
  facet normal 0 0 -1
    outer loop
      vertex -0.265372 -6.46188 33
      vertex -3.00112 -5.72884 33
      vertex -0.647047 -2.41481 33
    endloop
  endfacet
  facet normal 0 0 -1
    outer loop
      vertex -3.02399 -5.69692 33
      vertex -0.647047 -2.41481 33
      vertex -3.00112 -5.72884 33
    endloop
  endfacet
  facet normal -0 0 -1
    outer loop
      vertex -0.647047 -2.41481 33
      vertex -3.02399 -5.69692 33
      vertex -0.803598 -2.36732 33
    endloop
  endfacet
  facet normal 0 0 -1
    outer loop
      vertex -3.0489 -5.66657 33
      vertex -0.803598 -2.36732 33
      vertex -3.02399 -5.69692 33
    endloop
  endfacet
  facet normal -0 0 -1
    outer loop
      vertex -0.803598 -2.36732 33
      vertex -3.07574 -5.63791 33
      vertex -0.956708 -2.3097 33
    endloop
  endfacet
  facet normal 0 0 -1
    outer loop
      vertex -3.10439 -5.61107 33
      vertex -0.956708 -2.3097 33
      vertex -3.07574 -5.63791 33
    endloop
  endfacet
  facet normal -0 0 -1
    outer loop
      vertex -0.956708 -2.3097 33
      vertex -3.10439 -5.61107 33
      vertex -1.10572 -2.24218 33
    endloop
  endfacet
  facet normal -0 0 -1
    outer loop
      vertex -0.333342 -6.50112 33
      vertex -1.81173 -6.76148 33
      vertex -2.96188 -5.7968 33
    endloop
  endfacet
  facet normal 0 0 -1
    outer loop
      vertex -3.13474 -5.58617 33
      vertex -1.10572 -2.24218 33
      vertex -3.10439 -5.61107 33
    endloop
  endfacet
  facet normal 0 0 -1
    outer loop
      vertex -3.16666 -5.5633 33
      vertex -1.10572 -2.24218 33
      vertex -3.13474 -5.58617 33
    endloop
  endfacet
  facet normal -0 0 -1
    outer loop
      vertex -1.10572 -2.24218 33
      vertex -3.16666 -5.5633 33
      vertex -1.25 -2.16506 33
    endloop
  endfacet
  facet normal 0 0 -1
    outer loop
      vertex -3.2 -5.54256 33
      vertex -1.25 -2.16506 33
      vertex -3.16666 -5.5633 33
    endloop
  endfacet
  facet normal 0 0 -1
    outer loop
      vertex -3.23463 -5.52405 33
      vertex -1.25 -2.16506 33
      vertex -3.2 -5.54256 33
    endloop
  endfacet
  facet normal 0 0 -1
    outer loop
      vertex -2.93184 -5.86931 33
      vertex -1.81173 -6.76148 33
      vertex -2.25008 -6.62851 33
    endloop
  endfacet
  facet normal 0 0 -1
    outer loop
      vertex -3.07574 -5.63791 33
      vertex -0.803598 -2.36732 33
      vertex -3.0489 -5.66657 33
    endloop
  endfacet
  facet normal -0 0 -1
    outer loop
      vertex -1.25 -2.16506 33
      vertex -3.23463 -5.52405 33
      vertex -1.38893 -2.07867 33
    endloop
  endfacet
  facet normal -0 0 -1
    outer loop
      vertex -1.38893 -2.07867 33
      vertex -3.27039 -5.50785 33
      vertex -1.5219 -1.98338 33
    endloop
  endfacet
  facet normal 0 0 -1
    outer loop
      vertex -3.30714 -5.49402 33
      vertex -1.5219 -1.98338 33
      vertex -3.27039 -5.50785 33
    endloop
  endfacet
  facet normal 0 0 -1
    outer loop
      vertex -3.34471 -5.48262 33
      vertex -1.5219 -1.98338 33
      vertex -3.30714 -5.49402 33
    endloop
  endfacet
  facet normal -0 0 -1
    outer loop
      vertex -1.5219 -1.98338 33
      vertex -3.34471 -5.48262 33
      vertex -1.64836 -1.8796 33
    endloop
  endfacet
  facet normal 0 0 -1
    outer loop
      vertex -1.81173 -6.76148 33
      vertex -2.93184 -5.86931 33
      vertex -2.94567 -5.83257 33
    endloop
  endfacet
  facet normal 0 0 -1
    outer loop
      vertex -2.93184 -5.86931 33
      vertex -2.25008 -6.62851 33
      vertex -2.67878 -6.46716 33
    endloop
  endfacet
  facet normal -0 0 -1
    outer loop
      vertex -2.07867 -1.38893 33
      vertex -5.52405 -3.23463 33
      vertex -2.16506 -1.25 33
    endloop
  endfacet
  facet normal 0 0 -1
    outer loop
      vertex -2.5 0 33
      vertex -5.46346 3.46076 33
      vertex -5.46218 3.5 33
    endloop
  endfacet
  facet normal 0 0 -1
    outer loop
      vertex -5.58617 -3.13474 33
      vertex -2.24218 -1.10572 33
      vertex -5.5633 -3.16666 33
    endloop
  endfacet
  facet normal 0 0 -1
    outer loop
      vertex -2.5 0 33
      vertex -5.46731 3.42168 33
      vertex -5.46346 3.46076 33
    endloop
  endfacet
  facet normal -0 0 -1
    outer loop
      vertex -2.24218 -1.10572 33
      vertex -5.58617 -3.13474 33
      vertex -2.3097 -0.956708 33
    endloop
  endfacet
  facet normal 0 0 -1
    outer loop
      vertex -2.5 0 33
      vertex -5.47371 3.38295 33
      vertex -5.46731 3.42168 33
    endloop
  endfacet
  facet normal 0 0 -1
    outer loop
      vertex -5.61107 -3.10439 33
      vertex -2.3097 -0.956708 33
      vertex -5.58617 -3.13474 33
    endloop
  endfacet
  facet normal 0 0 -1
    outer loop
      vertex -2.5 0 33
      vertex -5.48262 3.34471 33
      vertex -5.47371 3.38295 33
    endloop
  endfacet
  facet normal 0 0 -1
    outer loop
      vertex -5.63791 -3.07574 33
      vertex -2.3097 -0.956708 33
      vertex -5.61107 -3.10439 33
    endloop
  endfacet
  facet normal 0 0 -1
    outer loop
      vertex -2.5 0 33
      vertex -5.49402 3.30714 33
      vertex -5.48262 3.34471 33
    endloop
  endfacet
  facet normal -0 0 -1
    outer loop
      vertex -2.3097 -0.956708 33
      vertex -5.63791 -3.07574 33
      vertex -2.36732 -0.803598 33
    endloop
  endfacet
  facet normal 0 0 -1
    outer loop
      vertex -2.5 0 33
      vertex -5.50785 3.27039 33
      vertex -5.49402 3.30714 33
    endloop
  endfacet
  facet normal 0 0 -1
    outer loop
      vertex -5.66657 -3.0489 33
      vertex -2.36732 -0.803598 33
      vertex -5.63791 -3.07574 33
    endloop
  endfacet
  facet normal 0 0 -1
    outer loop
      vertex -2.5 0 33
      vertex -5.52405 3.23463 33
      vertex -5.50785 3.27039 33
    endloop
  endfacet
  facet normal 0 0 -1
    outer loop
      vertex -5.69692 -3.02399 33
      vertex -2.36732 -0.803598 33
      vertex -5.66657 -3.0489 33
    endloop
  endfacet
  facet normal 0 0 -1
    outer loop
      vertex -2.5 0 33
      vertex -5.54256 3.2 33
      vertex -5.52405 3.23463 33
    endloop
  endfacet
  facet normal -0 0 -1
    outer loop
      vertex -2.36732 -0.803598 33
      vertex -5.69692 -3.02399 33
      vertex -2.41481 -0.647047 33
    endloop
  endfacet
  facet normal 0 0 -1
    outer loop
      vertex -6.40128 0.0392418 33
      vertex -2.5 0 33
      vertex -6.4 0 33
    endloop
  endfacet
  facet normal 0 0 -1
    outer loop
      vertex -5.72884 -3.00112 33
      vertex -2.41481 -0.647047 33
      vertex -5.69692 -3.02399 33
    endloop
  endfacet
  facet normal 0 0 -1
    outer loop
      vertex -2.5 0 33
      vertex -5.5633 3.16666 33
      vertex -5.54256 3.2 33
    endloop
  endfacet
  facet normal 0 0 -1
    outer loop
      vertex -6.46188 -0.265372 33
      vertex -2.41481 -0.647047 33
      vertex -5.72884 -3.00112 33
    endloop
  endfacet
  facet normal 0 0 -1
    outer loop
      vertex -6.40513 0.0783148 33
      vertex -2.5 0 33
      vertex -6.40128 0.0392418 33
    endloop
  endfacet
  facet normal 0 -0 -1
    outer loop
      vertex -6.44567 -0.229609 33
      vertex -2.41481 -0.647047 33
      vertex -6.46188 -0.265372 33
    endloop
  endfacet
  facet normal 0 0 -1
    outer loop
      vertex -2.5 0 33
      vertex -5.58617 3.13474 33
      vertex -5.5633 3.16666 33
    endloop
  endfacet
  facet normal 0 0 -1
    outer loop
      vertex -2.41481 -0.647047 33
      vertex -6.44567 -0.229609 33
      vertex -2.45196 -0.487725 33
    endloop
  endfacet
  facet normal 0 0 -1
    outer loop
      vertex -6.41153 0.117054 33
      vertex -2.5 0 33
      vertex -6.40513 0.0783148 33
    endloop
  endfacet
  facet normal 0 0 -1
    outer loop
      vertex -2.45196 -0.487725 33
      vertex -6.42044 -0.155291 33
      vertex -2.47861 -0.326315 33
    endloop
  endfacet
  facet normal 0 0 -1
    outer loop
      vertex -2.5 0 33
      vertex -5.61107 3.10439 33
      vertex -5.58617 3.13474 33
    endloop
  endfacet
  facet normal 0 -0 -1
    outer loop
      vertex -6.43184 -0.192863 33
      vertex -2.45196 -0.487725 33
      vertex -6.44567 -0.229609 33
    endloop
  endfacet
  facet normal 0 0 -1
    outer loop
      vertex -6.42044 0.155291 33
      vertex -2.5 0 33
      vertex -6.41153 0.117054 33
    endloop
  endfacet
  facet normal 0 0 -1
    outer loop
      vertex -6.46188 -0.265372 33
      vertex -5.72884 -3.00112 33
      vertex -5.76218 -2.98038 33
    endloop
  endfacet
  facet normal 0 0 -1
    outer loop
      vertex -2.5 0 33
      vertex -5.63791 3.07574 33
      vertex -5.61107 3.10439 33
    endloop
  endfacet
  facet normal 0 0 -1
    outer loop
      vertex -6.48038 -0.299999 33
      vertex -5.76218 -2.98038 33
      vertex -5.7968 -2.96188 33
    endloop
  endfacet
  facet normal 0 0 -1
    outer loop
      vertex -6.43184 0.192863 33
      vertex -2.5 0 33
      vertex -6.42044 0.155291 33
    endloop
  endfacet
  facet normal 0 0 -1
    outer loop
      vertex -6.76148 -1.81173 33
      vertex -5.7968 -2.96188 33
      vertex -5.83257 -2.94567 33
    endloop
  endfacet
  facet normal 0 0 -1
    outer loop
      vertex -2.5 0 33
      vertex -5.66657 3.0489 33
      vertex -5.63791 3.07574 33
    endloop
  endfacet
  facet normal 0 0 -1
    outer loop
      vertex -6.76148 -1.81173 33
      vertex -5.83257 -2.94567 33
      vertex -5.86931 -2.93184 33
    endloop
  endfacet
  facet normal 0 0 -1
    outer loop
      vertex -6.44567 0.229609 33
      vertex -2.5 0 33
      vertex -6.43184 0.192863 33
    endloop
  endfacet
  facet normal 0 0 -1
    outer loop
      vertex -6.62851 -2.25008 33
      vertex -5.86931 -2.93184 33
      vertex -5.90689 -2.92044 33
    endloop
  endfacet
  facet normal 0 0 -1
    outer loop
      vertex -2.5 0 33
      vertex -5.69692 3.02399 33
      vertex -5.66657 3.0489 33
    endloop
  endfacet
  facet normal 0 0 -1
    outer loop
      vertex -6.62851 -2.25008 33
      vertex -5.90689 -2.92044 33
      vertex -5.94512 -2.91153 33
    endloop
  endfacet
  facet normal 0 0 -1
    outer loop
      vertex -2.5 0 33
      vertex -6.44567 0.229609 33
      vertex -5.69692 3.02399 33
    endloop
  endfacet
  facet normal 0 0 -1
    outer loop
      vertex -6.62851 -2.25008 33
      vertex -5.94512 -2.91153 33
      vertex -5.98386 -2.90513 33
    endloop
  endfacet
  facet normal 0 0 -1
    outer loop
      vertex -5.69692 3.02399 33
      vertex -6.44567 0.229609 33
      vertex -5.72884 3.00112 33
    endloop
  endfacet
  facet normal 0 0 -1
    outer loop
      vertex -6.62851 -2.25008 33
      vertex -5.98386 -2.90513 33
      vertex -6.02294 -2.90128 33
    endloop
  endfacet
  facet normal 0 0 -1
    outer loop
      vertex -6.46188 0.265372 33
      vertex -5.72884 3.00112 33
      vertex -6.44567 0.229609 33
    endloop
  endfacet
  facet normal 0 0 -1
    outer loop
      vertex -6.46716 -2.67878 33
      vertex -6.02294 -2.90128 33
      vertex -6.06218 -2.9 33
    endloop
  endfacet
  facet normal 0 0 -1
    outer loop
      vertex -5.72884 3.00112 33
      vertex -6.46188 0.265372 33
      vertex -5.76218 2.98038 33
    endloop
  endfacet
  facet normal 0 0 -1
    outer loop
      vertex -6.46716 -2.67878 33
      vertex -6.06218 -2.9 33
      vertex -6.10142 -2.90128 33
    endloop
  endfacet
  facet normal 0 0 -1
    outer loop
      vertex -6.48038 0.299999 33
      vertex -5.76218 2.98038 33
      vertex -6.46188 0.265372 33
    endloop
  endfacet
  facet normal 0 0 -1
    outer loop
      vertex -6.46716 -2.67878 33
      vertex -6.10142 -2.90128 33
      vertex -6.14049 -2.90513 33
    endloop
  endfacet
  facet normal 0 0 -1
    outer loop
      vertex -5.76218 2.98038 33
      vertex -6.48038 0.299999 33
      vertex -5.7968 2.96188 33
    endloop
  endfacet
  facet normal 0 0 -1
    outer loop
      vertex -6.46716 -2.67878 33
      vertex -6.14049 -2.90513 33
      vertex -6.17923 -2.91153 33
    endloop
  endfacet
  facet normal 0 0 -1
    outer loop
      vertex -6.50112 0.333342 33
      vertex -5.7968 2.96188 33
      vertex -6.48038 0.299999 33
    endloop
  endfacet
  facet normal 0 0 -1
    outer loop
      vertex -6.46716 -2.67878 33
      vertex -6.17923 -2.91153 33
      vertex -6.21747 -2.92044 33
    endloop
  endfacet
  facet normal 0 0 -1
    outer loop
      vertex -6.76148 1.81173 33
      vertex -5.7968 2.96188 33
      vertex -6.50112 0.333342 33
    endloop
  endfacet
  facet normal 0 0 -1
    outer loop
      vertex -6.46716 -2.67878 33
      vertex -6.21747 -2.92044 33
      vertex -6.25504 -2.93184 33
    endloop
  endfacet
  facet normal 0 0 -1
    outer loop
      vertex -5.7968 2.96188 33
      vertex -6.76148 1.81173 33
      vertex -5.83257 2.94567 33
    endloop
  endfacet
  facet normal 0 0 -1
    outer loop
      vertex -6.46716 -2.67878 33
      vertex -6.25504 -2.93184 33
      vertex -6.29179 -2.94567 33
    endloop
  endfacet
  facet normal 0 0 -1
    outer loop
      vertex -5.83257 2.94567 33
      vertex -6.76148 1.81173 33
      vertex -5.86931 2.93184 33
    endloop
  endfacet
  facet normal 0 0 -1
    outer loop
      vertex -6.46716 -2.67878 33
      vertex -6.29179 -2.94567 33
      vertex -6.32755 -2.96188 33
    endloop
  endfacet
  facet normal 0 -0 -1
    outer loop
      vertex -6.62851 2.25008 33
      vertex -5.86931 2.93184 33
      vertex -6.76148 1.81173 33
    endloop
  endfacet
  facet normal 0 0 -1
    outer loop
      vertex -6.46716 -2.67878 33
      vertex -6.32755 -2.96188 33
      vertex -6.33668 -2.96675 33
    endloop
  endfacet
  facet normal 0 0 -1
    outer loop
      vertex -5.86931 2.93184 33
      vertex -6.62851 2.25008 33
      vertex -5.90689 2.92044 33
    endloop
  endfacet
  facet normal 0 0 -1
    outer loop
      vertex -5.90689 2.92044 33
      vertex -6.62851 2.25008 33
      vertex -5.94512 2.91153 33
    endloop
  endfacet
  facet normal -0 0 -1
    outer loop
      vertex -2.5 0 33
      vertex -6.40128 -0.0392418 33
      vertex -6.4 0 33
    endloop
  endfacet
  facet normal 0 0 -1
    outer loop
      vertex -2.49465 -0.163507 33
      vertex -6.40128 -0.0392418 33
      vertex -2.5 0 33
    endloop
  endfacet
  facet normal 0 -0 -1
    outer loop
      vertex -6.40128 -0.0392418 33
      vertex -2.49465 -0.163507 33
      vertex -6.40513 -0.0783148 33
    endloop
  endfacet
  facet normal 0 -0 -1
    outer loop
      vertex -6.40513 -0.0783148 33
      vertex -2.49465 -0.163507 33
      vertex -6.41153 -0.117054 33
    endloop
  endfacet
  facet normal 0 0 -1
    outer loop
      vertex -2.47861 -0.326315 33
      vertex -6.41153 -0.117054 33
      vertex -2.49465 -0.163507 33
    endloop
  endfacet
  facet normal 0 -0 -1
    outer loop
      vertex -6.41153 -0.117054 33
      vertex -2.47861 -0.326315 33
      vertex -6.42044 -0.155291 33
    endloop
  endfacet
  facet normal 0 0 -1
    outer loop
      vertex -6.02294 -2.90128 33
      vertex -6.46716 -2.67878 33
      vertex -6.62851 -2.25008 33
    endloop
  endfacet
  facet normal 0 -0 -1
    outer loop
      vertex -6.42044 -0.155291 33
      vertex -2.45196 -0.487725 33
      vertex -6.43184 -0.192863 33
    endloop
  endfacet
  facet normal 0 0 -1
    outer loop
      vertex -5.86931 -2.93184 33
      vertex -6.62851 -2.25008 33
      vertex -6.76148 -1.81173 33
    endloop
  endfacet
  facet normal 0 0 -1
    outer loop
      vertex -5.76218 -2.98038 33
      vertex -6.48038 -0.299999 33
      vertex -6.46188 -0.265372 33
    endloop
  endfacet
  facet normal 0 0 -1
    outer loop
      vertex -5.7968 -2.96188 33
      vertex -6.76148 -1.81173 33
      vertex -6.50112 -0.333342 33
    endloop
  endfacet
  facet normal 0 0 -1
    outer loop
      vertex -5.7968 -2.96188 33
      vertex -6.50112 -0.333342 33
      vertex -6.48038 -0.299999 33
    endloop
  endfacet
  facet normal 0 0 -1
    outer loop
      vertex -6.50112 -0.333342 33
      vertex -6.76148 -1.81173 33
      vertex -6.52399 -0.365256 33
    endloop
  endfacet
  facet normal 0 0 -1
    outer loop
      vertex -6.52399 -0.365256 33
      vertex -6.76148 -1.81173 33
      vertex -6.5489 -0.395607 33
    endloop
  endfacet
  facet normal 0 0 -1
    outer loop
      vertex -6.8655 -1.36563 33
      vertex -6.5489 -0.395607 33
      vertex -6.76148 -1.81173 33
    endloop
  endfacet
  facet normal 0 0 -1
    outer loop
      vertex -6.5489 -0.395607 33
      vertex -6.8655 -1.36563 33
      vertex -6.57574 -0.424264 33
    endloop
  endfacet
  facet normal 0 0 -1
    outer loop
      vertex -6.57574 -0.424264 33
      vertex -6.8655 -1.36563 33
      vertex -6.60439 -0.451103 33
    endloop
  endfacet
  facet normal 0 0 -1
    outer loop
      vertex -6.60439 -0.451103 33
      vertex -6.8655 -1.36563 33
      vertex -6.63474 -0.476011 33
    endloop
  endfacet
  facet normal 0 0 -1
    outer loop
      vertex -6.63474 -0.476011 33
      vertex -6.8655 -1.36563 33
      vertex -6.66666 -0.498881 33
    endloop
  endfacet
  facet normal 0 0 -1
    outer loop
      vertex -6.94011 -0.913683 33
      vertex -6.66666 -0.498881 33
      vertex -6.8655 -1.36563 33
    endloop
  endfacet
  facet normal 0 0 -1
    outer loop
      vertex -6.66666 -0.498881 33
      vertex -6.94011 -0.913683 33
      vertex -6.7 -0.519615 33
    endloop
  endfacet
  facet normal 0 0 -1
    outer loop
      vertex -6.7 -0.519615 33
      vertex -6.94011 -0.913683 33
      vertex -6.73463 -0.538123 33
    endloop
  endfacet
  facet normal 0 0 -1
    outer loop
      vertex -6.73463 -0.538123 33
      vertex -6.94011 -0.913683 33
      vertex -6.77039 -0.554327 33
    endloop
  endfacet
  facet normal 0 0 -1
    outer loop
      vertex -6.77039 -0.554327 33
      vertex -6.94011 -0.913683 33
      vertex -6.80714 -0.568157 33
    endloop
  endfacet
  facet normal 0 0 -1
    outer loop
      vertex -6.80714 -0.568157 33
      vertex -6.94011 -0.913683 33
      vertex -6.84471 -0.579555 33
    endloop
  endfacet
  facet normal 0 0 -1
    outer loop
      vertex -6.84471 -0.579555 33
      vertex -6.94011 -0.913683 33
      vertex -6.88295 -0.58847 33
    endloop
  endfacet
  facet normal 0 0 -1
    outer loop
      vertex -6.88295 -0.58847 33
      vertex -6.94011 -0.913683 33
      vertex -6.92168 -0.594867 33
    endloop
  endfacet
  facet normal 0 0 -1
    outer loop
      vertex -6.94011 -0.913683 33
      vertex -6.96076 -0.598715 33
      vertex -6.92168 -0.594867 33
    endloop
  endfacet
  facet normal 0 -0 -1
    outer loop
      vertex -6.96076 -0.598715 33
      vertex -6.94011 -0.913683 33
      vertex -6.9711 -0.599053 33
    endloop
  endfacet
  facet normal 0 0 -1
    outer loop
      vertex -2.91153 -5.94512 33
      vertex -2.67878 -6.46716 33
      vertex -2.90513 -5.98386 33
    endloop
  endfacet
  facet normal 0 0 -1
    outer loop
      vertex -2.5 0 33
      vertex -2.90128 6.02294 33
      vertex -2.9 6.06218 33
    endloop
  endfacet
  facet normal 0 0 -1
    outer loop
      vertex -2.92044 -5.90689 33
      vertex -2.67878 -6.46716 33
      vertex -2.91153 -5.94512 33
    endloop
  endfacet
  facet normal 0 0 -1
    outer loop
      vertex -2.5 0 33
      vertex -2.90513 5.98386 33
      vertex -2.90128 6.02294 33
    endloop
  endfacet
  facet normal 0 0 -1
    outer loop
      vertex -2.93184 -5.86931 33
      vertex -2.67878 -6.46716 33
      vertex -2.92044 -5.90689 33
    endloop
  endfacet
  facet normal 0 0 -1
    outer loop
      vertex -2.5 0 33
      vertex -2.91153 5.94512 33
      vertex -2.90513 5.98386 33
    endloop
  endfacet
  facet normal 0 0 -1
    outer loop
      vertex -1.81173 -6.76148 33
      vertex -2.94567 -5.83257 33
      vertex -2.96188 -5.7968 33
    endloop
  endfacet
  facet normal 0 0 -1
    outer loop
      vertex -2.5 0 33
      vertex -2.92044 5.90689 33
      vertex -2.91153 5.94512 33
    endloop
  endfacet
  facet normal 0 0 -1
    outer loop
      vertex -0.333342 -6.50112 33
      vertex -2.96188 -5.7968 33
      vertex -2.98038 -5.76218 33
    endloop
  endfacet
  facet normal 0 0 -1
    outer loop
      vertex -2.5 0 33
      vertex -2.93184 5.86931 33
      vertex -2.92044 5.90689 33
    endloop
  endfacet
  facet normal 0 0 -1
    outer loop
      vertex -3.27039 -5.50785 33
      vertex -1.38893 -2.07867 33
      vertex -3.23463 -5.52405 33
    endloop
  endfacet
  facet normal 0 0 -1
    outer loop
      vertex -2.5 0 33
      vertex -2.94567 5.83257 33
      vertex -2.93184 5.86931 33
    endloop
  endfacet
  facet normal 0 0 -1
    outer loop
      vertex -3.38295 -5.47371 33
      vertex -1.64836 -1.8796 33
      vertex -3.34471 -5.48262 33
    endloop
  endfacet
  facet normal 0 0 -1
    outer loop
      vertex -2.5 0 33
      vertex -2.96188 5.7968 33
      vertex -2.94567 5.83257 33
    endloop
  endfacet
  facet normal 0 0 -1
    outer loop
      vertex -3.42168 -5.46731 33
      vertex -1.64836 -1.8796 33
      vertex -3.38295 -5.47371 33
    endloop
  endfacet
  facet normal 0 0 -1
    outer loop
      vertex -2.5 0 33
      vertex -2.98038 5.76218 33
      vertex -2.96188 5.7968 33
    endloop
  endfacet
  facet normal -0 0 -1
    outer loop
      vertex -1.64836 -1.8796 33
      vertex -3.42168 -5.46731 33
      vertex -1.76777 -1.76777 33
    endloop
  endfacet
  facet normal 0 0 -1
    outer loop
      vertex -2.5 0 33
      vertex -3.00112 5.72884 33
      vertex -2.98038 5.76218 33
    endloop
  endfacet
  facet normal 0 0 -1
    outer loop
      vertex -3.46076 -5.46346 33
      vertex -1.76777 -1.76777 33
      vertex -3.42168 -5.46731 33
    endloop
  endfacet
  facet normal 0 0 -1
    outer loop
      vertex -2.5 0 33
      vertex -3.02399 5.69692 33
      vertex -3.00112 5.72884 33
    endloop
  endfacet
  facet normal 0 0 -1
    outer loop
      vertex -5.46346 -3.46076 33
      vertex -1.76777 -1.76777 33
      vertex -3.46076 -5.46346 33
    endloop
  endfacet
  facet normal 0 0 -1
    outer loop
      vertex -2.5 0 33
      vertex -3.0489 5.66657 33
      vertex -3.02399 5.69692 33
    endloop
  endfacet
  facet normal 0 0 -1
    outer loop
      vertex -5.46731 -3.42168 33
      vertex -1.76777 -1.76777 33
      vertex -5.46346 -3.46076 33
    endloop
  endfacet
  facet normal 0 0 -1
    outer loop
      vertex -2.5 0 33
      vertex -3.07574 5.63791 33
      vertex -3.0489 5.66657 33
    endloop
  endfacet
  facet normal -0 0 -1
    outer loop
      vertex -1.76777 -1.76777 33
      vertex -5.46731 -3.42168 33
      vertex -1.8796 -1.64836 33
    endloop
  endfacet
  facet normal 0 0 -1
    outer loop
      vertex -2.5 0 33
      vertex -3.10439 5.61107 33
      vertex -3.07574 5.63791 33
    endloop
  endfacet
  facet normal -0 0 -1
    outer loop
      vertex -1.8796 -1.64836 33
      vertex -5.48262 -3.34471 33
      vertex -1.98338 -1.5219 33
    endloop
  endfacet
  facet normal 0 0 -1
    outer loop
      vertex -2.5 0 33
      vertex -3.13474 5.58617 33
      vertex -3.10439 5.61107 33
    endloop
  endfacet
  facet normal 0 0 -1
    outer loop
      vertex -5.49402 -3.30714 33
      vertex -1.98338 -1.5219 33
      vertex -5.48262 -3.34471 33
    endloop
  endfacet
  facet normal 0 0 -1
    outer loop
      vertex -2.5 0 33
      vertex -3.16666 5.5633 33
      vertex -3.13474 5.58617 33
    endloop
  endfacet
  facet normal -0 0 -1
    outer loop
      vertex -1.98338 -1.5219 33
      vertex -5.49402 -3.30714 33
      vertex -2.07867 -1.38893 33
    endloop
  endfacet
  facet normal 0 0 -1
    outer loop
      vertex -2.5 0 33
      vertex -3.2 5.54256 33
      vertex -3.16666 5.5633 33
    endloop
  endfacet
  facet normal 0 0 -1
    outer loop
      vertex -5.50785 -3.27039 33
      vertex -2.07867 -1.38893 33
      vertex -5.49402 -3.30714 33
    endloop
  endfacet
  facet normal 0 0 -1
    outer loop
      vertex -2.5 0 33
      vertex -3.23463 5.52405 33
      vertex -3.2 5.54256 33
    endloop
  endfacet
  facet normal 0 0 -1
    outer loop
      vertex -5.54256 -3.2 33
      vertex -2.16506 -1.25 33
      vertex -5.52405 -3.23463 33
    endloop
  endfacet
  facet normal 0 0 -1
    outer loop
      vertex -5.52405 -3.23463 33
      vertex -2.07867 -1.38893 33
      vertex -5.50785 -3.27039 33
    endloop
  endfacet
  facet normal 0 0 -1
    outer loop
      vertex -5.5633 -3.16666 33
      vertex -2.16506 -1.25 33
      vertex -5.54256 -3.2 33
    endloop
  endfacet
  facet normal 0 -0 -1
    outer loop
      vertex -3.38295 5.47371 33
      vertex -2.5 0 33
      vertex -5.46218 3.5 33
    endloop
  endfacet
  facet normal -0 0 -1
    outer loop
      vertex -2.16506 -1.25 33
      vertex -5.5633 -3.16666 33
      vertex -2.24218 -1.10572 33
    endloop
  endfacet
  facet normal 0 0 -1
    outer loop
      vertex -2.5 0 33
      vertex -3.27039 5.50785 33
      vertex -3.23463 5.52405 33
    endloop
  endfacet
  facet normal 0 0 -1
    outer loop
      vertex -5.48262 -3.34471 33
      vertex -1.8796 -1.64836 33
      vertex -5.47371 -3.38295 33
    endloop
  endfacet
  facet normal 0 0 -1
    outer loop
      vertex -2.5 0 33
      vertex -3.30714 5.49402 33
      vertex -3.27039 5.50785 33
    endloop
  endfacet
  facet normal 0 0 -1
    outer loop
      vertex -5.47371 -3.38295 33
      vertex -1.8796 -1.64836 33
      vertex -5.46731 -3.42168 33
    endloop
  endfacet
  facet normal 0 0 -1
    outer loop
      vertex -2.5 0 33
      vertex -3.34471 5.48262 33
      vertex -3.30714 5.49402 33
    endloop
  endfacet
  facet normal 0 0 -1
    outer loop
      vertex -5.46346 -3.46076 33
      vertex -3.46076 -5.46346 33
      vertex -5.46218 -3.5 33
    endloop
  endfacet
  facet normal 0 0 -1
    outer loop
      vertex -2.5 0 33
      vertex -3.38295 5.47371 33
      vertex -3.34471 5.48262 33
    endloop
  endfacet
  facet normal 0 0 -1
    outer loop
      vertex -5.46218 -3.5 33
      vertex -3.46076 -5.46346 33
      vertex -3.5 -5.46218 33
    endloop
  endfacet
  facet normal 0 0 -1
    outer loop
      vertex -3.38295 5.47371 33
      vertex -5.46218 3.5 33
      vertex -3.42168 5.46731 33
    endloop
  endfacet
  facet normal 0 0 -1
    outer loop
      vertex -5.46218 -3.5 33
      vertex -3.5 -5.46218 33
      vertex -3.53924 -5.46346 33
    endloop
  endfacet
  facet normal 0 0 -1
    outer loop
      vertex -3.42168 5.46731 33
      vertex -5.46218 3.5 33
      vertex -3.46076 5.46346 33
    endloop
  endfacet
  facet normal 0 0 -1
    outer loop
      vertex -4.94975 -4.94975 33
      vertex -3.53924 -5.46346 33
      vertex -3.57831 -5.46731 33
    endloop
  endfacet
  facet normal 0 0 -1
    outer loop
      vertex -3.46076 5.46346 33
      vertex -5.46218 3.5 33
      vertex -3.5 5.46218 33
    endloop
  endfacet
  facet normal 0 0 -1
    outer loop
      vertex -4.94975 -4.94975 33
      vertex -3.57831 -5.46731 33
      vertex -3.61705 -5.47371 33
    endloop
  endfacet
  facet normal -0 0 -1
    outer loop
      vertex -3.5 5.46218 33
      vertex -5.46218 3.5 33
      vertex -3.53924 5.46346 33
    endloop
  endfacet
  facet normal 0 0 -1
    outer loop
      vertex -4.61542 -5.26288 33
      vertex -3.61705 -5.47371 33
      vertex -3.65529 -5.48262 33
    endloop
  endfacet
  facet normal 0 0 -1
    outer loop
      vertex -5.46346 3.53924 33
      vertex -3.53924 5.46346 33
      vertex -5.46218 3.5 33
    endloop
  endfacet
  facet normal 0 0 -1
    outer loop
      vertex -4.61542 -5.26288 33
      vertex -3.65529 -5.48262 33
      vertex -3.69286 -5.49402 33
    endloop
  endfacet
  facet normal 0 -0 -1
    outer loop
      vertex -4.94975 4.94975 33
      vertex -3.53924 5.46346 33
      vertex -5.46346 3.53924 33
    endloop
  endfacet
  facet normal 0 0 -1
    outer loop
      vertex -4.61542 -5.26288 33
      vertex -3.69286 -5.49402 33
      vertex -3.72961 -5.50785 33
    endloop
  endfacet
  facet normal -0 0 -1
    outer loop
      vertex -3.53924 5.46346 33
      vertex -4.94975 4.94975 33
      vertex -3.57831 5.46731 33
    endloop
  endfacet
  facet normal 0 0 -1
    outer loop
      vertex -4.61542 -5.26288 33
      vertex -3.72961 -5.50785 33
      vertex -3.76537 -5.52405 33
    endloop
  endfacet
  facet normal -0 0 -1
    outer loop
      vertex -3.57831 5.46731 33
      vertex -4.94975 4.94975 33
      vertex -3.61705 5.47371 33
    endloop
  endfacet
  facet normal 0 0 -1
    outer loop
      vertex -4.26133 -5.55347 33
      vertex -3.76537 -5.52405 33
      vertex -3.8 -5.54256 33
    endloop
  endfacet
  facet normal 0 -0 -1
    outer loop
      vertex -4.61542 5.26288 33
      vertex -3.61705 5.47371 33
      vertex -4.94975 4.94975 33
    endloop
  endfacet
  facet normal 0 0 -1
    outer loop
      vertex -4.26133 -5.55347 33
      vertex -3.8 -5.54256 33
      vertex -3.83334 -5.5633 33
    endloop
  endfacet
  facet normal -0 0 -1
    outer loop
      vertex -3.61705 5.47371 33
      vertex -4.61542 5.26288 33
      vertex -3.65529 5.48262 33
    endloop
  endfacet
  facet normal 0 0 -1
    outer loop
      vertex -4.26133 -5.55347 33
      vertex -3.83334 -5.5633 33
      vertex -3.86526 -5.58617 33
    endloop
  endfacet
  facet normal -0 0 -1
    outer loop
      vertex -3.65529 5.48262 33
      vertex -4.61542 5.26288 33
      vertex -3.69286 5.49402 33
    endloop
  endfacet
  facet normal 0 0 -1
    outer loop
      vertex -4.26133 -5.55347 33
      vertex -3.86526 -5.58617 33
      vertex -3.89561 -5.61107 33
    endloop
  endfacet
  facet normal -0 0 -1
    outer loop
      vertex -3.69286 5.49402 33
      vertex -4.61542 5.26288 33
      vertex -3.72961 5.50785 33
    endloop
  endfacet
  facet normal 0 0 -1
    outer loop
      vertex -4.26133 -5.55347 33
      vertex -3.89561 -5.61107 33
      vertex -3.92426 -5.63791 33
    endloop
  endfacet
  facet normal -0 0 -1
    outer loop
      vertex -3.72961 5.50785 33
      vertex -4.61542 5.26288 33
      vertex -3.76537 5.52405 33
    endloop
  endfacet
  facet normal 0 0 -1
    outer loop
      vertex -4.26133 -5.55347 33
      vertex -3.92426 -5.63791 33
      vertex -3.9511 -5.66657 33
    endloop
  endfacet
  facet normal 0 0 -1
    outer loop
      vertex -3.76537 5.52405 33
      vertex -4.26133 5.55347 33
      vertex -3.8 5.54256 33
    endloop
  endfacet
  facet normal 0 0 -1
    outer loop
      vertex -4.26133 -5.55347 33
      vertex -3.9511 -5.66657 33
      vertex -3.97601 -5.69692 33
    endloop
  endfacet
  facet normal -0 0 -1
    outer loop
      vertex -3.83334 5.5633 33
      vertex -4.26133 5.55347 33
      vertex -3.86526 5.58617 33
    endloop
  endfacet
  facet normal 0 0 -1
    outer loop
      vertex -4.26133 -5.55347 33
      vertex -3.97601 -5.69692 33
      vertex -3.99888 -5.72884 33
    endloop
  endfacet
  facet normal -0 0 -1
    outer loop
      vertex -3.86526 5.58617 33
      vertex -4.26133 5.55347 33
      vertex -3.89561 5.61107 33
    endloop
  endfacet
  facet normal 0 0 -1
    outer loop
      vertex -4.26133 -5.55347 33
      vertex -3.99888 -5.72884 33
      vertex -4.00435 -5.73762 33
    endloop
  endfacet
  facet normal -0 0 -1
    outer loop
      vertex -3.89561 5.61107 33
      vertex -4.26133 5.55347 33
      vertex -3.92426 5.63791 33
    endloop
  endfacet
  facet normal -0 0 -1
    outer loop
      vertex -3.76537 -5.52405 33
      vertex -4.26133 -5.55347 33
      vertex -4.61542 -5.26288 33
    endloop
  endfacet
  facet normal -0 0 -1
    outer loop
      vertex -3.92426 5.63791 33
      vertex -4.26133 5.55347 33
      vertex -3.9511 5.66657 33
    endloop
  endfacet
  facet normal 0 0 -1
    outer loop
      vertex -3.61705 -5.47371 33
      vertex -4.61542 -5.26288 33
      vertex -4.94975 -4.94975 33
    endloop
  endfacet
  facet normal -0 0 -1
    outer loop
      vertex -3.97601 5.69692 33
      vertex -4.26133 5.55347 33
      vertex -3.99888 5.72884 33
    endloop
  endfacet
  facet normal 0 0 -1
    outer loop
      vertex -3.53924 -5.46346 33
      vertex -4.94975 -4.94975 33
      vertex -5.46346 -3.53924 33
    endloop
  endfacet
  facet normal -0 0 -1
    outer loop
      vertex -3.99888 5.72884 33
      vertex -4.26133 5.55347 33
      vertex -4.00435 5.73762 33
    endloop
  endfacet
  facet normal 0 0 -1
    outer loop
      vertex -5.47371 -3.61705 33
      vertex -4.94975 -4.94975 33
      vertex -5.26288 -4.61542 33
    endloop
  endfacet
  facet normal -0 0 -1
    outer loop
      vertex -3.9511 5.66657 33
      vertex -4.26133 5.55347 33
      vertex -3.97601 5.69692 33
    endloop
  endfacet
  facet normal 0 0 -1
    outer loop
      vertex -3.8 5.54256 33
      vertex -4.26133 5.55347 33
      vertex -3.83334 5.5633 33
    endloop
  endfacet
  facet normal 0 0 -1
    outer loop
      vertex -3.53924 -5.46346 33
      vertex -5.46346 -3.53924 33
      vertex -5.46218 -3.5 33
    endloop
  endfacet
  facet normal 0 0 -1
    outer loop
      vertex -4.94975 -4.94975 33
      vertex -5.46731 -3.57831 33
      vertex -5.46346 -3.53924 33
    endloop
  endfacet
  facet normal 0 0 -1
    outer loop
      vertex -4.94975 -4.94975 33
      vertex -5.47371 -3.61705 33
      vertex -5.46731 -3.57831 33
    endloop
  endfacet
  facet normal 0 0 -1
    outer loop
      vertex -5.26288 -4.61542 33
      vertex -5.48262 -3.65529 33
      vertex -5.47371 -3.61705 33
    endloop
  endfacet
  facet normal 0 0 -1
    outer loop
      vertex -5.26288 -4.61542 33
      vertex -5.49402 -3.69286 33
      vertex -5.48262 -3.65529 33
    endloop
  endfacet
  facet normal 0 0 -1
    outer loop
      vertex -5.26288 -4.61542 33
      vertex -5.50785 -3.72961 33
      vertex -5.49402 -3.69286 33
    endloop
  endfacet
  facet normal 0 0 -1
    outer loop
      vertex -5.26288 -4.61542 33
      vertex -5.52405 -3.76537 33
      vertex -5.50785 -3.72961 33
    endloop
  endfacet
  facet normal 0 0 -1
    outer loop
      vertex -5.55347 -4.26133 33
      vertex -5.52405 -3.76537 33
      vertex -5.26288 -4.61542 33
    endloop
  endfacet
  facet normal 0 0 -1
    outer loop
      vertex -5.52405 -3.76537 33
      vertex -5.55347 -4.26133 33
      vertex -5.54256 -3.8 33
    endloop
  endfacet
  facet normal 0 0 -1
    outer loop
      vertex -5.55347 -4.26133 33
      vertex -5.5633 -3.83334 33
      vertex -5.54256 -3.8 33
    endloop
  endfacet
  facet normal 0 0 -1
    outer loop
      vertex -5.55347 -4.26133 33
      vertex -5.58617 -3.86526 33
      vertex -5.5633 -3.83334 33
    endloop
  endfacet
  facet normal 0 0 -1
    outer loop
      vertex -5.55347 -4.26133 33
      vertex -5.61107 -3.89561 33
      vertex -5.58617 -3.86526 33
    endloop
  endfacet
  facet normal 0 0 -1
    outer loop
      vertex -5.55347 -4.26133 33
      vertex -5.63791 -3.92426 33
      vertex -5.61107 -3.89561 33
    endloop
  endfacet
  facet normal 0 0 -1
    outer loop
      vertex -5.55347 -4.26133 33
      vertex -5.66657 -3.9511 33
      vertex -5.63791 -3.92426 33
    endloop
  endfacet
  facet normal 0 0 -1
    outer loop
      vertex -5.55347 -4.26133 33
      vertex -5.69692 -3.97601 33
      vertex -5.66657 -3.9511 33
    endloop
  endfacet
  facet normal 0 0 -1
    outer loop
      vertex -5.55347 -4.26133 33
      vertex -5.72884 -3.99888 33
      vertex -5.69692 -3.97601 33
    endloop
  endfacet
  facet normal 0 -0 -1
    outer loop
      vertex -5.72884 -3.99888 33
      vertex -5.55347 -4.26133 33
      vertex -5.73762 -4.00435 33
    endloop
  endfacet
  facet normal 0 0 -1
    outer loop
      vertex -2.25008 6.62851 33
      vertex -2.9 6.06218 33
      vertex -2.67878 6.46716 33
    endloop
  endfacet
  facet normal 0 0 -1
    outer loop
      vertex -2.90128 6.10142 33
      vertex -2.67878 6.46716 33
      vertex -2.9 6.06218 33
    endloop
  endfacet
  facet normal 0 0 -1
    outer loop
      vertex -2.90513 6.14049 33
      vertex -2.67878 6.46716 33
      vertex -2.90128 6.10142 33
    endloop
  endfacet
  facet normal 0 0 -1
    outer loop
      vertex -2.91153 6.17923 33
      vertex -2.67878 6.46716 33
      vertex -2.90513 6.14049 33
    endloop
  endfacet
  facet normal 0 0 -1
    outer loop
      vertex -2.92044 6.21747 33
      vertex -2.67878 6.46716 33
      vertex -2.91153 6.17923 33
    endloop
  endfacet
  facet normal 0 0 -1
    outer loop
      vertex -2.93184 6.25504 33
      vertex -2.67878 6.46716 33
      vertex -2.92044 6.21747 33
    endloop
  endfacet
  facet normal 0 0 -1
    outer loop
      vertex -2.94567 6.29179 33
      vertex -2.67878 6.46716 33
      vertex -2.93184 6.25504 33
    endloop
  endfacet
  facet normal 0 0 -1
    outer loop
      vertex -2.96188 6.32755 33
      vertex -2.67878 6.46716 33
      vertex -2.94567 6.29179 33
    endloop
  endfacet
  facet normal 0 0 -1
    outer loop
      vertex -2.67878 6.46716 33
      vertex -2.96188 6.32755 33
      vertex -2.96675 6.33668 33
    endloop
  endfacet
  facet normal 0 -0 -1
    outer loop
      vertex -4.26133 5.55347 33
      vertex -3.76537 5.52405 33
      vertex -4.61542 5.26288 33
    endloop
  endfacet
  facet normal 0 0 -1
    outer loop
      vertex -5.46731 3.57831 33
      vertex -4.94975 4.94975 33
      vertex -5.46346 3.53924 33
    endloop
  endfacet
  facet normal 0 0 -1
    outer loop
      vertex -5.47371 3.61705 33
      vertex -4.94975 4.94975 33
      vertex -5.46731 3.57831 33
    endloop
  endfacet
  facet normal 0 0 -1
    outer loop
      vertex -4.94975 4.94975 33
      vertex -5.47371 3.61705 33
      vertex -5.26288 4.61542 33
    endloop
  endfacet
  facet normal 0 0 -1
    outer loop
      vertex -5.48262 3.65529 33
      vertex -5.26288 4.61542 33
      vertex -5.47371 3.61705 33
    endloop
  endfacet
  facet normal 0 0 -1
    outer loop
      vertex -5.49402 3.69286 33
      vertex -5.26288 4.61542 33
      vertex -5.48262 3.65529 33
    endloop
  endfacet
  facet normal 0 0 -1
    outer loop
      vertex -5.50785 3.72961 33
      vertex -5.26288 4.61542 33
      vertex -5.49402 3.69286 33
    endloop
  endfacet
  facet normal 0 0 -1
    outer loop
      vertex -5.52405 3.76537 33
      vertex -5.26288 4.61542 33
      vertex -5.50785 3.72961 33
    endloop
  endfacet
  facet normal 0 0 -1
    outer loop
      vertex -5.55347 4.26133 33
      vertex -5.52405 3.76537 33
      vertex -5.54256 3.8 33
    endloop
  endfacet
  facet normal 0 0 -1
    outer loop
      vertex -5.52405 3.76537 33
      vertex -5.55347 4.26133 33
      vertex -5.26288 4.61542 33
    endloop
  endfacet
  facet normal 0 0 -1
    outer loop
      vertex -5.5633 3.83334 33
      vertex -5.55347 4.26133 33
      vertex -5.54256 3.8 33
    endloop
  endfacet
  facet normal 0 0 -1
    outer loop
      vertex -5.58617 3.86526 33
      vertex -5.55347 4.26133 33
      vertex -5.5633 3.83334 33
    endloop
  endfacet
  facet normal 0 0 -1
    outer loop
      vertex -5.61107 3.89561 33
      vertex -5.55347 4.26133 33
      vertex -5.58617 3.86526 33
    endloop
  endfacet
  facet normal 0 0 -1
    outer loop
      vertex -5.63791 3.92426 33
      vertex -5.55347 4.26133 33
      vertex -5.61107 3.89561 33
    endloop
  endfacet
  facet normal 0 0 -1
    outer loop
      vertex -5.66657 3.9511 33
      vertex -5.55347 4.26133 33
      vertex -5.63791 3.92426 33
    endloop
  endfacet
  facet normal 0 0 -1
    outer loop
      vertex -5.69692 3.97601 33
      vertex -5.55347 4.26133 33
      vertex -5.66657 3.9511 33
    endloop
  endfacet
  facet normal 0 0 -1
    outer loop
      vertex -5.72884 3.99888 33
      vertex -5.55347 4.26133 33
      vertex -5.69692 3.97601 33
    endloop
  endfacet
  facet normal 0 0 -1
    outer loop
      vertex -5.55347 4.26133 33
      vertex -5.72884 3.99888 33
      vertex -5.73762 4.00435 33
    endloop
  endfacet
  facet normal 0 0 -1
    outer loop
      vertex -5.94512 2.91153 33
      vertex -6.62851 2.25008 33
      vertex -5.98386 2.90513 33
    endloop
  endfacet
  facet normal 0 0 -1
    outer loop
      vertex -5.98386 2.90513 33
      vertex -6.62851 2.25008 33
      vertex -6.02294 2.90128 33
    endloop
  endfacet
  facet normal 0 0 -1
    outer loop
      vertex -6.02294 2.90128 33
      vertex -6.46716 2.67878 33
      vertex -6.06218 2.9 33
    endloop
  endfacet
  facet normal -0 0 -1
    outer loop
      vertex -6.10142 2.90128 33
      vertex -6.46716 2.67878 33
      vertex -6.14049 2.90513 33
    endloop
  endfacet
  facet normal -0 0 -1
    outer loop
      vertex -6.17923 2.91153 33
      vertex -6.46716 2.67878 33
      vertex -6.21747 2.92044 33
    endloop
  endfacet
  facet normal -0 0 -1
    outer loop
      vertex -6.29179 2.94567 33
      vertex -6.46716 2.67878 33
      vertex -6.32755 2.96188 33
    endloop
  endfacet
  facet normal -0 0 -1
    outer loop
      vertex -6.21747 2.92044 33
      vertex -6.46716 2.67878 33
      vertex -6.25504 2.93184 33
    endloop
  endfacet
  facet normal -0 0 -1
    outer loop
      vertex -6.32755 2.96188 33
      vertex -6.46716 2.67878 33
      vertex -6.33668 2.96675 33
    endloop
  endfacet
  facet normal -0 0 -1
    outer loop
      vertex -6.14049 2.90513 33
      vertex -6.46716 2.67878 33
      vertex -6.17923 2.91153 33
    endloop
  endfacet
  facet normal 0 -0 -1
    outer loop
      vertex -6.46716 2.67878 33
      vertex -6.02294 2.90128 33
      vertex -6.62851 2.25008 33
    endloop
  endfacet
  facet normal 0 0 -1
    outer loop
      vertex -6.76148 1.81173 33
      vertex -6.50112 0.333342 33
      vertex -6.52399 0.365256 33
    endloop
  endfacet
  facet normal 0 0 -1
    outer loop
      vertex -6.76148 1.81173 33
      vertex -6.52399 0.365256 33
      vertex -6.5489 0.395607 33
    endloop
  endfacet
  facet normal 0 0 -1
    outer loop
      vertex -6.8655 1.36563 33
      vertex -6.5489 0.395607 33
      vertex -6.57574 0.424264 33
    endloop
  endfacet
  facet normal 0 0 -1
    outer loop
      vertex -6.8655 1.36563 33
      vertex -6.57574 0.424264 33
      vertex -6.60439 0.451103 33
    endloop
  endfacet
  facet normal -0 0 -1
    outer loop
      vertex -6.25504 2.93184 33
      vertex -6.46716 2.67878 33
      vertex -6.29179 2.94567 33
    endloop
  endfacet
  facet normal 0 0 -1
    outer loop
      vertex -6.8655 1.36563 33
      vertex -6.60439 0.451103 33
      vertex -6.63474 0.476011 33
    endloop
  endfacet
  facet normal 0 0 -1
    outer loop
      vertex -6.8655 1.36563 33
      vertex -6.63474 0.476011 33
      vertex -6.66666 0.498881 33
    endloop
  endfacet
  facet normal 0 0 -1
    outer loop
      vertex -6.94011 0.913683 33
      vertex -6.66666 0.498881 33
      vertex -6.7 0.519615 33
    endloop
  endfacet
  facet normal 0 0 -1
    outer loop
      vertex -6.94011 0.913683 33
      vertex -6.7 0.519615 33
      vertex -6.73463 0.538123 33
    endloop
  endfacet
  facet normal -0 0 -1
    outer loop
      vertex -6.06218 2.9 33
      vertex -6.46716 2.67878 33
      vertex -6.10142 2.90128 33
    endloop
  endfacet
  facet normal 0 0 -1
    outer loop
      vertex -6.94011 0.913683 33
      vertex -6.73463 0.538123 33
      vertex -6.77039 0.554327 33
    endloop
  endfacet
  facet normal 0 0 -1
    outer loop
      vertex -6.94011 0.913683 33
      vertex -6.77039 0.554327 33
      vertex -6.80714 0.568157 33
    endloop
  endfacet
  facet normal 0 0 -1
    outer loop
      vertex -6.94011 0.913683 33
      vertex -6.80714 0.568157 33
      vertex -6.84471 0.579555 33
    endloop
  endfacet
  facet normal 0 0 -1
    outer loop
      vertex -6.5489 0.395607 33
      vertex -6.8655 1.36563 33
      vertex -6.76148 1.81173 33
    endloop
  endfacet
  facet normal 0 0 -1
    outer loop
      vertex -6.94011 0.913683 33
      vertex -6.84471 0.579555 33
      vertex -6.88295 0.58847 33
    endloop
  endfacet
  facet normal 0 0 -1
    outer loop
      vertex -6.94011 0.913683 33
      vertex -6.88295 0.58847 33
      vertex -6.92168 0.594867 33
    endloop
  endfacet
  facet normal 0 0 -1
    outer loop
      vertex -6.66666 0.498881 33
      vertex -6.94011 0.913683 33
      vertex -6.8655 1.36563 33
    endloop
  endfacet
  facet normal 0 0 -1
    outer loop
      vertex -6.96076 0.598715 33
      vertex -6.94011 0.913683 33
      vertex -6.92168 0.594867 33
    endloop
  endfacet
  facet normal 0 0 -1
    outer loop
      vertex -6.94011 0.913683 33
      vertex -6.96076 0.598715 33
      vertex -6.9711 0.599053 33
    endloop
  endfacet
  facet normal 0 0 -1
    outer loop
      vertex 1.10572 2.24218 33
      vertex 3.16666 5.5633 33
      vertex 1.25 2.16506 33
    endloop
  endfacet
  facet normal -0 0 -1
    outer loop
      vertex 3.16666 5.5633 33
      vertex 1.10572 2.24218 33
      vertex 3.13474 5.58617 33
    endloop
  endfacet
  facet normal -0 0 -1
    outer loop
      vertex 3.13474 5.58617 33
      vertex 1.10572 2.24218 33
      vertex 3.10439 5.61107 33
    endloop
  endfacet
  facet normal 0 0 -1
    outer loop
      vertex 0.956708 2.3097 33
      vertex 3.10439 5.61107 33
      vertex 1.10572 2.24218 33
    endloop
  endfacet
  facet normal -0 0 -1
    outer loop
      vertex 3.10439 5.61107 33
      vertex 0.956708 2.3097 33
      vertex 3.07574 5.63791 33
    endloop
  endfacet
  facet normal 0 0 -1
    outer loop
      vertex 0.803598 2.36732 33
      vertex 3.07574 5.63791 33
      vertex 0.956708 2.3097 33
    endloop
  endfacet
  facet normal -0 0 -1
    outer loop
      vertex 3.07574 5.63791 33
      vertex 0.803598 2.36732 33
      vertex 3.0489 5.66657 33
    endloop
  endfacet
  facet normal -0 0 -1
    outer loop
      vertex 3.0489 5.66657 33
      vertex 0.803598 2.36732 33
      vertex 3.02399 5.69692 33
    endloop
  endfacet
  facet normal 0 0 -1
    outer loop
      vertex 0.647047 2.41481 33
      vertex 3.02399 5.69692 33
      vertex 0.803598 2.36732 33
    endloop
  endfacet
  facet normal -0 0 -1
    outer loop
      vertex 3.02399 5.69692 33
      vertex 0.647047 2.41481 33
      vertex 3.00112 5.72884 33
    endloop
  endfacet
  facet normal 0 0 -1
    outer loop
      vertex 0.265372 6.46188 33
      vertex 3.00112 5.72884 33
      vertex 0.647047 2.41481 33
    endloop
  endfacet
  facet normal 0 0 -1
    outer loop
      vertex 3.00112 5.72884 33
      vertex 0.265372 6.46188 33
      vertex 2.98038 5.76218 33
    endloop
  endfacet
  facet normal 0 -0 -1
    outer loop
      vertex 0.299999 6.48038 33
      vertex 2.98038 5.76218 33
      vertex 0.265372 6.46188 33
    endloop
  endfacet
  facet normal 0 0 -1
    outer loop
      vertex 2.98038 5.76218 33
      vertex 0.299999 6.48038 33
      vertex 2.96188 5.7968 33
    endloop
  endfacet
  facet normal 0 -0 -1
    outer loop
      vertex 0.333342 6.50112 33
      vertex 2.96188 5.7968 33
      vertex 0.299999 6.48038 33
    endloop
  endfacet
  facet normal 0 -0 -1
    outer loop
      vertex 1.81173 6.76148 33
      vertex 2.96188 5.7968 33
      vertex 0.333342 6.50112 33
    endloop
  endfacet
  facet normal 0 0 -1
    outer loop
      vertex 2.96188 5.7968 33
      vertex 1.81173 6.76148 33
      vertex 2.94567 5.83257 33
    endloop
  endfacet
  facet normal 0 0 -1
    outer loop
      vertex 2.94567 5.83257 33
      vertex 1.81173 6.76148 33
      vertex 2.93184 5.86931 33
    endloop
  endfacet
  facet normal 0 0 -1
    outer loop
      vertex 2.90128 6.02294 33
      vertex 2.67878 6.46716 33
      vertex 2.9 6.06218 33
    endloop
  endfacet
  facet normal -0 -0 -1
    outer loop
      vertex 2.25008 6.62851 33
      vertex 2.93184 5.86931 33
      vertex 1.81173 6.76148 33
    endloop
  endfacet
  facet normal 0 0 -1
    outer loop
      vertex 2.91153 5.94512 33
      vertex 2.25008 6.62851 33
      vertex 2.90513 5.98386 33
    endloop
  endfacet
  facet normal -0 -0 -1
    outer loop
      vertex 2.67878 6.46716 33
      vertex 2.90128 6.02294 33
      vertex 2.25008 6.62851 33
    endloop
  endfacet
  facet normal 0 -0 -1
    outer loop
      vertex 0.365256 6.52399 33
      vertex 1.81173 6.76148 33
      vertex 0.333342 6.50112 33
    endloop
  endfacet
  facet normal 0 0 -1
    outer loop
      vertex 2.92044 5.90689 33
      vertex 2.25008 6.62851 33
      vertex 2.91153 5.94512 33
    endloop
  endfacet
  facet normal 0 -0 -1
    outer loop
      vertex 0.451103 6.60439 33
      vertex 1.36563 6.8655 33
      vertex 0.424264 6.57574 33
    endloop
  endfacet
  facet normal 0 0 -1
    outer loop
      vertex 0.913683 6.94011 33
      vertex 0.598715 6.96076 33
      vertex 0.599053 6.9711 33
    endloop
  endfacet
  facet normal -0 0 -1
    outer loop
      vertex 0.913683 6.94011 33
      vertex 0.594867 6.92168 33
      vertex 0.598715 6.96076 33
    endloop
  endfacet
  facet normal 0 0 -1
    outer loop
      vertex 0.913683 6.94011 33
      vertex 0.58847 6.88295 33
      vertex 0.594867 6.92168 33
    endloop
  endfacet
  facet normal 0 0 -1
    outer loop
      vertex 0.913683 6.94011 33
      vertex 0.579555 6.84471 33
      vertex 0.58847 6.88295 33
    endloop
  endfacet
  facet normal 0 0 -1
    outer loop
      vertex 0.913683 6.94011 33
      vertex 0.568157 6.80714 33
      vertex 0.579555 6.84471 33
    endloop
  endfacet
  facet normal 0 0 -1
    outer loop
      vertex 0.913683 6.94011 33
      vertex 0.554327 6.77039 33
      vertex 0.568157 6.80714 33
    endloop
  endfacet
  facet normal 0 0 -1
    outer loop
      vertex 0.913683 6.94011 33
      vertex 0.538123 6.73463 33
      vertex 0.554327 6.77039 33
    endloop
  endfacet
  facet normal 0 0 -1
    outer loop
      vertex 0.913683 6.94011 33
      vertex 0.519615 6.7 33
      vertex 0.538123 6.73463 33
    endloop
  endfacet
  facet normal 0 0 -1
    outer loop
      vertex 0.913683 6.94011 33
      vertex 0.498881 6.66666 33
      vertex 0.519615 6.7 33
    endloop
  endfacet
  facet normal 0 0 -1
    outer loop
      vertex 0.229609 6.44567 33
      vertex 0.647047 2.41481 33
      vertex 0.487725 2.45196 33
    endloop
  endfacet
  facet normal -0 0 -1
    outer loop
      vertex 1.36563 6.8655 33
      vertex 0.498881 6.66666 33
      vertex 0.913683 6.94011 33
    endloop
  endfacet
  facet normal 0 -0 -1
    outer loop
      vertex 0.498881 6.66666 33
      vertex 1.36563 6.8655 33
      vertex 0.476011 6.63474 33
    endloop
  endfacet
  facet normal 0 -0 -1
    outer loop
      vertex 0.476011 6.63474 33
      vertex 1.36563 6.8655 33
      vertex 0.451103 6.60439 33
    endloop
  endfacet
  facet normal 0 0 -1
    outer loop
      vertex 1.36563 6.8655 33
      vertex 0.395607 6.5489 33
      vertex 0.424264 6.57574 33
    endloop
  endfacet
  facet normal -0 0 -1
    outer loop
      vertex 1.81173 6.76148 33
      vertex 0.395607 6.5489 33
      vertex 1.36563 6.8655 33
    endloop
  endfacet
  facet normal 0 -0 -1
    outer loop
      vertex 0.395607 6.5489 33
      vertex 1.81173 6.76148 33
      vertex 0.365256 6.52399 33
    endloop
  endfacet
  facet normal 0 0 -1
    outer loop
      vertex 0.155291 6.42044 33
      vertex 0.487725 2.45196 33
      vertex 0.326315 2.47861 33
    endloop
  endfacet
  facet normal 0 0 -1
    outer loop
      vertex 2.90513 5.98386 33
      vertex 2.25008 6.62851 33
      vertex 2.90128 6.02294 33
    endloop
  endfacet
  facet normal 0 0 -1
    outer loop
      vertex 2.93184 5.86931 33
      vertex 2.25008 6.62851 33
      vertex 2.92044 5.90689 33
    endloop
  endfacet
  facet normal 0 0 -1
    outer loop
      vertex 0.647047 2.41481 33
      vertex 0.229609 6.44567 33
      vertex 0.265372 6.46188 33
    endloop
  endfacet
  facet normal 0 0 -1
    outer loop
      vertex 0.487725 2.45196 33
      vertex 0.192863 6.43184 33
      vertex 0.229609 6.44567 33
    endloop
  endfacet
  facet normal 0 0 -1
    outer loop
      vertex 0.117054 6.41153 33
      vertex 0.326315 2.47861 33
      vertex 0.163507 2.49465 33
    endloop
  endfacet
  facet normal 0 0 -1
    outer loop
      vertex 0.487725 2.45196 33
      vertex 0.155291 6.42044 33
      vertex 0.192863 6.43184 33
    endloop
  endfacet
  facet normal 0 0 -1
    outer loop
      vertex 0.326315 2.47861 33
      vertex 0.117054 6.41153 33
      vertex 0.155291 6.42044 33
    endloop
  endfacet
  facet normal 0 0 -1
    outer loop
      vertex 0.163507 2.49465 33
      vertex 0.0783148 6.40513 33
      vertex 0.117054 6.41153 33
    endloop
  endfacet
  facet normal 0 0 -1
    outer loop
      vertex 0.163507 2.49465 33
      vertex 0.0392418 6.40128 33
      vertex 0.0783148 6.40513 33
    endloop
  endfacet
  facet normal 0 0 -1
    outer loop
      vertex 0 2.5 33
      vertex 0.0392418 6.40128 33
      vertex 0.163507 2.49465 33
    endloop
  endfacet
  facet normal 0 0 -1
    outer loop
      vertex 0 2.5 33
      vertex 0 6.4 33
      vertex 0.0392418 6.40128 33
    endloop
  endfacet
  facet normal 0 0 -1
    outer loop
      vertex 0 2.5 33
      vertex -0.0392418 6.40128 33
      vertex 0 6.4 33
    endloop
  endfacet
  facet normal 0 0 -1
    outer loop
      vertex -0.163507 2.49465 33
      vertex -0.0392418 6.40128 33
      vertex 0 2.5 33
    endloop
  endfacet
  facet normal -0 0 -1
    outer loop
      vertex -0.0392418 6.40128 33
      vertex -0.163507 2.49465 33
      vertex -0.0783148 6.40513 33
    endloop
  endfacet
  facet normal -0 0 -1
    outer loop
      vertex -0.0783148 6.40513 33
      vertex -0.163507 2.49465 33
      vertex -0.117054 6.41153 33
    endloop
  endfacet
  facet normal 0 0 -1
    outer loop
      vertex -0.326315 2.47861 33
      vertex -0.117054 6.41153 33
      vertex -0.163507 2.49465 33
    endloop
  endfacet
  facet normal -0 0 -1
    outer loop
      vertex -0.117054 6.41153 33
      vertex -0.326315 2.47861 33
      vertex -0.155291 6.42044 33
    endloop
  endfacet
  facet normal 0 0 -1
    outer loop
      vertex -0.487725 2.45196 33
      vertex -0.155291 6.42044 33
      vertex -0.326315 2.47861 33
    endloop
  endfacet
  facet normal -0 0 -1
    outer loop
      vertex -0.155291 6.42044 33
      vertex -0.487725 2.45196 33
      vertex -0.192863 6.43184 33
    endloop
  endfacet
  facet normal -0 0 -1
    outer loop
      vertex -0.192863 6.43184 33
      vertex -0.487725 2.45196 33
      vertex -0.229609 6.44567 33
    endloop
  endfacet
  facet normal 0 0 -1
    outer loop
      vertex -0.647047 2.41481 33
      vertex -0.229609 6.44567 33
      vertex -0.487725 2.45196 33
    endloop
  endfacet
  facet normal -0 0 -1
    outer loop
      vertex -0.229609 6.44567 33
      vertex -0.647047 2.41481 33
      vertex -0.265372 6.46188 33
    endloop
  endfacet
  facet normal -0 0 -1
    outer loop
      vertex -0.265372 6.46188 33
      vertex -0.647047 2.41481 33
      vertex -0.299999 6.48038 33
    endloop
  endfacet
  facet normal 0 0 -1
    outer loop
      vertex -2.9 6.06218 33
      vertex -0.647047 2.41481 33
      vertex -0.803598 2.36732 33
    endloop
  endfacet
  facet normal 0 0 -1
    outer loop
      vertex -0.647047 2.41481 33
      vertex -2.9 6.06218 33
      vertex -0.299999 6.48038 33
    endloop
  endfacet
  facet normal -0 0 -1
    outer loop
      vertex -0.333342 6.50112 33
      vertex -2.9 6.06218 33
      vertex -1.81173 6.76148 33
    endloop
  endfacet
  facet normal 0 0 -1
    outer loop
      vertex -2.9 6.06218 33
      vertex -0.333342 6.50112 33
      vertex -0.299999 6.48038 33
    endloop
  endfacet
  facet normal 0 0 -1
    outer loop
      vertex -0.333342 6.50112 33
      vertex -1.81173 6.76148 33
      vertex -0.365256 6.52399 33
    endloop
  endfacet
  facet normal 0 0 -1
    outer loop
      vertex -0.395607 6.5489 33
      vertex -1.36563 6.8655 33
      vertex -0.424264 6.57574 33
    endloop
  endfacet
  facet normal 0 0 -1
    outer loop
      vertex -0.424264 6.57574 33
      vertex -1.36563 6.8655 33
      vertex -0.451103 6.60439 33
    endloop
  endfacet
  facet normal 0 0 -1
    outer loop
      vertex -0.451103 6.60439 33
      vertex -1.36563 6.8655 33
      vertex -0.476011 6.63474 33
    endloop
  endfacet
  facet normal 0 0 -1
    outer loop
      vertex -0.476011 6.63474 33
      vertex -1.36563 6.8655 33
      vertex -0.498881 6.66666 33
    endloop
  endfacet
  facet normal 0 -0 -1
    outer loop
      vertex -0.913683 6.94011 33
      vertex -0.498881 6.66666 33
      vertex -1.36563 6.8655 33
    endloop
  endfacet
  facet normal 0 0 -1
    outer loop
      vertex -0.498881 6.66666 33
      vertex -0.913683 6.94011 33
      vertex -0.519615 6.7 33
    endloop
  endfacet
  facet normal 0 0 -1
    outer loop
      vertex -0.554327 6.77039 33
      vertex -0.913683 6.94011 33
      vertex -0.568157 6.80714 33
    endloop
  endfacet
  facet normal 0 0 -1
    outer loop
      vertex -0.568157 6.80714 33
      vertex -0.913683 6.94011 33
      vertex -0.579555 6.84471 33
    endloop
  endfacet
  facet normal 0 0 -1
    outer loop
      vertex -0.579555 6.84471 33
      vertex -0.913683 6.94011 33
      vertex -0.58847 6.88295 33
    endloop
  endfacet
  facet normal 0 0 -1
    outer loop
      vertex -0.594867 6.92168 33
      vertex -0.913683 6.94011 33
      vertex -0.598715 6.96076 33
    endloop
  endfacet
  facet normal 0 0 -1
    outer loop
      vertex -0.519615 6.7 33
      vertex -0.913683 6.94011 33
      vertex -0.538123 6.73463 33
    endloop
  endfacet
  facet normal 0 0 -1
    outer loop
      vertex -0.365256 6.52399 33
      vertex -1.81173 6.76148 33
      vertex -0.395607 6.5489 33
    endloop
  endfacet
  facet normal -0 0 -1
    outer loop
      vertex -0.598715 6.96076 33
      vertex -0.913683 6.94011 33
      vertex -0.599053 6.9711 33
    endloop
  endfacet
  facet normal 0 0 -1
    outer loop
      vertex -2.9 6.06218 33
      vertex -0.803598 2.36732 33
      vertex -0.956708 2.3097 33
    endloop
  endfacet
  facet normal 0 0 -1
    outer loop
      vertex -2.9 6.06218 33
      vertex -0.956708 2.3097 33
      vertex -1.10572 2.24218 33
    endloop
  endfacet
  facet normal 0 0 -1
    outer loop
      vertex -2.9 6.06218 33
      vertex -1.10572 2.24218 33
      vertex -1.25 2.16506 33
    endloop
  endfacet
  facet normal 0 0 -1
    outer loop
      vertex -0.58847 6.88295 33
      vertex -0.913683 6.94011 33
      vertex -0.594867 6.92168 33
    endloop
  endfacet
  facet normal 0 0 -1
    outer loop
      vertex -2.9 6.06218 33
      vertex -1.25 2.16506 33
      vertex -1.38893 2.07867 33
    endloop
  endfacet
  facet normal 0 0 -1
    outer loop
      vertex -2.9 6.06218 33
      vertex -1.38893 2.07867 33
      vertex -1.5219 1.98338 33
    endloop
  endfacet
  facet normal 0 0 -1
    outer loop
      vertex -2.9 6.06218 33
      vertex -1.5219 1.98338 33
      vertex -1.64836 1.8796 33
    endloop
  endfacet
  facet normal 0 0 -1
    outer loop
      vertex -2.9 6.06218 33
      vertex -1.64836 1.8796 33
      vertex -1.76777 1.76777 33
    endloop
  endfacet
  facet normal 0 0 -1
    outer loop
      vertex -0.538123 6.73463 33
      vertex -0.913683 6.94011 33
      vertex -0.554327 6.77039 33
    endloop
  endfacet
  facet normal 0 0 -1
    outer loop
      vertex -2.9 6.06218 33
      vertex -1.76777 1.76777 33
      vertex -1.8796 1.64836 33
    endloop
  endfacet
  facet normal 0 0 -1
    outer loop
      vertex -2.9 6.06218 33
      vertex -1.8796 1.64836 33
      vertex -1.98338 1.5219 33
    endloop
  endfacet
  facet normal 0 0 -1
    outer loop
      vertex -2.9 6.06218 33
      vertex -1.98338 1.5219 33
      vertex -2.07867 1.38893 33
    endloop
  endfacet
  facet normal 0 0 -1
    outer loop
      vertex -2.9 6.06218 33
      vertex -2.07867 1.38893 33
      vertex -2.16506 1.25 33
    endloop
  endfacet
  facet normal 0 0 -1
    outer loop
      vertex -2.9 6.06218 33
      vertex -2.16506 1.25 33
      vertex -2.24218 1.10572 33
    endloop
  endfacet
  facet normal 0 -0 -1
    outer loop
      vertex -1.36563 6.8655 33
      vertex -0.395607 6.5489 33
      vertex -1.81173 6.76148 33
    endloop
  endfacet
  facet normal 0 0 -1
    outer loop
      vertex -2.9 6.06218 33
      vertex -2.24218 1.10572 33
      vertex -2.3097 0.956708 33
    endloop
  endfacet
  facet normal 0 0 -1
    outer loop
      vertex -2.9 6.06218 33
      vertex -2.3097 0.956708 33
      vertex -2.36732 0.803598 33
    endloop
  endfacet
  facet normal 0 0 -1
    outer loop
      vertex -2.9 6.06218 33
      vertex -2.36732 0.803598 33
      vertex -2.41481 0.647047 33
    endloop
  endfacet
  facet normal 0 0 -1
    outer loop
      vertex -2.9 6.06218 33
      vertex -2.41481 0.647047 33
      vertex -2.45196 0.487725 33
    endloop
  endfacet
  facet normal 0 0 -1
    outer loop
      vertex -2.9 6.06218 33
      vertex -2.45196 0.487725 33
      vertex -2.47861 0.326315 33
    endloop
  endfacet
  facet normal 0 0 -1
    outer loop
      vertex -2.9 6.06218 33
      vertex -2.47861 0.326315 33
      vertex -2.49465 0.163507 33
    endloop
  endfacet
  facet normal 0 0 -1
    outer loop
      vertex -1.81173 6.76148 33
      vertex -2.9 6.06218 33
      vertex -2.25008 6.62851 33
    endloop
  endfacet
  facet normal 0 0 -1
    outer loop
      vertex -2.9 6.06218 33
      vertex -2.49465 0.163507 33
      vertex -2.5 0 33
    endloop
  endfacet
  facet normal 0 0 -1
    outer loop
      vertex -2.90128 -6.02294 33
      vertex -2.67878 -6.46716 33
      vertex -2.9 -6.06218 33
    endloop
  endfacet
  facet normal 0 0 -1
    outer loop
      vertex -2.90513 -5.98386 33
      vertex -2.67878 -6.46716 33
      vertex -2.90128 -6.02294 33
    endloop
  endfacet
  facet normal 0 0 -1
    outer loop
      vertex -2.67878 -6.46716 33
      vertex -2.90128 -6.10142 33
      vertex -2.9 -6.06218 33
    endloop
  endfacet
  facet normal 0 0 -1
    outer loop
      vertex -2.67878 -6.46716 33
      vertex -2.90513 -6.14049 33
      vertex -2.90128 -6.10142 33
    endloop
  endfacet
  facet normal 0 0 -1
    outer loop
      vertex -2.67878 -6.46716 33
      vertex -2.91153 -6.17923 33
      vertex -2.90513 -6.14049 33
    endloop
  endfacet
  facet normal 0 0 -1
    outer loop
      vertex -2.67878 -6.46716 33
      vertex -2.92044 -6.21747 33
      vertex -2.91153 -6.17923 33
    endloop
  endfacet
  facet normal 0 0 -1
    outer loop
      vertex -2.67878 -6.46716 33
      vertex -2.93184 -6.25504 33
      vertex -2.92044 -6.21747 33
    endloop
  endfacet
  facet normal 0 0 -1
    outer loop
      vertex -2.67878 -6.46716 33
      vertex -2.94567 -6.29179 33
      vertex -2.93184 -6.25504 33
    endloop
  endfacet
  facet normal 0 0 -1
    outer loop
      vertex -2.67878 -6.46716 33
      vertex -2.96188 -6.32755 33
      vertex -2.94567 -6.29179 33
    endloop
  endfacet
  facet normal 0 -0 -1
    outer loop
      vertex -2.96188 -6.32755 33
      vertex -2.67878 -6.46716 33
      vertex -2.96675 -6.33668 33
    endloop
  endfacet
  facet normal -0.910861 -0.412714 0
    outer loop
      vertex -6.33668 -2.96675 33
      vertex -6.46716 -2.67878 36
      vertex -6.46716 -2.67878 33
    endloop
  endfacet
  facet normal -0.910861 -0.412714 0
    outer loop
      vertex -6.46716 -2.67878 36
      vertex -6.33668 -2.96675 33
      vertex -6.33668 -2.96675 36
    endloop
  endfacet
  facet normal -0.729869 -0.683587 0
    outer loop
      vertex -4.94975 -4.94975 33
      vertex -5.26288 -4.61542 36
      vertex -5.26288 -4.61542 33
    endloop
  endfacet
  facet normal -0.729869 -0.683587 0
    outer loop
      vertex -5.26288 -4.61542 36
      vertex -4.94975 -4.94975 33
      vertex -4.94975 -4.94975 36
    endloop
  endfacet
  facet normal 0.634388 0.773015 -0
    outer loop
      vertex 4.61542 5.26288 33
      vertex 4.26133 5.55347 36
      vertex 4.61542 5.26288 36
    endloop
  endfacet
  facet normal 0.634388 0.773015 0
    outer loop
      vertex 4.26133 5.55347 36
      vertex 4.61542 5.26288 33
      vertex 4.26133 5.55347 33
    endloop
  endfacet
  facet normal 0 0 -1
    outer loop
      vertex 6.60439 -0.451103 36
      vertex 7 0 36
      vertex 6.98501 -0.457822 36
    endloop
  endfacet
  facet normal 0 0 -1
    outer loop
      vertex 6.96076 -0.598715 36
      vertex 6.98501 -0.457822 36
      vertex 6.9711 -0.599053 36
    endloop
  endfacet
  facet normal 0 0 -1
    outer loop
      vertex 6.88295 -0.58847 36
      vertex 6.98501 -0.457822 36
      vertex 6.92168 -0.594867 36
    endloop
  endfacet
  facet normal 0 0 -1
    outer loop
      vertex 6.98501 -0.457822 36
      vertex 6.96076 -0.598715 36
      vertex 6.92168 -0.594867 36
    endloop
  endfacet
  facet normal 0 0 -1
    outer loop
      vertex 6.84471 -0.579555 36
      vertex 6.98501 -0.457822 36
      vertex 6.88295 -0.58847 36
    endloop
  endfacet
  facet normal 0 -0 -1
    outer loop
      vertex 6.96076 0.598715 36
      vertex 6.98501 0.457822 36
      vertex 6.92168 0.594867 36
    endloop
  endfacet
  facet normal 0 0 -1
    outer loop
      vertex 6.98501 0.457822 36
      vertex 6.96076 0.598715 36
      vertex 6.9711 0.599053 36
    endloop
  endfacet
  facet normal 0 0 -1
    outer loop
      vertex 6.80714 -0.568157 36
      vertex 6.98501 -0.457822 36
      vertex 6.84471 -0.579555 36
    endloop
  endfacet
  facet normal 0 0 -1
    outer loop
      vertex 6.98501 0.457822 36
      vertex 6.88295 0.58847 36
      vertex 6.92168 0.594867 36
    endloop
  endfacet
  facet normal 0 0 -1
    outer loop
      vertex 6.77039 -0.554327 36
      vertex 6.98501 -0.457822 36
      vertex 6.80714 -0.568157 36
    endloop
  endfacet
  facet normal 0 0 -1
    outer loop
      vertex 6.98501 0.457822 36
      vertex 6.84471 0.579555 36
      vertex 6.88295 0.58847 36
    endloop
  endfacet
  facet normal 0 0 -1
    outer loop
      vertex 6.73463 -0.538123 36
      vertex 6.98501 -0.457822 36
      vertex 6.77039 -0.554327 36
    endloop
  endfacet
  facet normal 0 0 -1
    outer loop
      vertex 6.98501 0.457822 36
      vertex 6.80714 0.568157 36
      vertex 6.84471 0.579555 36
    endloop
  endfacet
  facet normal 0 0 -1
    outer loop
      vertex 6.7 -0.519615 36
      vertex 6.98501 -0.457822 36
      vertex 6.73463 -0.538123 36
    endloop
  endfacet
  facet normal 0 0 -1
    outer loop
      vertex 6.98501 0.457822 36
      vertex 6.77039 0.554327 36
      vertex 6.80714 0.568157 36
    endloop
  endfacet
  facet normal 0 0 -1
    outer loop
      vertex 6.66666 -0.498881 36
      vertex 6.98501 -0.457822 36
      vertex 6.7 -0.519615 36
    endloop
  endfacet
  facet normal 0 0 -1
    outer loop
      vertex 6.98501 0.457822 36
      vertex 6.73463 0.538123 36
      vertex 6.77039 0.554327 36
    endloop
  endfacet
  facet normal 0 0 -1
    outer loop
      vertex 6.63474 -0.476011 36
      vertex 6.98501 -0.457822 36
      vertex 6.66666 -0.498881 36
    endloop
  endfacet
  facet normal 0 0 -1
    outer loop
      vertex 6.98501 0.457822 36
      vertex 6.7 0.519615 36
      vertex 6.73463 0.538123 36
    endloop
  endfacet
  facet normal 0 0 -1
    outer loop
      vertex 6.60439 -0.451103 36
      vertex 6.98501 -0.457822 36
      vertex 6.63474 -0.476011 36
    endloop
  endfacet
  facet normal 0 0 -1
    outer loop
      vertex 6.98501 0.457822 36
      vertex 6.66666 0.498881 36
      vertex 6.7 0.519615 36
    endloop
  endfacet
  facet normal 0 0 -1
    outer loop
      vertex 7 0 36
      vertex 6.60439 -0.451103 36
      vertex 6.57574 -0.424264 36
    endloop
  endfacet
  facet normal 0 0 -1
    outer loop
      vertex 6.98501 0.457822 36
      vertex 6.63474 0.476011 36
      vertex 6.66666 0.498881 36
    endloop
  endfacet
  facet normal 0 0 -1
    outer loop
      vertex 7 0 36
      vertex 6.57574 -0.424264 36
      vertex 6.5489 -0.395607 36
    endloop
  endfacet
  facet normal -0 0 -1
    outer loop
      vertex 6.98501 0.457822 36
      vertex 6.60439 0.451103 36
      vertex 6.63474 0.476011 36
    endloop
  endfacet
  facet normal 0 0 -1
    outer loop
      vertex 7 0 36
      vertex 6.5489 -0.395607 36
      vertex 6.52399 -0.365256 36
    endloop
  endfacet
  facet normal 0 0 -1
    outer loop
      vertex 7 0 36
      vertex 6.60439 0.451103 36
      vertex 6.98501 0.457822 36
    endloop
  endfacet
  facet normal 0 0 -1
    outer loop
      vertex 7 0 36
      vertex 6.52399 -0.365256 36
      vertex 6.50112 -0.333342 36
    endloop
  endfacet
  facet normal 0 -0 -1
    outer loop
      vertex 6.60439 0.451103 36
      vertex 7 0 36
      vertex 6.57574 0.424264 36
    endloop
  endfacet
  facet normal 0 0 -1
    outer loop
      vertex 7 0 36
      vertex 6.50112 -0.333342 36
      vertex 6.48038 -0.299999 36
    endloop
  endfacet
  facet normal 0 -0 -1
    outer loop
      vertex 6.57574 0.424264 36
      vertex 7 0 36
      vertex 6.5489 0.395607 36
    endloop
  endfacet
  facet normal 0 0 -1
    outer loop
      vertex 7 0 36
      vertex 6.48038 -0.299999 36
      vertex 6.46188 -0.265372 36
    endloop
  endfacet
  facet normal 0 -0 -1
    outer loop
      vertex 6.5489 0.395607 36
      vertex 7 0 36
      vertex 6.52399 0.365256 36
    endloop
  endfacet
  facet normal 0 0 -1
    outer loop
      vertex 7 0 36
      vertex 6.46188 -0.265372 36
      vertex 6.44567 -0.229609 36
    endloop
  endfacet
  facet normal 0 -0 -1
    outer loop
      vertex 6.52399 0.365256 36
      vertex 7 0 36
      vertex 6.50112 0.333342 36
    endloop
  endfacet
  facet normal 0 0 -1
    outer loop
      vertex 7 0 36
      vertex 6.44567 -0.229609 36
      vertex 6.43184 -0.192863 36
    endloop
  endfacet
  facet normal 0 -0 -1
    outer loop
      vertex 6.50112 0.333342 36
      vertex 7 0 36
      vertex 6.48038 0.299999 36
    endloop
  endfacet
  facet normal 0 0 -1
    outer loop
      vertex 7 0 36
      vertex 6.43184 -0.192863 36
      vertex 6.42044 -0.155291 36
    endloop
  endfacet
  facet normal 0 -0 -1
    outer loop
      vertex 6.48038 0.299999 36
      vertex 7 0 36
      vertex 6.46188 0.265372 36
    endloop
  endfacet
  facet normal 0 0 -1
    outer loop
      vertex 7 0 36
      vertex 6.42044 -0.155291 36
      vertex 6.41153 -0.117054 36
    endloop
  endfacet
  facet normal 0 -0 -1
    outer loop
      vertex 6.46188 0.265372 36
      vertex 7 0 36
      vertex 6.44567 0.229609 36
    endloop
  endfacet
  facet normal 0 0 -1
    outer loop
      vertex 7 0 36
      vertex 6.41153 -0.117054 36
      vertex 6.40513 -0.0783148 36
    endloop
  endfacet
  facet normal 0 -0 -1
    outer loop
      vertex 6.44567 0.229609 36
      vertex 7 0 36
      vertex 6.43184 0.192863 36
    endloop
  endfacet
  facet normal 0 0 -1
    outer loop
      vertex 7 0 36
      vertex 6.40513 -0.0783148 36
      vertex 6.40128 -0.0392418 36
    endloop
  endfacet
  facet normal 0 -0 -1
    outer loop
      vertex 6.43184 0.192863 36
      vertex 7 0 36
      vertex 6.42044 0.155291 36
    endloop
  endfacet
  facet normal 0 0 -1
    outer loop
      vertex 6.4 0 36
      vertex 7 0 36
      vertex 6.40128 -0.0392418 36
    endloop
  endfacet
  facet normal 0 -0 -1
    outer loop
      vertex 6.42044 0.155291 36
      vertex 7 0 36
      vertex 6.41153 0.117054 36
    endloop
  endfacet
  facet normal 0 -0 -1
    outer loop
      vertex 6.40128 0.0392418 36
      vertex 7 0 36
      vertex 6.4 0 36
    endloop
  endfacet
  facet normal 0 -0 -1
    outer loop
      vertex 6.41153 0.117054 36
      vertex 7 0 36
      vertex 6.40513 0.0783148 36
    endloop
  endfacet
  facet normal 0 -0 -1
    outer loop
      vertex 6.40513 0.0783148 36
      vertex 7 0 36
      vertex 6.40128 0.0392418 36
    endloop
  endfacet
  facet normal 0 0 -1
    outer loop
      vertex -3.09602 -6.27811 36
      vertex -2.9 -6.06218 36
      vertex -2.90128 -6.10142 36
    endloop
  endfacet
  facet normal 0 0 -1
    outer loop
      vertex -3.09602 -6.27811 36
      vertex -2.90128 -6.10142 36
      vertex -2.90513 -6.14049 36
    endloop
  endfacet
  facet normal -0 0 -1
    outer loop
      vertex -2.9 -6.06218 36
      vertex -3.09602 -6.27811 36
      vertex -2.90128 -6.02294 36
    endloop
  endfacet
  facet normal 0 0 -1
    outer loop
      vertex -3.09602 -6.27811 36
      vertex -2.90513 -6.14049 36
      vertex -2.91153 -6.17923 36
    endloop
  endfacet
  facet normal -0 0 -1
    outer loop
      vertex -2.90128 -6.02294 36
      vertex -3.09602 -6.27811 36
      vertex -2.90513 -5.98386 36
    endloop
  endfacet
  facet normal 0 0 -1
    outer loop
      vertex -3.09602 -6.27811 36
      vertex -2.91153 -6.17923 36
      vertex -2.92044 -6.21747 36
    endloop
  endfacet
  facet normal -0 0 -1
    outer loop
      vertex -2.90513 -5.98386 36
      vertex -3.09602 -6.27811 36
      vertex -2.91153 -5.94512 36
    endloop
  endfacet
  facet normal 0 0 -1
    outer loop
      vertex -3.09602 -6.27811 36
      vertex -2.92044 -6.21747 36
      vertex -2.93184 -6.25504 36
    endloop
  endfacet
  facet normal 0 0 -1
    outer loop
      vertex -3.5 -6.06218 36
      vertex -2.91153 -5.94512 36
      vertex -3.09602 -6.27811 36
    endloop
  endfacet
  facet normal 0 0 -1
    outer loop
      vertex -3.09602 -6.27811 36
      vertex -2.93184 -6.25504 36
      vertex -2.94567 -6.29179 36
    endloop
  endfacet
  facet normal -0 0 -1
    outer loop
      vertex -2.91153 -5.94512 36
      vertex -3.5 -6.06218 36
      vertex -2.92044 -5.90689 36
    endloop
  endfacet
  facet normal 0 0 -1
    outer loop
      vertex -3.09602 -6.27811 36
      vertex -2.94567 -6.29179 36
      vertex -2.96188 -6.32755 36
    endloop
  endfacet
  facet normal -0 0 -1
    outer loop
      vertex -2.92044 -5.90689 36
      vertex -3.5 -6.06218 36
      vertex -2.93184 -5.86931 36
    endloop
  endfacet
  facet normal 0 0 -1
    outer loop
      vertex -3.09602 -6.27811 36
      vertex -2.96188 -6.32755 36
      vertex -2.96675 -6.33668 36
    endloop
  endfacet
  facet normal -0 0 -1
    outer loop
      vertex -2.93184 -5.86931 36
      vertex -3.5 -6.06218 36
      vertex -2.94567 -5.83257 36
    endloop
  endfacet
  facet normal -0 0 -1
    outer loop
      vertex -2.94567 -5.83257 36
      vertex -3.5 -6.06218 36
      vertex -2.96188 -5.7968 36
    endloop
  endfacet
  facet normal -0 0 -1
    outer loop
      vertex -2.96188 -5.7968 36
      vertex -3.5 -6.06218 36
      vertex -2.98038 -5.76218 36
    endloop
  endfacet
  facet normal -0 0 -1
    outer loop
      vertex -2.98038 -5.76218 36
      vertex -3.5 -6.06218 36
      vertex -3.00112 -5.72884 36
    endloop
  endfacet
  facet normal -0 0 -1
    outer loop
      vertex -3.00112 -5.72884 36
      vertex -3.5 -6.06218 36
      vertex -3.02399 -5.69692 36
    endloop
  endfacet
  facet normal -0 0 -1
    outer loop
      vertex -3.02399 -5.69692 36
      vertex -3.5 -6.06218 36
      vertex -3.0489 -5.66657 36
    endloop
  endfacet
  facet normal -0 0 -1
    outer loop
      vertex -3.0489 -5.66657 36
      vertex -3.5 -6.06218 36
      vertex -3.07574 -5.63791 36
    endloop
  endfacet
  facet normal -0 0 -1
    outer loop
      vertex -3.07574 -5.63791 36
      vertex -3.5 -6.06218 36
      vertex -3.10439 -5.61107 36
    endloop
  endfacet
  facet normal -0 0 -1
    outer loop
      vertex -3.10439 -5.61107 36
      vertex -3.5 -6.06218 36
      vertex -3.13474 -5.58617 36
    endloop
  endfacet
  facet normal -0 0 -1
    outer loop
      vertex -3.13474 -5.58617 36
      vertex -3.5 -6.06218 36
      vertex -3.16666 -5.5633 36
    endloop
  endfacet
  facet normal -0 0 -1
    outer loop
      vertex -3.16666 -5.5633 36
      vertex -3.5 -6.06218 36
      vertex -3.2 -5.54256 36
    endloop
  endfacet
  facet normal -0 0 -1
    outer loop
      vertex -3.2 -5.54256 36
      vertex -3.5 -6.06218 36
      vertex -3.23463 -5.52405 36
    endloop
  endfacet
  facet normal -0 0 -1
    outer loop
      vertex -3.23463 -5.52405 36
      vertex -3.5 -6.06218 36
      vertex -3.27039 -5.50785 36
    endloop
  endfacet
  facet normal -0 0 -1
    outer loop
      vertex -3.27039 -5.50785 36
      vertex -3.5 -6.06218 36
      vertex -3.30714 -5.49402 36
    endloop
  endfacet
  facet normal -0 0 -1
    outer loop
      vertex -3.30714 -5.49402 36
      vertex -3.5 -6.06218 36
      vertex -3.34471 -5.48262 36
    endloop
  endfacet
  facet normal -0 0 -1
    outer loop
      vertex -3.34471 -5.48262 36
      vertex -3.5 -6.06218 36
      vertex -3.38295 -5.47371 36
    endloop
  endfacet
  facet normal -0 0 -1
    outer loop
      vertex -3.38295 -5.47371 36
      vertex -3.5 -6.06218 36
      vertex -3.42168 -5.46731 36
    endloop
  endfacet
  facet normal -0 0 -1
    outer loop
      vertex -3.42168 -5.46731 36
      vertex -3.5 -6.06218 36
      vertex -3.46076 -5.46346 36
    endloop
  endfacet
  facet normal 0 0 -1
    outer loop
      vertex -3.5 -6.06218 36
      vertex -3.5 -5.46218 36
      vertex -3.46076 -5.46346 36
    endloop
  endfacet
  facet normal 0 0 -1
    outer loop
      vertex -3.5 -6.06218 36
      vertex -3.53924 -5.46346 36
      vertex -3.5 -5.46218 36
    endloop
  endfacet
  facet normal 0 0 -1
    outer loop
      vertex -3.5 -6.06218 36
      vertex -3.57831 -5.46731 36
      vertex -3.53924 -5.46346 36
    endloop
  endfacet
  facet normal 0 0 -1
    outer loop
      vertex -3.5 -6.06218 36
      vertex -3.61705 -5.47371 36
      vertex -3.57831 -5.46731 36
    endloop
  endfacet
  facet normal 0 0 -1
    outer loop
      vertex -3.5 -6.06218 36
      vertex -3.65529 -5.48262 36
      vertex -3.61705 -5.47371 36
    endloop
  endfacet
  facet normal 0 0 -1
    outer loop
      vertex -3.5 -6.06218 36
      vertex -3.69286 -5.49402 36
      vertex -3.65529 -5.48262 36
    endloop
  endfacet
  facet normal 0 0 -1
    outer loop
      vertex -3.88899 -5.82029 36
      vertex -3.69286 -5.49402 36
      vertex -3.5 -6.06218 36
    endloop
  endfacet
  facet normal 0 0 -1
    outer loop
      vertex -3.69286 -5.49402 36
      vertex -3.88899 -5.82029 36
      vertex -3.72961 -5.50785 36
    endloop
  endfacet
  facet normal 0 0 -1
    outer loop
      vertex -3.72961 -5.50785 36
      vertex -3.88899 -5.82029 36
      vertex -3.76537 -5.52405 36
    endloop
  endfacet
  facet normal 0 0 -1
    outer loop
      vertex -3.76537 -5.52405 36
      vertex -3.88899 -5.82029 36
      vertex -3.8 -5.54256 36
    endloop
  endfacet
  facet normal 0 0 -1
    outer loop
      vertex -3.8 -5.54256 36
      vertex -3.88899 -5.82029 36
      vertex -3.83334 -5.5633 36
    endloop
  endfacet
  facet normal 0 0 -1
    outer loop
      vertex -3.83334 -5.5633 36
      vertex -3.88899 -5.82029 36
      vertex -3.86526 -5.58617 36
    endloop
  endfacet
  facet normal 0 0 -1
    outer loop
      vertex -3.88899 -5.82029 36
      vertex -3.89561 -5.61107 36
      vertex -3.86526 -5.58617 36
    endloop
  endfacet
  facet normal 0 0 -1
    outer loop
      vertex -3.88899 -5.82029 36
      vertex -3.92426 -5.63791 36
      vertex -3.89561 -5.61107 36
    endloop
  endfacet
  facet normal 0 0 -1
    outer loop
      vertex -3.88899 -5.82029 36
      vertex -3.9511 -5.66657 36
      vertex -3.92426 -5.63791 36
    endloop
  endfacet
  facet normal 0 0 -1
    outer loop
      vertex -3.88899 -5.82029 36
      vertex -3.97601 -5.69692 36
      vertex -3.9511 -5.66657 36
    endloop
  endfacet
  facet normal 0 0 -1
    outer loop
      vertex -3.88899 -5.82029 36
      vertex -3.99888 -5.72884 36
      vertex -3.97601 -5.69692 36
    endloop
  endfacet
  facet normal 0 -0 -1
    outer loop
      vertex -3.99888 -5.72884 36
      vertex -3.88899 -5.82029 36
      vertex -4.00435 -5.73762 36
    endloop
  endfacet
  facet normal 0 0 -1
    outer loop
      vertex -3.09602 6.27811 36
      vertex -2.9 6.06218 36
      vertex -2.90128 6.02294 36
    endloop
  endfacet
  facet normal 0 0 -1
    outer loop
      vertex -3.09602 6.27811 36
      vertex -2.90128 6.02294 36
      vertex -2.90513 5.98386 36
    endloop
  endfacet
  facet normal 0 0 -1
    outer loop
      vertex -2.9 6.06218 36
      vertex -3.09602 6.27811 36
      vertex -2.90128 6.10142 36
    endloop
  endfacet
  facet normal 0 0 -1
    outer loop
      vertex -3.09602 6.27811 36
      vertex -2.90513 5.98386 36
      vertex -2.91153 5.94512 36
    endloop
  endfacet
  facet normal 0 0 -1
    outer loop
      vertex -2.90128 6.10142 36
      vertex -3.09602 6.27811 36
      vertex -2.90513 6.14049 36
    endloop
  endfacet
  facet normal 0 0 -1
    outer loop
      vertex -3.5 6.06218 36
      vertex -2.91153 5.94512 36
      vertex -2.92044 5.90689 36
    endloop
  endfacet
  facet normal 0 0 -1
    outer loop
      vertex -2.90513 6.14049 36
      vertex -3.09602 6.27811 36
      vertex -2.91153 6.17923 36
    endloop
  endfacet
  facet normal 0 0 -1
    outer loop
      vertex -3.5 6.06218 36
      vertex -2.92044 5.90689 36
      vertex -2.93184 5.86931 36
    endloop
  endfacet
  facet normal 0 0 -1
    outer loop
      vertex -2.91153 6.17923 36
      vertex -3.09602 6.27811 36
      vertex -2.92044 6.21747 36
    endloop
  endfacet
  facet normal 0 0 -1
    outer loop
      vertex -3.5 6.06218 36
      vertex -2.93184 5.86931 36
      vertex -2.94567 5.83257 36
    endloop
  endfacet
  facet normal 0 0 -1
    outer loop
      vertex -2.92044 6.21747 36
      vertex -3.09602 6.27811 36
      vertex -2.93184 6.25504 36
    endloop
  endfacet
  facet normal 0 0 -1
    outer loop
      vertex -3.5 6.06218 36
      vertex -2.94567 5.83257 36
      vertex -2.96188 5.7968 36
    endloop
  endfacet
  facet normal 0 0 -1
    outer loop
      vertex -2.93184 6.25504 36
      vertex -3.09602 6.27811 36
      vertex -2.94567 6.29179 36
    endloop
  endfacet
  facet normal -0 0 -1
    outer loop
      vertex -2.94567 6.29179 36
      vertex -3.09602 6.27811 36
      vertex -2.96188 6.32755 36
    endloop
  endfacet
  facet normal 0 0 -1
    outer loop
      vertex -3.5 6.06218 36
      vertex -2.96188 5.7968 36
      vertex -2.98038 5.76218 36
    endloop
  endfacet
  facet normal 0 0 -1
    outer loop
      vertex -3.5 6.06218 36
      vertex -2.98038 5.76218 36
      vertex -3.00112 5.72884 36
    endloop
  endfacet
  facet normal 0 0 -1
    outer loop
      vertex -3.5 6.06218 36
      vertex -3.00112 5.72884 36
      vertex -3.02399 5.69692 36
    endloop
  endfacet
  facet normal 0 0 -1
    outer loop
      vertex -3.5 6.06218 36
      vertex -3.02399 5.69692 36
      vertex -3.0489 5.66657 36
    endloop
  endfacet
  facet normal 0 0 -1
    outer loop
      vertex -3.5 6.06218 36
      vertex -3.0489 5.66657 36
      vertex -3.07574 5.63791 36
    endloop
  endfacet
  facet normal -0 0 -1
    outer loop
      vertex -2.96188 6.32755 36
      vertex -3.09602 6.27811 36
      vertex -2.96675 6.33668 36
    endloop
  endfacet
  facet normal 0 0 -1
    outer loop
      vertex -3.5 6.06218 36
      vertex -3.07574 5.63791 36
      vertex -3.10439 5.61107 36
    endloop
  endfacet
  facet normal 0 0 -1
    outer loop
      vertex -3.5 6.06218 36
      vertex -3.10439 5.61107 36
      vertex -3.13474 5.58617 36
    endloop
  endfacet
  facet normal 0 0 -1
    outer loop
      vertex -3.5 6.06218 36
      vertex -3.13474 5.58617 36
      vertex -3.16666 5.5633 36
    endloop
  endfacet
  facet normal 0 0 -1
    outer loop
      vertex -3.5 6.06218 36
      vertex -3.16666 5.5633 36
      vertex -3.2 5.54256 36
    endloop
  endfacet
  facet normal 0 0 -1
    outer loop
      vertex -3.5 6.06218 36
      vertex -3.2 5.54256 36
      vertex -3.23463 5.52405 36
    endloop
  endfacet
  facet normal 0 0 -1
    outer loop
      vertex -3.5 6.06218 36
      vertex -3.23463 5.52405 36
      vertex -3.27039 5.50785 36
    endloop
  endfacet
  facet normal 0 0 -1
    outer loop
      vertex -3.5 6.06218 36
      vertex -3.27039 5.50785 36
      vertex -3.30714 5.49402 36
    endloop
  endfacet
  facet normal 0 0 -1
    outer loop
      vertex -3.5 6.06218 36
      vertex -3.30714 5.49402 36
      vertex -3.34471 5.48262 36
    endloop
  endfacet
  facet normal 0 0 -1
    outer loop
      vertex -3.5 6.06218 36
      vertex -3.34471 5.48262 36
      vertex -3.38295 5.47371 36
    endloop
  endfacet
  facet normal 0 0 -1
    outer loop
      vertex -3.5 6.06218 36
      vertex -3.38295 5.47371 36
      vertex -3.42168 5.46731 36
    endloop
  endfacet
  facet normal 0 0 -1
    outer loop
      vertex -3.5 6.06218 36
      vertex -3.42168 5.46731 36
      vertex -3.46076 5.46346 36
    endloop
  endfacet
  facet normal 0 0 -1
    outer loop
      vertex -3.5 6.06218 36
      vertex -3.46076 5.46346 36
      vertex -3.5 5.46218 36
    endloop
  endfacet
  facet normal 0 0 -1
    outer loop
      vertex -2.91153 5.94512 36
      vertex -3.5 6.06218 36
      vertex -3.09602 6.27811 36
    endloop
  endfacet
  facet normal 0 0 -1
    outer loop
      vertex -3.53924 5.46346 36
      vertex -3.5 6.06218 36
      vertex -3.5 5.46218 36
    endloop
  endfacet
  facet normal 0 0 -1
    outer loop
      vertex -3.57831 5.46731 36
      vertex -3.5 6.06218 36
      vertex -3.53924 5.46346 36
    endloop
  endfacet
  facet normal 0 0 -1
    outer loop
      vertex -3.61705 5.47371 36
      vertex -3.5 6.06218 36
      vertex -3.57831 5.46731 36
    endloop
  endfacet
  facet normal 0 0 -1
    outer loop
      vertex -3.65529 5.48262 36
      vertex -3.5 6.06218 36
      vertex -3.61705 5.47371 36
    endloop
  endfacet
  facet normal 0 0 -1
    outer loop
      vertex -3.69286 5.49402 36
      vertex -3.5 6.06218 36
      vertex -3.65529 5.48262 36
    endloop
  endfacet
  facet normal 0 0 -1
    outer loop
      vertex -3.88899 5.82029 36
      vertex -3.69286 5.49402 36
      vertex -3.72961 5.50785 36
    endloop
  endfacet
  facet normal 0 0 -1
    outer loop
      vertex -3.88899 5.82029 36
      vertex -3.72961 5.50785 36
      vertex -3.76537 5.52405 36
    endloop
  endfacet
  facet normal 0 0 -1
    outer loop
      vertex -3.88899 5.82029 36
      vertex -3.76537 5.52405 36
      vertex -3.8 5.54256 36
    endloop
  endfacet
  facet normal 0 0 -1
    outer loop
      vertex -3.88899 5.82029 36
      vertex -3.8 5.54256 36
      vertex -3.83334 5.5633 36
    endloop
  endfacet
  facet normal 0 0 -1
    outer loop
      vertex -3.88899 5.82029 36
      vertex -3.83334 5.5633 36
      vertex -3.86526 5.58617 36
    endloop
  endfacet
  facet normal 0 0 -1
    outer loop
      vertex -3.69286 5.49402 36
      vertex -3.88899 5.82029 36
      vertex -3.5 6.06218 36
    endloop
  endfacet
  facet normal 0 0 -1
    outer loop
      vertex -3.89561 5.61107 36
      vertex -3.88899 5.82029 36
      vertex -3.86526 5.58617 36
    endloop
  endfacet
  facet normal 0 0 -1
    outer loop
      vertex -3.92426 5.63791 36
      vertex -3.88899 5.82029 36
      vertex -3.89561 5.61107 36
    endloop
  endfacet
  facet normal 0 0 -1
    outer loop
      vertex -3.9511 5.66657 36
      vertex -3.88899 5.82029 36
      vertex -3.92426 5.63791 36
    endloop
  endfacet
  facet normal 0 0 -1
    outer loop
      vertex -3.97601 5.69692 36
      vertex -3.88899 5.82029 36
      vertex -3.9511 5.66657 36
    endloop
  endfacet
  facet normal 0 0 -1
    outer loop
      vertex -3.99888 5.72884 36
      vertex -3.88899 5.82029 36
      vertex -3.97601 5.69692 36
    endloop
  endfacet
  facet normal 0 0 -1
    outer loop
      vertex -3.88899 5.82029 36
      vertex -3.99888 5.72884 36
      vertex -4.00435 5.73762 36
    endloop
  endfacet
  facet normal 0 0 -1
    outer loop
      vertex 0.457822 6.98501 36
      vertex 0.598715 6.96076 36
      vertex 0.594867 6.92168 36
    endloop
  endfacet
  facet normal 0 0 -1
    outer loop
      vertex 0.457822 6.98501 36
      vertex 0.594867 6.92168 36
      vertex 0.58847 6.88295 36
    endloop
  endfacet
  facet normal 0 0 -1
    outer loop
      vertex 0.457822 6.98501 36
      vertex 0.58847 6.88295 36
      vertex 0.579555 6.84471 36
    endloop
  endfacet
  facet normal 0 0 -1
    outer loop
      vertex 0.457822 6.98501 36
      vertex 0.579555 6.84471 36
      vertex 0.568157 6.80714 36
    endloop
  endfacet
  facet normal 0 0 -1
    outer loop
      vertex 0.457822 6.98501 36
      vertex 0.568157 6.80714 36
      vertex 0.554327 6.77039 36
    endloop
  endfacet
  facet normal 0 0 -1
    outer loop
      vertex 0.457822 6.98501 36
      vertex 0.554327 6.77039 36
      vertex 0.538123 6.73463 36
    endloop
  endfacet
  facet normal 0 0 -1
    outer loop
      vertex 0.457822 6.98501 36
      vertex 0.538123 6.73463 36
      vertex 0.519615 6.7 36
    endloop
  endfacet
  facet normal 0 0 -1
    outer loop
      vertex 0.457822 6.98501 36
      vertex 0.519615 6.7 36
      vertex 0.498881 6.66666 36
    endloop
  endfacet
  facet normal 0 0 -1
    outer loop
      vertex 0.457822 6.98501 36
      vertex 0.498881 6.66666 36
      vertex 0.476011 6.63474 36
    endloop
  endfacet
  facet normal 0 0 -1
    outer loop
      vertex 0.598715 6.96076 36
      vertex 0.457822 6.98501 36
      vertex 0.599053 6.9711 36
    endloop
  endfacet
  facet normal 0 0 -1
    outer loop
      vertex 0.451103 6.60439 36
      vertex 0.457822 6.98501 36
      vertex 0.476011 6.63474 36
    endloop
  endfacet
  facet normal 0 0 -1
    outer loop
      vertex 0 7 36
      vertex 0.451103 6.60439 36
      vertex 0.424264 6.57574 36
    endloop
  endfacet
  facet normal 0 0 -1
    outer loop
      vertex 0 7 36
      vertex 0.424264 6.57574 36
      vertex 0.395607 6.5489 36
    endloop
  endfacet
  facet normal 0 0 -1
    outer loop
      vertex 0 7 36
      vertex 0.395607 6.5489 36
      vertex 0.365256 6.52399 36
    endloop
  endfacet
  facet normal 0 0 -1
    outer loop
      vertex 0 7 36
      vertex 0.365256 6.52399 36
      vertex 0.333342 6.50112 36
    endloop
  endfacet
  facet normal 0 0 -1
    outer loop
      vertex 0 7 36
      vertex 0.333342 6.50112 36
      vertex 0.299999 6.48038 36
    endloop
  endfacet
  facet normal 0 0 -1
    outer loop
      vertex 0 7 36
      vertex 0.299999 6.48038 36
      vertex 0.265372 6.46188 36
    endloop
  endfacet
  facet normal 0 0 -1
    outer loop
      vertex 0 7 36
      vertex 0.265372 6.46188 36
      vertex 0.229609 6.44567 36
    endloop
  endfacet
  facet normal 0 0 -1
    outer loop
      vertex 0 7 36
      vertex 0.229609 6.44567 36
      vertex 0.192863 6.43184 36
    endloop
  endfacet
  facet normal 0 0 -1
    outer loop
      vertex 0 7 36
      vertex 0.192863 6.43184 36
      vertex 0.155291 6.42044 36
    endloop
  endfacet
  facet normal 0 0 -1
    outer loop
      vertex 0 7 36
      vertex 0.155291 6.42044 36
      vertex 0.117054 6.41153 36
    endloop
  endfacet
  facet normal 0 0 -1
    outer loop
      vertex 0 7 36
      vertex 0.117054 6.41153 36
      vertex 0.0783148 6.40513 36
    endloop
  endfacet
  facet normal 0 0 -1
    outer loop
      vertex 0 7 36
      vertex 0.0783148 6.40513 36
      vertex 0.0392418 6.40128 36
    endloop
  endfacet
  facet normal 0 0 -1
    outer loop
      vertex 0 7 36
      vertex 0.0392418 6.40128 36
      vertex 0 6.4 36
    endloop
  endfacet
  facet normal 0 0 -1
    outer loop
      vertex 0.451103 6.60439 36
      vertex 0 7 36
      vertex 0.457822 6.98501 36
    endloop
  endfacet
  facet normal 0 0 -1
    outer loop
      vertex -0.0392418 6.40128 36
      vertex 0 7 36
      vertex 0 6.4 36
    endloop
  endfacet
  facet normal 0 0 -1
    outer loop
      vertex -0.0783148 6.40513 36
      vertex 0 7 36
      vertex -0.0392418 6.40128 36
    endloop
  endfacet
  facet normal 0 0 -1
    outer loop
      vertex -0.117054 6.41153 36
      vertex 0 7 36
      vertex -0.0783148 6.40513 36
    endloop
  endfacet
  facet normal 0 0 -1
    outer loop
      vertex -0.155291 6.42044 36
      vertex 0 7 36
      vertex -0.117054 6.41153 36
    endloop
  endfacet
  facet normal 0 0 -1
    outer loop
      vertex -0.192863 6.43184 36
      vertex 0 7 36
      vertex -0.155291 6.42044 36
    endloop
  endfacet
  facet normal 0 0 -1
    outer loop
      vertex -0.229609 6.44567 36
      vertex 0 7 36
      vertex -0.192863 6.43184 36
    endloop
  endfacet
  facet normal 0 0 -1
    outer loop
      vertex -0.265372 6.46188 36
      vertex 0 7 36
      vertex -0.229609 6.44567 36
    endloop
  endfacet
  facet normal 0 0 -1
    outer loop
      vertex -0.299999 6.48038 36
      vertex 0 7 36
      vertex -0.265372 6.46188 36
    endloop
  endfacet
  facet normal 0 0 -1
    outer loop
      vertex -0.333342 6.50112 36
      vertex 0 7 36
      vertex -0.299999 6.48038 36
    endloop
  endfacet
  facet normal 0 0 -1
    outer loop
      vertex -0.365256 6.52399 36
      vertex 0 7 36
      vertex -0.333342 6.50112 36
    endloop
  endfacet
  facet normal 0 0 -1
    outer loop
      vertex -0.395607 6.5489 36
      vertex 0 7 36
      vertex -0.365256 6.52399 36
    endloop
  endfacet
  facet normal 0 0 -1
    outer loop
      vertex -0.424264 6.57574 36
      vertex 0 7 36
      vertex -0.395607 6.5489 36
    endloop
  endfacet
  facet normal 0 0 -1
    outer loop
      vertex -0.451103 6.60439 36
      vertex 0 7 36
      vertex -0.424264 6.57574 36
    endloop
  endfacet
  facet normal 0 0 -1
    outer loop
      vertex -0.451103 6.60439 36
      vertex -0.457822 6.98501 36
      vertex 0 7 36
    endloop
  endfacet
  facet normal 0 0 -1
    outer loop
      vertex -0.476011 6.63474 36
      vertex -0.457822 6.98501 36
      vertex -0.451103 6.60439 36
    endloop
  endfacet
  facet normal 0 0 -1
    outer loop
      vertex -0.498881 6.66666 36
      vertex -0.457822 6.98501 36
      vertex -0.476011 6.63474 36
    endloop
  endfacet
  facet normal 0 0 -1
    outer loop
      vertex -0.519615 6.7 36
      vertex -0.457822 6.98501 36
      vertex -0.498881 6.66666 36
    endloop
  endfacet
  facet normal 0 0 -1
    outer loop
      vertex -0.538123 6.73463 36
      vertex -0.457822 6.98501 36
      vertex -0.519615 6.7 36
    endloop
  endfacet
  facet normal 0 0 -1
    outer loop
      vertex -0.554327 6.77039 36
      vertex -0.457822 6.98501 36
      vertex -0.538123 6.73463 36
    endloop
  endfacet
  facet normal 0 0 -1
    outer loop
      vertex -0.568157 6.80714 36
      vertex -0.457822 6.98501 36
      vertex -0.554327 6.77039 36
    endloop
  endfacet
  facet normal 0 0 -1
    outer loop
      vertex -0.579555 6.84471 36
      vertex -0.457822 6.98501 36
      vertex -0.568157 6.80714 36
    endloop
  endfacet
  facet normal 0 0 -1
    outer loop
      vertex -0.58847 6.88295 36
      vertex -0.457822 6.98501 36
      vertex -0.579555 6.84471 36
    endloop
  endfacet
  facet normal 0 0 -1
    outer loop
      vertex -0.594867 6.92168 36
      vertex -0.457822 6.98501 36
      vertex -0.58847 6.88295 36
    endloop
  endfacet
  facet normal 0 0 -1
    outer loop
      vertex -0.598715 6.96076 36
      vertex -0.457822 6.98501 36
      vertex -0.594867 6.92168 36
    endloop
  endfacet
  facet normal 0 0 -1
    outer loop
      vertex -0.457822 6.98501 36
      vertex -0.598715 6.96076 36
      vertex -0.599053 6.9711 36
    endloop
  endfacet
  facet normal 0 0 -1
    outer loop
      vertex -7 0 36
      vertex -6.4 0 36
      vertex -6.40128 -0.0392418 36
    endloop
  endfacet
  facet normal 0 0 -1
    outer loop
      vertex -7 0 36
      vertex -6.40128 -0.0392418 36
      vertex -6.40513 -0.0783148 36
    endloop
  endfacet
  facet normal 0 0 -1
    outer loop
      vertex -6.4 0 36
      vertex -7 0 36
      vertex -6.40128 0.0392418 36
    endloop
  endfacet
  facet normal 0 0 -1
    outer loop
      vertex -7 0 36
      vertex -6.40513 -0.0783148 36
      vertex -6.41153 -0.117054 36
    endloop
  endfacet
  facet normal -0 0 -1
    outer loop
      vertex -6.40128 0.0392418 36
      vertex -7 0 36
      vertex -6.40513 0.0783148 36
    endloop
  endfacet
  facet normal 0 0 -1
    outer loop
      vertex -7 0 36
      vertex -6.41153 -0.117054 36
      vertex -6.42044 -0.155291 36
    endloop
  endfacet
  facet normal -0 0 -1
    outer loop
      vertex -6.40513 0.0783148 36
      vertex -7 0 36
      vertex -6.41153 0.117054 36
    endloop
  endfacet
  facet normal 0 0 -1
    outer loop
      vertex -7 0 36
      vertex -6.42044 -0.155291 36
      vertex -6.43184 -0.192863 36
    endloop
  endfacet
  facet normal -0 0 -1
    outer loop
      vertex -6.41153 0.117054 36
      vertex -7 0 36
      vertex -6.42044 0.155291 36
    endloop
  endfacet
  facet normal 0 0 -1
    outer loop
      vertex -7 0 36
      vertex -6.43184 -0.192863 36
      vertex -6.44567 -0.229609 36
    endloop
  endfacet
  facet normal -0 0 -1
    outer loop
      vertex -6.42044 0.155291 36
      vertex -7 0 36
      vertex -6.43184 0.192863 36
    endloop
  endfacet
  facet normal 0 0 -1
    outer loop
      vertex -7 0 36
      vertex -6.44567 -0.229609 36
      vertex -6.46188 -0.265372 36
    endloop
  endfacet
  facet normal -0 0 -1
    outer loop
      vertex -6.43184 0.192863 36
      vertex -7 0 36
      vertex -6.44567 0.229609 36
    endloop
  endfacet
  facet normal 0 0 -1
    outer loop
      vertex -7 0 36
      vertex -6.46188 -0.265372 36
      vertex -6.48038 -0.299999 36
    endloop
  endfacet
  facet normal -0 0 -1
    outer loop
      vertex -6.44567 0.229609 36
      vertex -7 0 36
      vertex -6.46188 0.265372 36
    endloop
  endfacet
  facet normal 0 0 -1
    outer loop
      vertex -7 0 36
      vertex -6.48038 -0.299999 36
      vertex -6.50112 -0.333342 36
    endloop
  endfacet
  facet normal -0 0 -1
    outer loop
      vertex -6.46188 0.265372 36
      vertex -7 0 36
      vertex -6.48038 0.299999 36
    endloop
  endfacet
  facet normal 0 0 -1
    outer loop
      vertex -7 0 36
      vertex -6.50112 -0.333342 36
      vertex -6.52399 -0.365256 36
    endloop
  endfacet
  facet normal -0 0 -1
    outer loop
      vertex -6.48038 0.299999 36
      vertex -7 0 36
      vertex -6.50112 0.333342 36
    endloop
  endfacet
  facet normal 0 0 -1
    outer loop
      vertex -7 0 36
      vertex -6.52399 -0.365256 36
      vertex -6.5489 -0.395607 36
    endloop
  endfacet
  facet normal -0 0 -1
    outer loop
      vertex -6.50112 0.333342 36
      vertex -7 0 36
      vertex -6.52399 0.365256 36
    endloop
  endfacet
  facet normal 0 0 -1
    outer loop
      vertex -7 0 36
      vertex -6.5489 -0.395607 36
      vertex -6.57574 -0.424264 36
    endloop
  endfacet
  facet normal -0 0 -1
    outer loop
      vertex -6.52399 0.365256 36
      vertex -7 0 36
      vertex -6.5489 0.395607 36
    endloop
  endfacet
  facet normal 0 0 -1
    outer loop
      vertex -7 0 36
      vertex -6.57574 -0.424264 36
      vertex -6.60439 -0.451103 36
    endloop
  endfacet
  facet normal -0 0 -1
    outer loop
      vertex -6.5489 0.395607 36
      vertex -7 0 36
      vertex -6.57574 0.424264 36
    endloop
  endfacet
  facet normal 0 0 -1
    outer loop
      vertex -6.98501 -0.457822 36
      vertex -6.60439 -0.451103 36
      vertex -6.63474 -0.476011 36
    endloop
  endfacet
  facet normal -0 0 -1
    outer loop
      vertex -6.57574 0.424264 36
      vertex -7 0 36
      vertex -6.60439 0.451103 36
    endloop
  endfacet
  facet normal 0 0 -1
    outer loop
      vertex -6.98501 -0.457822 36
      vertex -6.63474 -0.476011 36
      vertex -6.66666 -0.498881 36
    endloop
  endfacet
  facet normal 0 -0 -1
    outer loop
      vertex -6.98501 0.457822 36
      vertex -6.60439 0.451103 36
      vertex -7 0 36
    endloop
  endfacet
  facet normal 0 0 -1
    outer loop
      vertex -6.98501 -0.457822 36
      vertex -6.66666 -0.498881 36
      vertex -6.7 -0.519615 36
    endloop
  endfacet
  facet normal 0 0 -1
    outer loop
      vertex -6.60439 0.451103 36
      vertex -6.98501 0.457822 36
      vertex -6.63474 0.476011 36
    endloop
  endfacet
  facet normal 0 0 -1
    outer loop
      vertex -6.98501 -0.457822 36
      vertex -6.7 -0.519615 36
      vertex -6.73463 -0.538123 36
    endloop
  endfacet
  facet normal -0 0 -1
    outer loop
      vertex -6.63474 0.476011 36
      vertex -6.98501 0.457822 36
      vertex -6.66666 0.498881 36
    endloop
  endfacet
  facet normal 0 0 -1
    outer loop
      vertex -6.98501 -0.457822 36
      vertex -6.73463 -0.538123 36
      vertex -6.77039 -0.554327 36
    endloop
  endfacet
  facet normal -0 0 -1
    outer loop
      vertex -6.66666 0.498881 36
      vertex -6.98501 0.457822 36
      vertex -6.7 0.519615 36
    endloop
  endfacet
  facet normal 0 0 -1
    outer loop
      vertex -6.98501 -0.457822 36
      vertex -6.77039 -0.554327 36
      vertex -6.80714 -0.568157 36
    endloop
  endfacet
  facet normal -0 0 -1
    outer loop
      vertex -6.7 0.519615 36
      vertex -6.98501 0.457822 36
      vertex -6.73463 0.538123 36
    endloop
  endfacet
  facet normal 0 0 -1
    outer loop
      vertex -6.98501 -0.457822 36
      vertex -6.80714 -0.568157 36
      vertex -6.84471 -0.579555 36
    endloop
  endfacet
  facet normal -0 0 -1
    outer loop
      vertex -6.73463 0.538123 36
      vertex -6.98501 0.457822 36
      vertex -6.77039 0.554327 36
    endloop
  endfacet
  facet normal 0 0 -1
    outer loop
      vertex -6.98501 -0.457822 36
      vertex -6.84471 -0.579555 36
      vertex -6.88295 -0.58847 36
    endloop
  endfacet
  facet normal -0 0 -1
    outer loop
      vertex -6.77039 0.554327 36
      vertex -6.98501 0.457822 36
      vertex -6.80714 0.568157 36
    endloop
  endfacet
  facet normal 0 0 -1
    outer loop
      vertex -6.98501 -0.457822 36
      vertex -6.88295 -0.58847 36
      vertex -6.92168 -0.594867 36
    endloop
  endfacet
  facet normal -0 0 -1
    outer loop
      vertex -6.80714 0.568157 36
      vertex -6.98501 0.457822 36
      vertex -6.84471 0.579555 36
    endloop
  endfacet
  facet normal 0 0 -1
    outer loop
      vertex -6.98501 -0.457822 36
      vertex -6.92168 -0.594867 36
      vertex -6.96076 -0.598715 36
    endloop
  endfacet
  facet normal -0 0 -1
    outer loop
      vertex -6.84471 0.579555 36
      vertex -6.98501 0.457822 36
      vertex -6.88295 0.58847 36
    endloop
  endfacet
  facet normal 0 0 -1
    outer loop
      vertex -6.98501 -0.457822 36
      vertex -6.96076 -0.598715 36
      vertex -6.9711 -0.599053 36
    endloop
  endfacet
  facet normal -0 0 -1
    outer loop
      vertex -6.88295 0.58847 36
      vertex -6.98501 0.457822 36
      vertex -6.92168 0.594867 36
    endloop
  endfacet
  facet normal -0 0 -1
    outer loop
      vertex -6.60439 -0.451103 36
      vertex -6.98501 -0.457822 36
      vertex -7 0 36
    endloop
  endfacet
  facet normal -0 0 -1
    outer loop
      vertex -6.92168 0.594867 36
      vertex -6.98501 0.457822 36
      vertex -6.96076 0.598715 36
    endloop
  endfacet
  facet normal -0 0 -1
    outer loop
      vertex -6.96076 0.598715 36
      vertex -6.98501 0.457822 36
      vertex -6.9711 0.599053 36
    endloop
  endfacet
  facet normal 0 0 -1
    outer loop
      vertex -6.06218 -3.5 36
      vertex -5.46218 -3.5 36
      vertex -5.46346 -3.53924 36
    endloop
  endfacet
  facet normal 0 0 -1
    outer loop
      vertex -6.06218 -3.5 36
      vertex -5.46346 -3.53924 36
      vertex -5.46731 -3.57831 36
    endloop
  endfacet
  facet normal 0 0 -1
    outer loop
      vertex -5.46218 -3.5 36
      vertex -6.06218 -3.5 36
      vertex -5.46346 -3.46076 36
    endloop
  endfacet
  facet normal 0 0 -1
    outer loop
      vertex -6.06218 -3.5 36
      vertex -5.46731 -3.57831 36
      vertex -5.47371 -3.61705 36
    endloop
  endfacet
  facet normal -0 0 -1
    outer loop
      vertex -5.46346 -3.46076 36
      vertex -6.06218 -3.5 36
      vertex -5.46731 -3.42168 36
    endloop
  endfacet
  facet normal 0 0 -1
    outer loop
      vertex -6.06218 -3.5 36
      vertex -5.47371 -3.61705 36
      vertex -5.48262 -3.65529 36
    endloop
  endfacet
  facet normal -0 0 -1
    outer loop
      vertex -5.46731 -3.42168 36
      vertex -6.06218 -3.5 36
      vertex -5.47371 -3.38295 36
    endloop
  endfacet
  facet normal 0 0 -1
    outer loop
      vertex -6.06218 -3.5 36
      vertex -5.48262 -3.65529 36
      vertex -5.49402 -3.69286 36
    endloop
  endfacet
  facet normal -0 0 -1
    outer loop
      vertex -5.47371 -3.38295 36
      vertex -6.06218 -3.5 36
      vertex -5.48262 -3.34471 36
    endloop
  endfacet
  facet normal 0 0 -1
    outer loop
      vertex -5.82029 -3.88899 36
      vertex -5.49402 -3.69286 36
      vertex -5.50785 -3.72961 36
    endloop
  endfacet
  facet normal -0 0 -1
    outer loop
      vertex -5.48262 -3.34471 36
      vertex -6.06218 -3.5 36
      vertex -5.49402 -3.30714 36
    endloop
  endfacet
  facet normal 0 0 -1
    outer loop
      vertex -5.82029 -3.88899 36
      vertex -5.50785 -3.72961 36
      vertex -5.52405 -3.76537 36
    endloop
  endfacet
  facet normal -0 0 -1
    outer loop
      vertex -5.49402 -3.30714 36
      vertex -6.06218 -3.5 36
      vertex -5.50785 -3.27039 36
    endloop
  endfacet
  facet normal 0 0 -1
    outer loop
      vertex -5.82029 -3.88899 36
      vertex -5.52405 -3.76537 36
      vertex -5.54256 -3.8 36
    endloop
  endfacet
  facet normal -0 0 -1
    outer loop
      vertex -5.50785 -3.27039 36
      vertex -6.06218 -3.5 36
      vertex -5.52405 -3.23463 36
    endloop
  endfacet
  facet normal 0 0 -1
    outer loop
      vertex -5.82029 -3.88899 36
      vertex -5.54256 -3.8 36
      vertex -5.5633 -3.83334 36
    endloop
  endfacet
  facet normal -0 0 -1
    outer loop
      vertex -5.52405 -3.23463 36
      vertex -6.06218 -3.5 36
      vertex -5.54256 -3.2 36
    endloop
  endfacet
  facet normal 0 0 -1
    outer loop
      vertex -5.82029 -3.88899 36
      vertex -5.5633 -3.83334 36
      vertex -5.58617 -3.86526 36
    endloop
  endfacet
  facet normal -0 0 -1
    outer loop
      vertex -5.54256 -3.2 36
      vertex -6.06218 -3.5 36
      vertex -5.5633 -3.16666 36
    endloop
  endfacet
  facet normal 0 0 -1
    outer loop
      vertex -5.82029 -3.88899 36
      vertex -5.58617 -3.86526 36
      vertex -5.61107 -3.89561 36
    endloop
  endfacet
  facet normal -0 0 -1
    outer loop
      vertex -5.5633 -3.16666 36
      vertex -6.06218 -3.5 36
      vertex -5.58617 -3.13474 36
    endloop
  endfacet
  facet normal 0 0 -1
    outer loop
      vertex -5.82029 -3.88899 36
      vertex -5.61107 -3.89561 36
      vertex -5.63791 -3.92426 36
    endloop
  endfacet
  facet normal -0 0 -1
    outer loop
      vertex -5.58617 -3.13474 36
      vertex -6.06218 -3.5 36
      vertex -5.61107 -3.10439 36
    endloop
  endfacet
  facet normal 0 0 -1
    outer loop
      vertex -5.82029 -3.88899 36
      vertex -5.63791 -3.92426 36
      vertex -5.66657 -3.9511 36
    endloop
  endfacet
  facet normal -0 0 -1
    outer loop
      vertex -5.49402 -3.69286 36
      vertex -5.82029 -3.88899 36
      vertex -6.06218 -3.5 36
    endloop
  endfacet
  facet normal 0 0 -1
    outer loop
      vertex -5.82029 -3.88899 36
      vertex -5.66657 -3.9511 36
      vertex -5.69692 -3.97601 36
    endloop
  endfacet
  facet normal -0 0 -1
    outer loop
      vertex -5.61107 -3.10439 36
      vertex -6.06218 -3.5 36
      vertex -5.63791 -3.07574 36
    endloop
  endfacet
  facet normal 0 0 -1
    outer loop
      vertex -5.82029 -3.88899 36
      vertex -5.69692 -3.97601 36
      vertex -5.72884 -3.99888 36
    endloop
  endfacet
  facet normal -0 0 -1
    outer loop
      vertex -5.63791 -3.07574 36
      vertex -6.06218 -3.5 36
      vertex -5.66657 -3.0489 36
    endloop
  endfacet
  facet normal 0 0 -1
    outer loop
      vertex -5.82029 -3.88899 36
      vertex -5.72884 -3.99888 36
      vertex -5.73762 -4.00435 36
    endloop
  endfacet
  facet normal -0 0 -1
    outer loop
      vertex -5.66657 -3.0489 36
      vertex -6.06218 -3.5 36
      vertex -5.69692 -3.02399 36
    endloop
  endfacet
  facet normal -0 0 -1
    outer loop
      vertex -5.69692 -3.02399 36
      vertex -6.06218 -3.5 36
      vertex -5.72884 -3.00112 36
    endloop
  endfacet
  facet normal -0 0 -1
    outer loop
      vertex -5.72884 -3.00112 36
      vertex -6.06218 -3.5 36
      vertex -5.76218 -2.98038 36
    endloop
  endfacet
  facet normal -0 0 -1
    outer loop
      vertex -5.76218 -2.98038 36
      vertex -6.06218 -3.5 36
      vertex -5.7968 -2.96188 36
    endloop
  endfacet
  facet normal -0 0 -1
    outer loop
      vertex -5.7968 -2.96188 36
      vertex -6.06218 -3.5 36
      vertex -5.83257 -2.94567 36
    endloop
  endfacet
  facet normal -0 0 -1
    outer loop
      vertex -5.83257 -2.94567 36
      vertex -6.06218 -3.5 36
      vertex -5.86931 -2.93184 36
    endloop
  endfacet
  facet normal -0 0 -1
    outer loop
      vertex -5.86931 -2.93184 36
      vertex -6.06218 -3.5 36
      vertex -5.90689 -2.92044 36
    endloop
  endfacet
  facet normal -0 0 -1
    outer loop
      vertex -5.90689 -2.92044 36
      vertex -6.06218 -3.5 36
      vertex -5.94512 -2.91153 36
    endloop
  endfacet
  facet normal 0 0 -1
    outer loop
      vertex -6.27811 -3.09602 36
      vertex -5.94512 -2.91153 36
      vertex -6.06218 -3.5 36
    endloop
  endfacet
  facet normal -0 0 -1
    outer loop
      vertex -5.94512 -2.91153 36
      vertex -6.27811 -3.09602 36
      vertex -5.98386 -2.90513 36
    endloop
  endfacet
  facet normal -0 0 -1
    outer loop
      vertex -5.98386 -2.90513 36
      vertex -6.27811 -3.09602 36
      vertex -6.02294 -2.90128 36
    endloop
  endfacet
  facet normal -0 0 -1
    outer loop
      vertex -6.02294 -2.90128 36
      vertex -6.27811 -3.09602 36
      vertex -6.06218 -2.9 36
    endloop
  endfacet
  facet normal 0 0 -1
    outer loop
      vertex -6.06218 -2.9 36
      vertex -6.27811 -3.09602 36
      vertex -6.10142 -2.90128 36
    endloop
  endfacet
  facet normal 0 0 -1
    outer loop
      vertex -6.10142 -2.90128 36
      vertex -6.27811 -3.09602 36
      vertex -6.14049 -2.90513 36
    endloop
  endfacet
  facet normal 0 0 -1
    outer loop
      vertex -6.14049 -2.90513 36
      vertex -6.27811 -3.09602 36
      vertex -6.17923 -2.91153 36
    endloop
  endfacet
  facet normal 0 0 -1
    outer loop
      vertex -6.17923 -2.91153 36
      vertex -6.27811 -3.09602 36
      vertex -6.21747 -2.92044 36
    endloop
  endfacet
  facet normal 0 0 -1
    outer loop
      vertex -6.21747 -2.92044 36
      vertex -6.27811 -3.09602 36
      vertex -6.25504 -2.93184 36
    endloop
  endfacet
  facet normal 0 0 -1
    outer loop
      vertex -6.27811 -3.09602 36
      vertex -6.29179 -2.94567 36
      vertex -6.25504 -2.93184 36
    endloop
  endfacet
  facet normal 0 0 -1
    outer loop
      vertex -6.27811 -3.09602 36
      vertex -6.32755 -2.96188 36
      vertex -6.29179 -2.94567 36
    endloop
  endfacet
  facet normal 0 -0 -1
    outer loop
      vertex -6.32755 -2.96188 36
      vertex -6.27811 -3.09602 36
      vertex -6.33668 -2.96675 36
    endloop
  endfacet
  facet normal 0 0 -1
    outer loop
      vertex 0.457822 -6.98501 36
      vertex 0.598715 -6.96076 36
      vertex 0.599053 -6.9711 36
    endloop
  endfacet
  facet normal -0 0 -1
    outer loop
      vertex 0.598715 -6.96076 36
      vertex 0.457822 -6.98501 36
      vertex 0.594867 -6.92168 36
    endloop
  endfacet
  facet normal -0 0 -1
    outer loop
      vertex 0.594867 -6.92168 36
      vertex 0.457822 -6.98501 36
      vertex 0.58847 -6.88295 36
    endloop
  endfacet
  facet normal -0 0 -1
    outer loop
      vertex 0.58847 -6.88295 36
      vertex 0.457822 -6.98501 36
      vertex 0.579555 -6.84471 36
    endloop
  endfacet
  facet normal -0 0 -1
    outer loop
      vertex 0.579555 -6.84471 36
      vertex 0.457822 -6.98501 36
      vertex 0.568157 -6.80714 36
    endloop
  endfacet
  facet normal -0 0 -1
    outer loop
      vertex 0.568157 -6.80714 36
      vertex 0.457822 -6.98501 36
      vertex 0.554327 -6.77039 36
    endloop
  endfacet
  facet normal -0 0 -1
    outer loop
      vertex 0.554327 -6.77039 36
      vertex 0.457822 -6.98501 36
      vertex 0.538123 -6.73463 36
    endloop
  endfacet
  facet normal -0 0 -1
    outer loop
      vertex 0.538123 -6.73463 36
      vertex 0.457822 -6.98501 36
      vertex 0.519615 -6.7 36
    endloop
  endfacet
  facet normal -0 0 -1
    outer loop
      vertex 0.519615 -6.7 36
      vertex 0.457822 -6.98501 36
      vertex 0.498881 -6.66666 36
    endloop
  endfacet
  facet normal -0 0 -1
    outer loop
      vertex 0.498881 -6.66666 36
      vertex 0.457822 -6.98501 36
      vertex 0.476011 -6.63474 36
    endloop
  endfacet
  facet normal 0 0 -1
    outer loop
      vertex 0.457822 -6.98501 36
      vertex 0.451103 -6.60439 36
      vertex 0.476011 -6.63474 36
    endloop
  endfacet
  facet normal 0 0 -1
    outer loop
      vertex 0 -7 36
      vertex 0.451103 -6.60439 36
      vertex 0.457822 -6.98501 36
    endloop
  endfacet
  facet normal -0 0 -1
    outer loop
      vertex 0.451103 -6.60439 36
      vertex 0 -7 36
      vertex 0.424264 -6.57574 36
    endloop
  endfacet
  facet normal -0 0 -1
    outer loop
      vertex 0.424264 -6.57574 36
      vertex 0 -7 36
      vertex 0.395607 -6.5489 36
    endloop
  endfacet
  facet normal -0 0 -1
    outer loop
      vertex 0.395607 -6.5489 36
      vertex 0 -7 36
      vertex 0.365256 -6.52399 36
    endloop
  endfacet
  facet normal -0 0 -1
    outer loop
      vertex 0.365256 -6.52399 36
      vertex 0 -7 36
      vertex 0.333342 -6.50112 36
    endloop
  endfacet
  facet normal -0 0 -1
    outer loop
      vertex 0.333342 -6.50112 36
      vertex 0 -7 36
      vertex 0.299999 -6.48038 36
    endloop
  endfacet
  facet normal -0 0 -1
    outer loop
      vertex 0.299999 -6.48038 36
      vertex 0 -7 36
      vertex 0.265372 -6.46188 36
    endloop
  endfacet
  facet normal -0 0 -1
    outer loop
      vertex 0.265372 -6.46188 36
      vertex 0 -7 36
      vertex 0.229609 -6.44567 36
    endloop
  endfacet
  facet normal -0 0 -1
    outer loop
      vertex 0.229609 -6.44567 36
      vertex 0 -7 36
      vertex 0.192863 -6.43184 36
    endloop
  endfacet
  facet normal -0 0 -1
    outer loop
      vertex 0.192863 -6.43184 36
      vertex 0 -7 36
      vertex 0.155291 -6.42044 36
    endloop
  endfacet
  facet normal -0 0 -1
    outer loop
      vertex 0.155291 -6.42044 36
      vertex 0 -7 36
      vertex 0.117054 -6.41153 36
    endloop
  endfacet
  facet normal -0 0 -1
    outer loop
      vertex 0.117054 -6.41153 36
      vertex 0 -7 36
      vertex 0.0783148 -6.40513 36
    endloop
  endfacet
  facet normal -0 0 -1
    outer loop
      vertex 0.0783148 -6.40513 36
      vertex 0 -7 36
      vertex 0.0392418 -6.40128 36
    endloop
  endfacet
  facet normal 0 0 -1
    outer loop
      vertex 0 -7 36
      vertex 0 -6.4 36
      vertex 0.0392418 -6.40128 36
    endloop
  endfacet
  facet normal 0 0 -1
    outer loop
      vertex 0 -7 36
      vertex -0.0392418 -6.40128 36
      vertex 0 -6.4 36
    endloop
  endfacet
  facet normal 0 0 -1
    outer loop
      vertex 0 -7 36
      vertex -0.0783148 -6.40513 36
      vertex -0.0392418 -6.40128 36
    endloop
  endfacet
  facet normal 0 0 -1
    outer loop
      vertex 0 -7 36
      vertex -0.117054 -6.41153 36
      vertex -0.0783148 -6.40513 36
    endloop
  endfacet
  facet normal 0 0 -1
    outer loop
      vertex 0 -7 36
      vertex -0.155291 -6.42044 36
      vertex -0.117054 -6.41153 36
    endloop
  endfacet
  facet normal 0 0 -1
    outer loop
      vertex 0 -7 36
      vertex -0.192863 -6.43184 36
      vertex -0.155291 -6.42044 36
    endloop
  endfacet
  facet normal 0 0 -1
    outer loop
      vertex 0 -7 36
      vertex -0.229609 -6.44567 36
      vertex -0.192863 -6.43184 36
    endloop
  endfacet
  facet normal 0 0 -1
    outer loop
      vertex 0 -7 36
      vertex -0.265372 -6.46188 36
      vertex -0.229609 -6.44567 36
    endloop
  endfacet
  facet normal 0 0 -1
    outer loop
      vertex 0 -7 36
      vertex -0.299999 -6.48038 36
      vertex -0.265372 -6.46188 36
    endloop
  endfacet
  facet normal 0 0 -1
    outer loop
      vertex 0 -7 36
      vertex -0.333342 -6.50112 36
      vertex -0.299999 -6.48038 36
    endloop
  endfacet
  facet normal 0 0 -1
    outer loop
      vertex 0 -7 36
      vertex -0.365256 -6.52399 36
      vertex -0.333342 -6.50112 36
    endloop
  endfacet
  facet normal 0 0 -1
    outer loop
      vertex 0 -7 36
      vertex -0.395607 -6.5489 36
      vertex -0.365256 -6.52399 36
    endloop
  endfacet
  facet normal 0 0 -1
    outer loop
      vertex 0 -7 36
      vertex -0.424264 -6.57574 36
      vertex -0.395607 -6.5489 36
    endloop
  endfacet
  facet normal 0 0 -1
    outer loop
      vertex 0 -7 36
      vertex -0.451103 -6.60439 36
      vertex -0.424264 -6.57574 36
    endloop
  endfacet
  facet normal 0 0 -1
    outer loop
      vertex -0.457822 -6.98501 36
      vertex -0.451103 -6.60439 36
      vertex 0 -7 36
    endloop
  endfacet
  facet normal 0 0 -1
    outer loop
      vertex -0.457822 -6.98501 36
      vertex -0.476011 -6.63474 36
      vertex -0.451103 -6.60439 36
    endloop
  endfacet
  facet normal 0 0 -1
    outer loop
      vertex -0.457822 -6.98501 36
      vertex -0.498881 -6.66666 36
      vertex -0.476011 -6.63474 36
    endloop
  endfacet
  facet normal 0 0 -1
    outer loop
      vertex -0.457822 -6.98501 36
      vertex -0.519615 -6.7 36
      vertex -0.498881 -6.66666 36
    endloop
  endfacet
  facet normal 0 0 -1
    outer loop
      vertex -0.457822 -6.98501 36
      vertex -0.538123 -6.73463 36
      vertex -0.519615 -6.7 36
    endloop
  endfacet
  facet normal 0 0 -1
    outer loop
      vertex -0.457822 -6.98501 36
      vertex -0.554327 -6.77039 36
      vertex -0.538123 -6.73463 36
    endloop
  endfacet
  facet normal 0 0 -1
    outer loop
      vertex -0.457822 -6.98501 36
      vertex -0.568157 -6.80714 36
      vertex -0.554327 -6.77039 36
    endloop
  endfacet
  facet normal 0 0 -1
    outer loop
      vertex -0.457822 -6.98501 36
      vertex -0.579555 -6.84471 36
      vertex -0.568157 -6.80714 36
    endloop
  endfacet
  facet normal 0 0 -1
    outer loop
      vertex -0.457822 -6.98501 36
      vertex -0.58847 -6.88295 36
      vertex -0.579555 -6.84471 36
    endloop
  endfacet
  facet normal 0 0 -1
    outer loop
      vertex -0.457822 -6.98501 36
      vertex -0.594867 -6.92168 36
      vertex -0.58847 -6.88295 36
    endloop
  endfacet
  facet normal 0 0 -1
    outer loop
      vertex -0.457822 -6.98501 36
      vertex -0.598715 -6.96076 36
      vertex -0.594867 -6.92168 36
    endloop
  endfacet
  facet normal 0 -0 -1
    outer loop
      vertex -0.598715 -6.96076 36
      vertex -0.457822 -6.98501 36
      vertex -0.599053 -6.9711 36
    endloop
  endfacet
  facet normal 0 0 -1
    outer loop
      vertex 6.27811 -3.09602 36
      vertex 6.32755 -2.96188 36
      vertex 6.33668 -2.96675 36
    endloop
  endfacet
  facet normal -0 0 -1
    outer loop
      vertex 6.32755 -2.96188 36
      vertex 6.27811 -3.09602 36
      vertex 6.29179 -2.94567 36
    endloop
  endfacet
  facet normal 0 0 -1
    outer loop
      vertex 6.27811 -3.09602 36
      vertex 6.25504 -2.93184 36
      vertex 6.29179 -2.94567 36
    endloop
  endfacet
  facet normal 0 0 -1
    outer loop
      vertex 6.27811 -3.09602 36
      vertex 6.21747 -2.92044 36
      vertex 6.25504 -2.93184 36
    endloop
  endfacet
  facet normal 0 0 -1
    outer loop
      vertex 6.27811 -3.09602 36
      vertex 6.17923 -2.91153 36
      vertex 6.21747 -2.92044 36
    endloop
  endfacet
  facet normal 0 0 -1
    outer loop
      vertex 6.27811 -3.09602 36
      vertex 6.14049 -2.90513 36
      vertex 6.17923 -2.91153 36
    endloop
  endfacet
  facet normal 0 0 -1
    outer loop
      vertex 6.27811 -3.09602 36
      vertex 6.10142 -2.90128 36
      vertex 6.14049 -2.90513 36
    endloop
  endfacet
  facet normal 0 0 -1
    outer loop
      vertex 5.94512 -2.91153 36
      vertex 6.27811 -3.09602 36
      vertex 6.06218 -3.5 36
    endloop
  endfacet
  facet normal 0 0 -1
    outer loop
      vertex 6.27811 -3.09602 36
      vertex 6.06218 -2.9 36
      vertex 6.10142 -2.90128 36
    endloop
  endfacet
  facet normal 0 0 -1
    outer loop
      vertex 6.27811 -3.09602 36
      vertex 6.02294 -2.90128 36
      vertex 6.06218 -2.9 36
    endloop
  endfacet
  facet normal 0 0 -1
    outer loop
      vertex 6.27811 -3.09602 36
      vertex 5.98386 -2.90513 36
      vertex 6.02294 -2.90128 36
    endloop
  endfacet
  facet normal 0 0 -1
    outer loop
      vertex 6.27811 -3.09602 36
      vertex 5.94512 -2.91153 36
      vertex 5.98386 -2.90513 36
    endloop
  endfacet
  facet normal 0 0 -1
    outer loop
      vertex 6.06218 -3.5 36
      vertex 5.90689 -2.92044 36
      vertex 5.94512 -2.91153 36
    endloop
  endfacet
  facet normal 0 0 -1
    outer loop
      vertex 6.06218 -3.5 36
      vertex 5.86931 -2.93184 36
      vertex 5.90689 -2.92044 36
    endloop
  endfacet
  facet normal 0 0 -1
    outer loop
      vertex 6.06218 -3.5 36
      vertex 5.83257 -2.94567 36
      vertex 5.86931 -2.93184 36
    endloop
  endfacet
  facet normal 0 0 -1
    outer loop
      vertex 5.49402 -3.69286 36
      vertex 6.06218 -3.5 36
      vertex 5.82029 -3.88899 36
    endloop
  endfacet
  facet normal 0 0 -1
    outer loop
      vertex 6.06218 -3.5 36
      vertex 5.7968 -2.96188 36
      vertex 5.83257 -2.94567 36
    endloop
  endfacet
  facet normal 0 0 -1
    outer loop
      vertex 6.06218 -3.5 36
      vertex 5.76218 -2.98038 36
      vertex 5.7968 -2.96188 36
    endloop
  endfacet
  facet normal 0 0 -1
    outer loop
      vertex 5.72884 -3.99888 36
      vertex 5.82029 -3.88899 36
      vertex 5.73762 -4.00435 36
    endloop
  endfacet
  facet normal 0 0 -1
    outer loop
      vertex 5.82029 -3.88899 36
      vertex 5.72884 -3.99888 36
      vertex 5.69692 -3.97601 36
    endloop
  endfacet
  facet normal 0 0 -1
    outer loop
      vertex 6.06218 -3.5 36
      vertex 5.72884 -3.00112 36
      vertex 5.76218 -2.98038 36
    endloop
  endfacet
  facet normal 0 0 -1
    outer loop
      vertex 5.66657 -3.9511 36
      vertex 5.82029 -3.88899 36
      vertex 5.69692 -3.97601 36
    endloop
  endfacet
  facet normal 0 0 -1
    outer loop
      vertex 6.06218 -3.5 36
      vertex 5.69692 -3.02399 36
      vertex 5.72884 -3.00112 36
    endloop
  endfacet
  facet normal 0 0 -1
    outer loop
      vertex 5.63791 -3.92426 36
      vertex 5.82029 -3.88899 36
      vertex 5.66657 -3.9511 36
    endloop
  endfacet
  facet normal 0 0 -1
    outer loop
      vertex 6.06218 -3.5 36
      vertex 5.66657 -3.0489 36
      vertex 5.69692 -3.02399 36
    endloop
  endfacet
  facet normal 0 0 -1
    outer loop
      vertex 5.61107 -3.89561 36
      vertex 5.82029 -3.88899 36
      vertex 5.63791 -3.92426 36
    endloop
  endfacet
  facet normal 0 0 -1
    outer loop
      vertex 6.06218 -3.5 36
      vertex 5.63791 -3.07574 36
      vertex 5.66657 -3.0489 36
    endloop
  endfacet
  facet normal 0 0 -1
    outer loop
      vertex 5.58617 -3.86526 36
      vertex 5.82029 -3.88899 36
      vertex 5.61107 -3.89561 36
    endloop
  endfacet
  facet normal 0 0 -1
    outer loop
      vertex 6.06218 -3.5 36
      vertex 5.61107 -3.10439 36
      vertex 5.63791 -3.07574 36
    endloop
  endfacet
  facet normal 0 0 -1
    outer loop
      vertex 5.5633 -3.83334 36
      vertex 5.82029 -3.88899 36
      vertex 5.58617 -3.86526 36
    endloop
  endfacet
  facet normal 0 0 -1
    outer loop
      vertex 6.06218 -3.5 36
      vertex 5.58617 -3.13474 36
      vertex 5.61107 -3.10439 36
    endloop
  endfacet
  facet normal 0 0 -1
    outer loop
      vertex 5.54256 -3.8 36
      vertex 5.82029 -3.88899 36
      vertex 5.5633 -3.83334 36
    endloop
  endfacet
  facet normal 0 0 -1
    outer loop
      vertex 6.06218 -3.5 36
      vertex 5.5633 -3.16666 36
      vertex 5.58617 -3.13474 36
    endloop
  endfacet
  facet normal 0 0 -1
    outer loop
      vertex 5.52405 -3.76537 36
      vertex 5.82029 -3.88899 36
      vertex 5.54256 -3.8 36
    endloop
  endfacet
  facet normal 0 0 -1
    outer loop
      vertex 6.06218 -3.5 36
      vertex 5.54256 -3.2 36
      vertex 5.5633 -3.16666 36
    endloop
  endfacet
  facet normal 0 0 -1
    outer loop
      vertex 5.50785 -3.72961 36
      vertex 5.82029 -3.88899 36
      vertex 5.52405 -3.76537 36
    endloop
  endfacet
  facet normal 0 0 -1
    outer loop
      vertex 6.06218 -3.5 36
      vertex 5.52405 -3.23463 36
      vertex 5.54256 -3.2 36
    endloop
  endfacet
  facet normal 0 0 -1
    outer loop
      vertex 5.49402 -3.69286 36
      vertex 5.82029 -3.88899 36
      vertex 5.50785 -3.72961 36
    endloop
  endfacet
  facet normal 0 0 -1
    outer loop
      vertex 6.06218 -3.5 36
      vertex 5.50785 -3.27039 36
      vertex 5.52405 -3.23463 36
    endloop
  endfacet
  facet normal 0 0 -1
    outer loop
      vertex 6.06218 -3.5 36
      vertex 5.49402 -3.69286 36
      vertex 5.48262 -3.65529 36
    endloop
  endfacet
  facet normal 0 0 -1
    outer loop
      vertex 6.06218 -3.5 36
      vertex 5.49402 -3.30714 36
      vertex 5.50785 -3.27039 36
    endloop
  endfacet
  facet normal 0 0 -1
    outer loop
      vertex 6.06218 -3.5 36
      vertex 5.48262 -3.65529 36
      vertex 5.47371 -3.61705 36
    endloop
  endfacet
  facet normal 0 0 -1
    outer loop
      vertex 6.06218 -3.5 36
      vertex 5.48262 -3.34471 36
      vertex 5.49402 -3.30714 36
    endloop
  endfacet
  facet normal 0 0 -1
    outer loop
      vertex 6.06218 -3.5 36
      vertex 5.47371 -3.61705 36
      vertex 5.46731 -3.57831 36
    endloop
  endfacet
  facet normal 0 0 -1
    outer loop
      vertex 6.06218 -3.5 36
      vertex 5.47371 -3.38295 36
      vertex 5.48262 -3.34471 36
    endloop
  endfacet
  facet normal 0 0 -1
    outer loop
      vertex 6.06218 -3.5 36
      vertex 5.46731 -3.57831 36
      vertex 5.46346 -3.53924 36
    endloop
  endfacet
  facet normal 0 0 -1
    outer loop
      vertex 6.06218 -3.5 36
      vertex 5.46731 -3.42168 36
      vertex 5.47371 -3.38295 36
    endloop
  endfacet
  facet normal -0 0 -1
    outer loop
      vertex 6.06218 -3.5 36
      vertex 5.46346 -3.53924 36
      vertex 5.46218 -3.5 36
    endloop
  endfacet
  facet normal 0 0 -1
    outer loop
      vertex 6.06218 -3.5 36
      vertex 5.46346 -3.46076 36
      vertex 5.46731 -3.42168 36
    endloop
  endfacet
  facet normal 0 0 -1
    outer loop
      vertex 6.06218 -3.5 36
      vertex 5.46218 -3.5 36
      vertex 5.46346 -3.46076 36
    endloop
  endfacet
  facet normal 0 0 -1
    outer loop
      vertex 3.88899 -5.82029 36
      vertex 3.99888 -5.72884 36
      vertex 4.00435 -5.73762 36
    endloop
  endfacet
  facet normal -0 0 -1
    outer loop
      vertex 3.99888 -5.72884 36
      vertex 3.88899 -5.82029 36
      vertex 3.97601 -5.69692 36
    endloop
  endfacet
  facet normal -0 0 -1
    outer loop
      vertex 3.97601 -5.69692 36
      vertex 3.88899 -5.82029 36
      vertex 3.9511 -5.66657 36
    endloop
  endfacet
  facet normal -0 0 -1
    outer loop
      vertex 3.9511 -5.66657 36
      vertex 3.88899 -5.82029 36
      vertex 3.92426 -5.63791 36
    endloop
  endfacet
  facet normal -0 0 -1
    outer loop
      vertex 3.92426 -5.63791 36
      vertex 3.88899 -5.82029 36
      vertex 3.89561 -5.61107 36
    endloop
  endfacet
  facet normal 0 0 -1
    outer loop
      vertex 3.88899 -5.82029 36
      vertex 3.86526 -5.58617 36
      vertex 3.89561 -5.61107 36
    endloop
  endfacet
  facet normal 0 0 -1
    outer loop
      vertex 3.88899 -5.82029 36
      vertex 3.83334 -5.5633 36
      vertex 3.86526 -5.58617 36
    endloop
  endfacet
  facet normal 0 0 -1
    outer loop
      vertex 3.88899 -5.82029 36
      vertex 3.8 -5.54256 36
      vertex 3.83334 -5.5633 36
    endloop
  endfacet
  facet normal 0 0 -1
    outer loop
      vertex 3.88899 -5.82029 36
      vertex 3.76537 -5.52405 36
      vertex 3.8 -5.54256 36
    endloop
  endfacet
  facet normal 0 0 -1
    outer loop
      vertex 3.88899 -5.82029 36
      vertex 3.72961 -5.50785 36
      vertex 3.76537 -5.52405 36
    endloop
  endfacet
  facet normal 0 0 -1
    outer loop
      vertex 3.88899 -5.82029 36
      vertex 3.69286 -5.49402 36
      vertex 3.72961 -5.50785 36
    endloop
  endfacet
  facet normal 0 0 -1
    outer loop
      vertex 3.5 -6.06218 36
      vertex 3.69286 -5.49402 36
      vertex 3.88899 -5.82029 36
    endloop
  endfacet
  facet normal -0 0 -1
    outer loop
      vertex 3.69286 -5.49402 36
      vertex 3.5 -6.06218 36
      vertex 3.65529 -5.48262 36
    endloop
  endfacet
  facet normal -0 0 -1
    outer loop
      vertex 3.65529 -5.48262 36
      vertex 3.5 -6.06218 36
      vertex 3.61705 -5.47371 36
    endloop
  endfacet
  facet normal -0 0 -1
    outer loop
      vertex 3.61705 -5.47371 36
      vertex 3.5 -6.06218 36
      vertex 3.57831 -5.46731 36
    endloop
  endfacet
  facet normal -0 0 -1
    outer loop
      vertex 3.57831 -5.46731 36
      vertex 3.5 -6.06218 36
      vertex 3.53924 -5.46346 36
    endloop
  endfacet
  facet normal 0 0 -1
    outer loop
      vertex 3.5 -6.06218 36
      vertex 3.5 -5.46218 36
      vertex 3.53924 -5.46346 36
    endloop
  endfacet
  facet normal 0 0 -1
    outer loop
      vertex 3.5 -6.06218 36
      vertex 3.46076 -5.46346 36
      vertex 3.5 -5.46218 36
    endloop
  endfacet
  facet normal 0 0 -1
    outer loop
      vertex 3.5 -6.06218 36
      vertex 3.42168 -5.46731 36
      vertex 3.46076 -5.46346 36
    endloop
  endfacet
  facet normal 0 0 -1
    outer loop
      vertex 3.5 -6.06218 36
      vertex 3.38295 -5.47371 36
      vertex 3.42168 -5.46731 36
    endloop
  endfacet
  facet normal 0 0 -1
    outer loop
      vertex 3.5 -6.06218 36
      vertex 3.34471 -5.48262 36
      vertex 3.38295 -5.47371 36
    endloop
  endfacet
  facet normal 0 0 -1
    outer loop
      vertex 3.5 -6.06218 36
      vertex 3.30714 -5.49402 36
      vertex 3.34471 -5.48262 36
    endloop
  endfacet
  facet normal 0 0 -1
    outer loop
      vertex 3.5 -6.06218 36
      vertex 3.27039 -5.50785 36
      vertex 3.30714 -5.49402 36
    endloop
  endfacet
  facet normal 0 0 -1
    outer loop
      vertex 3.5 -6.06218 36
      vertex 3.23463 -5.52405 36
      vertex 3.27039 -5.50785 36
    endloop
  endfacet
  facet normal 0 0 -1
    outer loop
      vertex 3.5 -6.06218 36
      vertex 3.2 -5.54256 36
      vertex 3.23463 -5.52405 36
    endloop
  endfacet
  facet normal 0 0 -1
    outer loop
      vertex 3.5 -6.06218 36
      vertex 3.16666 -5.5633 36
      vertex 3.2 -5.54256 36
    endloop
  endfacet
  facet normal 0 0 -1
    outer loop
      vertex 3.5 -6.06218 36
      vertex 3.13474 -5.58617 36
      vertex 3.16666 -5.5633 36
    endloop
  endfacet
  facet normal 0 0 -1
    outer loop
      vertex 3.5 -6.06218 36
      vertex 3.10439 -5.61107 36
      vertex 3.13474 -5.58617 36
    endloop
  endfacet
  facet normal 0 0 -1
    outer loop
      vertex 2.91153 -5.94512 36
      vertex 3.5 -6.06218 36
      vertex 3.09602 -6.27811 36
    endloop
  endfacet
  facet normal 0 0 -1
    outer loop
      vertex 3.5 -6.06218 36
      vertex 3.07574 -5.63791 36
      vertex 3.10439 -5.61107 36
    endloop
  endfacet
  facet normal 0 0 -1
    outer loop
      vertex 3.5 -6.06218 36
      vertex 3.0489 -5.66657 36
      vertex 3.07574 -5.63791 36
    endloop
  endfacet
  facet normal 0 0 -1
    outer loop
      vertex 3.5 -6.06218 36
      vertex 3.02399 -5.69692 36
      vertex 3.0489 -5.66657 36
    endloop
  endfacet
  facet normal 0 0 -1
    outer loop
      vertex 3.5 -6.06218 36
      vertex 3.00112 -5.72884 36
      vertex 3.02399 -5.69692 36
    endloop
  endfacet
  facet normal 0 0 -1
    outer loop
      vertex 3.5 -6.06218 36
      vertex 2.98038 -5.76218 36
      vertex 3.00112 -5.72884 36
    endloop
  endfacet
  facet normal 0 0 -1
    outer loop
      vertex 2.96188 -6.32755 36
      vertex 3.09602 -6.27811 36
      vertex 2.96675 -6.33668 36
    endloop
  endfacet
  facet normal 0 0 -1
    outer loop
      vertex 3.09602 -6.27811 36
      vertex 2.96188 -6.32755 36
      vertex 2.94567 -6.29179 36
    endloop
  endfacet
  facet normal 0 0 -1
    outer loop
      vertex 3.5 -6.06218 36
      vertex 2.96188 -5.7968 36
      vertex 2.98038 -5.76218 36
    endloop
  endfacet
  facet normal 0 0 -1
    outer loop
      vertex 2.93184 -6.25504 36
      vertex 3.09602 -6.27811 36
      vertex 2.94567 -6.29179 36
    endloop
  endfacet
  facet normal 0 0 -1
    outer loop
      vertex 3.5 -6.06218 36
      vertex 2.94567 -5.83257 36
      vertex 2.96188 -5.7968 36
    endloop
  endfacet
  facet normal 0 0 -1
    outer loop
      vertex 2.92044 -6.21747 36
      vertex 3.09602 -6.27811 36
      vertex 2.93184 -6.25504 36
    endloop
  endfacet
  facet normal 0 0 -1
    outer loop
      vertex 3.5 -6.06218 36
      vertex 2.93184 -5.86931 36
      vertex 2.94567 -5.83257 36
    endloop
  endfacet
  facet normal 0 0 -1
    outer loop
      vertex 2.91153 -6.17923 36
      vertex 3.09602 -6.27811 36
      vertex 2.92044 -6.21747 36
    endloop
  endfacet
  facet normal 0 0 -1
    outer loop
      vertex 3.5 -6.06218 36
      vertex 2.92044 -5.90689 36
      vertex 2.93184 -5.86931 36
    endloop
  endfacet
  facet normal 0 0 -1
    outer loop
      vertex 2.90513 -6.14049 36
      vertex 3.09602 -6.27811 36
      vertex 2.91153 -6.17923 36
    endloop
  endfacet
  facet normal 0 0 -1
    outer loop
      vertex 3.5 -6.06218 36
      vertex 2.91153 -5.94512 36
      vertex 2.92044 -5.90689 36
    endloop
  endfacet
  facet normal 0 0 -1
    outer loop
      vertex 2.90128 -6.10142 36
      vertex 3.09602 -6.27811 36
      vertex 2.90513 -6.14049 36
    endloop
  endfacet
  facet normal 0 0 -1
    outer loop
      vertex 3.09602 -6.27811 36
      vertex 2.90513 -5.98386 36
      vertex 2.91153 -5.94512 36
    endloop
  endfacet
  facet normal 0 0 -1
    outer loop
      vertex 2.9 -6.06218 36
      vertex 3.09602 -6.27811 36
      vertex 2.90128 -6.10142 36
    endloop
  endfacet
  facet normal 0 0 -1
    outer loop
      vertex 3.09602 -6.27811 36
      vertex 2.90128 -6.02294 36
      vertex 2.90513 -5.98386 36
    endloop
  endfacet
  facet normal 0 0 -1
    outer loop
      vertex 3.09602 -6.27811 36
      vertex 2.9 -6.06218 36
      vertex 2.90128 -6.02294 36
    endloop
  endfacet
  facet normal 0 0 -1
    outer loop
      vertex 3.88899 5.82029 36
      vertex 3.99888 5.72884 36
      vertex 3.97601 5.69692 36
    endloop
  endfacet
  facet normal 0 0 -1
    outer loop
      vertex 3.88899 5.82029 36
      vertex 3.97601 5.69692 36
      vertex 3.9511 5.66657 36
    endloop
  endfacet
  facet normal 0 0 -1
    outer loop
      vertex 3.88899 5.82029 36
      vertex 3.9511 5.66657 36
      vertex 3.92426 5.63791 36
    endloop
  endfacet
  facet normal 0 0 -1
    outer loop
      vertex 3.88899 5.82029 36
      vertex 3.92426 5.63791 36
      vertex 3.89561 5.61107 36
    endloop
  endfacet
  facet normal 0 0 -1
    outer loop
      vertex 3.99888 5.72884 36
      vertex 3.88899 5.82029 36
      vertex 4.00435 5.73762 36
    endloop
  endfacet
  facet normal 0 0 -1
    outer loop
      vertex 3.86526 5.58617 36
      vertex 3.88899 5.82029 36
      vertex 3.89561 5.61107 36
    endloop
  endfacet
  facet normal 0 0 -1
    outer loop
      vertex 3.83334 5.5633 36
      vertex 3.88899 5.82029 36
      vertex 3.86526 5.58617 36
    endloop
  endfacet
  facet normal 0 0 -1
    outer loop
      vertex 3.8 5.54256 36
      vertex 3.88899 5.82029 36
      vertex 3.83334 5.5633 36
    endloop
  endfacet
  facet normal 0 0 -1
    outer loop
      vertex 3.76537 5.52405 36
      vertex 3.88899 5.82029 36
      vertex 3.8 5.54256 36
    endloop
  endfacet
  facet normal 0 0 -1
    outer loop
      vertex 3.72961 5.50785 36
      vertex 3.88899 5.82029 36
      vertex 3.76537 5.52405 36
    endloop
  endfacet
  facet normal 0 0 -1
    outer loop
      vertex 3.69286 5.49402 36
      vertex 3.88899 5.82029 36
      vertex 3.72961 5.50785 36
    endloop
  endfacet
  facet normal 0 0 -1
    outer loop
      vertex 3.5 6.06218 36
      vertex 3.69286 5.49402 36
      vertex 3.65529 5.48262 36
    endloop
  endfacet
  facet normal 0 0 -1
    outer loop
      vertex 3.5 6.06218 36
      vertex 3.65529 5.48262 36
      vertex 3.61705 5.47371 36
    endloop
  endfacet
  facet normal 0 0 -1
    outer loop
      vertex 3.5 6.06218 36
      vertex 3.61705 5.47371 36
      vertex 3.57831 5.46731 36
    endloop
  endfacet
  facet normal 0 0 -1
    outer loop
      vertex 3.5 6.06218 36
      vertex 3.57831 5.46731 36
      vertex 3.53924 5.46346 36
    endloop
  endfacet
  facet normal 0 0 -1
    outer loop
      vertex 3.5 6.06218 36
      vertex 3.53924 5.46346 36
      vertex 3.5 5.46218 36
    endloop
  endfacet
  facet normal 0 0 -1
    outer loop
      vertex 3.69286 5.49402 36
      vertex 3.5 6.06218 36
      vertex 3.88899 5.82029 36
    endloop
  endfacet
  facet normal 0 0 -1
    outer loop
      vertex 3.46076 5.46346 36
      vertex 3.5 6.06218 36
      vertex 3.5 5.46218 36
    endloop
  endfacet
  facet normal 0 0 -1
    outer loop
      vertex 3.42168 5.46731 36
      vertex 3.5 6.06218 36
      vertex 3.46076 5.46346 36
    endloop
  endfacet
  facet normal 0 0 -1
    outer loop
      vertex 3.38295 5.47371 36
      vertex 3.5 6.06218 36
      vertex 3.42168 5.46731 36
    endloop
  endfacet
  facet normal 0 0 -1
    outer loop
      vertex 3.34471 5.48262 36
      vertex 3.5 6.06218 36
      vertex 3.38295 5.47371 36
    endloop
  endfacet
  facet normal 0 0 -1
    outer loop
      vertex 3.30714 5.49402 36
      vertex 3.5 6.06218 36
      vertex 3.34471 5.48262 36
    endloop
  endfacet
  facet normal 0 0 -1
    outer loop
      vertex 3.27039 5.50785 36
      vertex 3.5 6.06218 36
      vertex 3.30714 5.49402 36
    endloop
  endfacet
  facet normal 0 0 -1
    outer loop
      vertex 3.23463 5.52405 36
      vertex 3.5 6.06218 36
      vertex 3.27039 5.50785 36
    endloop
  endfacet
  facet normal 0 0 -1
    outer loop
      vertex 3.2 5.54256 36
      vertex 3.5 6.06218 36
      vertex 3.23463 5.52405 36
    endloop
  endfacet
  facet normal 0 0 -1
    outer loop
      vertex 3.16666 5.5633 36
      vertex 3.5 6.06218 36
      vertex 3.2 5.54256 36
    endloop
  endfacet
  facet normal 0 0 -1
    outer loop
      vertex 3.13474 5.58617 36
      vertex 3.5 6.06218 36
      vertex 3.16666 5.5633 36
    endloop
  endfacet
  facet normal 0 0 -1
    outer loop
      vertex 3.10439 5.61107 36
      vertex 3.5 6.06218 36
      vertex 3.13474 5.58617 36
    endloop
  endfacet
  facet normal 0 0 -1
    outer loop
      vertex 3.07574 5.63791 36
      vertex 3.5 6.06218 36
      vertex 3.10439 5.61107 36
    endloop
  endfacet
  facet normal 0 0 -1
    outer loop
      vertex 3.0489 5.66657 36
      vertex 3.5 6.06218 36
      vertex 3.07574 5.63791 36
    endloop
  endfacet
  facet normal 0 0 -1
    outer loop
      vertex 3.02399 5.69692 36
      vertex 3.5 6.06218 36
      vertex 3.0489 5.66657 36
    endloop
  endfacet
  facet normal 0 0 -1
    outer loop
      vertex 3.00112 5.72884 36
      vertex 3.5 6.06218 36
      vertex 3.02399 5.69692 36
    endloop
  endfacet
  facet normal 0 0 -1
    outer loop
      vertex 2.98038 5.76218 36
      vertex 3.5 6.06218 36
      vertex 3.00112 5.72884 36
    endloop
  endfacet
  facet normal 0 0 -1
    outer loop
      vertex 2.96188 5.7968 36
      vertex 3.5 6.06218 36
      vertex 2.98038 5.76218 36
    endloop
  endfacet
  facet normal 0 0 -1
    outer loop
      vertex 2.94567 5.83257 36
      vertex 3.5 6.06218 36
      vertex 2.96188 5.7968 36
    endloop
  endfacet
  facet normal 0 0 -1
    outer loop
      vertex 2.93184 5.86931 36
      vertex 3.5 6.06218 36
      vertex 2.94567 5.83257 36
    endloop
  endfacet
  facet normal 0 0 -1
    outer loop
      vertex 2.92044 5.90689 36
      vertex 3.5 6.06218 36
      vertex 2.93184 5.86931 36
    endloop
  endfacet
  facet normal 0 -0 -1
    outer loop
      vertex 2.96188 6.32755 36
      vertex 3.09602 6.27811 36
      vertex 2.94567 6.29179 36
    endloop
  endfacet
  facet normal 0 0 -1
    outer loop
      vertex 3.09602 6.27811 36
      vertex 2.96188 6.32755 36
      vertex 2.96675 6.33668 36
    endloop
  endfacet
  facet normal 0 0 -1
    outer loop
      vertex 2.91153 5.94512 36
      vertex 3.5 6.06218 36
      vertex 2.92044 5.90689 36
    endloop
  endfacet
  facet normal -0 0 -1
    outer loop
      vertex 3.09602 6.27811 36
      vertex 2.93184 6.25504 36
      vertex 2.94567 6.29179 36
    endloop
  endfacet
  facet normal -0 0 -1
    outer loop
      vertex 3.5 6.06218 36
      vertex 2.91153 5.94512 36
      vertex 3.09602 6.27811 36
    endloop
  endfacet
  facet normal 0 0 -1
    outer loop
      vertex 3.09602 6.27811 36
      vertex 2.92044 6.21747 36
      vertex 2.93184 6.25504 36
    endloop
  endfacet
  facet normal 0 0 -1
    outer loop
      vertex 2.90513 5.98386 36
      vertex 3.09602 6.27811 36
      vertex 2.91153 5.94512 36
    endloop
  endfacet
  facet normal 0 0 -1
    outer loop
      vertex 3.09602 6.27811 36
      vertex 2.91153 6.17923 36
      vertex 2.92044 6.21747 36
    endloop
  endfacet
  facet normal 0 0 -1
    outer loop
      vertex 2.90128 6.02294 36
      vertex 3.09602 6.27811 36
      vertex 2.90513 5.98386 36
    endloop
  endfacet
  facet normal 0 0 -1
    outer loop
      vertex 3.09602 6.27811 36
      vertex 2.90513 6.14049 36
      vertex 2.91153 6.17923 36
    endloop
  endfacet
  facet normal 0 0 -1
    outer loop
      vertex 2.9 6.06218 36
      vertex 3.09602 6.27811 36
      vertex 2.90128 6.02294 36
    endloop
  endfacet
  facet normal 0 0 -1
    outer loop
      vertex 3.09602 6.27811 36
      vertex 2.90128 6.10142 36
      vertex 2.90513 6.14049 36
    endloop
  endfacet
  facet normal 0 0 -1
    outer loop
      vertex 3.09602 6.27811 36
      vertex 2.9 6.06218 36
      vertex 2.90128 6.10142 36
    endloop
  endfacet
  facet normal 0.973875 -0.227085 0
    outer loop
      vertex 6.76148 -1.81173 36
      vertex 6.8655 -1.36563 33
      vertex 6.8655 -1.36563 36
    endloop
  endfacet
  facet normal 0.973875 -0.227085 0
    outer loop
      vertex 6.8655 -1.36563 33
      vertex 6.76148 -1.81173 36
      vertex 6.76148 -1.81173 33
    endloop
  endfacet
  facet normal 0.935907 -0.352248 0
    outer loop
      vertex 6.46716 -2.67878 36
      vertex 6.62851 -2.25008 33
      vertex 6.62851 -2.25008 36
    endloop
  endfacet
  facet normal 0.935907 -0.352248 0
    outer loop
      vertex 6.62851 -2.25008 33
      vertex 6.46716 -2.67878 36
      vertex 6.46716 -2.67878 33
    endloop
  endfacet
  facet normal 0.773015 -0.634388 0
    outer loop
      vertex 5.26288 -4.61542 36
      vertex 5.55347 -4.26133 33
      vertex 5.55347 -4.26133 36
    endloop
  endfacet
  facet normal 0.773015 -0.634388 0
    outer loop
      vertex 5.55347 -4.26133 33
      vertex 5.26288 -4.61542 36
      vertex 5.26288 -4.61542 33
    endloop
  endfacet
  facet normal 0.812846 -0.582479 0
    outer loop
      vertex 5.55347 -4.26133 36
      vertex 5.73762 -4.00435 33
      vertex 5.73762 -4.00435 36
    endloop
  endfacet
  facet normal 0.812846 -0.582479 0
    outer loop
      vertex 5.73762 -4.00435 33
      vertex 5.55347 -4.26133 36
      vertex 5.55347 -4.26133 33
    endloop
  endfacet
  facet normal -0.995184 -0.0980223 0
    outer loop
      vertex -6.94011 -0.913683 33
      vertex -6.9711 -0.599053 36
      vertex -6.9711 -0.599053 33
    endloop
  endfacet
  facet normal -0.995184 -0.0980223 0
    outer loop
      vertex -6.9711 -0.599053 36
      vertex -6.94011 -0.913683 33
      vertex -6.94011 -0.913683 36
    endloop
  endfacet
  facet normal -0.773015 -0.634388 0
    outer loop
      vertex -5.26288 -4.61542 33
      vertex -5.55347 -4.26133 36
      vertex -5.55347 -4.26133 33
    endloop
  endfacet
  facet normal -0.773015 -0.634388 0
    outer loop
      vertex -5.55347 -4.26133 36
      vertex -5.26288 -4.61542 33
      vertex -5.26288 -4.61542 36
    endloop
  endfacet
  facet normal -1 0 0
    outer loop
      vertex -5.05 8.27315 44.2381
      vertex -5.05 19.1272 59.9005
      vertex -5.05 21.5314 57.4964
    endloop
  endfacet
  facet normal -1 0 0
    outer loop
      vertex -5.05 19.1272 59.9005
      vertex -5.05 8.27315 44.2381
      vertex -5.05 5.86899 46.6423
    endloop
  endfacet
  facet normal 1.55797e-05 -0.707104 0.707109
    outer loop
      vertex -1.2 21.2486 62.0218
      vertex -5.05 19.1272 59.9005
      vertex -1.2 5.86899 46.6423
    endloop
  endfacet
  facet normal 0 -0.70709 0.707123
    outer loop
      vertex -5.1 21.2486 62.0218
      vertex -5.05 19.1272 59.9005
      vertex -1.2 21.2486 62.0218
    endloop
  endfacet
  facet normal 2.95194e-06 -0.70709 0.707123
    outer loop
      vertex -5.85 19.1979 59.9712
      vertex -5.05 19.1272 59.9005
      vertex -5.1 21.2486 62.0218
    endloop
  endfacet
  facet normal 0 -0.707107 0.707107
    outer loop
      vertex -5.05 19.1272 59.9005
      vertex -5.85 19.1979 59.9712
      vertex -5.85 19.1272 59.9005
    endloop
  endfacet
  facet normal -2.95194e-06 -0.70709 0.707123
    outer loop
      vertex 5.05 19.1272 59.9005
      vertex 5.85 19.1979 59.9712
      vertex 5.1 21.2486 62.0218
    endloop
  endfacet
  facet normal 0 -0.707107 0.707107
    outer loop
      vertex 5.85 19.1979 59.9712
      vertex 5.05 19.1272 59.9005
      vertex 5.85 19.1272 59.9005
    endloop
  endfacet
  facet normal -1.55797e-05 -0.707104 0.707109
    outer loop
      vertex 1.2 5.86899 46.6423
      vertex 5.05 19.1272 59.9005
      vertex 1.2 21.2486 62.0218
    endloop
  endfacet
  facet normal 0 -0.70709 0.707123
    outer loop
      vertex 1.2 21.2486 62.0218
      vertex 5.05 19.1272 59.9005
      vertex 5.1 21.2486 62.0218
    endloop
  endfacet
  facet normal 0 -0.707108 0.707105
    outer loop
      vertex 5.05 5.86899 46.6423
      vertex 6.7 -1.20208 39.5712
      vertex 6.7 5.86899 46.6423
    endloop
  endfacet
  facet normal 0 -0.707107 0.707107
    outer loop
      vertex 5.05 19.1272 59.9005
      vertex 1.2 5.86899 46.6423
      vertex 5.05 5.86899 46.6423
    endloop
  endfacet
  facet normal 0 -0.707108 0.707105
    outer loop
      vertex 5.05 5.86899 46.6423
      vertex 1.2 5.86899 46.6423
      vertex 6.7 -1.20208 39.5712
    endloop
  endfacet
  facet normal 0 -0.707108 0.707105
    outer loop
      vertex -1.2 5.86899 46.6423
      vertex 6.7 -1.20208 39.5712
      vertex 1.2 5.86899 46.6423
    endloop
  endfacet
  facet normal 0 -0.707107 0.707107
    outer loop
      vertex -5.05 5.86899 46.6423
      vertex -1.2 5.86899 46.6423
      vertex -5.05 19.1272 59.9005
    endloop
  endfacet
  facet normal 0 -0.707108 0.707105
    outer loop
      vertex -6.7 -1.20208 39.5712
      vertex -1.2 5.86899 46.6423
      vertex -5.05 5.86899 46.6423
    endloop
  endfacet
  facet normal 0 -0.707108 0.707105
    outer loop
      vertex -6.7 -1.20208 39.5712
      vertex -5.05 5.86899 46.6423
      vertex -6.7 5.86899 46.6423
    endloop
  endfacet
  facet normal 0 -0.707108 0.707105
    outer loop
      vertex -1.2 5.86899 46.6423
      vertex -6.7 -1.20208 39.5712
      vertex 6.7 -1.20208 39.5712
    endloop
  endfacet
  facet normal 1 0 0
    outer loop
      vertex -1.2 21.2486 62.0218
      vertex -1.2 8.27315 44.2381
      vertex -1.2 23.6527 59.6177
    endloop
  endfacet
  facet normal 1 0 -0
    outer loop
      vertex -1.2 8.27315 44.2381
      vertex -1.2 21.2486 62.0218
      vertex -1.2 5.86899 46.6423
    endloop
  endfacet
  facet normal -0 0.707107 0.707107
    outer loop
      vertex -5.1 23.6527 59.6177
      vertex -1.2 21.2486 62.0218
      vertex -1.2 23.6527 59.6177
    endloop
  endfacet
  facet normal 0 0.707107 0.707107
    outer loop
      vertex -1.2 21.2486 62.0218
      vertex -5.1 23.6527 59.6177
      vertex -5.1 21.2486 62.0218
    endloop
  endfacet
  facet normal 0 0.707107 -0.707107
    outer loop
      vertex -5.05 21.5314 57.4964
      vertex -5.1 23.6527 59.6177
      vertex -1.2 23.6527 59.6177
    endloop
  endfacet
  facet normal -2.9668e-15 0.707107 -0.707107
    outer loop
      vertex -5.1 23.6527 59.6177
      vertex -5.05 21.5314 57.4964
      vertex -5.85 21.6021 57.5671
    endloop
  endfacet
  facet normal -1.26664e-06 0.707108 -0.707106
    outer loop
      vertex -1.2 8.27315 44.2381
      vertex -5.05 21.5314 57.4964
      vertex -1.2 23.6527 59.6177
    endloop
  endfacet
  facet normal 0 0.707108 -0.707105
    outer loop
      vertex -5.05 21.5314 57.4964
      vertex -1.2 8.27315 44.2381
      vertex -5.05 8.27315 44.2381
    endloop
  endfacet
  facet normal 0 0.707107 -0.707107
    outer loop
      vertex -5.85 21.6021 57.5671
      vertex -5.05 21.5314 57.4964
      vertex -5.85 21.5314 57.4964
    endloop
  endfacet
  facet normal -1.93167e-05 0.707106 0.707108
    outer loop
      vertex 6.7 10.6066 41.9047
      vertex 5.05 8.27315 44.2381
      vertex 6.7 5.86899 46.6423
    endloop
  endfacet
  facet normal 0 0.707099 0.707114
    outer loop
      vertex 6.7 10.6066 41.9047
      vertex 1.2 8.27315 44.2381
      vertex 5.05 8.27315 44.2381
    endloop
  endfacet
  facet normal 0 0.707113 0.707101
    outer loop
      vertex 1.2 8.27315 44.2381
      vertex -1.2 8.27315 44.2381
      vertex 1.2 5.86899 46.6423
    endloop
  endfacet
  facet normal 0 0.707099 0.707114
    outer loop
      vertex 6.7 10.6066 41.9047
      vertex -1.2 8.27315 44.2381
      vertex 1.2 8.27315 44.2381
    endloop
  endfacet
  facet normal -0 0.707099 0.707114
    outer loop
      vertex -6.7 10.6066 41.9047
      vertex -1.2 8.27315 44.2381
      vertex 6.7 10.6066 41.9047
    endloop
  endfacet
  facet normal 0 0.707099 0.707114
    outer loop
      vertex -1.2 8.27315 44.2381
      vertex -6.7 10.6066 41.9047
      vertex -5.05 8.27315 44.2381
    endloop
  endfacet
  facet normal 1.93167e-05 0.707106 0.707108
    outer loop
      vertex -6.7 5.86899 46.6423
      vertex -5.05 8.27315 44.2381
      vertex -6.7 10.6066 41.9047
    endloop
  endfacet
  facet normal 0 0.707113 0.707101
    outer loop
      vertex -5.05 8.27315 44.2381
      vertex -6.7 5.86899 46.6423
      vertex -5.05 5.86899 46.6423
    endloop
  endfacet
  facet normal 0 0.707113 0.707101
    outer loop
      vertex 6.7 5.86899 46.6423
      vertex 5.05 8.27315 44.2381
      vertex 5.05 5.86899 46.6423
    endloop
  endfacet
  facet normal 0 0.707113 0.707101
    outer loop
      vertex 1.2 5.86899 46.6423
      vertex -1.2 8.27315 44.2381
      vertex -1.2 5.86899 46.6423
    endloop
  endfacet
  facet normal -1 0 0
    outer loop
      vertex -5.85 21.5314 57.4964
      vertex -5.85 19.1979 59.9712
      vertex -5.85 21.6021 57.5671
    endloop
  endfacet
  facet normal -1 0 -0
    outer loop
      vertex -5.85 19.1979 59.9712
      vertex -5.85 21.5314 57.4964
      vertex -5.85 19.1272 59.9005
    endloop
  endfacet
  facet normal 0 -0.707092 -0.707121
    outer loop
      vertex -5.85 21.5314 57.4964
      vertex -5.05 19.1272 59.9005
      vertex -5.85 19.1272 59.9005
    endloop
  endfacet
  facet normal 0 -0.707092 -0.707121
    outer loop
      vertex -5.05 19.1272 59.9005
      vertex -5.85 21.5314 57.4964
      vertex -5.05 21.5314 57.4964
    endloop
  endfacet
  facet normal -0.968147 0.177048 0.177048
    outer loop
      vertex -5.85 21.6021 57.5671
      vertex -5.1 21.2486 62.0218
      vertex -5.1 23.6527 59.6177
    endloop
  endfacet
  facet normal -0.968148 0.17704 0.177048
    outer loop
      vertex -5.1 21.2486 62.0218
      vertex -5.85 21.6021 57.5671
      vertex -5.85 19.1979 59.9712
    endloop
  endfacet
  facet normal -1 0 0
    outer loop
      vertex 1.2 8.27315 44.2381
      vertex 1.2 21.2486 62.0218
      vertex 1.2 23.6527 59.6177
    endloop
  endfacet
  facet normal -1 0 0
    outer loop
      vertex 1.2 21.2486 62.0218
      vertex 1.2 8.27315 44.2381
      vertex 1.2 5.86899 46.6423
    endloop
  endfacet
  facet normal 1 0 0
    outer loop
      vertex 5.05 19.1272 59.9005
      vertex 5.05 8.27315 44.2381
      vertex 5.05 21.5314 57.4964
    endloop
  endfacet
  facet normal 1 0 -0
    outer loop
      vertex 5.05 8.27315 44.2381
      vertex 5.05 19.1272 59.9005
      vertex 5.05 5.86899 46.6423
    endloop
  endfacet
  facet normal -0 0.707107 0.707107
    outer loop
      vertex 1.2 23.6527 59.6177
      vertex 5.1 21.2486 62.0218
      vertex 5.1 23.6527 59.6177
    endloop
  endfacet
  facet normal 0 0.707107 0.707107
    outer loop
      vertex 5.1 21.2486 62.0218
      vertex 1.2 23.6527 59.6177
      vertex 1.2 21.2486 62.0218
    endloop
  endfacet
  facet normal 3.15223e-15 0.707107 -0.707107
    outer loop
      vertex 5.05 21.5314 57.4964
      vertex 5.1 23.6527 59.6177
      vertex 5.85 21.6021 57.5671
    endloop
  endfacet
  facet normal 0 0.707107 -0.707107
    outer loop
      vertex 5.05 21.5314 57.4964
      vertex 5.85 21.6021 57.5671
      vertex 5.85 21.5314 57.4964
    endloop
  endfacet
  facet normal 0 0.707107 -0.707107
    outer loop
      vertex 5.1 23.6527 59.6177
      vertex 5.05 21.5314 57.4964
      vertex 1.2 23.6527 59.6177
    endloop
  endfacet
  facet normal 0 0.707108 -0.707105
    outer loop
      vertex 1.2 8.27315 44.2381
      vertex 5.05 21.5314 57.4964
      vertex 5.05 8.27315 44.2381
    endloop
  endfacet
  facet normal 1.26664e-06 0.707108 -0.707106
    outer loop
      vertex 5.05 21.5314 57.4964
      vertex 1.2 8.27315 44.2381
      vertex 1.2 23.6527 59.6177
    endloop
  endfacet
  facet normal 1 0 0
    outer loop
      vertex 5.85 19.1979 59.9712
      vertex 5.85 21.5314 57.4964
      vertex 5.85 21.6021 57.5671
    endloop
  endfacet
  facet normal 1 0 0
    outer loop
      vertex 5.85 21.5314 57.4964
      vertex 5.85 19.1979 59.9712
      vertex 5.85 19.1272 59.9005
    endloop
  endfacet
  facet normal 0 -0.707092 -0.707121
    outer loop
      vertex 5.05 21.5314 57.4964
      vertex 5.85 19.1272 59.9005
      vertex 5.05 19.1272 59.9005
    endloop
  endfacet
  facet normal 0 -0.707092 -0.707121
    outer loop
      vertex 5.85 19.1272 59.9005
      vertex 5.05 21.5314 57.4964
      vertex 5.85 21.5314 57.4964
    endloop
  endfacet
  facet normal 0.968147 0.177048 0.177048
    outer loop
      vertex 5.1 21.2486 62.0218
      vertex 5.85 21.6021 57.5671
      vertex 5.1 23.6527 59.6177
    endloop
  endfacet
  facet normal 0.968148 0.17704 0.177048
    outer loop
      vertex 5.85 21.6021 57.5671
      vertex 5.1 21.2486 62.0218
      vertex 5.85 19.1979 59.9712
    endloop
  endfacet
  facet normal -1 0 0
    outer loop
      vertex -6.7 3.53553 34.8336
      vertex -6.7 5.86899 46.6423
      vertex -6.7 10.6066 41.9047
    endloop
  endfacet
  facet normal -1 0 0
    outer loop
      vertex -6.7 5.86899 46.6423
      vertex -6.7 3.53553 34.8336
      vertex -6.7 -1.20208 39.5712
    endloop
  endfacet
  facet normal 1 0 0
    outer loop
      vertex 6.7 5.86899 46.6423
      vertex 6.7 3.53553 34.8336
      vertex 6.7 10.6066 41.9047
    endloop
  endfacet
  facet normal 1 0 -0
    outer loop
      vertex 6.7 3.53553 34.8336
      vertex 6.7 5.86899 46.6423
      vertex 6.7 -1.20208 39.5712
    endloop
  endfacet
  facet normal 0 0.707107 -0.707107
    outer loop
      vertex 6.7 10.6066 41.9047
      vertex 0 5.5742 36.8723
      vertex -6.7 10.6066 41.9047
    endloop
  endfacet
  facet normal -0.000576578 0.70749 -0.706723
    outer loop
      vertex 6.7 10.6066 41.9047
      vertex 0.0602874 5.57345 36.8715
      vertex 0 5.5742 36.8723
    endloop
  endfacet
  facet normal -2.27405e-05 0.707125 -0.707088
    outer loop
      vertex 6.7 10.6066 41.9047
      vertex 0.365055 5.56966 36.8677
      vertex 0.0602874 5.57345 36.8715
    endloop
  endfacet
  facet normal 8.83258e-05 0.707055 -0.707158
    outer loop
      vertex 6.7 10.6066 41.9047
      vertex 0.672008 5.55822 36.8563
      vertex 0.365055 5.56966 36.8677
    endloop
  endfacet
  facet normal 0.000227861 0.706972 -0.707241
    outer loop
      vertex 6.7 10.6066 41.9047
      vertex 0.731461 5.556 36.8541
      vertex 0.672008 5.55822 36.8563
    endloop
  endfacet
  facet normal -0.000148257 0.707194 -0.707019
    outer loop
      vertex 6.7 10.6066 41.9047
      vertex 1.04244 5.53667 36.8347
      vertex 0.731461 5.556 36.8541
    endloop
  endfacet
  facet normal 0.000114299 0.707048 -0.707166
    outer loop
      vertex 6.7 10.6066 41.9047
      vertex 1.10059 5.53306 36.8311
      vertex 1.04244 5.53667 36.8347
    endloop
  endfacet
  facet normal -0.000111945 0.707173 -0.707041
    outer loop
      vertex 6.7 10.6066 41.9047
      vertex 1.15787 5.52807 36.8261
      vertex 1.10059 5.53306 36.8311
    endloop
  endfacet
  facet normal 4.16456e-05 0.707089 -0.707125
    outer loop
      vertex 6.7 10.6066 41.9047
      vertex 1.47387 5.50055 36.7986
      vertex 1.15787 5.52807 36.8261
    endloop
  endfacet
  facet normal 7.87134e-05 0.70707 -0.707144
    outer loop
      vertex 6.7 10.6066 41.9047
      vertex 1.79913 5.46411 36.7622
      vertex 1.47387 5.50055 36.7986
    endloop
  endfacet
  facet normal -0.00107104 0.707617 -0.706595
    outer loop
      vertex 6.7 10.6066 41.9047
      vertex 1.85277 5.4581 36.7561
      vertex 1.79913 5.46411 36.7622
    endloop
  endfacet
  facet normal 0.000840495 0.706718 -0.707495
    outer loop
      vertex 6.7 10.6066 41.9047
      vertex 1.90506 5.45093 36.749
      vertex 1.85277 5.4581 36.7561
    endloop
  endfacet
  facet normal -7.46424e-05 0.707144 -0.70707
    outer loop
      vertex 6.7 10.6066 41.9047
      vertex 2.23889 5.40517 36.7032
      vertex 1.90506 5.45093 36.749
    endloop
  endfacet
  facet normal -1.64381e-05 0.707119 -0.707095
    outer loop
      vertex 6.7 10.6066 41.9047
      vertex 2.58775 5.34858 36.6466
      vertex 2.23889 5.40517 36.7032
    endloop
  endfacet
  facet normal -0.000134298 0.707165 -0.707049
    outer loop
      vertex 6.7 10.6066 41.9047
      vertex 2.63394 5.34109 36.6391
      vertex 2.58775 5.34858 36.6466
    endloop
  endfacet
  facet normal 0.00055706 0.706898 -0.707316
    outer loop
      vertex 6.7 10.6066 41.9047
      vertex 2.67847 5.33275 36.6308
      vertex 2.63394 5.34109 36.6391
    endloop
  endfacet
  facet normal 1.09909e-06 0.70711 -0.707104
    outer loop
      vertex 6.7 10.6066 41.9047
      vertex 3.03978 5.26505 36.5631
      vertex 2.67847 5.33275 36.6308
    endloop
  endfacet
  facet normal 1.22963e-06 0.70711 -0.707104
    outer loop
      vertex 6.7 10.6066 41.9047
      vertex 3.07924 5.25665 36.5547
      vertex 3.03978 5.26505 36.5631
    endloop
  endfacet
  facet normal -6.39643e-05 0.707132 -0.707082
    outer loop
      vertex 6.7 10.6066 41.9047
      vertex 3.45849 5.17599 36.474
      vertex 3.07924 5.25665 36.5547
    endloop
  endfacet
  facet normal 0.000124414 0.707076 -0.707138
    outer loop
      vertex 6.7 10.6066 41.9047
      vertex 3.86459 5.07931 36.3774
      vertex 3.45849 5.17599 36.474
    endloop
  endfacet
  facet normal -0.0018107 0.707571 -0.70664
    outer loop
      vertex 6.7 10.6066 41.9047
      vertex 3.89241 5.07269 36.3707
      vertex 3.86459 5.07931 36.3774
    endloop
  endfacet
  facet normal 0.0014218 0.706751 -0.707461
    outer loop
      vertex 6.7 10.6066 41.9047
      vertex 3.91879 5.06573 36.3638
      vertex 3.89241 5.07269 36.3707
    endloop
  endfacet
  facet normal 4.49316e-05 0.707097 -0.707116
    outer loop
      vertex 6.7 10.6066 41.9047
      vertex 4.34419 4.9536 36.2517
      vertex 3.91879 5.06573 36.3638
    endloop
  endfacet
  facet normal -9.5244e-05 0.707127 -0.707087
    outer loop
      vertex 6.7 10.6066 41.9047
      vertex 4.80797 4.81947 36.1175
      vertex 4.34419 4.9536 36.2517
    endloop
  endfacet
  facet normal -0.00144572 0.707347 -0.706865
    outer loop
      vertex 6.7 10.6066 41.9047
      vertex 4.81689 4.81689 36.1149
      vertex 4.80797 4.81947 36.1175
    endloop
  endfacet
  facet normal 0.00230626 0.706735 -0.707474
    outer loop
      vertex 6.7 10.6066 41.9047
      vertex 4.82525 4.81426 36.1123
      vertex 4.81689 4.81689 36.1149
    endloop
  endfacet
  facet normal 2.00888e-05 0.707107 -0.707106
    outer loop
      vertex 6.7 10.6066 41.9047
      vertex 5.18184 4.70195 36
      vertex 4.82525 4.81426 36.1123
    endloop
  endfacet
  facet normal 0.000210403 0.707083 -0.707131
    outer loop
      vertex 6.7 10.6066 41.9047
      vertex 5.26288 4.61542 35.9135
      vertex 5.18184 4.70195 36
    endloop
  endfacet
  facet normal -2.66602e-06 0.707108 -0.707105
    outer loop
      vertex 6.7 3.53553 34.8336
      vertex 5.26288 4.61542 35.9135
      vertex 6.7 10.6066 41.9047
    endloop
  endfacet
  facet normal 2.63094e-05 0.707128 -0.707086
    outer loop
      vertex 5.26288 4.61542 35.9135
      vertex 6.7 3.53553 34.8336
      vertex 5.55347 4.26133 35.5594
    endloop
  endfacet
  facet normal 0.0297205 0.684601 -0.728312
    outer loop
      vertex 5.73762 4.00435 35.3024
      vertex 5.69692 3.97601 35.2741
      vertex 5.72884 3.99888 35.2969
    endloop
  endfacet
  facet normal -0.0032712 0.708952 -0.705249
    outer loop
      vertex 5.73762 4.00435 35.3024
      vertex 5.66657 3.9511 35.2492
      vertex 5.69692 3.97601 35.2741
    endloop
  endfacet
  facet normal -0.00836088 0.712311 -0.701814
    outer loop
      vertex 5.73762 4.00435 35.3024
      vertex 5.63791 3.92426 35.2223
      vertex 5.66657 3.9511 35.2492
    endloop
  endfacet
  facet normal 0.00430712 0.704458 -0.709732
    outer loop
      vertex 5.73762 4.00435 35.3024
      vertex 5.61107 3.89561 35.1937
      vertex 5.63791 3.92426 35.2223
    endloop
  endfacet
  facet normal -0.00413686 0.709375 -0.704819
    outer loop
      vertex 5.73762 4.00435 35.3024
      vertex 5.58617 3.86526 35.1633
      vertex 5.61107 3.89561 35.1937
    endloop
  endfacet
  facet normal 0.00132759 0.706408 -0.707803
    outer loop
      vertex 5.73762 4.00435 35.3024
      vertex 5.5633 3.83334 35.1314
      vertex 5.58617 3.86526 35.1633
    endloop
  endfacet
  facet normal 0.00203437 0.706047 -0.708162
    outer loop
      vertex 5.73762 4.00435 35.3024
      vertex 5.54256 3.8 35.0981
      vertex 5.5633 3.83334 35.1314
    endloop
  endfacet
  facet normal -0.00380543 0.708829 -0.70537
    outer loop
      vertex 5.73762 4.00435 35.3024
      vertex 5.52405 3.76537 35.0634
      vertex 5.54256 3.8 35.0981
    endloop
  endfacet
  facet normal 0.00283163 0.705867 -0.708339
    outer loop
      vertex 5.73762 4.00435 35.3024
      vertex 5.50785 3.72961 35.0277
      vertex 5.52405 3.76537 35.0634
    endloop
  endfacet
  facet normal -0.00231225 0.70802 -0.706189
    outer loop
      vertex 5.73762 4.00435 35.3024
      vertex 5.49402 3.69286 34.9909
      vertex 5.50785 3.72961 35.0277
    endloop
  endfacet
  facet normal -0.00113156 0.70756 -0.706652
    outer loop
      vertex 5.73762 4.00435 35.3024
      vertex 5.48262 3.65529 34.9533
      vertex 5.49402 3.69286 34.9909
    endloop
  endfacet
  facet normal 0.00165082 0.706543 -0.707668
    outer loop
      vertex 5.73762 4.00435 35.3024
      vertex 5.47371 3.61705 34.9151
      vertex 5.48262 3.65529 34.9533
    endloop
  endfacet
  facet normal 0.00141533 0.706624 -0.707588
    outer loop
      vertex 5.73762 4.00435 35.3024
      vertex 5.46731 3.57831 34.8764
      vertex 5.47371 3.61705 34.9151
    endloop
  endfacet
  facet normal -0.00073265 0.707306 -0.706907
    outer loop
      vertex 5.46334 3.53553 34.8336
      vertex 5.46731 3.57831 34.8764
      vertex 5.73762 4.00435 35.3024
    endloop
  endfacet
  facet normal 6.37575e-05 0.707157 -0.707056
    outer loop
      vertex 5.55347 4.26133 35.5594
      vertex 6.7 3.53553 34.8336
      vertex 5.73762 4.00435 35.3024
    endloop
  endfacet
  facet normal 0 0.707092 -0.707122
    outer loop
      vertex 5.46334 3.53553 34.8336
      vertex 5.73762 4.00435 35.3024
      vertex 6.7 3.53553 34.8336
    endloop
  endfacet
  facet normal 0.0370505 0.705066 -0.708173
    outer loop
      vertex 5.46731 3.57831 34.8764
      vertex 5.46334 3.53553 34.8336
      vertex 5.46346 3.53924 34.8373
    endloop
  endfacet
  facet normal 0.000576578 0.70749 -0.706723
    outer loop
      vertex -0.0602874 5.57345 36.8715
      vertex -6.7 10.6066 41.9047
      vertex 0 5.5742 36.8723
    endloop
  endfacet
  facet normal 2.27405e-05 0.707125 -0.707088
    outer loop
      vertex -0.365055 5.56966 36.8677
      vertex -6.7 10.6066 41.9047
      vertex -0.0602874 5.57345 36.8715
    endloop
  endfacet
  facet normal -8.83258e-05 0.707055 -0.707158
    outer loop
      vertex -0.672008 5.55822 36.8563
      vertex -6.7 10.6066 41.9047
      vertex -0.365055 5.56966 36.8677
    endloop
  endfacet
  facet normal -0.000227861 0.706972 -0.707241
    outer loop
      vertex -0.731461 5.556 36.8541
      vertex -6.7 10.6066 41.9047
      vertex -0.672008 5.55822 36.8563
    endloop
  endfacet
  facet normal 0.000148257 0.707194 -0.707019
    outer loop
      vertex -1.04244 5.53667 36.8347
      vertex -6.7 10.6066 41.9047
      vertex -0.731461 5.556 36.8541
    endloop
  endfacet
  facet normal -0.000114299 0.707048 -0.707166
    outer loop
      vertex -1.10059 5.53306 36.8311
      vertex -6.7 10.6066 41.9047
      vertex -1.04244 5.53667 36.8347
    endloop
  endfacet
  facet normal 0.000111945 0.707173 -0.707041
    outer loop
      vertex -1.15787 5.52807 36.8261
      vertex -6.7 10.6066 41.9047
      vertex -1.10059 5.53306 36.8311
    endloop
  endfacet
  facet normal -4.16456e-05 0.707089 -0.707125
    outer loop
      vertex -1.47387 5.50055 36.7986
      vertex -6.7 10.6066 41.9047
      vertex -1.15787 5.52807 36.8261
    endloop
  endfacet
  facet normal -7.87134e-05 0.70707 -0.707144
    outer loop
      vertex -1.79913 5.46411 36.7622
      vertex -6.7 10.6066 41.9047
      vertex -1.47387 5.50055 36.7986
    endloop
  endfacet
  facet normal 0.00107104 0.707617 -0.706595
    outer loop
      vertex -1.85277 5.4581 36.7561
      vertex -6.7 10.6066 41.9047
      vertex -1.79913 5.46411 36.7622
    endloop
  endfacet
  facet normal -0.000840495 0.706718 -0.707495
    outer loop
      vertex -1.90506 5.45093 36.749
      vertex -6.7 10.6066 41.9047
      vertex -1.85277 5.4581 36.7561
    endloop
  endfacet
  facet normal 7.46424e-05 0.707144 -0.70707
    outer loop
      vertex -2.23889 5.40517 36.7032
      vertex -6.7 10.6066 41.9047
      vertex -1.90506 5.45093 36.749
    endloop
  endfacet
  facet normal 1.64381e-05 0.707119 -0.707095
    outer loop
      vertex -2.58775 5.34858 36.6466
      vertex -6.7 10.6066 41.9047
      vertex -2.23889 5.40517 36.7032
    endloop
  endfacet
  facet normal 0.000134298 0.707165 -0.707049
    outer loop
      vertex -2.63394 5.34109 36.6391
      vertex -6.7 10.6066 41.9047
      vertex -2.58775 5.34858 36.6466
    endloop
  endfacet
  facet normal -0.00055706 0.706898 -0.707316
    outer loop
      vertex -2.67847 5.33275 36.6308
      vertex -6.7 10.6066 41.9047
      vertex -2.63394 5.34109 36.6391
    endloop
  endfacet
  facet normal -1.09909e-06 0.70711 -0.707104
    outer loop
      vertex -3.03978 5.26505 36.5631
      vertex -6.7 10.6066 41.9047
      vertex -2.67847 5.33275 36.6308
    endloop
  endfacet
  facet normal -1.22963e-06 0.70711 -0.707104
    outer loop
      vertex -3.07924 5.25665 36.5547
      vertex -6.7 10.6066 41.9047
      vertex -3.03978 5.26505 36.5631
    endloop
  endfacet
  facet normal 6.39643e-05 0.707132 -0.707082
    outer loop
      vertex -3.45849 5.17599 36.474
      vertex -6.7 10.6066 41.9047
      vertex -3.07924 5.25665 36.5547
    endloop
  endfacet
  facet normal -0.000124414 0.707076 -0.707138
    outer loop
      vertex -3.86459 5.07931 36.3774
      vertex -6.7 10.6066 41.9047
      vertex -3.45849 5.17599 36.474
    endloop
  endfacet
  facet normal 0.0018107 0.707571 -0.70664
    outer loop
      vertex -3.89241 5.07269 36.3707
      vertex -6.7 10.6066 41.9047
      vertex -3.86459 5.07931 36.3774
    endloop
  endfacet
  facet normal -0.0014218 0.706751 -0.707461
    outer loop
      vertex -3.91879 5.06573 36.3638
      vertex -6.7 10.6066 41.9047
      vertex -3.89241 5.07269 36.3707
    endloop
  endfacet
  facet normal -4.49316e-05 0.707097 -0.707116
    outer loop
      vertex -4.34419 4.9536 36.2517
      vertex -6.7 10.6066 41.9047
      vertex -3.91879 5.06573 36.3638
    endloop
  endfacet
  facet normal 9.5244e-05 0.707127 -0.707087
    outer loop
      vertex -4.80797 4.81947 36.1175
      vertex -6.7 10.6066 41.9047
      vertex -4.34419 4.9536 36.2517
    endloop
  endfacet
  facet normal 0.00144572 0.707347 -0.706865
    outer loop
      vertex -4.81689 4.81689 36.1149
      vertex -6.7 10.6066 41.9047
      vertex -4.80797 4.81947 36.1175
    endloop
  endfacet
  facet normal -0.00230626 0.706735 -0.707474
    outer loop
      vertex -4.82525 4.81426 36.1123
      vertex -6.7 10.6066 41.9047
      vertex -4.81689 4.81689 36.1149
    endloop
  endfacet
  facet normal -2.00888e-05 0.707107 -0.707106
    outer loop
      vertex -5.18184 4.70195 36
      vertex -6.7 10.6066 41.9047
      vertex -4.82525 4.81426 36.1123
    endloop
  endfacet
  facet normal -0.000210403 0.707083 -0.707131
    outer loop
      vertex -5.26288 4.61542 35.9135
      vertex -6.7 10.6066 41.9047
      vertex -5.18184 4.70195 36
    endloop
  endfacet
  facet normal -2.63094e-05 0.707128 -0.707086
    outer loop
      vertex -6.7 3.53553 34.8336
      vertex -5.26288 4.61542 35.9135
      vertex -5.55347 4.26133 35.5594
    endloop
  endfacet
  facet normal -6.37575e-05 0.707157 -0.707056
    outer loop
      vertex -6.7 3.53553 34.8336
      vertex -5.55347 4.26133 35.5594
      vertex -5.73762 4.00435 35.3024
    endloop
  endfacet
  facet normal -0.0297205 0.684601 -0.728312
    outer loop
      vertex -5.69692 3.97601 35.2741
      vertex -5.73762 4.00435 35.3024
      vertex -5.72884 3.99888 35.2969
    endloop
  endfacet
  facet normal 0.0032712 0.708952 -0.705249
    outer loop
      vertex -5.66657 3.9511 35.2492
      vertex -5.73762 4.00435 35.3024
      vertex -5.69692 3.97601 35.2741
    endloop
  endfacet
  facet normal 0.00836088 0.712311 -0.701814
    outer loop
      vertex -5.63791 3.92426 35.2223
      vertex -5.73762 4.00435 35.3024
      vertex -5.66657 3.9511 35.2492
    endloop
  endfacet
  facet normal -0.00430712 0.704458 -0.709732
    outer loop
      vertex -5.61107 3.89561 35.1937
      vertex -5.73762 4.00435 35.3024
      vertex -5.63791 3.92426 35.2223
    endloop
  endfacet
  facet normal 0.00413686 0.709375 -0.704819
    outer loop
      vertex -5.58617 3.86526 35.1633
      vertex -5.73762 4.00435 35.3024
      vertex -5.61107 3.89561 35.1937
    endloop
  endfacet
  facet normal -0.00132759 0.706408 -0.707803
    outer loop
      vertex -5.5633 3.83334 35.1314
      vertex -5.73762 4.00435 35.3024
      vertex -5.58617 3.86526 35.1633
    endloop
  endfacet
  facet normal -0.00203437 0.706047 -0.708162
    outer loop
      vertex -5.54256 3.8 35.0981
      vertex -5.73762 4.00435 35.3024
      vertex -5.5633 3.83334 35.1314
    endloop
  endfacet
  facet normal 0.00380543 0.708829 -0.70537
    outer loop
      vertex -5.52405 3.76537 35.0634
      vertex -5.73762 4.00435 35.3024
      vertex -5.54256 3.8 35.0981
    endloop
  endfacet
  facet normal -0.00283163 0.705867 -0.708339
    outer loop
      vertex -5.50785 3.72961 35.0277
      vertex -5.73762 4.00435 35.3024
      vertex -5.52405 3.76537 35.0634
    endloop
  endfacet
  facet normal 0.00231225 0.70802 -0.706189
    outer loop
      vertex -5.49402 3.69286 34.9909
      vertex -5.73762 4.00435 35.3024
      vertex -5.50785 3.72961 35.0277
    endloop
  endfacet
  facet normal 0.00113156 0.70756 -0.706652
    outer loop
      vertex -5.48262 3.65529 34.9533
      vertex -5.73762 4.00435 35.3024
      vertex -5.49402 3.69286 34.9909
    endloop
  endfacet
  facet normal -0.00165082 0.706543 -0.707668
    outer loop
      vertex -5.47371 3.61705 34.9151
      vertex -5.73762 4.00435 35.3024
      vertex -5.48262 3.65529 34.9533
    endloop
  endfacet
  facet normal -0.00141533 0.706624 -0.707588
    outer loop
      vertex -5.46731 3.57831 34.8764
      vertex -5.73762 4.00435 35.3024
      vertex -5.47371 3.61705 34.9151
    endloop
  endfacet
  facet normal -0.0370505 0.705066 -0.708173
    outer loop
      vertex -5.46334 3.53553 34.8336
      vertex -5.46731 3.57831 34.8764
      vertex -5.46346 3.53924 34.8373
    endloop
  endfacet
  facet normal 0.00073265 0.707306 -0.706907
    outer loop
      vertex -5.46731 3.57831 34.8764
      vertex -5.46334 3.53553 34.8336
      vertex -5.73762 4.00435 35.3024
    endloop
  endfacet
  facet normal 2.66602e-06 0.707108 -0.707105
    outer loop
      vertex -5.26288 4.61542 35.9135
      vertex -6.7 3.53553 34.8336
      vertex -6.7 10.6066 41.9047
    endloop
  endfacet
  facet normal 0 0.707092 -0.707122
    outer loop
      vertex -6.7 3.53553 34.8336
      vertex -5.73762 4.00435 35.3024
      vertex -5.46334 3.53553 34.8336
    endloop
  endfacet
  facet normal 4.58351e-05 -0.707106 -0.707108
    outer loop
      vertex 6.7 -1.20208 39.5712
      vertex 6.58371 2.36912 36
      vertex 6.7 3.53553 34.8336
    endloop
  endfacet
  facet normal 4.57057e-05 -0.707106 -0.707108
    outer loop
      vertex 6.7 -1.20208 39.5712
      vertex 6.28148 2.1484 36.2207
      vertex 6.58371 2.36912 36
    endloop
  endfacet
  facet normal 0.000474105 -0.707079 -0.707134
    outer loop
      vertex 6.7 -1.20208 39.5712
      vertex 6.24023 2.11827 36.2508
      vertex 6.28148 2.1484 36.2207
    endloop
  endfacet
  facet normal -0.000105772 -0.707119 -0.707094
    outer loop
      vertex 6.7 -1.20208 39.5712
      vertex 6.18311 2.07758 36.2915
      vertex 6.24023 2.11827 36.2508
    endloop
  endfacet
  facet normal -1.18979e-06 -0.707111 -0.707102
    outer loop
      vertex 6.7 -1.20208 39.5712
      vertex 5.23605 1.40299 36.9661
      vertex 6.18311 2.07758 36.2915
    endloop
  endfacet
  facet normal -7.12196e-05 -0.707131 -0.707083
    outer loop
      vertex 6.7 -1.20208 39.5712
      vertex 4.69508 1.02847 37.3407
      vertex 5.23605 1.40299 36.9661
    endloop
  endfacet
  facet normal 0.000172934 -0.707021 -0.707192
    outer loop
      vertex 6.7 -1.20208 39.5712
      vertex 4.50344 0.895791 37.4733
      vertex 4.69508 1.02847 37.3407
    endloop
  endfacet
  facet normal -2.83925e-05 -0.707127 -0.707087
    outer loop
      vertex 6.7 -1.20208 39.5712
      vertex 4.25869 0.73161 37.6375
      vertex 4.50344 0.895791 37.4733
    endloop
  endfacet
  facet normal -1.67846e-05 -0.707119 -0.707094
    outer loop
      vertex 6.7 -1.20208 39.5712
      vertex 3.94163 0.518925 37.8502
      vertex 4.25869 0.73161 37.6375
    endloop
  endfacet
  facet normal 6.89783e-05 -0.70705 -0.707163
    outer loop
      vertex 6.7 -1.20208 39.5712
      vertex 3.66764 0.34137 38.0277
      vertex 3.94163 0.518925 37.8502
    endloop
  endfacet
  facet normal -9.39361e-05 -0.70721 -0.707003
    outer loop
      vertex 6.7 -1.20208 39.5712
      vertex 3.49427 0.229026 38.1401
      vertex 3.66764 0.34137 38.0277
    endloop
  endfacet
  facet normal 0.000103733 -0.706989 -0.707224
    outer loop
      vertex 6.7 -1.20208 39.5712
      vertex 3.37294 0.153283 38.2158
      vertex 3.49427 0.229026 38.1401
    endloop
  endfacet
  facet normal -1.45729e-05 -0.707134 -0.707079
    outer loop
      vertex 6.7 -1.20208 39.5712
      vertex 3.1274 0 38.3691
      vertex 3.37294 0.153283 38.2158
    endloop
  endfacet
  facet normal -2.68949e-05 -0.707153 -0.707061
    outer loop
      vertex 6.7 -1.20208 39.5712
      vertex 2.83383 -0.176066 38.5452
      vertex 3.1274 0 38.3691
    endloop
  endfacet
  facet normal 0.000296893 -0.706542 -0.707671
    outer loop
      vertex 6.7 -1.20208 39.5712
      vertex 2.8193 -0.184786 38.5539
      vertex 2.83383 -0.176066 38.5452
    endloop
  endfacet
  facet normal 6.13452e-05 -0.706992 -0.707222
    outer loop
      vertex 6.7 -1.20208 39.5712
      vertex 2.80833 -0.191089 38.5602
      vertex 2.8193 -0.184786 38.5539
    endloop
  endfacet
  facet normal -3.06646e-05 -0.707169 -0.707045
    outer loop
      vertex 6.7 -1.20208 39.5712
      vertex 2.73909 -0.230879 38.6
      vertex 2.80833 -0.191089 38.5602
    endloop
  endfacet
  facet normal 0 -0.707106 -0.707107
    outer loop
      vertex 6.7 -1.20208 39.5712
      vertex -2.73909 -0.230879 38.6
      vertex 2.73909 -0.230879 38.6
    endloop
  endfacet
  facet normal 1.45729e-05 -0.707134 -0.707079
    outer loop
      vertex -6.7 -1.20208 39.5712
      vertex -3.37294 0.153283 38.2158
      vertex -3.1274 0 38.3691
    endloop
  endfacet
  facet normal -0.000474105 -0.707079 -0.707134
    outer loop
      vertex -6.7 -1.20208 39.5712
      vertex -6.28148 2.1484 36.2207
      vertex -6.24023 2.11827 36.2508
    endloop
  endfacet
  facet normal -4.57057e-05 -0.707106 -0.707108
    outer loop
      vertex -6.28148 2.1484 36.2207
      vertex -6.7 -1.20208 39.5712
      vertex -6.58371 2.36912 36
    endloop
  endfacet
  facet normal 0.000105772 -0.707119 -0.707094
    outer loop
      vertex -6.18311 2.07758 36.2915
      vertex -6.7 -1.20208 39.5712
      vertex -6.24023 2.11827 36.2508
    endloop
  endfacet
  facet normal 1.18979e-06 -0.707111 -0.707102
    outer loop
      vertex -5.23605 1.40299 36.9661
      vertex -6.7 -1.20208 39.5712
      vertex -6.18311 2.07758 36.2915
    endloop
  endfacet
  facet normal 7.12196e-05 -0.707131 -0.707083
    outer loop
      vertex -4.69508 1.02847 37.3407
      vertex -6.7 -1.20208 39.5712
      vertex -5.23605 1.40299 36.9661
    endloop
  endfacet
  facet normal -0.000172934 -0.707021 -0.707192
    outer loop
      vertex -4.50344 0.895791 37.4733
      vertex -6.7 -1.20208 39.5712
      vertex -4.69508 1.02847 37.3407
    endloop
  endfacet
  facet normal 2.83925e-05 -0.707127 -0.707087
    outer loop
      vertex -4.25869 0.73161 37.6375
      vertex -6.7 -1.20208 39.5712
      vertex -4.50344 0.895791 37.4733
    endloop
  endfacet
  facet normal 1.67846e-05 -0.707119 -0.707094
    outer loop
      vertex -3.94163 0.518925 37.8502
      vertex -6.7 -1.20208 39.5712
      vertex -4.25869 0.73161 37.6375
    endloop
  endfacet
  facet normal -6.89783e-05 -0.70705 -0.707163
    outer loop
      vertex -3.66764 0.34137 38.0277
      vertex -6.7 -1.20208 39.5712
      vertex -3.94163 0.518925 37.8502
    endloop
  endfacet
  facet normal 9.39361e-05 -0.70721 -0.707003
    outer loop
      vertex -3.49427 0.229026 38.1401
      vertex -6.7 -1.20208 39.5712
      vertex -3.66764 0.34137 38.0277
    endloop
  endfacet
  facet normal -0.000103733 -0.706989 -0.707224
    outer loop
      vertex -3.37294 0.153283 38.2158
      vertex -6.7 -1.20208 39.5712
      vertex -3.49427 0.229026 38.1401
    endloop
  endfacet
  facet normal 2.68949e-05 -0.707153 -0.707061
    outer loop
      vertex -2.83383 -0.176066 38.5452
      vertex -6.7 -1.20208 39.5712
      vertex -3.1274 0 38.3691
    endloop
  endfacet
  facet normal -0.000296893 -0.706542 -0.707671
    outer loop
      vertex -2.8193 -0.184786 38.5539
      vertex -6.7 -1.20208 39.5712
      vertex -2.83383 -0.176066 38.5452
    endloop
  endfacet
  facet normal -6.13452e-05 -0.706992 -0.707222
    outer loop
      vertex -2.80833 -0.191089 38.5602
      vertex -6.7 -1.20208 39.5712
      vertex -2.8193 -0.184786 38.5539
    endloop
  endfacet
  facet normal 3.06646e-05 -0.707169 -0.707045
    outer loop
      vertex -2.73909 -0.230879 38.6
      vertex -6.7 -1.20208 39.5712
      vertex -2.80833 -0.191089 38.5602
    endloop
  endfacet
  facet normal 0 -0.707106 -0.707107
    outer loop
      vertex -6.7 -1.20208 39.5712
      vertex -2.73909 -0.230879 38.6
      vertex 6.7 -1.20208 39.5712
    endloop
  endfacet
  facet normal 0.00020459 -0.707114 -0.7071
    outer loop
      vertex 6.46716 2.67878 35.6903
      vertex 6.7 3.53553 34.8336
      vertex 6.58371 2.36912 36
    endloop
  endfacet
  facet normal -0.000180205 -0.707062 -0.707152
    outer loop
      vertex 6.33668 2.96675 35.4024
      vertex 6.7 3.53553 34.8336
      vertex 6.46716 2.67878 35.6903
    endloop
  endfacet
  facet normal -0.0307304 -0.671824 -0.740073
    outer loop
      vertex 6.29179 2.94567 35.4234
      vertex 6.33668 2.96675 35.4024
      vertex 6.32755 2.96188 35.4072
    endloop
  endfacet
  facet normal -0.0121021 -0.692657 -0.721166
    outer loop
      vertex 6.25504 2.93184 35.4373
      vertex 6.33668 2.96675 35.4024
      vertex 6.29179 2.94567 35.4234
    endloop
  endfacet
  facet normal -0.00021175 -0.706758 -0.707456
    outer loop
      vertex 6.21747 2.92044 35.4487
      vertex 6.33668 2.96675 35.4024
      vertex 6.25504 2.93184 35.4373
    endloop
  endfacet
  facet normal 0.000372929 -0.70751 -0.706703
    outer loop
      vertex 6.17923 2.91153 35.4576
      vertex 6.33668 2.96675 35.4024
      vertex 6.21747 2.92044 35.4487
    endloop
  endfacet
  facet normal -8.00152e-05 -0.706865 -0.707349
    outer loop
      vertex 6.14049 2.90513 35.464
      vertex 6.33668 2.96675 35.4024
      vertex 6.17923 2.91153 35.4576
    endloop
  endfacet
  facet normal 0.00128217 -0.70903 -0.705177
    outer loop
      vertex 6.10142 2.90128 35.4678
      vertex 6.33668 2.96675 35.4024
      vertex 6.14049 2.90513 35.464
    endloop
  endfacet
  facet normal -0.000436908 -0.705942 -0.708269
    outer loop
      vertex 6.06218 2.9 35.4691
      vertex 6.33668 2.96675 35.4024
      vertex 6.10142 2.90128 35.4678
    endloop
  endfacet
  facet normal 0.00033281 -0.707526 -0.706687
    outer loop
      vertex 6.02294 2.90128 35.4678
      vertex 6.33668 2.96675 35.4024
      vertex 6.06218 2.9 35.4691
    endloop
  endfacet
  facet normal -0.000565344 -0.705371 -0.708838
    outer loop
      vertex 5.98386 2.90513 35.464
      vertex 6.33668 2.96675 35.4024
      vertex 6.02294 2.90128 35.4678
    endloop
  endfacet
  facet normal 1.94862e-05 -0.707048 -0.707166
    outer loop
      vertex 5.94512 2.91153 35.4576
      vertex 6.33668 2.96675 35.4024
      vertex 5.98386 2.90513 35.464
    endloop
  endfacet
  facet normal -4.72455e-05 -0.706811 -0.707402
    outer loop
      vertex 5.90689 2.92044 35.4487
      vertex 6.33668 2.96675 35.4024
      vertex 5.94512 2.91153 35.4576
    endloop
  endfacet
  facet normal 1.21405e-05 -0.707087 -0.707127
    outer loop
      vertex 5.86931 2.93184 35.4373
      vertex 6.33668 2.96675 35.4024
      vertex 5.90689 2.92044 35.4487
    endloop
  endfacet
  facet normal 0.000235201 -0.708579 -0.705632
    outer loop
      vertex 5.83257 2.94567 35.4234
      vertex 6.33668 2.96675 35.4024
      vertex 5.86931 2.93184 35.4373
    endloop
  endfacet
  facet normal 8.6073e-05 -0.706794 -0.70742
    outer loop
      vertex 5.7968 2.96188 35.4072
      vertex 6.33668 2.96675 35.4024
      vertex 5.83257 2.94567 35.4234
    endloop
  endfacet
  facet normal 9.01712e-05 -0.707022 -0.707191
    outer loop
      vertex 5.76218 2.98038 35.3887
      vertex 6.33668 2.96675 35.4024
      vertex 5.7968 2.96188 35.4072
    endloop
  endfacet
  facet normal 0.000123348 -0.706325 -0.707888
    outer loop
      vertex 5.72884 3.00112 35.368
      vertex 6.33668 2.96675 35.4024
      vertex 5.76218 2.98038 35.3887
    endloop
  endfacet
  facet normal -1.90396e-05 -0.707583 -0.70663
    outer loop
      vertex 5.69692 3.02399 35.3451
      vertex 6.33668 2.96675 35.4024
      vertex 5.72884 3.00112 35.368
    endloop
  endfacet
  facet normal 0.000102965 -0.706902 -0.707311
    outer loop
      vertex 5.66657 3.0489 35.3202
      vertex 6.33668 2.96675 35.4024
      vertex 5.69692 3.02399 35.3451
    endloop
  endfacet
  facet normal 0.000209544 -0.706467 -0.707746
    outer loop
      vertex 5.63791 3.07574 35.2934
      vertex 6.33668 2.96675 35.4024
      vertex 5.66657 3.0489 35.3202
    endloop
  endfacet
  facet normal -0.000213349 -0.707823 -0.70639
    outer loop
      vertex 5.61107 3.10439 35.2647
      vertex 6.33668 2.96675 35.4024
      vertex 5.63791 3.07574 35.2934
    endloop
  endfacet
  facet normal 0.000331282 -0.706387 -0.707825
    outer loop
      vertex 5.58617 3.13474 35.2344
      vertex 6.33668 2.96675 35.4024
      vertex 5.61107 3.10439 35.2647
    endloop
  endfacet
  facet normal 0.000129382 -0.706839 -0.707375
    outer loop
      vertex 5.5633 3.16666 35.2025
      vertex 6.33668 2.96675 35.4024
      vertex 5.58617 3.13474 35.2344
    endloop
  endfacet
  facet normal -0.000402426 -0.707867 -0.706346
    outer loop
      vertex 5.54256 3.2 35.1691
      vertex 6.33668 2.96675 35.4024
      vertex 5.5633 3.16666 35.2025
    endloop
  endfacet
  facet normal 0.000266387 -0.706729 -0.707484
    outer loop
      vertex 5.52405 3.23463 35.1345
      vertex 6.33668 2.96675 35.4024
      vertex 5.54256 3.2 35.1691
    endloop
  endfacet
  facet normal -0.00028586 -0.707567 -0.706647
    outer loop
      vertex 5.50785 3.27039 35.0987
      vertex 6.33668 2.96675 35.4024
      vertex 5.52405 3.23463 35.1345
    endloop
  endfacet
  facet normal 0.000468556 -0.706537 -0.707676
    outer loop
      vertex 5.49402 3.30714 35.062
      vertex 6.33668 2.96675 35.4024
      vertex 5.50785 3.27039 35.0987
    endloop
  endfacet
  facet normal -0.000250266 -0.707427 -0.706787
    outer loop
      vertex 5.48262 3.34471 35.0244
      vertex 6.33668 2.96675 35.4024
      vertex 5.49402 3.30714 35.062
    endloop
  endfacet
  facet normal 0.000402123 -0.70669 -0.707523
    outer loop
      vertex 5.47371 3.38295 34.9862
      vertex 6.33668 2.96675 35.4024
      vertex 5.48262 3.34471 35.0244
    endloop
  endfacet
  facet normal -0.00066909 -0.7078 -0.706413
    outer loop
      vertex 5.46731 3.42168 34.9474
      vertex 6.33668 2.96675 35.4024
      vertex 5.47371 3.38295 34.9862
    endloop
  endfacet
  facet normal 0.000859592 -0.706339 -0.707873
    outer loop
      vertex 5.46346 3.46076 34.9084
      vertex 6.33668 2.96675 35.4024
      vertex 5.46731 3.42168 34.9474
    endloop
  endfacet
  facet normal -0.000168723 -0.707249 -0.706965
    outer loop
      vertex 5.46334 3.53553 34.8336
      vertex 6.33668 2.96675 35.4024
      vertex 5.46346 3.46076 34.9084
    endloop
  endfacet
  facet normal 0 -0.707119 -0.707094
    outer loop
      vertex 6.33668 2.96675 35.4024
      vertex 5.46334 3.53553 34.8336
      vertex 6.7 3.53553 34.8336
    endloop
  endfacet
  facet normal 0.0257003 -0.706994 -0.706752
    outer loop
      vertex 5.46334 3.53553 34.8336
      vertex 5.46346 3.46076 34.9084
      vertex 5.46218 3.5 34.8691
    endloop
  endfacet
  facet normal -0.0257003 -0.706994 -0.706752
    outer loop
      vertex -5.46346 3.46076 34.9084
      vertex -5.46334 3.53553 34.8336
      vertex -5.46218 3.5 34.8691
    endloop
  endfacet
  facet normal 0.0178572 -0.70715 -0.706838
    outer loop
      vertex -5.46731 3.42168 34.9474
      vertex -5.46334 3.53553 34.8336
      vertex -5.46346 3.46076 34.9084
    endloop
  endfacet
  facet normal -0.0121898 -0.706686 -0.707422
    outer loop
      vertex -5.47371 3.38295 34.9862
      vertex -5.46334 3.53553 34.8336
      vertex -5.46731 3.42168 34.9474
    endloop
  endfacet
  facet normal 0.0050417 -0.707315 -0.70688
    outer loop
      vertex -5.48262 3.34471 35.0244
      vertex -5.46334 3.53553 34.8336
      vertex -5.47371 3.38295 34.9862
    endloop
  endfacet
  facet normal -0.00315677 -0.706907 -0.7073
    outer loop
      vertex -5.49402 3.30714 35.062
      vertex -5.46334 3.53553 34.8336
      vertex -5.48262 3.34471 35.0244
    endloop
  endfacet
  facet normal 0.00410171 -0.707392 -0.70681
    outer loop
      vertex -5.50785 3.27039 35.0987
      vertex -5.46334 3.53553 34.8336
      vertex -5.49402 3.30714 35.062
    endloop
  endfacet
  facet normal -0.00314934 -0.706785 -0.707421
    outer loop
      vertex -5.52405 3.23463 35.1345
      vertex -5.46334 3.53553 34.8336
      vertex -5.50785 3.27039 35.0987
    endloop
  endfacet
  facet normal 0.00184046 -0.707291 -0.70692
    outer loop
      vertex -5.54256 3.2 35.1691
      vertex -5.46334 3.53553 34.8336
      vertex -5.52405 3.23463 35.1345
    endloop
  endfacet
  facet normal -0.00346291 -0.706662 -0.707543
    outer loop
      vertex -5.5633 3.16666 35.2025
      vertex -5.46334 3.53553 34.8336
      vertex -5.54256 3.2 35.1691
    endloop
  endfacet
  facet normal 0.00112333 -0.707287 -0.706925
    outer loop
      vertex -5.58617 3.13474 35.2344
      vertex -5.46334 3.53553 34.8336
      vertex -5.5633 3.16666 35.2025
    endloop
  endfacet
  facet normal 0.00229971 -0.707466 -0.706744
    outer loop
      vertex -5.61107 3.10439 35.2647
      vertex -5.46334 3.53553 34.8336
      vertex -5.58617 3.13474 35.2344
    endloop
  endfacet
  facet normal -0.00218857 -0.706697 -0.707513
    outer loop
      vertex -5.63791 3.07574 35.2934
      vertex -5.46334 3.53553 34.8336
      vertex -5.61107 3.10439 35.2647
    endloop
  endfacet
  facet normal 0.00155308 -0.707408 -0.706803
    outer loop
      vertex -5.66657 3.0489 35.3202
      vertex -5.46334 3.53553 34.8336
      vertex -5.63791 3.07574 35.2934
    endloop
  endfacet
  facet normal 0.000300039 -0.707148 -0.707066
    outer loop
      vertex -5.69692 3.02399 35.3451
      vertex -5.46334 3.53553 34.8336
      vertex -5.66657 3.0489 35.3202
    endloop
  endfacet
  facet normal -0.00104699 -0.70684 -0.707373
    outer loop
      vertex -5.72884 3.00112 35.368
      vertex -5.46334 3.53553 34.8336
      vertex -5.69692 3.02399 35.3451
    endloop
  endfacet
  facet normal 0.0012154 -0.707401 -0.706811
    outer loop
      vertex -5.76218 2.98038 35.3887
      vertex -5.46334 3.53553 34.8336
      vertex -5.72884 3.00112 35.368
    endloop
  endfacet
  facet normal -4.77779e-05 -0.707062 -0.707151
    outer loop
      vertex -5.7968 2.96188 35.4072
      vertex -5.46334 3.53553 34.8336
      vertex -5.76218 2.98038 35.3887
    endloop
  endfacet
  facet normal 0.000230449 -0.707143 -0.707071
    outer loop
      vertex -5.83257 2.94567 35.4234
      vertex -5.46334 3.53553 34.8336
      vertex -5.7968 2.96188 35.4072
    endloop
  endfacet
  facet normal -0.00179949 -0.706506 -0.707705
    outer loop
      vertex -5.86931 2.93184 35.4373
      vertex -5.46334 3.53553 34.8336
      vertex -5.83257 2.94567 35.4234
    endloop
  endfacet
  facet normal 4.46376e-06 -0.707114 -0.707099
    outer loop
      vertex -5.90689 2.92044 35.4487
      vertex -5.46334 3.53553 34.8336
      vertex -5.86931 2.93184 35.4373
    endloop
  endfacet
  facet normal 0.000225519 -0.707194 -0.70702
    outer loop
      vertex -5.94512 2.91153 35.4576
      vertex -5.46334 3.53553 34.8336
      vertex -5.90689 2.92044 35.4487
    endloop
  endfacet
  facet normal 9.77103e-15 -0.707107 -0.707107
    outer loop
      vertex -5.98386 2.90513 35.464
      vertex -5.46334 3.53553 34.8336
      vertex -5.94512 2.91153 35.4576
    endloop
  endfacet
  facet normal 0.000984233 -0.707513 -0.7067
    outer loop
      vertex -6.02294 2.90128 35.4678
      vertex -5.46334 3.53553 34.8336
      vertex -5.98386 2.90513 35.464
    endloop
  endfacet
  facet normal -0.000373055 -0.706914 -0.707299
    outer loop
      vertex -6.06218 2.9 35.4691
      vertex -5.46334 3.53553 34.8336
      vertex -6.02294 2.90128 35.4678
    endloop
  endfacet
  facet normal 0.000350636 -0.707255 -0.706958
    outer loop
      vertex -6.10142 2.90128 35.4678
      vertex -5.46334 3.53553 34.8336
      vertex -6.06218 2.9 35.4691
    endloop
  endfacet
  facet normal -0.000818815 -0.706667 -0.707546
    outer loop
      vertex -6.14049 2.90513 35.464
      vertex -5.46334 3.53553 34.8336
      vertex -6.10142 2.90128 35.4678
    endloop
  endfacet
  facet normal -7.16645e-15 -0.707107 -0.707107
    outer loop
      vertex -6.17923 2.91153 35.4576
      vertex -5.46334 3.53553 34.8336
      vertex -6.14049 2.90513 35.464
    endloop
  endfacet
  facet normal -0.000145927 -0.707023 -0.70719
    outer loop
      vertex -6.21747 2.92044 35.4487
      vertex -5.46334 3.53553 34.8336
      vertex -6.17923 2.91153 35.4576
    endloop
  endfacet
  facet normal -2.54241e-06 -0.707111 -0.707103
    outer loop
      vertex -6.25504 2.93184 35.4373
      vertex -5.46334 3.53553 34.8336
      vertex -6.21747 2.92044 35.4487
    endloop
  endfacet
  facet normal 0.000898096 -0.707701 -0.706511
    outer loop
      vertex -6.29179 2.94567 35.4234
      vertex -5.46334 3.53553 34.8336
      vertex -6.25504 2.93184 35.4373
    endloop
  endfacet
  facet normal 0.0307304 -0.671824 -0.740073
    outer loop
      vertex -6.33668 2.96675 35.4024
      vertex -6.29179 2.94567 35.4234
      vertex -6.32755 2.96188 35.4072
    endloop
  endfacet
  facet normal -0.000739572 -0.706551 -0.707662
    outer loop
      vertex -6.29179 2.94567 35.4234
      vertex -6.33668 2.96675 35.4024
      vertex -5.46334 3.53553 34.8336
    endloop
  endfacet
  facet normal 0 -0.707119 -0.707094
    outer loop
      vertex -6.33668 2.96675 35.4024
      vertex -6.7 3.53553 34.8336
      vertex -5.46334 3.53553 34.8336
    endloop
  endfacet
  facet normal 0.000180205 -0.707062 -0.707152
    outer loop
      vertex -6.46716 2.67878 35.6903
      vertex -6.7 3.53553 34.8336
      vertex -6.33668 2.96675 35.4024
    endloop
  endfacet
  facet normal -0.00020459 -0.707114 -0.7071
    outer loop
      vertex -6.58371 2.36912 36
      vertex -6.7 3.53553 34.8336
      vertex -6.46716 2.67878 35.6903
    endloop
  endfacet
  facet normal -4.58351e-05 -0.707106 -0.707108
    outer loop
      vertex -6.7 3.53553 34.8336
      vertex -6.58371 2.36912 36
      vertex -6.7 -1.20208 39.5712
    endloop
  endfacet
  facet normal 0.521776 0.0171856 0.85291
    outer loop
      vertex 3.37294 0.153283 38.2158
      vertex 3.1274 0 38.3691
      vertex 7 0 36
    endloop
  endfacet
  facet normal 0.521781 0.0170841 0.852909
    outer loop
      vertex 3.49427 0.229026 38.1401
      vertex 7 0 36
      vertex 6.98501 0.457822 36
    endloop
  endfacet
  facet normal 0.521764 0.0166485 0.852928
    outer loop
      vertex 7 0 36
      vertex 3.49427 0.229026 38.1401
      vertex 3.37294 0.153283 38.2158
    endloop
  endfacet
  facet normal -0.356873 -0.381035 0.852909
    outer loop
      vertex -1.8132 -2.06756 38.6
      vertex -4.94975 -4.94975 36
      vertex -4.61542 -5.26288 36
    endloop
  endfacet
  facet normal 0.381035 -0.356873 0.852909
    outer loop
      vertex 5.26288 -4.61542 36
      vertex 2.06756 -1.8132 38.6
      vertex 4.94975 -4.94975 36
    endloop
  endfacet
  facet normal 0.331229 0.403609 0.85287
    outer loop
      vertex 4.26133 5.55347 36
      vertex 4.34419 4.9536 36.2517
      vertex 4.61542 5.26288 36
    endloop
  endfacet
  facet normal 0.331141 0.403611 0.852903
    outer loop
      vertex 4.34419 4.9536 36.2517
      vertex 4.26133 5.55347 36
      vertex 3.91879 5.06573 36.3638
    endloop
  endfacet
  facet normal 0.519545 -0.0511706 0.852909
    outer loop
      vertex 2.8193 -0.184786 38.5539
      vertex 6.9711 -0.599053 36
      vertex 6.98501 -0.457822 36
    endloop
  endfacet
  facet normal 0.519545 -0.0511734 0.852909
    outer loop
      vertex 6.9711 -0.599053 36
      vertex 2.8193 -0.184786 38.5539
      vertex 6.94011 -0.913683 36
    endloop
  endfacet
  facet normal 0.519478 -0.0516026 0.852924
    outer loop
      vertex 6.94011 -0.913683 36
      vertex 2.8193 -0.184786 38.5539
      vertex 2.80833 -0.191089 38.5602
    endloop
  endfacet
  facet normal 0.381022 -0.356885 0.85291
    outer loop
      vertex 2.06756 -1.8132 38.6
      vertex 1.94454 -1.94454 38.6
      vertex 4.94975 -4.94975 36
    endloop
  endfacet
  facet normal -0.521776 0.0171856 0.85291
    outer loop
      vertex -3.37294 0.153283 38.2158
      vertex -7 0 36
      vertex -3.1274 0 38.3691
    endloop
  endfacet
  facet normal -0.183987 0.488581 0.8529
    outer loop
      vertex -2.25008 6.62851 36
      vertex -2.23889 5.40517 36.7032
      vertex -1.90506 5.45093 36.749
    endloop
  endfacet
  facet normal -0.183891 0.48859 0.852915
    outer loop
      vertex -2.23889 5.40517 36.7032
      vertex -2.25008 6.62851 36
      vertex -2.67878 6.46716 36
    endloop
  endfacet
  facet normal -0.40356 -0.331188 0.852909
    outer loop
      vertex -2.06756 -1.8132 38.6
      vertex -5.55347 -4.26133 36
      vertex -5.26288 -4.61542 36
    endloop
  endfacet
  facet normal -0.508421 -0.118552 0.852909
    outer loop
      vertex -2.6563 -0.711752 38.6
      vertex -6.8655 -1.36563 36
      vertex -6.76148 -1.81173 36
    endloop
  endfacet
  facet normal -0.488599 -0.183894 0.852909
    outer loop
      vertex -2.54067 -1.05238 38.6
      vertex -6.62851 -2.25008 36
      vertex -6.46716 -2.67878 36
    endloop
  endfacet
  facet normal 0.331183 -0.403564 0.852909
    outer loop
      vertex 1.8132 -2.06756 38.6
      vertex 1.67409 -2.18172 38.6
      vertex 4.26133 -5.55347 36
    endloop
  endfacet
  facet normal 0.443333 -0.275684 0.852909
    outer loop
      vertex 2.38157 -1.375 38.6
      vertex 2.28654 -1.52782 38.6
      vertex 6.06218 -3.5 36
    endloop
  endfacet
  facet normal 0.515087 -0.0850336 0.852909
    outer loop
      vertex 6.94011 -0.913683 36
      vertex 2.72647 -0.358947 38.6
      vertex 6.8655 -1.36563 36
    endloop
  endfacet
  facet normal 0.118552 -0.508421 0.852909
    outer loop
      vertex 1.81173 -6.76148 36
      vertex 0.711752 -2.6563 38.6
      vertex 1.36563 -6.8655 36
    endloop
  endfacet
  facet normal 0.183894 -0.488599 0.852909
    outer loop
      vertex 2.67878 -6.46716 36
      vertex 1.05238 -2.54067 38.6
      vertex 2.25008 -6.62851 36
    endloop
  endfacet
  facet normal 0.519537 0.0511726 0.852914
    outer loop
      vertex 3.66764 0.34137 38.0277
      vertex 6.9711 0.599053 36
      vertex 6.94011 0.913683 36
    endloop
  endfacet
  facet normal 0.519537 0.0511698 0.852914
    outer loop
      vertex 6.9711 0.599053 36
      vertex 3.66764 0.34137 38.0277
      vertex 6.98501 0.457822 36
    endloop
  endfacet
  facet normal 0.519514 0.0516101 0.852902
    outer loop
      vertex 6.98501 0.457822 36
      vertex 3.66764 0.34137 38.0277
      vertex 3.49427 0.229026 38.1401
    endloop
  endfacet
  facet normal 0.329839 0.404564 0.852956
    outer loop
      vertex 4.26133 5.55347 36
      vertex 3.89241 5.07269 36.3707
      vertex 3.91879 5.06573 36.3638
    endloop
  endfacet
  facet normal 0.508411 0.118549 0.852915
    outer loop
      vertex 5.23605 1.40299 36.9661
      vertex 6.8655 1.36563 36
      vertex 6.76148 1.81173 36
    endloop
  endfacet
  facet normal 0.508403 0.118722 0.852896
    outer loop
      vertex 6.8655 1.36563 36
      vertex 5.23605 1.40299 36.9661
      vertex 4.69508 1.02847 37.3407
    endloop
  endfacet
  facet normal -0.519478 -0.0516026 0.852924
    outer loop
      vertex -2.8193 -0.184786 38.5539
      vertex -6.94011 -0.913683 36
      vertex -2.80833 -0.191089 38.5602
    endloop
  endfacet
  facet normal -0.519545 -0.0511734 0.852909
    outer loop
      vertex -2.8193 -0.184786 38.5539
      vertex -6.9711 -0.599053 36
      vertex -6.94011 -0.913683 36
    endloop
  endfacet
  facet normal -0.519545 -0.0511706 0.852909
    outer loop
      vertex -6.9711 -0.599053 36
      vertex -2.8193 -0.184786 38.5539
      vertex -6.98501 -0.457822 36
    endloop
  endfacet
  facet normal -0.215461 -0.475523 0.852909
    outer loop
      vertex -1.05238 -2.54067 38.6
      vertex -2.96675 -6.33668 36
      vertex -2.67878 -6.46716 36
    endloop
  endfacet
  facet normal -0.215453 -0.475527 0.852909
    outer loop
      vertex -2.96675 -6.33668 36
      vertex -1.05238 -2.54067 38.6
      vertex -3.09602 -6.27811 36
    endloop
  endfacet
  facet normal -0.0850336 -0.515087 0.852909
    outer loop
      vertex -0.358947 -2.72647 38.6
      vertex -1.36563 -6.8655 36
      vertex -0.913683 -6.94011 36
    endloop
  endfacet
  facet normal -0.515088 -0.0850304 0.852909
    outer loop
      vertex -2.72647 -0.358947 38.6
      vertex -6.8655 -1.36563 36
      vertex -2.69716 -0.536498 38.6
    endloop
  endfacet
  facet normal -0.499581 -0.151544 0.852909
    outer loop
      vertex -2.6563 -0.711752 38.6
      vertex -6.76148 -1.81173 36
      vertex -6.62851 -2.25008 36
    endloop
  endfacet
  facet normal 0.0511744 -0.519545 0.852909
    outer loop
      vertex 0.358947 -2.72647 38.6
      vertex 0.179858 -2.74411 38.6
      vertex 0.913683 -6.94011 36
    endloop
  endfacet
  facet normal 0.331188 -0.40356 0.852909
    outer loop
      vertex 4.61542 -5.26288 36
      vertex 1.8132 -2.06756 38.6
      vertex 4.26133 -5.55347 36
    endloop
  endfacet
  facet normal 0.488598 -0.183897 0.852909
    outer loop
      vertex 2.60406 -0.883958 38.6
      vertex 2.54067 -1.05238 38.6
      vertex 6.62851 -2.25008 36
    endloop
  endfacet
  facet normal 0.515088 -0.0850304 0.852909
    outer loop
      vertex 2.72647 -0.358947 38.6
      vertex 2.69716 -0.536498 38.6
      vertex 6.8655 -1.36563 36
    endloop
  endfacet
  facet normal 0.0850336 -0.515087 0.852909
    outer loop
      vertex 1.36563 -6.8655 36
      vertex 0.358947 -2.72647 38.6
      vertex 0.913683 -6.94011 36
    endloop
  endfacet
  facet normal 0.151544 -0.499581 0.852909
    outer loop
      vertex 2.25008 -6.62851 36
      vertex 0.711752 -2.6563 38.6
      vertex 1.81173 -6.76148 36
    endloop
  endfacet
  facet normal 0.521781 -0.0170842 0.852908
    outer loop
      vertex 2.83383 -0.176066 38.5452
      vertex 6.98501 -0.457822 36
      vertex 7 0 36
    endloop
  endfacet
  facet normal 0.521708 -0.0183423 0.852927
    outer loop
      vertex 6.98501 -0.457822 36
      vertex 2.83383 -0.176066 38.5452
      vertex 2.8193 -0.184786 38.5539
    endloop
  endfacet
  facet normal 0.521778 -0.0169271 0.852913
    outer loop
      vertex 3.1274 0 38.3691
      vertex 2.83383 -0.176066 38.5452
      vertex 7 0 36
    endloop
  endfacet
  facet normal -0.515085 0.0850332 0.852911
    outer loop
      vertex -6.94011 0.913683 36
      vertex -4.25869 0.73161 37.6375
      vertex -6.8655 1.36563 36
    endloop
  endfacet
  facet normal -0.515077 0.0851165 0.852907
    outer loop
      vertex -4.25869 0.73161 37.6375
      vertex -6.94011 0.913683 36
      vertex -3.94163 0.518925 37.8502
    endloop
  endfacet
  facet normal -0.275768 0.443282 0.852909
    outer loop
      vertex -3.5 6.06218 36
      vertex -3.45849 5.17599 36.474
      vertex -3.07924 5.25665 36.5547
    endloop
  endfacet
  facet normal -0.275662 0.4433 0.852934
    outer loop
      vertex -3.45849 5.17599 36.474
      vertex -3.5 6.06218 36
      vertex -3.88899 5.82029 36
    endloop
  endfacet
  facet normal -0.215587 0.475431 0.852929
    outer loop
      vertex -2.58775 5.34858 36.6466
      vertex -3.09602 6.27811 36
      vertex -2.63394 5.34109 36.6391
    endloop
  endfacet
  facet normal -0.30604 0.422834 0.852966
    outer loop
      vertex -3.86459 5.07931 36.3774
      vertex -4.26133 5.55347 36
      vertex -3.89241 5.07269 36.3707
    endloop
  endfacet
  facet normal -0.0847823 0.515131 0.852908
    outer loop
      vertex -1.04244 5.53667 36.8347
      vertex -1.36563 6.8655 36
      vertex -1.10059 5.53306 36.8311
    endloop
  endfacet
  facet normal -0.0511698 0.519537 0.852914
    outer loop
      vertex -0.599053 6.9711 36
      vertex -0.365055 5.56966 36.8677
      vertex -0.457822 6.98501 36
    endloop
  endfacet
  facet normal -0.0510401 0.519556 0.85291
    outer loop
      vertex -0.599053 6.9711 36
      vertex -0.672008 5.55822 36.8563
      vertex -0.365055 5.56966 36.8677
    endloop
  endfacet
  facet normal -0.0511747 0.519558 0.852901
    outer loop
      vertex -0.672008 5.55822 36.8563
      vertex -0.599053 6.9711 36
      vertex -0.913683 6.94011 36
    endloop
  endfacet
  facet normal 0.356817 0.380974 0.85296
    outer loop
      vertex 4.61542 5.26288 36
      vertex 4.80797 4.81947 36.1175
      vertex 4.94975 4.94975 36
    endloop
  endfacet
  facet normal 0.356983 0.381022 0.852869
    outer loop
      vertex 4.80797 4.81947 36.1175
      vertex 4.61542 5.26288 36
      vertex 4.34419 4.9536 36.2517
    endloop
  endfacet
  facet normal 0.304075 0.424315 0.852933
    outer loop
      vertex 3.45849 5.17599 36.474
      vertex 4.00435 5.73762 36
      vertex 3.88899 5.82029 36
    endloop
  endfacet
  facet normal 0.304111 0.424385 0.852886
    outer loop
      vertex 4.00435 5.73762 36
      vertex 3.86459 5.07931 36.3774
      vertex 4.26133 5.55347 36
    endloop
  endfacet
  facet normal 0.303933 0.424442 0.852921
    outer loop
      vertex 4.00435 5.73762 36
      vertex 3.45849 5.17599 36.474
      vertex 3.86459 5.07931 36.3774
    endloop
  endfacet
  facet normal 0.0178089 0.521793 0.852886
    outer loop
      vertex 0 7 36
      vertex 0 5.5742 36.8723
      vertex 0.0602874 5.57345 36.8715
    endloop
  endfacet
  facet normal 0.0511747 0.519558 0.852901
    outer loop
      vertex 0.599053 6.9711 36
      vertex 0.672008 5.55822 36.8563
      vertex 0.913683 6.94011 36
    endloop
  endfacet
  facet normal 0.0511698 0.519537 0.852914
    outer loop
      vertex 0.365055 5.56966 36.8677
      vertex 0.599053 6.9711 36
      vertex 0.457822 6.98501 36
    endloop
  endfacet
  facet normal 0.0510401 0.519556 0.85291
    outer loop
      vertex 0.599053 6.9711 36
      vertex 0.365055 5.56966 36.8677
      vertex 0.672008 5.55822 36.8563
    endloop
  endfacet
  facet normal 0.381004 0.356849 0.852933
    outer loop
      vertex 4.94975 4.94975 36
      vertex 4.82525 4.81426 36.1123
      vertex 5.18184 4.70195 36
    endloop
  endfacet
  facet normal 0.519586 0.0508521 0.852904
    outer loop
      vertex 3.94163 0.518925 37.8502
      vertex 3.66764 0.34137 38.0277
      vertex 6.94011 0.913683 36
    endloop
  endfacet
  facet normal 0.515085 0.0850332 0.852911
    outer loop
      vertex 4.25869 0.73161 37.6375
      vertex 6.94011 0.913683 36
      vertex 6.8655 1.36563 36
    endloop
  endfacet
  facet normal 0.515077 0.0851165 0.852907
    outer loop
      vertex 6.94011 0.913683 36
      vertex 4.25869 0.73161 37.6375
      vertex 3.94163 0.518925 37.8502
    endloop
  endfacet
  facet normal -0.521708 -0.0183423 0.852927
    outer loop
      vertex -2.83383 -0.176066 38.5452
      vertex -6.98501 -0.457822 36
      vertex -2.8193 -0.184786 38.5539
    endloop
  endfacet
  facet normal -0.521781 -0.0170842 0.852908
    outer loop
      vertex -6.98501 -0.457822 36
      vertex -2.83383 -0.176066 38.5452
      vertex -7 0 36
    endloop
  endfacet
  facet normal -0.381035 -0.356873 0.852909
    outer loop
      vertex -2.06756 -1.8132 38.6
      vertex -5.26288 -4.61542 36
      vertex -4.94975 -4.94975 36
    endloop
  endfacet
  facet normal -0.381022 -0.356885 0.85291
    outer loop
      vertex -2.06756 -1.8132 38.6
      vertex -4.94975 -4.94975 36
      vertex -1.94454 -1.94454 38.6
    endloop
  endfacet
  facet normal -0.356885 -0.381022 0.85291
    outer loop
      vertex -1.94454 -1.94454 38.6
      vertex -4.94975 -4.94975 36
      vertex -1.8132 -2.06756 38.6
    endloop
  endfacet
  facet normal -0.331188 -0.40356 0.852909
    outer loop
      vertex -1.8132 -2.06756 38.6
      vertex -4.61542 -5.26288 36
      vertex -4.26133 -5.55347 36
    endloop
  endfacet
  facet normal -0.0170873 -0.52178 0.852909
    outer loop
      vertex 0 -2.75 38.6
      vertex -0.179858 -2.74411 38.6
      vertex 0 -7 36
    endloop
  endfacet
  facet normal -0.118538 -0.508423 0.852909
    outer loop
      vertex -0.711752 -2.6563 38.6
      vertex -1.36563 -6.8655 36
      vertex -0.536498 -2.69716 38.6
    endloop
  endfacet
  facet normal -0.460416 -0.246095 0.852909
    outer loop
      vertex -2.38157 -1.375 38.6
      vertex -6.27811 -3.09602 36
      vertex -6.06218 -3.5 36
    endloop
  endfacet
  facet normal -0.443333 -0.275684 0.852909
    outer loop
      vertex -2.38157 -1.375 38.6
      vertex -6.06218 -3.5 36
      vertex -2.28654 -1.52782 38.6
    endloop
  endfacet
  facet normal -0.443333 -0.275683 0.852909
    outer loop
      vertex -2.28654 -1.52782 38.6
      vertex -6.06218 -3.5 36
      vertex -5.82029 -3.88899 36
    endloop
  endfacet
  facet normal -0.488598 -0.183897 0.852909
    outer loop
      vertex -2.60406 -0.883958 38.6
      vertex -6.62851 -2.25008 36
      vertex -2.54067 -1.05238 38.6
    endloop
  endfacet
  facet normal -0.519651 -0.0512072 0.852842
    outer loop
      vertex -2.80833 -0.191089 38.5602
      vertex -2.72647 -0.358947 38.6
      vertex -2.73909 -0.230879 38.6
    endloop
  endfacet
  facet normal -0.519549 -0.0511415 0.852909
    outer loop
      vertex -2.72647 -0.358947 38.6
      vertex -2.80833 -0.191089 38.5602
      vertex -6.94011 -0.913683 36
    endloop
  endfacet
  facet normal -0.515087 -0.0850336 0.852909
    outer loop
      vertex -2.72647 -0.358947 38.6
      vertex -6.94011 -0.913683 36
      vertex -6.8655 -1.36563 36
    endloop
  endfacet
  facet normal -0.499578 -0.151551 0.852909
    outer loop
      vertex -2.6563 -0.711752 38.6
      vertex -6.62851 -2.25008 36
      vertex -2.60406 -0.883958 38.6
    endloop
  endfacet
  facet normal -0.508423 -0.118538 0.852909
    outer loop
      vertex -2.69716 -0.536498 38.6
      vertex -6.8655 -1.36563 36
      vertex -2.6563 -0.711752 38.6
    endloop
  endfacet
  facet normal 0.0170873 -0.52178 0.852909
    outer loop
      vertex 0 -2.75 38.6
      vertex 0 -7 36
      vertex 0.179858 -2.74411 38.6
    endloop
  endfacet
  facet normal 0.443333 -0.275683 0.852909
    outer loop
      vertex 6.06218 -3.5 36
      vertex 2.28654 -1.52782 38.6
      vertex 5.82029 -3.88899 36
    endloop
  endfacet
  facet normal 0.460416 -0.246095 0.852909
    outer loop
      vertex 6.27811 -3.09602 36
      vertex 2.38157 -1.375 38.6
      vertex 6.06218 -3.5 36
    endloop
  endfacet
  facet normal 0.488599 -0.183894 0.852909
    outer loop
      vertex 6.62851 -2.25008 36
      vertex 2.54067 -1.05238 38.6
      vertex 6.46716 -2.67878 36
    endloop
  endfacet
  facet normal 0.499578 -0.151551 0.852909
    outer loop
      vertex 2.6563 -0.711752 38.6
      vertex 2.60406 -0.883958 38.6
      vertex 6.62851 -2.25008 36
    endloop
  endfacet
  facet normal 0.499581 -0.151544 0.852909
    outer loop
      vertex 6.76148 -1.81173 36
      vertex 2.6563 -0.711752 38.6
      vertex 6.62851 -2.25008 36
    endloop
  endfacet
  facet normal 0.508421 -0.118552 0.852909
    outer loop
      vertex 6.8655 -1.36563 36
      vertex 2.6563 -0.711752 38.6
      vertex 6.76148 -1.81173 36
    endloop
  endfacet
  facet normal 0.246095 -0.460416 0.852909
    outer loop
      vertex 3.5 -6.06218 36
      vertex 1.375 -2.38157 38.6
      vertex 3.09602 -6.27811 36
    endloop
  endfacet
  facet normal 0.183897 -0.488598 0.852909
    outer loop
      vertex 1.05238 -2.54067 38.6
      vertex 0.883958 -2.60406 38.6
      vertex 2.25008 -6.62851 36
    endloop
  endfacet
  facet normal 0.151551 -0.499578 0.852909
    outer loop
      vertex 0.883958 -2.60406 38.6
      vertex 0.711752 -2.6563 38.6
      vertex 2.25008 -6.62851 36
    endloop
  endfacet
  facet normal 0.118538 -0.508423 0.852909
    outer loop
      vertex 0.711752 -2.6563 38.6
      vertex 0.536498 -2.69716 38.6
      vertex 1.36563 -6.8655 36
    endloop
  endfacet
  facet normal 0.519651 -0.0512072 0.852842
    outer loop
      vertex 2.72647 -0.358947 38.6
      vertex 2.80833 -0.191089 38.5602
      vertex 2.73909 -0.230879 38.6
    endloop
  endfacet
  facet normal 0.519549 -0.0511415 0.852909
    outer loop
      vertex 2.80833 -0.191089 38.5602
      vertex 2.72647 -0.358947 38.6
      vertex 6.94011 -0.913683 36
    endloop
  endfacet
  facet normal -0.519537 0.0511726 0.852914
    outer loop
      vertex -6.9711 0.599053 36
      vertex -3.66764 0.34137 38.0277
      vertex -6.94011 0.913683 36
    endloop
  endfacet
  facet normal -0.519537 0.0511698 0.852914
    outer loop
      vertex -6.98501 0.457822 36
      vertex -3.66764 0.34137 38.0277
      vertex -6.9711 0.599053 36
    endloop
  endfacet
  facet normal -0.519514 0.0516101 0.852902
    outer loop
      vertex -3.66764 0.34137 38.0277
      vertex -6.98501 0.457822 36
      vertex -3.49427 0.229026 38.1401
    endloop
  endfacet
  facet normal -0.519586 0.0508521 0.852904
    outer loop
      vertex -3.94163 0.518925 37.8502
      vertex -6.94011 0.913683 36
      vertex -3.66764 0.34137 38.0277
    endloop
  endfacet
  facet normal -0.521778 -0.0169271 0.852913
    outer loop
      vertex -3.1274 0 38.3691
      vertex -7 0 36
      vertex -2.83383 -0.176066 38.5452
    endloop
  endfacet
  facet normal 0 0 1
    outer loop
      vertex 2.73909 -0.230879 38.6
      vertex 2.69716 -0.536498 38.6
      vertex 2.72647 -0.358947 38.6
    endloop
  endfacet
  facet normal 0 0 1
    outer loop
      vertex 2.73909 -0.230879 38.6
      vertex 2.6563 -0.711752 38.6
      vertex 2.69716 -0.536498 38.6
    endloop
  endfacet
  facet normal 0 0 1
    outer loop
      vertex 2.73909 -0.230879 38.6
      vertex 2.60406 -0.883958 38.6
      vertex 2.6563 -0.711752 38.6
    endloop
  endfacet
  facet normal 0 0 1
    outer loop
      vertex 2.73909 -0.230879 38.6
      vertex 2.54067 -1.05238 38.6
      vertex 2.60406 -0.883958 38.6
    endloop
  endfacet
  facet normal 0 0 1
    outer loop
      vertex 2.73909 -0.230879 38.6
      vertex 2.4664 -1.21629 38.6
      vertex 2.54067 -1.05238 38.6
    endloop
  endfacet
  facet normal 0 0 1
    outer loop
      vertex 2.73909 -0.230879 38.6
      vertex 2.38157 -1.375 38.6
      vertex 2.4664 -1.21629 38.6
    endloop
  endfacet
  facet normal 0 0 1
    outer loop
      vertex 2.73909 -0.230879 38.6
      vertex 2.28654 -1.52782 38.6
      vertex 2.38157 -1.375 38.6
    endloop
  endfacet
  facet normal 0 0 1
    outer loop
      vertex 2.73909 -0.230879 38.6
      vertex 2.18172 -1.67409 38.6
      vertex 2.28654 -1.52782 38.6
    endloop
  endfacet
  facet normal 0 0 1
    outer loop
      vertex 2.73909 -0.230879 38.6
      vertex 2.06756 -1.8132 38.6
      vertex 2.18172 -1.67409 38.6
    endloop
  endfacet
  facet normal 0 0 1
    outer loop
      vertex 2.73909 -0.230879 38.6
      vertex 1.94454 -1.94454 38.6
      vertex 2.06756 -1.8132 38.6
    endloop
  endfacet
  facet normal 0 0 1
    outer loop
      vertex 2.73909 -0.230879 38.6
      vertex 1.8132 -2.06756 38.6
      vertex 1.94454 -1.94454 38.6
    endloop
  endfacet
  facet normal 0 0 1
    outer loop
      vertex 2.73909 -0.230879 38.6
      vertex 1.67409 -2.18172 38.6
      vertex 1.8132 -2.06756 38.6
    endloop
  endfacet
  facet normal 0 0 1
    outer loop
      vertex 2.73909 -0.230879 38.6
      vertex 1.52782 -2.28654 38.6
      vertex 1.67409 -2.18172 38.6
    endloop
  endfacet
  facet normal 0 0 1
    outer loop
      vertex 2.73909 -0.230879 38.6
      vertex 1.375 -2.38157 38.6
      vertex 1.52782 -2.28654 38.6
    endloop
  endfacet
  facet normal 0 0 1
    outer loop
      vertex 2.73909 -0.230879 38.6
      vertex 1.21629 -2.4664 38.6
      vertex 1.375 -2.38157 38.6
    endloop
  endfacet
  facet normal 0 0 1
    outer loop
      vertex 2.73909 -0.230879 38.6
      vertex 1.05238 -2.54067 38.6
      vertex 1.21629 -2.4664 38.6
    endloop
  endfacet
  facet normal 0 0 1
    outer loop
      vertex 2.73909 -0.230879 38.6
      vertex 0.883958 -2.60406 38.6
      vertex 1.05238 -2.54067 38.6
    endloop
  endfacet
  facet normal 0 0 1
    outer loop
      vertex 2.73909 -0.230879 38.6
      vertex 0.711752 -2.6563 38.6
      vertex 0.883958 -2.60406 38.6
    endloop
  endfacet
  facet normal 0 0 1
    outer loop
      vertex 2.73909 -0.230879 38.6
      vertex 0.536498 -2.69716 38.6
      vertex 0.711752 -2.6563 38.6
    endloop
  endfacet
  facet normal 0 0 1
    outer loop
      vertex 2.73909 -0.230879 38.6
      vertex 0.358947 -2.72647 38.6
      vertex 0.536498 -2.69716 38.6
    endloop
  endfacet
  facet normal 0 0 1
    outer loop
      vertex 2.73909 -0.230879 38.6
      vertex 0.179858 -2.74411 38.6
      vertex 0.358947 -2.72647 38.6
    endloop
  endfacet
  facet normal 0 0 1
    outer loop
      vertex 2.73909 -0.230879 38.6
      vertex 0 -2.75 38.6
      vertex 0.179858 -2.74411 38.6
    endloop
  endfacet
  facet normal 0 0 1
    outer loop
      vertex 2.73909 -0.230879 38.6
      vertex -0.179858 -2.74411 38.6
      vertex 0 -2.75 38.6
    endloop
  endfacet
  facet normal 0 0 1
    outer loop
      vertex 2.73909 -0.230879 38.6
      vertex -0.358947 -2.72647 38.6
      vertex -0.179858 -2.74411 38.6
    endloop
  endfacet
  facet normal 0 0 1
    outer loop
      vertex 2.73909 -0.230879 38.6
      vertex -0.536498 -2.69716 38.6
      vertex -0.358947 -2.72647 38.6
    endloop
  endfacet
  facet normal 0 0 1
    outer loop
      vertex 2.73909 -0.230879 38.6
      vertex -0.711752 -2.6563 38.6
      vertex -0.536498 -2.69716 38.6
    endloop
  endfacet
  facet normal 0 0 1
    outer loop
      vertex 2.73909 -0.230879 38.6
      vertex -0.883958 -2.60406 38.6
      vertex -0.711752 -2.6563 38.6
    endloop
  endfacet
  facet normal 0 0 1
    outer loop
      vertex 2.73909 -0.230879 38.6
      vertex -1.05238 -2.54067 38.6
      vertex -0.883958 -2.60406 38.6
    endloop
  endfacet
  facet normal 0 0 1
    outer loop
      vertex 2.73909 -0.230879 38.6
      vertex -1.21629 -2.4664 38.6
      vertex -1.05238 -2.54067 38.6
    endloop
  endfacet
  facet normal 0 0 1
    outer loop
      vertex 2.73909 -0.230879 38.6
      vertex -1.375 -2.38157 38.6
      vertex -1.21629 -2.4664 38.6
    endloop
  endfacet
  facet normal 0 0 1
    outer loop
      vertex 2.73909 -0.230879 38.6
      vertex -1.52782 -2.28654 38.6
      vertex -1.375 -2.38157 38.6
    endloop
  endfacet
  facet normal 0 0 1
    outer loop
      vertex 2.73909 -0.230879 38.6
      vertex -1.67409 -2.18172 38.6
      vertex -1.52782 -2.28654 38.6
    endloop
  endfacet
  facet normal 0 0 1
    outer loop
      vertex 2.73909 -0.230879 38.6
      vertex -1.8132 -2.06756 38.6
      vertex -1.67409 -2.18172 38.6
    endloop
  endfacet
  facet normal 0 0 1
    outer loop
      vertex 2.73909 -0.230879 38.6
      vertex -1.94454 -1.94454 38.6
      vertex -1.8132 -2.06756 38.6
    endloop
  endfacet
  facet normal 0 0 1
    outer loop
      vertex 2.73909 -0.230879 38.6
      vertex -2.06756 -1.8132 38.6
      vertex -1.94454 -1.94454 38.6
    endloop
  endfacet
  facet normal 0 0 1
    outer loop
      vertex 2.73909 -0.230879 38.6
      vertex -2.18172 -1.67409 38.6
      vertex -2.06756 -1.8132 38.6
    endloop
  endfacet
  facet normal 0 0 1
    outer loop
      vertex 2.73909 -0.230879 38.6
      vertex -2.28654 -1.52782 38.6
      vertex -2.18172 -1.67409 38.6
    endloop
  endfacet
  facet normal 0 0 1
    outer loop
      vertex 2.73909 -0.230879 38.6
      vertex -2.38157 -1.375 38.6
      vertex -2.28654 -1.52782 38.6
    endloop
  endfacet
  facet normal 0 0 1
    outer loop
      vertex 2.73909 -0.230879 38.6
      vertex -2.4664 -1.21629 38.6
      vertex -2.38157 -1.375 38.6
    endloop
  endfacet
  facet normal 0 0 1
    outer loop
      vertex 2.73909 -0.230879 38.6
      vertex -2.54067 -1.05238 38.6
      vertex -2.4664 -1.21629 38.6
    endloop
  endfacet
  facet normal 0 0 1
    outer loop
      vertex 2.73909 -0.230879 38.6
      vertex -2.60406 -0.883958 38.6
      vertex -2.54067 -1.05238 38.6
    endloop
  endfacet
  facet normal 0 0 1
    outer loop
      vertex 2.73909 -0.230879 38.6
      vertex -2.6563 -0.711752 38.6
      vertex -2.60406 -0.883958 38.6
    endloop
  endfacet
  facet normal 0 0 1
    outer loop
      vertex 2.73909 -0.230879 38.6
      vertex -2.69716 -0.536498 38.6
      vertex -2.6563 -0.711752 38.6
    endloop
  endfacet
  facet normal 0 0 1
    outer loop
      vertex 2.73909 -0.230879 38.6
      vertex -2.72647 -0.358947 38.6
      vertex -2.69716 -0.536498 38.6
    endloop
  endfacet
  facet normal 0 -0 1
    outer loop
      vertex -2.72647 -0.358947 38.6
      vertex 2.73909 -0.230879 38.6
      vertex -2.73909 -0.230879 38.6
    endloop
  endfacet
  facet normal -0.499534 0.15153 0.852938
    outer loop
      vertex -6.76148 1.81173 36
      vertex -6.18311 2.07758 36.2915
      vertex -6.62851 2.25008 36
    endloop
  endfacet
  facet normal -0.499555 0.1516 0.852914
    outer loop
      vertex -6.18311 2.07758 36.2915
      vertex -6.76148 1.81173 36
      vertex -5.23605 1.40299 36.9661
    endloop
  endfacet
  facet normal -0.331141 0.403611 0.852903
    outer loop
      vertex -4.26133 5.55347 36
      vertex -4.34419 4.9536 36.2517
      vertex -3.91879 5.06573 36.3638
    endloop
  endfacet
  facet normal -0.331229 0.403609 0.85287
    outer loop
      vertex -4.34419 4.9536 36.2517
      vertex -4.26133 5.55347 36
      vertex -4.61542 5.26288 36
    endloop
  endfacet
  facet normal -0.246084 0.460421 0.85291
    outer loop
      vertex -3.09602 6.27811 36
      vertex -3.03978 5.26505 36.5631
      vertex -2.67847 5.33275 36.6308
    endloop
  endfacet
  facet normal -0.246097 0.460419 0.852907
    outer loop
      vertex -3.03978 5.26505 36.5631
      vertex -3.09602 6.27811 36
      vertex -3.5 6.06218 36
    endloop
  endfacet
  facet normal -0.215511 0.475492 0.852914
    outer loop
      vertex -2.67878 6.46716 36
      vertex -2.58775 5.34858 36.6466
      vertex -2.23889 5.40517 36.7032
    endloop
  endfacet
  facet normal -0.215451 0.475503 0.852923
    outer loop
      vertex -2.96675 6.33668 36
      vertex -2.58775 5.34858 36.6466
      vertex -2.67878 6.46716 36
    endloop
  endfacet
  facet normal -0.215443 0.475506 0.852923
    outer loop
      vertex -2.58775 5.34858 36.6466
      vertex -2.96675 6.33668 36
      vertex -3.09602 6.27811 36
    endloop
  endfacet
  facet normal -0.275908 0.443205 0.852904
    outer loop
      vertex -3.03978 5.26505 36.5631
      vertex -3.5 6.06218 36
      vertex -3.07924 5.25665 36.5547
    endloop
  endfacet
  facet normal -0.304075 0.424315 0.852933
    outer loop
      vertex -4.00435 5.73762 36
      vertex -3.45849 5.17599 36.474
      vertex -3.88899 5.82029 36
    endloop
  endfacet
  facet normal -0.303933 0.424442 0.852921
    outer loop
      vertex -3.45849 5.17599 36.474
      vertex -4.00435 5.73762 36
      vertex -3.86459 5.07931 36.3774
    endloop
  endfacet
  facet normal -0.304111 0.424385 0.852886
    outer loop
      vertex -3.86459 5.07931 36.3774
      vertex -4.00435 5.73762 36
      vertex -4.26133 5.55347 36
    endloop
  endfacet
  facet normal -0.118503 0.508419 0.852917
    outer loop
      vertex -1.36563 6.8655 36
      vertex -1.47387 5.50055 36.7986
      vertex -1.15787 5.52807 36.8261
    endloop
  endfacet
  facet normal -0.118551 0.508419 0.85291
    outer loop
      vertex -1.47387 5.50055 36.7986
      vertex -1.36563 6.8655 36
      vertex -1.81173 6.76148 36
    endloop
  endfacet
  facet normal -0.118739 0.508377 0.852909
    outer loop
      vertex -1.10059 5.53306 36.8311
      vertex -1.36563 6.8655 36
      vertex -1.15787 5.52807 36.8261
    endloop
  endfacet
  facet normal -0.017084 0.521777 0.852911
    outer loop
      vertex -0.457822 6.98501 36
      vertex -0.0602874 5.57345 36.8715
      vertex 0 7 36
    endloop
  endfacet
  facet normal -0.0171232 0.521769 0.852915
    outer loop
      vertex -0.0602874 5.57345 36.8715
      vertex -0.457822 6.98501 36
      vertex -0.365055 5.56966 36.8677
    endloop
  endfacet
  facet normal 0.275662 0.4433 0.852934
    outer loop
      vertex 3.5 6.06218 36
      vertex 3.45849 5.17599 36.474
      vertex 3.88899 5.82029 36
    endloop
  endfacet
  facet normal 0.275768 0.443282 0.852909
    outer loop
      vertex 3.45849 5.17599 36.474
      vertex 3.5 6.06218 36
      vertex 3.07924 5.25665 36.5547
    endloop
  endfacet
  facet normal 0.246097 0.460419 0.852907
    outer loop
      vertex 3.09602 6.27811 36
      vertex 3.03978 5.26505 36.5631
      vertex 3.5 6.06218 36
    endloop
  endfacet
  facet normal 0.246084 0.460421 0.85291
    outer loop
      vertex 3.03978 5.26505 36.5631
      vertex 3.09602 6.27811 36
      vertex 2.67847 5.33275 36.6308
    endloop
  endfacet
  facet normal 0.245282 0.460794 0.852939
    outer loop
      vertex 3.09602 6.27811 36
      vertex 2.63394 5.34109 36.6391
      vertex 2.67847 5.33275 36.6308
    endloop
  endfacet
  facet normal 0.15155 0.499601 0.852896
    outer loop
      vertex 1.81173 6.76148 36
      vertex 1.79913 5.46411 36.7622
      vertex 2.25008 6.62851 36
    endloop
  endfacet
  facet normal 0.151423 0.499612 0.852912
    outer loop
      vertex 1.79913 5.46411 36.7622
      vertex 1.81173 6.76148 36
      vertex 1.47387 5.50055 36.7986
    endloop
  endfacet
  facet normal 0.0850316 0.515076 0.852917
    outer loop
      vertex 0.913683 6.94011 36
      vertex 1.04244 5.53667 36.8347
      vertex 1.36563 6.8655 36
    endloop
  endfacet
  facet normal 0.0852233 0.51508 0.852895
    outer loop
      vertex 1.04244 5.53667 36.8347
      vertex 0.913683 6.94011 36
      vertex 0.731461 5.556 36.8541
    endloop
  endfacet
  facet normal 0.0509622 0.519591 0.852894
    outer loop
      vertex 0.913683 6.94011 36
      vertex 0.672008 5.55822 36.8563
      vertex 0.731461 5.556 36.8541
    endloop
  endfacet
  facet normal -0.0178089 0.521793 0.852886
    outer loop
      vertex 0 7 36
      vertex -0.0602874 5.57345 36.8715
      vertex 0 5.5742 36.8723
    endloop
  endfacet
  facet normal 0.378359 0.359375 0.85305
    outer loop
      vertex 4.94975 4.94975 36
      vertex 4.81689 4.81689 36.1149
      vertex 4.82525 4.81426 36.1123
    endloop
  endfacet
  facet normal 0.358365 0.379354 0.853033
    outer loop
      vertex 4.94975 4.94975 36
      vertex 4.80797 4.81947 36.1175
      vertex 4.81689 4.81689 36.1149
    endloop
  endfacet
  facet normal 0.488565 0.183869 0.852934
    outer loop
      vertex 6.58371 2.36912 36
      vertex 6.28148 2.1484 36.2207
      vertex 6.62851 2.25008 36
    endloop
  endfacet
  facet normal 0.49923 0.152366 0.852968
    outer loop
      vertex 6.24023 2.11827 36.2508
      vertex 6.18311 2.07758 36.2915
      vertex 6.62851 2.25008 36
    endloop
  endfacet
  facet normal 0.499534 0.15153 0.852938
    outer loop
      vertex 6.18311 2.07758 36.2915
      vertex 6.76148 1.81173 36
      vertex 6.62851 2.25008 36
    endloop
  endfacet
  facet normal 0.499555 0.1516 0.852914
    outer loop
      vertex 6.76148 1.81173 36
      vertex 6.18311 2.07758 36.2915
      vertex 5.23605 1.40299 36.9661
    endloop
  endfacet
  facet normal 0.515042 0.0852256 0.852917
    outer loop
      vertex 4.50344 0.895791 37.4733
      vertex 4.25869 0.73161 37.6375
      vertex 6.8655 1.36563 36
    endloop
  endfacet
  facet normal 0.508554 0.117867 0.852924
    outer loop
      vertex 4.69508 1.02847 37.3407
      vertex 4.50344 0.895791 37.4733
      vertex 6.8655 1.36563 36
    endloop
  endfacet
  facet normal -0.424354 -0.304089 0.852909
    outer loop
      vertex -2.28654 -1.52782 38.6
      vertex -5.73762 -4.00435 36
      vertex -5.55347 -4.26133 36
    endloop
  endfacet
  facet normal -0.424347 -0.304098 0.852909
    outer loop
      vertex -5.73762 -4.00435 36
      vertex -2.28654 -1.52782 38.6
      vertex -5.82029 -3.88899 36
    endloop
  endfacet
  facet normal -0.304098 -0.424347 0.852909
    outer loop
      vertex -1.52782 -2.28654 38.6
      vertex -4.00435 -5.73762 36
      vertex -3.88899 -5.82029 36
    endloop
  endfacet
  facet normal -0.304089 -0.424354 0.852909
    outer loop
      vertex -4.00435 -5.73762 36
      vertex -1.52782 -2.28654 38.6
      vertex -4.26133 -5.55347 36
    endloop
  endfacet
  facet normal -0.331183 -0.403564 0.852909
    outer loop
      vertex -1.8132 -2.06756 38.6
      vertex -4.26133 -5.55347 36
      vertex -1.67409 -2.18172 38.6
    endloop
  endfacet
  facet normal -0.0511706 -0.519545 0.852909
    outer loop
      vertex -0.179858 -2.74411 38.6
      vertex -0.599053 -6.9711 36
      vertex -0.457822 -6.98501 36
    endloop
  endfacet
  facet normal -0.0511735 -0.519545 0.852909
    outer loop
      vertex -0.599053 -6.9711 36
      vertex -0.179858 -2.74411 38.6
      vertex -0.913683 -6.94011 36
    endloop
  endfacet
  facet normal -0.0170841 -0.52178 0.852909
    outer loop
      vertex -0.179858 -2.74411 38.6
      vertex -0.457822 -6.98501 36
      vertex 0 -7 36
    endloop
  endfacet
  facet normal -0.246095 -0.460416 0.852909
    outer loop
      vertex -1.375 -2.38157 38.6
      vertex -3.5 -6.06218 36
      vertex -3.09602 -6.27811 36
    endloop
  endfacet
  facet normal -0.183897 -0.488598 0.852909
    outer loop
      vertex -1.05238 -2.54067 38.6
      vertex -2.25008 -6.62851 36
      vertex -0.883958 -2.60406 38.6
    endloop
  endfacet
  facet normal -0.183894 -0.488599 0.852909
    outer loop
      vertex -1.05238 -2.54067 38.6
      vertex -2.67878 -6.46716 36
      vertex -2.25008 -6.62851 36
    endloop
  endfacet
  facet normal -0.0850304 -0.515088 0.852909
    outer loop
      vertex -0.536498 -2.69716 38.6
      vertex -1.36563 -6.8655 36
      vertex -0.358947 -2.72647 38.6
    endloop
  endfacet
  facet normal -0.151544 -0.499581 0.852909
    outer loop
      vertex -0.711752 -2.6563 38.6
      vertex -2.25008 -6.62851 36
      vertex -1.81173 -6.76148 36
    endloop
  endfacet
  facet normal -0.118552 -0.508421 0.852909
    outer loop
      vertex -0.711752 -2.6563 38.6
      vertex -1.81173 -6.76148 36
      vertex -1.36563 -6.8655 36
    endloop
  endfacet
  facet normal -0.475527 -0.215453 0.852909
    outer loop
      vertex -2.54067 -1.05238 38.6
      vertex -6.33668 -2.96675 36
      vertex -6.27811 -3.09602 36
    endloop
  endfacet
  facet normal -0.475523 -0.215461 0.852909
    outer loop
      vertex -6.33668 -2.96675 36
      vertex -2.54067 -1.05238 38.6
      vertex -6.46716 -2.67878 36
    endloop
  endfacet
  facet normal 0.0170841 -0.52178 0.852909
    outer loop
      vertex 0.179858 -2.74411 38.6
      vertex 0 -7 36
      vertex 0.457822 -6.98501 36
    endloop
  endfacet
  facet normal 0.0511735 -0.519545 0.852909
    outer loop
      vertex 0.179858 -2.74411 38.6
      vertex 0.599053 -6.9711 36
      vertex 0.913683 -6.94011 36
    endloop
  endfacet
  facet normal 0.0511706 -0.519545 0.852909
    outer loop
      vertex 0.599053 -6.9711 36
      vertex 0.179858 -2.74411 38.6
      vertex 0.457822 -6.98501 36
    endloop
  endfacet
  facet normal 0.40356 -0.331188 0.852909
    outer loop
      vertex 5.55347 -4.26133 36
      vertex 2.06756 -1.8132 38.6
      vertex 5.26288 -4.61542 36
    endloop
  endfacet
  facet normal 0.403564 -0.331183 0.852909
    outer loop
      vertex 2.18172 -1.67409 38.6
      vertex 2.06756 -1.8132 38.6
      vertex 5.55347 -4.26133 36
    endloop
  endfacet
  facet normal 0.424347 -0.304098 0.852909
    outer loop
      vertex 2.28654 -1.52782 38.6
      vertex 5.73762 -4.00435 36
      vertex 5.82029 -3.88899 36
    endloop
  endfacet
  facet normal 0.424354 -0.304089 0.852909
    outer loop
      vertex 5.73762 -4.00435 36
      vertex 2.28654 -1.52782 38.6
      vertex 5.55347 -4.26133 36
    endloop
  endfacet
  facet normal 0.475523 -0.215461 0.852909
    outer loop
      vertex 2.54067 -1.05238 38.6
      vertex 6.33668 -2.96675 36
      vertex 6.46716 -2.67878 36
    endloop
  endfacet
  facet normal 0.475527 -0.215453 0.852909
    outer loop
      vertex 6.33668 -2.96675 36
      vertex 2.54067 -1.05238 38.6
      vertex 6.27811 -3.09602 36
    endloop
  endfacet
  facet normal 0.460418 -0.246092 0.852909
    outer loop
      vertex 2.4664 -1.21629 38.6
      vertex 2.38157 -1.375 38.6
      vertex 6.27811 -3.09602 36
    endloop
  endfacet
  facet normal 0.508423 -0.118538 0.852909
    outer loop
      vertex 2.69716 -0.536498 38.6
      vertex 2.6563 -0.711752 38.6
      vertex 6.8655 -1.36563 36
    endloop
  endfacet
  facet normal 0.275684 -0.443333 0.852909
    outer loop
      vertex 1.52782 -2.28654 38.6
      vertex 1.375 -2.38157 38.6
      vertex 3.5 -6.06218 36
    endloop
  endfacet
  facet normal 0.275683 -0.443333 0.852909
    outer loop
      vertex 3.88899 -5.82029 36
      vertex 1.52782 -2.28654 38.6
      vertex 3.5 -6.06218 36
    endloop
  endfacet
  facet normal 0.304096 -0.424348 0.852909
    outer loop
      vertex 1.67409 -2.18172 38.6
      vertex 1.52782 -2.28654 38.6
      vertex 4.26133 -5.55347 36
    endloop
  endfacet
  facet normal 0.304089 -0.424354 0.852909
    outer loop
      vertex 1.52782 -2.28654 38.6
      vertex 4.00435 -5.73762 36
      vertex 4.26133 -5.55347 36
    endloop
  endfacet
  facet normal 0.304098 -0.424347 0.852909
    outer loop
      vertex 4.00435 -5.73762 36
      vertex 1.52782 -2.28654 38.6
      vertex 3.88899 -5.82029 36
    endloop
  endfacet
  facet normal 0.356873 -0.381035 0.852909
    outer loop
      vertex 4.94975 -4.94975 36
      vertex 1.8132 -2.06756 38.6
      vertex 4.61542 -5.26288 36
    endloop
  endfacet
  facet normal 0.356885 -0.381022 0.85291
    outer loop
      vertex 1.94454 -1.94454 38.6
      vertex 1.8132 -2.06756 38.6
      vertex 4.94975 -4.94975 36
    endloop
  endfacet
  facet normal 0.215453 -0.475527 0.852909
    outer loop
      vertex 1.05238 -2.54067 38.6
      vertex 2.96675 -6.33668 36
      vertex 3.09602 -6.27811 36
    endloop
  endfacet
  facet normal 0.215461 -0.475523 0.852909
    outer loop
      vertex 2.96675 -6.33668 36
      vertex 1.05238 -2.54067 38.6
      vertex 2.67878 -6.46716 36
    endloop
  endfacet
  facet normal 0.0850304 -0.515088 0.852909
    outer loop
      vertex 0.536498 -2.69716 38.6
      vertex 0.358947 -2.72647 38.6
      vertex 1.36563 -6.8655 36
    endloop
  endfacet
  facet normal -0.521781 0.0170841 0.852909
    outer loop
      vertex -7 0 36
      vertex -3.49427 0.229026 38.1401
      vertex -6.98501 0.457822 36
    endloop
  endfacet
  facet normal -0.521764 0.0166485 0.852928
    outer loop
      vertex -3.49427 0.229026 38.1401
      vertex -7 0 36
      vertex -3.37294 0.153283 38.2158
    endloop
  endfacet
  facet normal -0.508411 0.118549 0.852915
    outer loop
      vertex -6.8655 1.36563 36
      vertex -5.23605 1.40299 36.9661
      vertex -6.76148 1.81173 36
    endloop
  endfacet
  facet normal -0.508403 0.118722 0.852896
    outer loop
      vertex -5.23605 1.40299 36.9661
      vertex -6.8655 1.36563 36
      vertex -4.69508 1.02847 37.3407
    endloop
  endfacet
  facet normal -0.515042 0.0852256 0.852917
    outer loop
      vertex -4.50344 0.895791 37.4733
      vertex -6.8655 1.36563 36
      vertex -4.25869 0.73161 37.6375
    endloop
  endfacet
  facet normal -0.245282 0.460794 0.852939
    outer loop
      vertex -2.63394 5.34109 36.6391
      vertex -3.09602 6.27811 36
      vertex -2.67847 5.33275 36.6308
    endloop
  endfacet
  facet normal -0.356983 0.381022 0.852869
    outer loop
      vertex -4.61542 5.26288 36
      vertex -4.80797 4.81947 36.1175
      vertex -4.34419 4.9536 36.2517
    endloop
  endfacet
  facet normal -0.356817 0.380974 0.85296
    outer loop
      vertex -4.80797 4.81947 36.1175
      vertex -4.61542 5.26288 36
      vertex -4.94975 4.94975 36
    endloop
  endfacet
  facet normal -0.358365 0.379354 0.853033
    outer loop
      vertex -4.80797 4.81947 36.1175
      vertex -4.94975 4.94975 36
      vertex -4.81689 4.81689 36.1149
    endloop
  endfacet
  facet normal -0.151423 0.499612 0.852912
    outer loop
      vertex -1.81173 6.76148 36
      vertex -1.79913 5.46411 36.7622
      vertex -1.47387 5.50055 36.7986
    endloop
  endfacet
  facet normal -0.15155 0.499601 0.852896
    outer loop
      vertex -1.79913 5.46411 36.7622
      vertex -1.81173 6.76148 36
      vertex -2.25008 6.62851 36
    endloop
  endfacet
  facet normal -0.0509622 0.519591 0.852894
    outer loop
      vertex -0.672008 5.55822 36.8563
      vertex -0.913683 6.94011 36
      vertex -0.731461 5.556 36.8541
    endloop
  endfacet
  facet normal -0.0852233 0.51508 0.852895
    outer loop
      vertex -0.913683 6.94011 36
      vertex -1.04244 5.53667 36.8347
      vertex -0.731461 5.556 36.8541
    endloop
  endfacet
  facet normal -0.0850316 0.515076 0.852917
    outer loop
      vertex -1.04244 5.53667 36.8347
      vertex -0.913683 6.94011 36
      vertex -1.36563 6.8655 36
    endloop
  endfacet
  facet normal 0.30604 0.422834 0.852966
    outer loop
      vertex 4.26133 5.55347 36
      vertex 3.86459 5.07931 36.3774
      vertex 3.89241 5.07269 36.3707
    endloop
  endfacet
  facet normal 0.275908 0.443205 0.852904
    outer loop
      vertex 3.5 6.06218 36
      vertex 3.03978 5.26505 36.5631
      vertex 3.07924 5.25665 36.5547
    endloop
  endfacet
  facet normal 0.118551 0.508419 0.85291
    outer loop
      vertex 1.36563 6.8655 36
      vertex 1.47387 5.50055 36.7986
      vertex 1.81173 6.76148 36
    endloop
  endfacet
  facet normal 0.118503 0.508419 0.852917
    outer loop
      vertex 1.47387 5.50055 36.7986
      vertex 1.36563 6.8655 36
      vertex 1.15787 5.52807 36.8261
    endloop
  endfacet
  facet normal 0.215587 0.475431 0.852929
    outer loop
      vertex 3.09602 6.27811 36
      vertex 2.58775 5.34858 36.6466
      vertex 2.63394 5.34109 36.6391
    endloop
  endfacet
  facet normal 0.215451 0.475503 0.852923
    outer loop
      vertex 2.58775 5.34858 36.6466
      vertex 2.96675 6.33668 36
      vertex 2.67878 6.46716 36
    endloop
  endfacet
  facet normal 0.215443 0.475506 0.852923
    outer loop
      vertex 2.96675 6.33668 36
      vertex 2.58775 5.34858 36.6466
      vertex 3.09602 6.27811 36
    endloop
  endfacet
  facet normal 0.215511 0.475492 0.852914
    outer loop
      vertex 2.58775 5.34858 36.6466
      vertex 2.67878 6.46716 36
      vertex 2.23889 5.40517 36.7032
    endloop
  endfacet
  facet normal 0.0171232 0.521769 0.852915
    outer loop
      vertex 0.457822 6.98501 36
      vertex 0.0602874 5.57345 36.8715
      vertex 0.365055 5.56966 36.8677
    endloop
  endfacet
  facet normal 0.017084 0.521777 0.852911
    outer loop
      vertex 0.0602874 5.57345 36.8715
      vertex 0.457822 6.98501 36
      vertex 0 7 36
    endloop
  endfacet
  facet normal 0.0847823 0.515131 0.852908
    outer loop
      vertex 1.36563 6.8655 36
      vertex 1.04244 5.53667 36.8347
      vertex 1.10059 5.53306 36.8311
    endloop
  endfacet
  facet normal 0.488911 0.18277 0.852972
    outer loop
      vertex 6.28148 2.1484 36.2207
      vertex 6.24023 2.11827 36.2508
      vertex 6.62851 2.25008 36
    endloop
  endfacet
  facet normal -0.424348 -0.304096 0.852909
    outer loop
      vertex -2.28654 -1.52782 38.6
      vertex -5.55347 -4.26133 36
      vertex -2.18172 -1.67409 38.6
    endloop
  endfacet
  facet normal -0.403564 -0.331183 0.852909
    outer loop
      vertex -2.18172 -1.67409 38.6
      vertex -5.55347 -4.26133 36
      vertex -2.06756 -1.8132 38.6
    endloop
  endfacet
  facet normal -0.304096 -0.424348 0.852909
    outer loop
      vertex -1.67409 -2.18172 38.6
      vertex -4.26133 -5.55347 36
      vertex -1.52782 -2.28654 38.6
    endloop
  endfacet
  facet normal -0.0511744 -0.519545 0.852909
    outer loop
      vertex -0.358947 -2.72647 38.6
      vertex -0.913683 -6.94011 36
      vertex -0.179858 -2.74411 38.6
    endloop
  endfacet
  facet normal -0.275684 -0.443333 0.852909
    outer loop
      vertex -1.52782 -2.28654 38.6
      vertex -3.5 -6.06218 36
      vertex -1.375 -2.38157 38.6
    endloop
  endfacet
  facet normal -0.275683 -0.443333 0.852909
    outer loop
      vertex -1.52782 -2.28654 38.6
      vertex -3.88899 -5.82029 36
      vertex -3.5 -6.06218 36
    endloop
  endfacet
  facet normal -0.246092 -0.460418 0.852909
    outer loop
      vertex -1.375 -2.38157 38.6
      vertex -3.09602 -6.27811 36
      vertex -1.21629 -2.4664 38.6
    endloop
  endfacet
  facet normal -0.215465 -0.475521 0.852909
    outer loop
      vertex -1.21629 -2.4664 38.6
      vertex -3.09602 -6.27811 36
      vertex -1.05238 -2.54067 38.6
    endloop
  endfacet
  facet normal -0.151551 -0.499578 0.852909
    outer loop
      vertex -0.883958 -2.60406 38.6
      vertex -2.25008 -6.62851 36
      vertex -0.711752 -2.6563 38.6
    endloop
  endfacet
  facet normal -0.475521 -0.215465 0.852909
    outer loop
      vertex -2.54067 -1.05238 38.6
      vertex -6.27811 -3.09602 36
      vertex -2.4664 -1.21629 38.6
    endloop
  endfacet
  facet normal -0.460418 -0.246092 0.852909
    outer loop
      vertex -2.4664 -1.21629 38.6
      vertex -6.27811 -3.09602 36
      vertex -2.38157 -1.375 38.6
    endloop
  endfacet
  facet normal 0.424348 -0.304096 0.852909
    outer loop
      vertex 2.28654 -1.52782 38.6
      vertex 2.18172 -1.67409 38.6
      vertex 5.55347 -4.26133 36
    endloop
  endfacet
  facet normal 0.475521 -0.215465 0.852909
    outer loop
      vertex 2.54067 -1.05238 38.6
      vertex 2.4664 -1.21629 38.6
      vertex 6.27811 -3.09602 36
    endloop
  endfacet
  facet normal 0.215465 -0.475521 0.852909
    outer loop
      vertex 1.21629 -2.4664 38.6
      vertex 1.05238 -2.54067 38.6
      vertex 3.09602 -6.27811 36
    endloop
  endfacet
  facet normal 0.246092 -0.460418 0.852909
    outer loop
      vertex 1.375 -2.38157 38.6
      vertex 1.21629 -2.4664 38.6
      vertex 3.09602 -6.27811 36
    endloop
  endfacet
  facet normal -0.488911 0.18277 0.852972
    outer loop
      vertex -6.28148 2.1484 36.2207
      vertex -6.62851 2.25008 36
      vertex -6.24023 2.11827 36.2508
    endloop
  endfacet
  facet normal -0.488565 0.183869 0.852934
    outer loop
      vertex -6.58371 2.36912 36
      vertex -6.62851 2.25008 36
      vertex -6.28148 2.1484 36.2207
    endloop
  endfacet
  facet normal -0.508554 0.117867 0.852924
    outer loop
      vertex -4.69508 1.02847 37.3407
      vertex -6.8655 1.36563 36
      vertex -4.50344 0.895791 37.4733
    endloop
  endfacet
  facet normal -0.378359 0.359375 0.85305
    outer loop
      vertex -4.81689 4.81689 36.1149
      vertex -4.94975 4.94975 36
      vertex -4.82525 4.81426 36.1123
    endloop
  endfacet
  facet normal -0.381004 0.356849 0.852933
    outer loop
      vertex -4.94975 4.94975 36
      vertex -5.18184 4.70195 36
      vertex -4.82525 4.81426 36.1123
    endloop
  endfacet
  facet normal -0.329839 0.404564 0.852956
    outer loop
      vertex -3.89241 5.07269 36.3707
      vertex -4.26133 5.55347 36
      vertex -3.91879 5.06573 36.3638
    endloop
  endfacet
  facet normal -0.152919 0.499102 0.852944
    outer loop
      vertex -1.79913 5.46411 36.7622
      vertex -2.25008 6.62851 36
      vertex -1.85277 5.4581 36.7561
    endloop
  endfacet
  facet normal -0.182856 0.488937 0.852939
    outer loop
      vertex -1.85277 5.4581 36.7561
      vertex -2.25008 6.62851 36
      vertex -1.90506 5.45093 36.749
    endloop
  endfacet
  facet normal 0.182856 0.488937 0.852939
    outer loop
      vertex 2.25008 6.62851 36
      vertex 1.85277 5.4581 36.7561
      vertex 1.90506 5.45093 36.749
    endloop
  endfacet
  facet normal 0.183891 0.48859 0.852915
    outer loop
      vertex 2.25008 6.62851 36
      vertex 2.23889 5.40517 36.7032
      vertex 2.67878 6.46716 36
    endloop
  endfacet
  facet normal 0.183987 0.488581 0.8529
    outer loop
      vertex 2.23889 5.40517 36.7032
      vertex 2.25008 6.62851 36
      vertex 1.90506 5.45093 36.749
    endloop
  endfacet
  facet normal 0.118739 0.508377 0.852909
    outer loop
      vertex 1.36563 6.8655 36
      vertex 1.10059 5.53306 36.8311
      vertex 1.15787 5.52807 36.8261
    endloop
  endfacet
  facet normal -0.49923 0.152366 0.852968
    outer loop
      vertex -6.24023 2.11827 36.2508
      vertex -6.62851 2.25008 36
      vertex -6.18311 2.07758 36.2915
    endloop
  endfacet
  facet normal 0.152919 0.499102 0.852944
    outer loop
      vertex 2.25008 6.62851 36
      vertex 1.79913 5.46411 36.7622
      vertex 1.85277 5.4581 36.7561
    endloop
  endfacet
  facet normal 0.928047 0.0304107 -0.371219
    outer loop
      vertex 2.46 0 1.9
      vertex 1.7 0 0
      vertex 2.45491 0.155332 1.9
    endloop
  endfacet
  facet normal 0.928061 0.0300505 -0.371214
    outer loop
      vertex 2.45491 0.155332 1.9
      vertex 1.69636 0.111185 0
      vertex 2.45473 0.160891 1.9
    endloop
  endfacet
  facet normal 0.928049 0.0303827 -0.371217
    outer loop
      vertex 1.69636 0.111185 0
      vertex 2.45491 0.155332 1.9
      vertex 1.7 0 0
    endloop
  endfacet
  facet normal 0.845777 -0.383219 -0.37122
    outer loop
      vertex 2.2086 -1.08296 1.9
      vertex 1.57059 -0.650561 0
      vertex 2.27274 -0.941401 1.9
    endloop
  endfacet
  facet normal 0.151276 -0.916139 -0.371221
    outer loop
      vertex 0.479922 -2.41273 1.9
      vertex 0.326582 -2.43805 1.9
      vertex 0.331653 -1.66733 0
    endloop
  endfacet
  facet normal 0.26957 0.888553 -0.371221
    outer loop
      vertex 0.785418 2.33106 1.9
      vertex 0.439992 1.64207 0
      vertex 0.636694 2.37618 1.9
    endloop
  endfacet
  facet normal 0.869021 -0.327106 -0.37122
    outer loop
      vertex 2.27274 -0.941401 1.9
      vertex 1.57059 -0.650561 0
      vertex 2.32749 -0.795947 1.9
    endloop
  endfacet
  facet normal 0.818904 -0.437713 -0.37122
    outer loop
      vertex 2.13042 -1.23 1.9
      vertex 1.47224 -0.849999 0
      vertex 2.20368 -1.09294 1.9
    endloop
  endfacet
  facet normal 0.924078 -0.0909813 -0.371218
    outer loop
      vertex 2.4395 -0.315558 1.9
      vertex 1.68546 -0.221894 0
      vertex 1.69636 -0.111185 0
    endloop
  endfacet
  facet normal 0.923994 -0.0917986 -0.371225
    outer loop
      vertex 1.68546 -0.221894 0
      vertex 2.4395 -0.315558 1.9
      vertex 2.43895 -0.321094 1.9
    endloop
  endfacet
  facet normal 0.916139 -0.151276 -0.371221
    outer loop
      vertex 2.41273 -0.479922 1.9
      vertex 1.66733 -0.331653 0
      vertex 2.43805 -0.326582 1.9
    endloop
  endfacet
  facet normal 0.437713 -0.818904 -0.37122
    outer loop
      vertex 1.09294 -2.20368 1.9
      vertex 0.849999 -1.47224 0
      vertex 1.23 -2.13042 1.9
    endloop
  endfacet
  facet normal 0.210844 -0.904289 -0.371222
    outer loop
      vertex 0.485339 -2.41147 1.9
      vertex 0.439992 -1.64207 0
      vertex 0.636694 -2.37618 1.9
    endloop
  endfacet
  facet normal 0.54083 -0.754784 -0.37122
    outer loop
      vertex 1.37122 -2.04217 1.9
      vertex 1.03489 -1.3487 0
      vertex 1.49755 -1.95165 1.9
    endloop
  endfacet
  facet normal -0.327106 -0.869021 -0.37122
    outer loop
      vertex -0.795947 -2.32749 1.9
      vertex -0.941401 -2.27274 1.9
      vertex -0.650561 -1.57059 0
    endloop
  endfacet
  facet normal -0.888784 0.268822 -0.371212
    outer loop
      vertex -1.60978 0.546447 0
      vertex -2.33106 0.785418 1.9
      vertex -2.32945 0.790741 1.9
    endloop
  endfacet
  facet normal -0.888569 0.269521 -0.371218
    outer loop
      vertex -2.33106 0.785418 1.9
      vertex -1.60978 0.546447 0
      vertex -1.64207 0.439992 0
    endloop
  endfacet
  facet normal 0.928047 -0.0304107 -0.371219
    outer loop
      vertex 2.45491 -0.155332 1.9
      vertex 1.7 0 0
      vertex 2.46 0 1.9
    endloop
  endfacet
  facet normal 0.78854 -0.490307 -0.37122
    outer loop
      vertex 2.13042 -1.23 1.9
      vertex 1.4135 -0.944468 0
      vertex 1.47224 -0.849999 0
    endloop
  endfacet
  facet normal 0.788169 -0.490936 -0.371175
    outer loop
      vertex 1.4135 -0.944468 0
      vertex 2.13042 -1.23 1.9
      vertex 2.12748 -1.23472 1.9
    endloop
  endfacet
  facet normal 0.904289 -0.210844 -0.371222
    outer loop
      vertex 2.37618 -0.636694 1.9
      vertex 1.64207 -0.439992 0
      vertex 2.41147 -0.485339 1.9
    endloop
  endfacet
  facet normal 0.90429 -0.210842 -0.371221
    outer loop
      vertex 2.41273 -0.479922 1.9
      vertex 1.64207 -0.439992 0
      vertex 1.66733 -0.331653 0
    endloop
  endfacet
  facet normal 0.90439 -0.210362 -0.371251
    outer loop
      vertex 1.64207 -0.439992 0
      vertex 2.41273 -0.479922 1.9
      vertex 2.41147 -0.485339 1.9
    endloop
  endfacet
  facet normal 0.869019 -0.327111 -0.37122
    outer loop
      vertex 2.32945 -0.790741 1.9
      vertex 1.57059 -0.650561 0
      vertex 1.60978 -0.546447 0
    endloop
  endfacet
  facet normal 0.868999 -0.327168 -0.371216
    outer loop
      vertex 1.57059 -0.650561 0
      vertex 2.32945 -0.790741 1.9
      vertex 2.32749 -0.795947 1.9
    endloop
  endfacet
  facet normal 0.928049 -0.0303827 -0.371217
    outer loop
      vertex 2.45491 -0.155332 1.9
      vertex 1.69636 -0.111185 0
      vertex 1.7 0 0
    endloop
  endfacet
  facet normal 0.928061 -0.0300505 -0.371214
    outer loop
      vertex 1.69636 -0.111185 0
      vertex 2.45491 -0.155332 1.9
      vertex 2.45473 -0.160891 1.9
    endloop
  endfacet
  facet normal 0.924076 -0.0909934 -0.371218
    outer loop
      vertex 2.4395 -0.315558 1.9
      vertex 1.69636 -0.111185 0
      vertex 2.45473 -0.160891 1.9
    endloop
  endfacet
  facet normal 0.0304107 -0.928047 -0.371219
    outer loop
      vertex 0.155332 -2.45491 1.9
      vertex 0 -2.46 1.9
      vertex 0 -1.7 0
    endloop
  endfacet
  facet normal 0.0303827 -0.928049 -0.371217
    outer loop
      vertex 0.111185 -1.69636 0
      vertex 0.155332 -2.45491 1.9
      vertex 0 -1.7 0
    endloop
  endfacet
  facet normal 0.0300505 -0.928061 -0.371214
    outer loop
      vertex 0.155332 -2.45491 1.9
      vertex 0.111185 -1.69636 0
      vertex 0.160891 -2.45473 1.9
    endloop
  endfacet
  facet normal 0.210842 -0.90429 -0.371221
    outer loop
      vertex 0.439992 -1.64207 0
      vertex 0.479922 -2.41273 1.9
      vertex 0.331653 -1.66733 0
    endloop
  endfacet
  facet normal 0.210362 -0.90439 -0.371251
    outer loop
      vertex 0.479922 -2.41273 1.9
      vertex 0.439992 -1.64207 0
      vertex 0.485339 -2.41147 1.9
    endloop
  endfacet
  facet normal 0.327106 -0.869021 -0.37122
    outer loop
      vertex 0.795947 -2.32749 1.9
      vertex 0.650561 -1.57059 0
      vertex 0.941401 -2.27274 1.9
    endloop
  endfacet
  facet normal 0.634779 -0.677682 -0.371218
    outer loop
      vertex 1.20208 -1.20208 0
      vertex 1.73542 -1.74328 1.9
      vertex 1.12089 -1.27813 0
    endloop
  endfacet
  facet normal 0.634516 -0.67793 -0.371215
    outer loop
      vertex 1.73542 -1.74328 1.9
      vertex 1.20208 -1.20208 0
      vertex 1.73948 -1.73948 1.9
    endloop
  endfacet
  facet normal 0.383206 -0.845783 -0.371219
    outer loop
      vertex 0.75189 -1.52468 0
      vertex 1.08296 -2.2086 1.9
      vertex 0.650561 -1.57059 0
    endloop
  endfacet
  facet normal 0.382223 -0.846232 -0.371209
    outer loop
      vertex 1.08296 -2.2086 1.9
      vertex 0.75189 -1.52468 0
      vertex 1.08803 -2.20631 1.9
    endloop
  endfacet
  facet normal 0.540882 -0.754748 -0.371216
    outer loop
      vertex 1.03489 -1.3487 0
      vertex 1.3667 -2.04541 1.9
      vertex 0.944468 -1.4135 0
    endloop
  endfacet
  facet normal 0.540971 -0.754688 -0.37121
    outer loop
      vertex 1.3667 -2.04541 1.9
      vertex 1.03489 -1.3487 0
      vertex 1.37122 -2.04217 1.9
    endloop
  endfacet
  facet normal -0.924078 -0.0909813 -0.371218
    outer loop
      vertex -1.68546 -0.221894 0
      vertex -2.4395 -0.315558 1.9
      vertex -1.69636 -0.111185 0
    endloop
  endfacet
  facet normal -0.923994 -0.0917986 -0.371225
    outer loop
      vertex -2.4395 -0.315558 1.9
      vertex -1.68546 -0.221894 0
      vertex -2.43895 -0.321094 1.9
    endloop
  endfacet
  facet normal -0.888553 -0.26957 -0.371221
    outer loop
      vertex -2.33106 -0.785418 1.9
      vertex -2.37618 -0.636694 1.9
      vertex -1.64207 -0.439992 0
    endloop
  endfacet
  facet normal -0.924076 -0.0909934 -0.371218
    outer loop
      vertex -2.4395 -0.315558 1.9
      vertex -2.45473 -0.160891 1.9
      vertex -1.69636 -0.111185 0
    endloop
  endfacet
  facet normal -0.717809 -0.589021 -0.371221
    outer loop
      vertex -1.27813 -1.12089 0
      vertex -1.95165 -1.49755 1.9
      vertex -1.3487 -1.03489 0
    endloop
  endfacet
  facet normal -0.71769 -0.589173 -0.371209
    outer loop
      vertex -1.95165 -1.49755 1.9
      vertex -1.27813 -1.12089 0
      vertex -1.94812 -1.50185 1.9
    endloop
  endfacet
  facet normal -0.150265 -0.916281 -0.371281
    outer loop
      vertex -0.331653 -1.66733 0
      vertex -0.321094 -2.43895 1.9
      vertex -0.326582 -2.43805 1.9
    endloop
  endfacet
  facet normal -0.151327 -0.916133 -0.371215
    outer loop
      vertex -0.321094 -2.43895 1.9
      vertex -0.331653 -1.66733 0
      vertex -0.221894 -1.68546 0
    endloop
  endfacet
  facet normal -0.382223 -0.846232 -0.371209
    outer loop
      vertex -0.75189 -1.52468 0
      vertex -1.08296 -2.2086 1.9
      vertex -1.08803 -2.20631 1.9
    endloop
  endfacet
  facet normal -0.383206 -0.845783 -0.371219
    outer loop
      vertex -1.08296 -2.2086 1.9
      vertex -0.75189 -1.52468 0
      vertex -0.650561 -1.57059 0
    endloop
  endfacet
  facet normal -0.677709 -0.634751 -0.371216
    outer loop
      vertex -1.74328 -1.73542 1.9
      vertex -1.84952 -1.62199 1.9
      vertex -1.27813 -1.12089 0
    endloop
  endfacet
  facet normal 0.923994 0.0917986 -0.371225
    outer loop
      vertex 2.4395 0.315558 1.9
      vertex 1.68546 0.221894 0
      vertex 2.43895 0.321094 1.9
    endloop
  endfacet
  facet normal 0.924078 0.0909813 -0.371218
    outer loop
      vertex 1.68546 0.221894 0
      vertex 2.4395 0.315558 1.9
      vertex 1.69636 0.111185 0
    endloop
  endfacet
  facet normal -0.383219 0.845777 -0.37122
    outer loop
      vertex -0.650561 1.57059 0
      vertex -1.08296 2.2086 1.9
      vertex -0.941401 2.27274 1.9
    endloop
  endfacet
  facet normal -0.54083 0.754784 -0.37122
    outer loop
      vertex -1.03489 1.3487 0
      vertex -1.49755 1.95165 1.9
      vertex -1.37122 2.04217 1.9
    endloop
  endfacet
  facet normal -0.818904 0.437713 -0.37122
    outer loop
      vertex -1.47224 0.849999 0
      vertex -2.20368 1.09294 1.9
      vertex -2.13042 1.23 1.9
    endloop
  endfacet
  facet normal -0.916281 0.150265 -0.371281
    outer loop
      vertex -1.66733 0.331653 0
      vertex -2.43895 0.321094 1.9
      vertex -2.43805 0.326582 1.9
    endloop
  endfacet
  facet normal -0.916133 0.151327 -0.371215
    outer loop
      vertex -2.43895 0.321094 1.9
      vertex -1.66733 0.331653 0
      vertex -1.68546 0.221894 0
    endloop
  endfacet
  facet normal -0.788169 0.490936 -0.371175
    outer loop
      vertex -1.4135 0.944468 0
      vertex -2.13042 1.23 1.9
      vertex -2.12748 1.23472 1.9
    endloop
  endfacet
  facet normal -0.78854 0.490307 -0.37122
    outer loop
      vertex -2.13042 1.23 1.9
      vertex -1.4135 0.944468 0
      vertex -1.47224 0.849999 0
    endloop
  endfacet
  facet normal -0.928047 -0.0304107 -0.371219
    outer loop
      vertex -2.45491 -0.155332 1.9
      vertex -2.46 0 1.9
      vertex -1.7 0 0
    endloop
  endfacet
  facet normal 0.788525 -0.490334 -0.371216
    outer loop
      vertex 2.04541 -1.3667 1.9
      vertex 1.4135 -0.944468 0
      vertex 2.12748 -1.23472 1.9
    endloop
  endfacet
  facet normal 0.677709 -0.634751 -0.371216
    outer loop
      vertex 1.74328 -1.73542 1.9
      vertex 1.27813 -1.12089 0
      vertex 1.84952 -1.62199 1.9
    endloop
  endfacet
  facet normal 0.677682 -0.634779 -0.371218
    outer loop
      vertex 1.74328 -1.73542 1.9
      vertex 1.20208 -1.20208 0
      vertex 1.27813 -1.12089 0
    endloop
  endfacet
  facet normal 0.67793 -0.634516 -0.371215
    outer loop
      vertex 1.20208 -1.20208 0
      vertex 1.74328 -1.73542 1.9
      vertex 1.73948 -1.73948 1.9
    endloop
  endfacet
  facet normal 0.888553 -0.26957 -0.371221
    outer loop
      vertex 2.33106 -0.785418 1.9
      vertex 1.64207 -0.439992 0
      vertex 2.37618 -0.636694 1.9
    endloop
  endfacet
  facet normal 0.888569 -0.269521 -0.371218
    outer loop
      vertex 2.33106 -0.785418 1.9
      vertex 1.60978 -0.546447 0
      vertex 1.64207 -0.439992 0
    endloop
  endfacet
  facet normal 0.888784 -0.268822 -0.371212
    outer loop
      vertex 1.60978 -0.546447 0
      vertex 2.33106 -0.785418 1.9
      vertex 2.32945 -0.790741 1.9
    endloop
  endfacet
  facet normal 0.916281 -0.150265 -0.371281
    outer loop
      vertex 1.66733 -0.331653 0
      vertex 2.43895 -0.321094 1.9
      vertex 2.43805 -0.326582 1.9
    endloop
  endfacet
  facet normal 0.916133 -0.151327 -0.371215
    outer loop
      vertex 2.43895 -0.321094 1.9
      vertex 1.66733 -0.331653 0
      vertex 1.68546 -0.221894 0
    endloop
  endfacet
  facet normal 0.151327 -0.916133 -0.371215
    outer loop
      vertex 0.331653 -1.66733 0
      vertex 0.321094 -2.43895 1.9
      vertex 0.221894 -1.68546 0
    endloop
  endfacet
  facet normal 0.150265 -0.916281 -0.371281
    outer loop
      vertex 0.321094 -2.43895 1.9
      vertex 0.331653 -1.66733 0
      vertex 0.326582 -2.43805 1.9
    endloop
  endfacet
  facet normal 0.0909934 -0.924076 -0.371218
    outer loop
      vertex 0.160891 -2.45473 1.9
      vertex 0.111185 -1.69636 0
      vertex 0.315558 -2.4395 1.9
    endloop
  endfacet
  facet normal 0.26957 -0.888553 -0.371221
    outer loop
      vertex 0.636694 -2.37618 1.9
      vertex 0.439992 -1.64207 0
      vertex 0.785418 -2.33106 1.9
    endloop
  endfacet
  facet normal 0.327111 -0.869019 -0.37122
    outer loop
      vertex 0.650561 -1.57059 0
      vertex 0.790741 -2.32945 1.9
      vertex 0.546447 -1.60978 0
    endloop
  endfacet
  facet normal 0.327168 -0.868999 -0.371216
    outer loop
      vertex 0.790741 -2.32945 1.9
      vertex 0.650561 -1.57059 0
      vertex 0.795947 -2.32749 1.9
    endloop
  endfacet
  facet normal 0.634751 -0.677709 -0.371216
    outer loop
      vertex 1.62199 -1.84952 1.9
      vertex 1.12089 -1.27813 0
      vertex 1.73542 -1.74328 1.9
    endloop
  endfacet
  facet normal 0.490334 -0.788525 -0.371216
    outer loop
      vertex 1.23472 -2.12748 1.9
      vertex 0.944468 -1.4135 0
      vertex 1.3667 -2.04541 1.9
    endloop
  endfacet
  facet normal 0.383219 -0.845777 -0.37122
    outer loop
      vertex 0.941401 -2.27274 1.9
      vertex 0.650561 -1.57059 0
      vertex 1.08296 -2.2086 1.9
    endloop
  endfacet
  facet normal 0.43771 -0.818904 -0.371222
    outer loop
      vertex 0.849999 -1.47224 0
      vertex 1.08803 -2.20631 1.9
      vertex 0.75189 -1.52468 0
    endloop
  endfacet
  facet normal 0.438442 -0.818536 -0.371171
    outer loop
      vertex 1.08803 -2.20631 1.9
      vertex 0.849999 -1.47224 0
      vertex 1.09294 -2.20368 1.9
    endloop
  endfacet
  facet normal -0.869021 -0.327106 -0.37122
    outer loop
      vertex -2.27274 -0.941401 1.9
      vertex -2.32749 -0.795947 1.9
      vertex -1.57059 -0.650561 0
    endloop
  endfacet
  facet normal -0.928049 -0.0303827 -0.371217
    outer loop
      vertex -1.69636 -0.111185 0
      vertex -2.45491 -0.155332 1.9
      vertex -1.7 0 0
    endloop
  endfacet
  facet normal -0.928061 -0.0300505 -0.371214
    outer loop
      vertex -2.45491 -0.155332 1.9
      vertex -1.69636 -0.111185 0
      vertex -2.45473 -0.160891 1.9
    endloop
  endfacet
  facet normal 0 0 -1
    outer loop
      vertex 1.69636 -0.111185 0
      vertex 1.69636 0.111185 0
      vertex 1.7 0 0
    endloop
  endfacet
  facet normal 0 0 -1
    outer loop
      vertex 1.68546 -0.221894 0
      vertex 1.69636 0.111185 0
      vertex 1.69636 -0.111185 0
    endloop
  endfacet
  facet normal 0 0 -1
    outer loop
      vertex 1.68546 -0.221894 0
      vertex 1.68546 0.221894 0
      vertex 1.69636 0.111185 0
    endloop
  endfacet
  facet normal 0 0 -1
    outer loop
      vertex 1.66733 -0.331653 0
      vertex 1.68546 0.221894 0
      vertex 1.68546 -0.221894 0
    endloop
  endfacet
  facet normal 0 0 -1
    outer loop
      vertex 1.66733 -0.331653 0
      vertex 1.66733 0.331653 0
      vertex 1.68546 0.221894 0
    endloop
  endfacet
  facet normal 0 0 -1
    outer loop
      vertex 1.64207 -0.439992 0
      vertex 1.66733 0.331653 0
      vertex 1.66733 -0.331653 0
    endloop
  endfacet
  facet normal 0 0 -1
    outer loop
      vertex 1.64207 -0.439992 0
      vertex 1.64207 0.439992 0
      vertex 1.66733 0.331653 0
    endloop
  endfacet
  facet normal 0 0 -1
    outer loop
      vertex 1.60978 -0.546447 0
      vertex 1.64207 0.439992 0
      vertex 1.64207 -0.439992 0
    endloop
  endfacet
  facet normal 0 0 -1
    outer loop
      vertex 1.60978 -0.546447 0
      vertex 1.60978 0.546447 0
      vertex 1.64207 0.439992 0
    endloop
  endfacet
  facet normal 0 0 -1
    outer loop
      vertex 1.57059 -0.650561 0
      vertex 1.60978 0.546447 0
      vertex 1.60978 -0.546447 0
    endloop
  endfacet
  facet normal 0 0 -1
    outer loop
      vertex 1.57059 -0.650561 0
      vertex 1.57059 0.650561 0
      vertex 1.60978 0.546447 0
    endloop
  endfacet
  facet normal 0 0 -1
    outer loop
      vertex 1.52468 -0.75189 0
      vertex 1.57059 0.650561 0
      vertex 1.57059 -0.650561 0
    endloop
  endfacet
  facet normal 0 0 -1
    outer loop
      vertex 1.52468 -0.75189 0
      vertex 1.52468 0.75189 0
      vertex 1.57059 0.650561 0
    endloop
  endfacet
  facet normal 0 0 -1
    outer loop
      vertex 1.47224 -0.849999 0
      vertex 1.52468 0.75189 0
      vertex 1.52468 -0.75189 0
    endloop
  endfacet
  facet normal 0 0 -1
    outer loop
      vertex 1.47224 -0.849999 0
      vertex 1.47224 0.849999 0
      vertex 1.52468 0.75189 0
    endloop
  endfacet
  facet normal 0 0 -1
    outer loop
      vertex 1.4135 -0.944468 0
      vertex 1.47224 0.849999 0
      vertex 1.47224 -0.849999 0
    endloop
  endfacet
  facet normal 0 0 -1
    outer loop
      vertex 1.4135 -0.944468 0
      vertex 1.4135 0.944468 0
      vertex 1.47224 0.849999 0
    endloop
  endfacet
  facet normal 0 0 -1
    outer loop
      vertex 1.3487 -1.03489 0
      vertex 1.4135 0.944468 0
      vertex 1.4135 -0.944468 0
    endloop
  endfacet
  facet normal 0 0 -1
    outer loop
      vertex 1.3487 -1.03489 0
      vertex 1.3487 1.03489 0
      vertex 1.4135 0.944468 0
    endloop
  endfacet
  facet normal 0 0 -1
    outer loop
      vertex 1.27813 -1.12089 0
      vertex 1.3487 1.03489 0
      vertex 1.3487 -1.03489 0
    endloop
  endfacet
  facet normal 0 0 -1
    outer loop
      vertex 1.27813 -1.12089 0
      vertex 1.27813 1.12089 0
      vertex 1.3487 1.03489 0
    endloop
  endfacet
  facet normal 0 0 -1
    outer loop
      vertex 1.20208 -1.20208 0
      vertex 1.27813 1.12089 0
      vertex 1.27813 -1.12089 0
    endloop
  endfacet
  facet normal 0 0 -1
    outer loop
      vertex 1.20208 -1.20208 0
      vertex 1.20208 1.20208 0
      vertex 1.27813 1.12089 0
    endloop
  endfacet
  facet normal 0 0 -1
    outer loop
      vertex 1.12089 -1.27813 0
      vertex 1.20208 1.20208 0
      vertex 1.20208 -1.20208 0
    endloop
  endfacet
  facet normal 0 0 -1
    outer loop
      vertex 1.12089 -1.27813 0
      vertex 1.12089 1.27813 0
      vertex 1.20208 1.20208 0
    endloop
  endfacet
  facet normal 0 0 -1
    outer loop
      vertex 1.03489 -1.3487 0
      vertex 1.12089 1.27813 0
      vertex 1.12089 -1.27813 0
    endloop
  endfacet
  facet normal 0 0 -1
    outer loop
      vertex 1.03489 -1.3487 0
      vertex 1.03489 1.3487 0
      vertex 1.12089 1.27813 0
    endloop
  endfacet
  facet normal 0 0 -1
    outer loop
      vertex 0.944468 -1.4135 0
      vertex 1.03489 1.3487 0
      vertex 1.03489 -1.3487 0
    endloop
  endfacet
  facet normal 0 0 -1
    outer loop
      vertex 0.944468 -1.4135 0
      vertex 0.944468 1.4135 0
      vertex 1.03489 1.3487 0
    endloop
  endfacet
  facet normal 0 0 -1
    outer loop
      vertex 0.849999 -1.47224 0
      vertex 0.944468 1.4135 0
      vertex 0.944468 -1.4135 0
    endloop
  endfacet
  facet normal 0 0 -1
    outer loop
      vertex 0.849999 -1.47224 0
      vertex 0.849999 1.47224 0
      vertex 0.944468 1.4135 0
    endloop
  endfacet
  facet normal 0 0 -1
    outer loop
      vertex 0.75189 -1.52468 0
      vertex 0.849999 1.47224 0
      vertex 0.849999 -1.47224 0
    endloop
  endfacet
  facet normal 0 0 -1
    outer loop
      vertex 0.75189 -1.52468 0
      vertex 0.75189 1.52468 0
      vertex 0.849999 1.47224 0
    endloop
  endfacet
  facet normal 0 0 -1
    outer loop
      vertex 0.650561 -1.57059 0
      vertex 0.75189 1.52468 0
      vertex 0.75189 -1.52468 0
    endloop
  endfacet
  facet normal 0 0 -1
    outer loop
      vertex 0.650561 -1.57059 0
      vertex 0.650561 1.57059 0
      vertex 0.75189 1.52468 0
    endloop
  endfacet
  facet normal 0 0 -1
    outer loop
      vertex 0.546447 -1.60978 0
      vertex 0.650561 1.57059 0
      vertex 0.650561 -1.57059 0
    endloop
  endfacet
  facet normal 0 0 -1
    outer loop
      vertex 0.546447 -1.60978 0
      vertex 0.546447 1.60978 0
      vertex 0.650561 1.57059 0
    endloop
  endfacet
  facet normal 0 0 -1
    outer loop
      vertex 0.439992 -1.64207 0
      vertex 0.546447 1.60978 0
      vertex 0.546447 -1.60978 0
    endloop
  endfacet
  facet normal 0 0 -1
    outer loop
      vertex 0.439992 -1.64207 0
      vertex 0.439992 1.64207 0
      vertex 0.546447 1.60978 0
    endloop
  endfacet
  facet normal 0 0 -1
    outer loop
      vertex 0.331653 -1.66733 0
      vertex 0.439992 1.64207 0
      vertex 0.439992 -1.64207 0
    endloop
  endfacet
  facet normal 0 0 -1
    outer loop
      vertex 0.331653 -1.66733 0
      vertex 0.331653 1.66733 0
      vertex 0.439992 1.64207 0
    endloop
  endfacet
  facet normal 0 0 -1
    outer loop
      vertex 0.221894 -1.68546 0
      vertex 0.331653 1.66733 0
      vertex 0.331653 -1.66733 0
    endloop
  endfacet
  facet normal 0 0 -1
    outer loop
      vertex 0.221894 -1.68546 0
      vertex 0.221894 1.68546 0
      vertex 0.331653 1.66733 0
    endloop
  endfacet
  facet normal 0 0 -1
    outer loop
      vertex 0.111185 -1.69636 0
      vertex 0.221894 1.68546 0
      vertex 0.221894 -1.68546 0
    endloop
  endfacet
  facet normal 0 0 -1
    outer loop
      vertex 0.111185 -1.69636 0
      vertex 0.111185 1.69636 0
      vertex 0.221894 1.68546 0
    endloop
  endfacet
  facet normal 0 0 -1
    outer loop
      vertex 0 -1.7 0
      vertex 0.111185 1.69636 0
      vertex 0.111185 -1.69636 0
    endloop
  endfacet
  facet normal 0 0 -1
    outer loop
      vertex 0 -1.7 0
      vertex 0 1.7 0
      vertex 0.111185 1.69636 0
    endloop
  endfacet
  facet normal 0 0 -1
    outer loop
      vertex -0.111185 -1.69636 0
      vertex 0 1.7 0
      vertex 0 -1.7 0
    endloop
  endfacet
  facet normal 0 0 -1
    outer loop
      vertex -0.111185 -1.69636 0
      vertex -0.111185 1.69636 0
      vertex 0 1.7 0
    endloop
  endfacet
  facet normal 0 0 -1
    outer loop
      vertex -0.221894 -1.68546 0
      vertex -0.111185 1.69636 0
      vertex -0.111185 -1.69636 0
    endloop
  endfacet
  facet normal 0 0 -1
    outer loop
      vertex -0.221894 -1.68546 0
      vertex -0.221894 1.68546 0
      vertex -0.111185 1.69636 0
    endloop
  endfacet
  facet normal 0 0 -1
    outer loop
      vertex -0.331653 -1.66733 0
      vertex -0.221894 1.68546 0
      vertex -0.221894 -1.68546 0
    endloop
  endfacet
  facet normal 0 0 -1
    outer loop
      vertex -0.331653 -1.66733 0
      vertex -0.331653 1.66733 0
      vertex -0.221894 1.68546 0
    endloop
  endfacet
  facet normal 0 0 -1
    outer loop
      vertex -0.439992 -1.64207 0
      vertex -0.331653 1.66733 0
      vertex -0.331653 -1.66733 0
    endloop
  endfacet
  facet normal 0 0 -1
    outer loop
      vertex -0.439992 -1.64207 0
      vertex -0.439992 1.64207 0
      vertex -0.331653 1.66733 0
    endloop
  endfacet
  facet normal 0 0 -1
    outer loop
      vertex -0.546447 -1.60978 0
      vertex -0.439992 1.64207 0
      vertex -0.439992 -1.64207 0
    endloop
  endfacet
  facet normal 0 0 -1
    outer loop
      vertex -0.546447 -1.60978 0
      vertex -0.546447 1.60978 0
      vertex -0.439992 1.64207 0
    endloop
  endfacet
  facet normal 0 0 -1
    outer loop
      vertex -0.650561 -1.57059 0
      vertex -0.546447 1.60978 0
      vertex -0.546447 -1.60978 0
    endloop
  endfacet
  facet normal 0 0 -1
    outer loop
      vertex -0.650561 -1.57059 0
      vertex -0.650561 1.57059 0
      vertex -0.546447 1.60978 0
    endloop
  endfacet
  facet normal 0 0 -1
    outer loop
      vertex -0.75189 -1.52468 0
      vertex -0.650561 1.57059 0
      vertex -0.650561 -1.57059 0
    endloop
  endfacet
  facet normal 0 0 -1
    outer loop
      vertex -0.75189 -1.52468 0
      vertex -0.75189 1.52468 0
      vertex -0.650561 1.57059 0
    endloop
  endfacet
  facet normal 0 0 -1
    outer loop
      vertex -0.849999 -1.47224 0
      vertex -0.75189 1.52468 0
      vertex -0.75189 -1.52468 0
    endloop
  endfacet
  facet normal 0 0 -1
    outer loop
      vertex -0.849999 -1.47224 0
      vertex -0.849999 1.47224 0
      vertex -0.75189 1.52468 0
    endloop
  endfacet
  facet normal 0 0 -1
    outer loop
      vertex -0.944468 -1.4135 0
      vertex -0.849999 1.47224 0
      vertex -0.849999 -1.47224 0
    endloop
  endfacet
  facet normal 0 0 -1
    outer loop
      vertex -0.944468 -1.4135 0
      vertex -0.944468 1.4135 0
      vertex -0.849999 1.47224 0
    endloop
  endfacet
  facet normal 0 0 -1
    outer loop
      vertex -1.03489 -1.3487 0
      vertex -0.944468 1.4135 0
      vertex -0.944468 -1.4135 0
    endloop
  endfacet
  facet normal 0 0 -1
    outer loop
      vertex -1.03489 -1.3487 0
      vertex -1.03489 1.3487 0
      vertex -0.944468 1.4135 0
    endloop
  endfacet
  facet normal 0 0 -1
    outer loop
      vertex -1.12089 -1.27813 0
      vertex -1.03489 1.3487 0
      vertex -1.03489 -1.3487 0
    endloop
  endfacet
  facet normal 0 0 -1
    outer loop
      vertex -1.12089 -1.27813 0
      vertex -1.12089 1.27813 0
      vertex -1.03489 1.3487 0
    endloop
  endfacet
  facet normal 0 0 -1
    outer loop
      vertex -1.20208 -1.20208 0
      vertex -1.12089 1.27813 0
      vertex -1.12089 -1.27813 0
    endloop
  endfacet
  facet normal 0 0 -1
    outer loop
      vertex -1.20208 -1.20208 0
      vertex -1.20208 1.20208 0
      vertex -1.12089 1.27813 0
    endloop
  endfacet
  facet normal 0 0 -1
    outer loop
      vertex -1.27813 -1.12089 0
      vertex -1.20208 1.20208 0
      vertex -1.20208 -1.20208 0
    endloop
  endfacet
  facet normal 0 0 -1
    outer loop
      vertex -1.27813 -1.12089 0
      vertex -1.27813 1.12089 0
      vertex -1.20208 1.20208 0
    endloop
  endfacet
  facet normal 0 0 -1
    outer loop
      vertex -1.3487 -1.03489 0
      vertex -1.27813 1.12089 0
      vertex -1.27813 -1.12089 0
    endloop
  endfacet
  facet normal 0 0 -1
    outer loop
      vertex -1.3487 -1.03489 0
      vertex -1.3487 1.03489 0
      vertex -1.27813 1.12089 0
    endloop
  endfacet
  facet normal 0 0 -1
    outer loop
      vertex -1.4135 -0.944468 0
      vertex -1.3487 1.03489 0
      vertex -1.3487 -1.03489 0
    endloop
  endfacet
  facet normal 0 0 -1
    outer loop
      vertex -1.4135 -0.944468 0
      vertex -1.4135 0.944468 0
      vertex -1.3487 1.03489 0
    endloop
  endfacet
  facet normal 0 0 -1
    outer loop
      vertex -1.47224 -0.849999 0
      vertex -1.4135 0.944468 0
      vertex -1.4135 -0.944468 0
    endloop
  endfacet
  facet normal 0 0 -1
    outer loop
      vertex -1.47224 -0.849999 0
      vertex -1.47224 0.849999 0
      vertex -1.4135 0.944468 0
    endloop
  endfacet
  facet normal 0 0 -1
    outer loop
      vertex -1.52468 -0.75189 0
      vertex -1.47224 0.849999 0
      vertex -1.47224 -0.849999 0
    endloop
  endfacet
  facet normal 0 0 -1
    outer loop
      vertex -1.52468 -0.75189 0
      vertex -1.52468 0.75189 0
      vertex -1.47224 0.849999 0
    endloop
  endfacet
  facet normal 0 0 -1
    outer loop
      vertex -1.57059 -0.650561 0
      vertex -1.52468 0.75189 0
      vertex -1.52468 -0.75189 0
    endloop
  endfacet
  facet normal 0 0 -1
    outer loop
      vertex -1.57059 -0.650561 0
      vertex -1.57059 0.650561 0
      vertex -1.52468 0.75189 0
    endloop
  endfacet
  facet normal 0 0 -1
    outer loop
      vertex -1.60978 -0.546447 0
      vertex -1.57059 0.650561 0
      vertex -1.57059 -0.650561 0
    endloop
  endfacet
  facet normal 0 0 -1
    outer loop
      vertex -1.60978 -0.546447 0
      vertex -1.60978 0.546447 0
      vertex -1.57059 0.650561 0
    endloop
  endfacet
  facet normal 0 0 -1
    outer loop
      vertex -1.64207 -0.439992 0
      vertex -1.60978 0.546447 0
      vertex -1.60978 -0.546447 0
    endloop
  endfacet
  facet normal 0 0 -1
    outer loop
      vertex -1.64207 -0.439992 0
      vertex -1.64207 0.439992 0
      vertex -1.60978 0.546447 0
    endloop
  endfacet
  facet normal 0 0 -1
    outer loop
      vertex -1.66733 -0.331653 0
      vertex -1.64207 0.439992 0
      vertex -1.64207 -0.439992 0
    endloop
  endfacet
  facet normal 0 0 -1
    outer loop
      vertex -1.66733 -0.331653 0
      vertex -1.66733 0.331653 0
      vertex -1.64207 0.439992 0
    endloop
  endfacet
  facet normal 0 0 -1
    outer loop
      vertex -1.68546 -0.221894 0
      vertex -1.66733 0.331653 0
      vertex -1.66733 -0.331653 0
    endloop
  endfacet
  facet normal 0 0 -1
    outer loop
      vertex -1.68546 -0.221894 0
      vertex -1.68546 0.221894 0
      vertex -1.66733 0.331653 0
    endloop
  endfacet
  facet normal 0 0 -1
    outer loop
      vertex -1.69636 -0.111185 0
      vertex -1.68546 0.221894 0
      vertex -1.68546 -0.221894 0
    endloop
  endfacet
  facet normal 0 0 -1
    outer loop
      vertex -1.69636 -0.111185 0
      vertex -1.69636 0.111185 0
      vertex -1.68546 0.221894 0
    endloop
  endfacet
  facet normal 0 -0 -1
    outer loop
      vertex -1.69636 0.111185 0
      vertex -1.69636 -0.111185 0
      vertex -1.7 0 0
    endloop
  endfacet
  facet normal -0.888569 -0.269521 -0.371218
    outer loop
      vertex -1.60978 -0.546447 0
      vertex -2.33106 -0.785418 1.9
      vertex -1.64207 -0.439992 0
    endloop
  endfacet
  facet normal -0.888784 -0.268822 -0.371212
    outer loop
      vertex -2.33106 -0.785418 1.9
      vertex -1.60978 -0.546447 0
      vertex -2.32945 -0.790741 1.9
    endloop
  endfacet
  facet normal -0.788525 -0.490334 -0.371216
    outer loop
      vertex -2.04541 -1.3667 1.9
      vertex -2.12748 -1.23472 1.9
      vertex -1.4135 -0.944468 0
    endloop
  endfacet
  facet normal -0.0304107 -0.928047 -0.371219
    outer loop
      vertex 0 -2.46 1.9
      vertex -0.155332 -2.45491 1.9
      vertex 0 -1.7 0
    endloop
  endfacet
  facet normal -0.490936 -0.788169 -0.371175
    outer loop
      vertex -0.944468 -1.4135 0
      vertex -1.23 -2.13042 1.9
      vertex -1.23472 -2.12748 1.9
    endloop
  endfacet
  facet normal -0.490307 -0.78854 -0.37122
    outer loop
      vertex -1.23 -2.13042 1.9
      vertex -0.944468 -1.4135 0
      vertex -0.849999 -1.47224 0
    endloop
  endfacet
  facet normal -0.589173 -0.71769 -0.371209
    outer loop
      vertex -1.12089 -1.27813 0
      vertex -1.49755 -1.95165 1.9
      vertex -1.50185 -1.94812 1.9
    endloop
  endfacet
  facet normal -0.589021 -0.717809 -0.371221
    outer loop
      vertex -1.49755 -1.95165 1.9
      vertex -1.12089 -1.27813 0
      vertex -1.03489 -1.3487 0
    endloop
  endfacet
  facet normal -0.717765 -0.589077 -0.371216
    outer loop
      vertex -1.84952 -1.62199 1.9
      vertex -1.94812 -1.50185 1.9
      vertex -1.27813 -1.12089 0
    endloop
  endfacet
  facet normal -0.0304107 0.928047 -0.371219
    outer loop
      vertex 0 1.7 0
      vertex -0.155332 2.45491 1.9
      vertex 0 2.46 1.9
    endloop
  endfacet
  facet normal 0.150265 0.916281 -0.371281
    outer loop
      vertex 0.331653 1.66733 0
      vertex 0.321094 2.43895 1.9
      vertex 0.326582 2.43805 1.9
    endloop
  endfacet
  facet normal 0.151327 0.916133 -0.371215
    outer loop
      vertex 0.321094 2.43895 1.9
      vertex 0.331653 1.66733 0
      vertex 0.221894 1.68546 0
    endloop
  endfacet
  facet normal 0.54083 0.754784 -0.37122
    outer loop
      vertex 1.49755 1.95165 1.9
      vertex 1.03489 1.3487 0
      vertex 1.37122 2.04217 1.9
    endloop
  endfacet
  facet normal 0.924076 0.0909934 -0.371218
    outer loop
      vertex 2.45473 0.160891 1.9
      vertex 1.69636 0.111185 0
      vertex 2.4395 0.315558 1.9
    endloop
  endfacet
  facet normal 0.754784 0.54083 -0.37122
    outer loop
      vertex 2.04217 1.37122 1.9
      vertex 1.3487 1.03489 0
      vertex 1.95165 1.49755 1.9
    endloop
  endfacet
  facet normal 0.90439 0.210362 -0.371251
    outer loop
      vertex 2.41273 0.479922 1.9
      vertex 1.64207 0.439992 0
      vertex 2.41147 0.485339 1.9
    endloop
  endfacet
  facet normal 0.90429 0.210842 -0.371221
    outer loop
      vertex 1.64207 0.439992 0
      vertex 2.41273 0.479922 1.9
      vertex 1.66733 0.331653 0
    endloop
  endfacet
  facet normal -0.26957 0.888553 -0.371221
    outer loop
      vertex -0.439992 1.64207 0
      vertex -0.785418 2.33106 1.9
      vertex -0.636694 2.37618 1.9
    endloop
  endfacet
  facet normal -0.677709 0.634751 -0.371216
    outer loop
      vertex -1.27813 1.12089 0
      vertex -1.84952 1.62199 1.9
      vertex -1.74328 1.73542 1.9
    endloop
  endfacet
  facet normal -0.67793 0.634516 -0.371215
    outer loop
      vertex -1.20208 1.20208 0
      vertex -1.74328 1.73542 1.9
      vertex -1.73948 1.73948 1.9
    endloop
  endfacet
  facet normal -0.677682 0.634779 -0.371218
    outer loop
      vertex -1.74328 1.73542 1.9
      vertex -1.20208 1.20208 0
      vertex -1.27813 1.12089 0
    endloop
  endfacet
  facet normal -0.846232 0.382223 -0.371209
    outer loop
      vertex -1.52468 0.75189 0
      vertex -2.2086 1.08296 1.9
      vertex -2.20631 1.08803 1.9
    endloop
  endfacet
  facet normal -0.845783 0.383206 -0.371219
    outer loop
      vertex -2.2086 1.08296 1.9
      vertex -1.52468 0.75189 0
      vertex -1.57059 0.650561 0
    endloop
  endfacet
  facet normal -0.888553 0.26957 -0.371221
    outer loop
      vertex -1.64207 0.439992 0
      vertex -2.37618 0.636694 1.9
      vertex -2.33106 0.785418 1.9
    endloop
  endfacet
  facet normal -0.754784 0.54083 -0.37122
    outer loop
      vertex -1.3487 1.03489 0
      vertex -2.04217 1.37122 1.9
      vertex -1.95165 1.49755 1.9
    endloop
  endfacet
  facet normal -0.928061 0.0300505 -0.371214
    outer loop
      vertex -1.69636 0.111185 0
      vertex -2.45491 0.155332 1.9
      vertex -2.45473 0.160891 1.9
    endloop
  endfacet
  facet normal -0.928049 0.0303827 -0.371217
    outer loop
      vertex -2.45491 0.155332 1.9
      vertex -1.69636 0.111185 0
      vertex -1.7 0 0
    endloop
  endfacet
  facet normal -0.928047 0.0304107 -0.371219
    outer loop
      vertex -1.7 0 0
      vertex -2.46 0 1.9
      vertex -2.45491 0.155332 1.9
    endloop
  endfacet
  facet normal 0.845783 -0.383206 -0.371219
    outer loop
      vertex 2.2086 -1.08296 1.9
      vertex 1.52468 -0.75189 0
      vertex 1.57059 -0.650561 0
    endloop
  endfacet
  facet normal 0.846232 -0.382223 -0.371209
    outer loop
      vertex 1.52468 -0.75189 0
      vertex 2.2086 -1.08296 1.9
      vertex 2.20631 -1.08803 1.9
    endloop
  endfacet
  facet normal 0.818904 -0.43771 -0.371222
    outer loop
      vertex 2.20631 -1.08803 1.9
      vertex 1.47224 -0.849999 0
      vertex 1.52468 -0.75189 0
    endloop
  endfacet
  facet normal 0.818536 -0.438442 -0.371171
    outer loop
      vertex 1.47224 -0.849999 0
      vertex 2.20631 -1.08803 1.9
      vertex 2.20368 -1.09294 1.9
    endloop
  endfacet
  facet normal 0.754784 -0.54083 -0.37122
    outer loop
      vertex 1.95165 -1.49755 1.9
      vertex 1.3487 -1.03489 0
      vertex 2.04217 -1.37122 1.9
    endloop
  endfacet
  facet normal 0.754748 -0.540882 -0.371216
    outer loop
      vertex 2.04541 -1.3667 1.9
      vertex 1.3487 -1.03489 0
      vertex 1.4135 -0.944468 0
    endloop
  endfacet
  facet normal 0.754688 -0.540971 -0.37121
    outer loop
      vertex 1.3487 -1.03489 0
      vertex 2.04541 -1.3667 1.9
      vertex 2.04217 -1.37122 1.9
    endloop
  endfacet
  facet normal 0.717765 -0.589077 -0.371216
    outer loop
      vertex 1.84952 -1.62199 1.9
      vertex 1.27813 -1.12089 0
      vertex 1.94812 -1.50185 1.9
    endloop
  endfacet
  facet normal 0.0909813 -0.924078 -0.371218
    outer loop
      vertex 0.221894 -1.68546 0
      vertex 0.315558 -2.4395 1.9
      vertex 0.111185 -1.69636 0
    endloop
  endfacet
  facet normal 0.0917986 -0.923994 -0.371225
    outer loop
      vertex 0.315558 -2.4395 1.9
      vertex 0.221894 -1.68546 0
      vertex 0.321094 -2.43895 1.9
    endloop
  endfacet
  facet normal 0.269521 -0.888569 -0.371218
    outer loop
      vertex 0.546447 -1.60978 0
      vertex 0.785418 -2.33106 1.9
      vertex 0.439992 -1.64207 0
    endloop
  endfacet
  facet normal 0.268822 -0.888784 -0.371212
    outer loop
      vertex 0.785418 -2.33106 1.9
      vertex 0.546447 -1.60978 0
      vertex 0.790741 -2.32945 1.9
    endloop
  endfacet
  facet normal 0.589077 -0.717765 -0.371216
    outer loop
      vertex 1.50185 -1.94812 1.9
      vertex 1.12089 -1.27813 0
      vertex 1.62199 -1.84952 1.9
    endloop
  endfacet
  facet normal 0.589021 -0.717809 -0.371221
    outer loop
      vertex 1.12089 -1.27813 0
      vertex 1.49755 -1.95165 1.9
      vertex 1.03489 -1.3487 0
    endloop
  endfacet
  facet normal 0.589173 -0.71769 -0.371209
    outer loop
      vertex 1.49755 -1.95165 1.9
      vertex 1.12089 -1.27813 0
      vertex 1.50185 -1.94812 1.9
    endloop
  endfacet
  facet normal 0.490307 -0.78854 -0.37122
    outer loop
      vertex 0.944468 -1.4135 0
      vertex 1.23 -2.13042 1.9
      vertex 0.849999 -1.47224 0
    endloop
  endfacet
  facet normal 0.490936 -0.788169 -0.371175
    outer loop
      vertex 1.23 -2.13042 1.9
      vertex 0.944468 -1.4135 0
      vertex 1.23472 -2.12748 1.9
    endloop
  endfacet
  facet normal -0.90429 -0.210842 -0.371221
    outer loop
      vertex -1.64207 -0.439992 0
      vertex -2.41273 -0.479922 1.9
      vertex -1.66733 -0.331653 0
    endloop
  endfacet
  facet normal -0.90439 -0.210362 -0.371251
    outer loop
      vertex -2.41273 -0.479922 1.9
      vertex -1.64207 -0.439992 0
      vertex -2.41147 -0.485339 1.9
    endloop
  endfacet
  facet normal -0.904289 -0.210844 -0.371222
    outer loop
      vertex -2.37618 -0.636694 1.9
      vertex -2.41147 -0.485339 1.9
      vertex -1.64207 -0.439992 0
    endloop
  endfacet
  facet normal -0.845783 -0.383206 -0.371219
    outer loop
      vertex -1.52468 -0.75189 0
      vertex -2.2086 -1.08296 1.9
      vertex -1.57059 -0.650561 0
    endloop
  endfacet
  facet normal -0.846232 -0.382223 -0.371209
    outer loop
      vertex -2.2086 -1.08296 1.9
      vertex -1.52468 -0.75189 0
      vertex -2.20631 -1.08803 1.9
    endloop
  endfacet
  facet normal -0.845777 -0.383219 -0.37122
    outer loop
      vertex -2.2086 -1.08296 1.9
      vertex -2.27274 -0.941401 1.9
      vertex -1.57059 -0.650561 0
    endloop
  endfacet
  facet normal -0.869019 -0.327111 -0.37122
    outer loop
      vertex -1.57059 -0.650561 0
      vertex -2.32945 -0.790741 1.9
      vertex -1.60978 -0.546447 0
    endloop
  endfacet
  facet normal -0.868999 -0.327168 -0.371216
    outer loop
      vertex -2.32945 -0.790741 1.9
      vertex -1.57059 -0.650561 0
      vertex -2.32749 -0.795947 1.9
    endloop
  endfacet
  facet normal -0.78854 -0.490307 -0.37122
    outer loop
      vertex -1.4135 -0.944468 0
      vertex -2.13042 -1.23 1.9
      vertex -1.47224 -0.849999 0
    endloop
  endfacet
  facet normal -0.788169 -0.490936 -0.371175
    outer loop
      vertex -2.13042 -1.23 1.9
      vertex -1.4135 -0.944468 0
      vertex -2.12748 -1.23472 1.9
    endloop
  endfacet
  facet normal -0.818904 -0.437713 -0.37122
    outer loop
      vertex -2.13042 -1.23 1.9
      vertex -2.20368 -1.09294 1.9
      vertex -1.47224 -0.849999 0
    endloop
  endfacet
  facet normal -0.0300505 -0.928061 -0.371214
    outer loop
      vertex -0.111185 -1.69636 0
      vertex -0.155332 -2.45491 1.9
      vertex -0.160891 -2.45473 1.9
    endloop
  endfacet
  facet normal -0.0303827 -0.928049 -0.371217
    outer loop
      vertex -0.155332 -2.45491 1.9
      vertex -0.111185 -1.69636 0
      vertex 0 -1.7 0
    endloop
  endfacet
  facet normal -0.0909934 -0.924076 -0.371218
    outer loop
      vertex -0.160891 -2.45473 1.9
      vertex -0.315558 -2.4395 1.9
      vertex -0.111185 -1.69636 0
    endloop
  endfacet
  facet normal -0.210844 -0.904289 -0.371222
    outer loop
      vertex -0.485339 -2.41147 1.9
      vertex -0.636694 -2.37618 1.9
      vertex -0.439992 -1.64207 0
    endloop
  endfacet
  facet normal -0.26957 -0.888553 -0.371221
    outer loop
      vertex -0.636694 -2.37618 1.9
      vertex -0.785418 -2.33106 1.9
      vertex -0.439992 -1.64207 0
    endloop
  endfacet
  facet normal -0.327168 -0.868999 -0.371216
    outer loop
      vertex -0.650561 -1.57059 0
      vertex -0.790741 -2.32945 1.9
      vertex -0.795947 -2.32749 1.9
    endloop
  endfacet
  facet normal -0.327111 -0.869019 -0.37122
    outer loop
      vertex -0.790741 -2.32945 1.9
      vertex -0.650561 -1.57059 0
      vertex -0.546447 -1.60978 0
    endloop
  endfacet
  facet normal -0.383219 -0.845777 -0.37122
    outer loop
      vertex -0.941401 -2.27274 1.9
      vertex -1.08296 -2.2086 1.9
      vertex -0.650561 -1.57059 0
    endloop
  endfacet
  facet normal -0.634751 -0.677709 -0.371216
    outer loop
      vertex -1.62199 -1.84952 1.9
      vertex -1.73542 -1.74328 1.9
      vertex -1.12089 -1.27813 0
    endloop
  endfacet
  facet normal -0.589077 -0.717765 -0.371216
    outer loop
      vertex -1.50185 -1.94812 1.9
      vertex -1.62199 -1.84952 1.9
      vertex -1.12089 -1.27813 0
    endloop
  endfacet
  facet normal -0.490334 -0.788525 -0.371216
    outer loop
      vertex -1.23472 -2.12748 1.9
      vertex -1.3667 -2.04541 1.9
      vertex -0.944468 -1.4135 0
    endloop
  endfacet
  facet normal -0.540971 -0.754688 -0.37121
    outer loop
      vertex -1.03489 -1.3487 0
      vertex -1.3667 -2.04541 1.9
      vertex -1.37122 -2.04217 1.9
    endloop
  endfacet
  facet normal -0.540882 -0.754748 -0.371216
    outer loop
      vertex -1.3667 -2.04541 1.9
      vertex -1.03489 -1.3487 0
      vertex -0.944468 -1.4135 0
    endloop
  endfacet
  facet normal -0.54083 -0.754784 -0.37122
    outer loop
      vertex -1.37122 -2.04217 1.9
      vertex -1.49755 -1.95165 1.9
      vertex -1.03489 -1.3487 0
    endloop
  endfacet
  facet normal -0.634516 -0.67793 -0.371215
    outer loop
      vertex -1.20208 -1.20208 0
      vertex -1.73542 -1.74328 1.9
      vertex -1.73948 -1.73948 1.9
    endloop
  endfacet
  facet normal -0.634779 -0.677682 -0.371218
    outer loop
      vertex -1.73542 -1.74328 1.9
      vertex -1.20208 -1.20208 0
      vertex -1.12089 -1.27813 0
    endloop
  endfacet
  facet normal -0.677682 -0.634779 -0.371218
    outer loop
      vertex -1.20208 -1.20208 0
      vertex -1.74328 -1.73542 1.9
      vertex -1.27813 -1.12089 0
    endloop
  endfacet
  facet normal -0.67793 -0.634516 -0.371215
    outer loop
      vertex -1.74328 -1.73542 1.9
      vertex -1.20208 -1.20208 0
      vertex -1.73948 -1.73948 1.9
    endloop
  endfacet
  facet normal -0.754784 -0.54083 -0.37122
    outer loop
      vertex -1.95165 -1.49755 1.9
      vertex -2.04217 -1.37122 1.9
      vertex -1.3487 -1.03489 0
    endloop
  endfacet
  facet normal -0.754748 -0.540882 -0.371216
    outer loop
      vertex -1.3487 -1.03489 0
      vertex -2.04541 -1.3667 1.9
      vertex -1.4135 -0.944468 0
    endloop
  endfacet
  facet normal -0.754688 -0.540971 -0.37121
    outer loop
      vertex -2.04541 -1.3667 1.9
      vertex -1.3487 -1.03489 0
      vertex -2.04217 -1.37122 1.9
    endloop
  endfacet
  facet normal 0.0304107 0.928047 -0.371219
    outer loop
      vertex 0.155332 2.45491 1.9
      vertex 0 1.7 0
      vertex 0 2.46 1.9
    endloop
  endfacet
  facet normal 0.151276 0.916139 -0.371221
    outer loop
      vertex 0.331653 1.66733 0
      vertex 0.326582 2.43805 1.9
      vertex 0.479922 2.41273 1.9
    endloop
  endfacet
  facet normal 0.210362 0.90439 -0.371251
    outer loop
      vertex 0.439992 1.64207 0
      vertex 0.479922 2.41273 1.9
      vertex 0.485339 2.41147 1.9
    endloop
  endfacet
  facet normal 0.210842 0.90429 -0.371221
    outer loop
      vertex 0.479922 2.41273 1.9
      vertex 0.439992 1.64207 0
      vertex 0.331653 1.66733 0
    endloop
  endfacet
  facet normal 0.438442 0.818536 -0.371171
    outer loop
      vertex 0.849999 1.47224 0
      vertex 1.08803 2.20631 1.9
      vertex 1.09294 2.20368 1.9
    endloop
  endfacet
  facet normal 0.43771 0.818904 -0.371222
    outer loop
      vertex 1.08803 2.20631 1.9
      vertex 0.849999 1.47224 0
      vertex 0.75189 1.52468 0
    endloop
  endfacet
  facet normal 0.383219 0.845777 -0.37122
    outer loop
      vertex 1.08296 2.2086 1.9
      vertex 0.650561 1.57059 0
      vertex 0.941401 2.27274 1.9
    endloop
  endfacet
  facet normal 0.0300505 0.928061 -0.371214
    outer loop
      vertex 0.111185 1.69636 0
      vertex 0.155332 2.45491 1.9
      vertex 0.160891 2.45473 1.9
    endloop
  endfacet
  facet normal 0.0303827 0.928049 -0.371217
    outer loop
      vertex 0.155332 2.45491 1.9
      vertex 0.111185 1.69636 0
      vertex 0 1.7 0
    endloop
  endfacet
  facet normal 0.0909934 0.924076 -0.371218
    outer loop
      vertex 0.315558 2.4395 1.9
      vertex 0.111185 1.69636 0
      vertex 0.160891 2.45473 1.9
    endloop
  endfacet
  facet normal 0.589077 0.717765 -0.371216
    outer loop
      vertex 1.62199 1.84952 1.9
      vertex 1.12089 1.27813 0
      vertex 1.50185 1.94812 1.9
    endloop
  endfacet
  facet normal 0.634751 0.677709 -0.371216
    outer loop
      vertex 1.73542 1.74328 1.9
      vertex 1.12089 1.27813 0
      vertex 1.62199 1.84952 1.9
    endloop
  endfacet
  facet normal 0.845777 0.383219 -0.37122
    outer loop
      vertex 2.27274 0.941401 1.9
      vertex 1.57059 0.650561 0
      vertex 2.2086 1.08296 1.9
    endloop
  endfacet
  facet normal -0.0909934 0.924076 -0.371218
    outer loop
      vertex -0.111185 1.69636 0
      vertex -0.315558 2.4395 1.9
      vertex -0.160891 2.45473 1.9
    endloop
  endfacet
  facet normal -0.634779 0.677682 -0.371218
    outer loop
      vertex -1.20208 1.20208 0
      vertex -1.73542 1.74328 1.9
      vertex -1.12089 1.27813 0
    endloop
  endfacet
  facet normal -0.634516 0.67793 -0.371215
    outer loop
      vertex -1.73542 1.74328 1.9
      vertex -1.20208 1.20208 0
      vertex -1.73948 1.73948 1.9
    endloop
  endfacet
  facet normal -0.589077 0.717765 -0.371216
    outer loop
      vertex -1.12089 1.27813 0
      vertex -1.62199 1.84952 1.9
      vertex -1.50185 1.94812 1.9
    endloop
  endfacet
  facet normal -0.490334 0.788525 -0.371216
    outer loop
      vertex -0.944468 1.4135 0
      vertex -1.3667 2.04541 1.9
      vertex -1.23472 2.12748 1.9
    endloop
  endfacet
  facet normal -0.540882 0.754748 -0.371216
    outer loop
      vertex -1.03489 1.3487 0
      vertex -1.3667 2.04541 1.9
      vertex -0.944468 1.4135 0
    endloop
  endfacet
  facet normal -0.540971 0.754688 -0.37121
    outer loop
      vertex -1.3667 2.04541 1.9
      vertex -1.03489 1.3487 0
      vertex -1.37122 2.04217 1.9
    endloop
  endfacet
  facet normal -0.383206 0.845783 -0.371219
    outer loop
      vertex -0.75189 1.52468 0
      vertex -1.08296 2.2086 1.9
      vertex -0.650561 1.57059 0
    endloop
  endfacet
  facet normal -0.382223 0.846232 -0.371209
    outer loop
      vertex -1.08296 2.2086 1.9
      vertex -0.75189 1.52468 0
      vertex -1.08803 2.20631 1.9
    endloop
  endfacet
  facet normal -0.868999 0.327168 -0.371216
    outer loop
      vertex -1.57059 0.650561 0
      vertex -2.32945 0.790741 1.9
      vertex -2.32749 0.795947 1.9
    endloop
  endfacet
  facet normal -0.869019 0.327111 -0.37122
    outer loop
      vertex -2.32945 0.790741 1.9
      vertex -1.57059 0.650561 0
      vertex -1.60978 0.546447 0
    endloop
  endfacet
  facet normal -0.869021 0.327106 -0.37122
    outer loop
      vertex -1.57059 0.650561 0
      vertex -2.32749 0.795947 1.9
      vertex -2.27274 0.941401 1.9
    endloop
  endfacet
  facet normal -0.90439 0.210362 -0.371251
    outer loop
      vertex -1.64207 0.439992 0
      vertex -2.41273 0.479922 1.9
      vertex -2.41147 0.485339 1.9
    endloop
  endfacet
  facet normal -0.90429 0.210842 -0.371221
    outer loop
      vertex -2.41273 0.479922 1.9
      vertex -1.64207 0.439992 0
      vertex -1.66733 0.331653 0
    endloop
  endfacet
  facet normal -0.916139 0.151276 -0.371221
    outer loop
      vertex -1.66733 0.331653 0
      vertex -2.43805 0.326582 1.9
      vertex -2.41273 0.479922 1.9
    endloop
  endfacet
  facet normal -0.788525 0.490334 -0.371216
    outer loop
      vertex -1.4135 0.944468 0
      vertex -2.12748 1.23472 1.9
      vertex -2.04541 1.3667 1.9
    endloop
  endfacet
  facet normal -0.754688 0.540971 -0.37121
    outer loop
      vertex -1.3487 1.03489 0
      vertex -2.04541 1.3667 1.9
      vertex -2.04217 1.37122 1.9
    endloop
  endfacet
  facet normal -0.754748 0.540882 -0.371216
    outer loop
      vertex -2.04541 1.3667 1.9
      vertex -1.3487 1.03489 0
      vertex -1.4135 0.944468 0
    endloop
  endfacet
  facet normal -0.717765 0.589077 -0.371216
    outer loop
      vertex -1.27813 1.12089 0
      vertex -1.94812 1.50185 1.9
      vertex -1.84952 1.62199 1.9
    endloop
  endfacet
  facet normal -0.71769 0.589173 -0.371209
    outer loop
      vertex -1.27813 1.12089 0
      vertex -1.95165 1.49755 1.9
      vertex -1.94812 1.50185 1.9
    endloop
  endfacet
  facet normal -0.717809 0.589021 -0.371221
    outer loop
      vertex -1.95165 1.49755 1.9
      vertex -1.27813 1.12089 0
      vertex -1.3487 1.03489 0
    endloop
  endfacet
  facet normal -0.924076 0.0909934 -0.371218
    outer loop
      vertex -1.69636 0.111185 0
      vertex -2.45473 0.160891 1.9
      vertex -2.4395 0.315558 1.9
    endloop
  endfacet
  facet normal -0.923994 0.0917986 -0.371225
    outer loop
      vertex -1.68546 0.221894 0
      vertex -2.4395 0.315558 1.9
      vertex -2.43895 0.321094 1.9
    endloop
  endfacet
  facet normal -0.924078 0.0909813 -0.371218
    outer loop
      vertex -2.4395 0.315558 1.9
      vertex -1.68546 0.221894 0
      vertex -1.69636 0.111185 0
    endloop
  endfacet
  facet normal 0.717809 -0.589021 -0.371221
    outer loop
      vertex 1.95165 -1.49755 1.9
      vertex 1.27813 -1.12089 0
      vertex 1.3487 -1.03489 0
    endloop
  endfacet
  facet normal 0.71769 -0.589173 -0.371209
    outer loop
      vertex 1.27813 -1.12089 0
      vertex 1.95165 -1.49755 1.9
      vertex 1.94812 -1.50185 1.9
    endloop
  endfacet
  facet normal -0.916139 -0.151276 -0.371221
    outer loop
      vertex -2.41273 -0.479922 1.9
      vertex -2.43805 -0.326582 1.9
      vertex -1.66733 -0.331653 0
    endloop
  endfacet
  facet normal -0.916133 -0.151327 -0.371215
    outer loop
      vertex -1.66733 -0.331653 0
      vertex -2.43895 -0.321094 1.9
      vertex -1.68546 -0.221894 0
    endloop
  endfacet
  facet normal -0.916281 -0.150265 -0.371281
    outer loop
      vertex -2.43895 -0.321094 1.9
      vertex -1.66733 -0.331653 0
      vertex -2.43805 -0.326582 1.9
    endloop
  endfacet
  facet normal -0.818904 -0.43771 -0.371222
    outer loop
      vertex -1.47224 -0.849999 0
      vertex -2.20631 -1.08803 1.9
      vertex -1.52468 -0.75189 0
    endloop
  endfacet
  facet normal -0.818536 -0.438442 -0.371171
    outer loop
      vertex -2.20631 -1.08803 1.9
      vertex -1.47224 -0.849999 0
      vertex -2.20368 -1.09294 1.9
    endloop
  endfacet
  facet normal -0.0917986 -0.923994 -0.371225
    outer loop
      vertex -0.221894 -1.68546 0
      vertex -0.315558 -2.4395 1.9
      vertex -0.321094 -2.43895 1.9
    endloop
  endfacet
  facet normal -0.0909813 -0.924078 -0.371218
    outer loop
      vertex -0.315558 -2.4395 1.9
      vertex -0.221894 -1.68546 0
      vertex -0.111185 -1.69636 0
    endloop
  endfacet
  facet normal -0.268822 -0.888784 -0.371212
    outer loop
      vertex -0.546447 -1.60978 0
      vertex -0.785418 -2.33106 1.9
      vertex -0.790741 -2.32945 1.9
    endloop
  endfacet
  facet normal -0.269521 -0.888569 -0.371218
    outer loop
      vertex -0.785418 -2.33106 1.9
      vertex -0.546447 -1.60978 0
      vertex -0.439992 -1.64207 0
    endloop
  endfacet
  facet normal -0.151276 -0.916139 -0.371221
    outer loop
      vertex -0.326582 -2.43805 1.9
      vertex -0.479922 -2.41273 1.9
      vertex -0.331653 -1.66733 0
    endloop
  endfacet
  facet normal -0.210362 -0.90439 -0.371251
    outer loop
      vertex -0.439992 -1.64207 0
      vertex -0.479922 -2.41273 1.9
      vertex -0.485339 -2.41147 1.9
    endloop
  endfacet
  facet normal -0.210842 -0.90429 -0.371221
    outer loop
      vertex -0.479922 -2.41273 1.9
      vertex -0.439992 -1.64207 0
      vertex -0.331653 -1.66733 0
    endloop
  endfacet
  facet normal -0.438442 -0.818536 -0.371171
    outer loop
      vertex -0.849999 -1.47224 0
      vertex -1.08803 -2.20631 1.9
      vertex -1.09294 -2.20368 1.9
    endloop
  endfacet
  facet normal -0.43771 -0.818904 -0.371222
    outer loop
      vertex -1.08803 -2.20631 1.9
      vertex -0.849999 -1.47224 0
      vertex -0.75189 -1.52468 0
    endloop
  endfacet
  facet normal -0.437713 -0.818904 -0.37122
    outer loop
      vertex -1.09294 -2.20368 1.9
      vertex -1.23 -2.13042 1.9
      vertex -0.849999 -1.47224 0
    endloop
  endfacet
  facet normal 0.268822 0.888784 -0.371212
    outer loop
      vertex 0.546447 1.60978 0
      vertex 0.785418 2.33106 1.9
      vertex 0.790741 2.32945 1.9
    endloop
  endfacet
  facet normal 0.269521 0.888569 -0.371218
    outer loop
      vertex 0.785418 2.33106 1.9
      vertex 0.546447 1.60978 0
      vertex 0.439992 1.64207 0
    endloop
  endfacet
  facet normal 0.210844 0.904289 -0.371222
    outer loop
      vertex 0.636694 2.37618 1.9
      vertex 0.439992 1.64207 0
      vertex 0.485339 2.41147 1.9
    endloop
  endfacet
  facet normal 0.437713 0.818904 -0.37122
    outer loop
      vertex 1.23 2.13042 1.9
      vertex 0.849999 1.47224 0
      vertex 1.09294 2.20368 1.9
    endloop
  endfacet
  facet normal 0.0917986 0.923994 -0.371225
    outer loop
      vertex 0.221894 1.68546 0
      vertex 0.315558 2.4395 1.9
      vertex 0.321094 2.43895 1.9
    endloop
  endfacet
  facet normal 0.0909813 0.924078 -0.371218
    outer loop
      vertex 0.315558 2.4395 1.9
      vertex 0.221894 1.68546 0
      vertex 0.111185 1.69636 0
    endloop
  endfacet
  facet normal 0.589173 0.71769 -0.371209
    outer loop
      vertex 1.12089 1.27813 0
      vertex 1.49755 1.95165 1.9
      vertex 1.50185 1.94812 1.9
    endloop
  endfacet
  facet normal 0.589021 0.717809 -0.371221
    outer loop
      vertex 1.49755 1.95165 1.9
      vertex 1.12089 1.27813 0
      vertex 1.03489 1.3487 0
    endloop
  endfacet
  facet normal 0.71769 0.589173 -0.371209
    outer loop
      vertex 1.95165 1.49755 1.9
      vertex 1.27813 1.12089 0
      vertex 1.94812 1.50185 1.9
    endloop
  endfacet
  facet normal 0.717809 0.589021 -0.371221
    outer loop
      vertex 1.27813 1.12089 0
      vertex 1.95165 1.49755 1.9
      vertex 1.3487 1.03489 0
    endloop
  endfacet
  facet normal 0.916139 0.151276 -0.371221
    outer loop
      vertex 2.43805 0.326582 1.9
      vertex 1.66733 0.331653 0
      vertex 2.41273 0.479922 1.9
    endloop
  endfacet
  facet normal 0.916281 0.150265 -0.371281
    outer loop
      vertex 2.43895 0.321094 1.9
      vertex 1.66733 0.331653 0
      vertex 2.43805 0.326582 1.9
    endloop
  endfacet
  facet normal 0.916133 0.151327 -0.371215
    outer loop
      vertex 1.66733 0.331653 0
      vertex 2.43895 0.321094 1.9
      vertex 1.68546 0.221894 0
    endloop
  endfacet
  facet normal 0.788525 0.490334 -0.371216
    outer loop
      vertex 2.12748 1.23472 1.9
      vertex 1.4135 0.944468 0
      vertex 2.04541 1.3667 1.9
    endloop
  endfacet
  facet normal 0.818536 0.438442 -0.371171
    outer loop
      vertex 2.20631 1.08803 1.9
      vertex 1.47224 0.849999 0
      vertex 2.20368 1.09294 1.9
    endloop
  endfacet
  facet normal 0.818904 0.43771 -0.371222
    outer loop
      vertex 1.47224 0.849999 0
      vertex 2.20631 1.08803 1.9
      vertex 1.52468 0.75189 0
    endloop
  endfacet
  facet normal 0.846232 0.382223 -0.371209
    outer loop
      vertex 2.2086 1.08296 1.9
      vertex 1.52468 0.75189 0
      vertex 2.20631 1.08803 1.9
    endloop
  endfacet
  facet normal 0.845783 0.383206 -0.371219
    outer loop
      vertex 1.52468 0.75189 0
      vertex 2.2086 1.08296 1.9
      vertex 1.57059 0.650561 0
    endloop
  endfacet
  facet normal 0.888553 0.26957 -0.371221
    outer loop
      vertex 2.37618 0.636694 1.9
      vertex 1.64207 0.439992 0
      vertex 2.33106 0.785418 1.9
    endloop
  endfacet
  facet normal 0.904289 0.210844 -0.371222
    outer loop
      vertex 2.41147 0.485339 1.9
      vertex 1.64207 0.439992 0
      vertex 2.37618 0.636694 1.9
    endloop
  endfacet
  facet normal 0.869021 0.327106 -0.37122
    outer loop
      vertex 2.32749 0.795947 1.9
      vertex 1.57059 0.650561 0
      vertex 2.27274 0.941401 1.9
    endloop
  endfacet
  facet normal -0.327106 0.869021 -0.37122
    outer loop
      vertex -0.650561 1.57059 0
      vertex -0.941401 2.27274 1.9
      vertex -0.795947 2.32749 1.9
    endloop
  endfacet
  facet normal -0.0303827 0.928049 -0.371217
    outer loop
      vertex -0.111185 1.69636 0
      vertex -0.155332 2.45491 1.9
      vertex 0 1.7 0
    endloop
  endfacet
  facet normal -0.0300505 0.928061 -0.371214
    outer loop
      vertex -0.155332 2.45491 1.9
      vertex -0.111185 1.69636 0
      vertex -0.160891 2.45473 1.9
    endloop
  endfacet
  facet normal -0.210844 0.904289 -0.371222
    outer loop
      vertex -0.439992 1.64207 0
      vertex -0.636694 2.37618 1.9
      vertex -0.485339 2.41147 1.9
    endloop
  endfacet
  facet normal -0.589021 0.717809 -0.371221
    outer loop
      vertex -1.12089 1.27813 0
      vertex -1.49755 1.95165 1.9
      vertex -1.03489 1.3487 0
    endloop
  endfacet
  facet normal -0.589173 0.71769 -0.371209
    outer loop
      vertex -1.49755 1.95165 1.9
      vertex -1.12089 1.27813 0
      vertex -1.50185 1.94812 1.9
    endloop
  endfacet
  facet normal -0.634751 0.677709 -0.371216
    outer loop
      vertex -1.12089 1.27813 0
      vertex -1.73542 1.74328 1.9
      vertex -1.62199 1.84952 1.9
    endloop
  endfacet
  facet normal -0.437713 0.818904 -0.37122
    outer loop
      vertex -0.849999 1.47224 0
      vertex -1.23 2.13042 1.9
      vertex -1.09294 2.20368 1.9
    endloop
  endfacet
  facet normal -0.43771 0.818904 -0.371222
    outer loop
      vertex -0.849999 1.47224 0
      vertex -1.08803 2.20631 1.9
      vertex -0.75189 1.52468 0
    endloop
  endfacet
  facet normal -0.438442 0.818536 -0.371171
    outer loop
      vertex -1.08803 2.20631 1.9
      vertex -0.849999 1.47224 0
      vertex -1.09294 2.20368 1.9
    endloop
  endfacet
  facet normal -0.818536 0.438442 -0.371171
    outer loop
      vertex -1.47224 0.849999 0
      vertex -2.20631 1.08803 1.9
      vertex -2.20368 1.09294 1.9
    endloop
  endfacet
  facet normal -0.818904 0.43771 -0.371222
    outer loop
      vertex -2.20631 1.08803 1.9
      vertex -1.47224 0.849999 0
      vertex -1.52468 0.75189 0
    endloop
  endfacet
  facet normal -0.845777 0.383219 -0.37122
    outer loop
      vertex -1.57059 0.650561 0
      vertex -2.27274 0.941401 1.9
      vertex -2.2086 1.08296 1.9
    endloop
  endfacet
  facet normal -0.904289 0.210844 -0.371222
    outer loop
      vertex -1.64207 0.439992 0
      vertex -2.41147 0.485339 1.9
      vertex -2.37618 0.636694 1.9
    endloop
  endfacet
  facet normal 0.327168 0.868999 -0.371216
    outer loop
      vertex 0.650561 1.57059 0
      vertex 0.790741 2.32945 1.9
      vertex 0.795947 2.32749 1.9
    endloop
  endfacet
  facet normal 0.327111 0.869019 -0.37122
    outer loop
      vertex 0.790741 2.32945 1.9
      vertex 0.650561 1.57059 0
      vertex 0.546447 1.60978 0
    endloop
  endfacet
  facet normal 0.382223 0.846232 -0.371209
    outer loop
      vertex 0.75189 1.52468 0
      vertex 1.08296 2.2086 1.9
      vertex 1.08803 2.20631 1.9
    endloop
  endfacet
  facet normal 0.383206 0.845783 -0.371219
    outer loop
      vertex 1.08296 2.2086 1.9
      vertex 0.75189 1.52468 0
      vertex 0.650561 1.57059 0
    endloop
  endfacet
  facet normal 0.327106 0.869021 -0.37122
    outer loop
      vertex 0.941401 2.27274 1.9
      vertex 0.650561 1.57059 0
      vertex 0.795947 2.32749 1.9
    endloop
  endfacet
  facet normal 0.490936 0.788169 -0.371175
    outer loop
      vertex 0.944468 1.4135 0
      vertex 1.23 2.13042 1.9
      vertex 1.23472 2.12748 1.9
    endloop
  endfacet
  facet normal 0.490307 0.78854 -0.37122
    outer loop
      vertex 1.23 2.13042 1.9
      vertex 0.944468 1.4135 0
      vertex 0.849999 1.47224 0
    endloop
  endfacet
  facet normal 0.490334 0.788525 -0.371216
    outer loop
      vertex 1.3667 2.04541 1.9
      vertex 0.944468 1.4135 0
      vertex 1.23472 2.12748 1.9
    endloop
  endfacet
  facet normal 0.67793 0.634516 -0.371215
    outer loop
      vertex 1.74328 1.73542 1.9
      vertex 1.20208 1.20208 0
      vertex 1.73948 1.73948 1.9
    endloop
  endfacet
  facet normal 0.677682 0.634779 -0.371218
    outer loop
      vertex 1.20208 1.20208 0
      vertex 1.74328 1.73542 1.9
      vertex 1.27813 1.12089 0
    endloop
  endfacet
  facet normal 0.818904 0.437713 -0.37122
    outer loop
      vertex 2.20368 1.09294 1.9
      vertex 1.47224 0.849999 0
      vertex 2.13042 1.23 1.9
    endloop
  endfacet
  facet normal 0.788169 0.490936 -0.371175
    outer loop
      vertex 2.13042 1.23 1.9
      vertex 1.4135 0.944468 0
      vertex 2.12748 1.23472 1.9
    endloop
  endfacet
  facet normal 0.78854 0.490307 -0.37122
    outer loop
      vertex 1.4135 0.944468 0
      vertex 2.13042 1.23 1.9
      vertex 1.47224 0.849999 0
    endloop
  endfacet
  facet normal 0.754688 0.540971 -0.37121
    outer loop
      vertex 2.04541 1.3667 1.9
      vertex 1.3487 1.03489 0
      vertex 2.04217 1.37122 1.9
    endloop
  endfacet
  facet normal 0.754748 0.540882 -0.371216
    outer loop
      vertex 1.3487 1.03489 0
      vertex 2.04541 1.3667 1.9
      vertex 1.4135 0.944468 0
    endloop
  endfacet
  facet normal 0.868999 0.327168 -0.371216
    outer loop
      vertex 2.32945 0.790741 1.9
      vertex 1.57059 0.650561 0
      vertex 2.32749 0.795947 1.9
    endloop
  endfacet
  facet normal 0.869019 0.327111 -0.37122
    outer loop
      vertex 1.57059 0.650561 0
      vertex 2.32945 0.790741 1.9
      vertex 1.60978 0.546447 0
    endloop
  endfacet
  facet normal 0.888784 0.268822 -0.371212
    outer loop
      vertex 2.33106 0.785418 1.9
      vertex 1.60978 0.546447 0
      vertex 2.32945 0.790741 1.9
    endloop
  endfacet
  facet normal 0.888569 0.269521 -0.371218
    outer loop
      vertex 1.60978 0.546447 0
      vertex 2.33106 0.785418 1.9
      vertex 1.64207 0.439992 0
    endloop
  endfacet
  facet normal -0.327111 0.869019 -0.37122
    outer loop
      vertex -0.650561 1.57059 0
      vertex -0.790741 2.32945 1.9
      vertex -0.546447 1.60978 0
    endloop
  endfacet
  facet normal -0.327168 0.868999 -0.371216
    outer loop
      vertex -0.790741 2.32945 1.9
      vertex -0.650561 1.57059 0
      vertex -0.795947 2.32749 1.9
    endloop
  endfacet
  facet normal -0.269521 0.888569 -0.371218
    outer loop
      vertex -0.546447 1.60978 0
      vertex -0.785418 2.33106 1.9
      vertex -0.439992 1.64207 0
    endloop
  endfacet
  facet normal -0.268822 0.888784 -0.371212
    outer loop
      vertex -0.785418 2.33106 1.9
      vertex -0.546447 1.60978 0
      vertex -0.790741 2.32945 1.9
    endloop
  endfacet
  facet normal -0.0909813 0.924078 -0.371218
    outer loop
      vertex -0.221894 1.68546 0
      vertex -0.315558 2.4395 1.9
      vertex -0.111185 1.69636 0
    endloop
  endfacet
  facet normal -0.0917986 0.923994 -0.371225
    outer loop
      vertex -0.315558 2.4395 1.9
      vertex -0.221894 1.68546 0
      vertex -0.321094 2.43895 1.9
    endloop
  endfacet
  facet normal -0.151276 0.916139 -0.371221
    outer loop
      vertex -0.331653 1.66733 0
      vertex -0.479922 2.41273 1.9
      vertex -0.326582 2.43805 1.9
    endloop
  endfacet
  facet normal -0.210842 0.90429 -0.371221
    outer loop
      vertex -0.439992 1.64207 0
      vertex -0.479922 2.41273 1.9
      vertex -0.331653 1.66733 0
    endloop
  endfacet
  facet normal -0.210362 0.90439 -0.371251
    outer loop
      vertex -0.479922 2.41273 1.9
      vertex -0.439992 1.64207 0
      vertex -0.485339 2.41147 1.9
    endloop
  endfacet
  facet normal -0.490307 0.78854 -0.37122
    outer loop
      vertex -0.944468 1.4135 0
      vertex -1.23 2.13042 1.9
      vertex -0.849999 1.47224 0
    endloop
  endfacet
  facet normal -0.490936 0.788169 -0.371175
    outer loop
      vertex -1.23 2.13042 1.9
      vertex -0.944468 1.4135 0
      vertex -1.23472 2.12748 1.9
    endloop
  endfacet
  facet normal 0.540971 0.754688 -0.37121
    outer loop
      vertex 1.03489 1.3487 0
      vertex 1.3667 2.04541 1.9
      vertex 1.37122 2.04217 1.9
    endloop
  endfacet
  facet normal 0.540882 0.754748 -0.371216
    outer loop
      vertex 1.3667 2.04541 1.9
      vertex 1.03489 1.3487 0
      vertex 0.944468 1.4135 0
    endloop
  endfacet
  facet normal 0.717765 0.589077 -0.371216
    outer loop
      vertex 1.94812 1.50185 1.9
      vertex 1.27813 1.12089 0
      vertex 1.84952 1.62199 1.9
    endloop
  endfacet
  facet normal 0.677709 0.634751 -0.371216
    outer loop
      vertex 1.84952 1.62199 1.9
      vertex 1.27813 1.12089 0
      vertex 1.74328 1.73542 1.9
    endloop
  endfacet
  facet normal 0.634516 0.67793 -0.371215
    outer loop
      vertex 1.20208 1.20208 0
      vertex 1.73542 1.74328 1.9
      vertex 1.73948 1.73948 1.9
    endloop
  endfacet
  facet normal 0.634779 0.677682 -0.371218
    outer loop
      vertex 1.73542 1.74328 1.9
      vertex 1.20208 1.20208 0
      vertex 1.12089 1.27813 0
    endloop
  endfacet
  facet normal -0.151327 0.916133 -0.371215
    outer loop
      vertex -0.331653 1.66733 0
      vertex -0.321094 2.43895 1.9
      vertex -0.221894 1.68546 0
    endloop
  endfacet
  facet normal -0.150265 0.916281 -0.371281
    outer loop
      vertex -0.321094 2.43895 1.9
      vertex -0.331653 1.66733 0
      vertex -0.326582 2.43805 1.9
    endloop
  endfacet
  facet normal 0.582498 0.812832 -0
    outer loop
      vertex 1.5219 1.98338 1.9
      vertex 1.38893 2.07867 3.6
      vertex 1.5219 1.98338 3.6
    endloop
  endfacet
  facet normal 0.582498 0.812832 0
    outer loop
      vertex 1.38893 2.07867 3.6
      vertex 1.5219 1.98338 1.9
      vertex 1.38893 2.07867 1.9
    endloop
  endfacet
  facet normal 0.582498 0.812832 -0
    outer loop
      vertex 1.5219 1.98338 6
      vertex 1.38893 2.07867 33
      vertex 1.5219 1.98338 33
    endloop
  endfacet
  facet normal 0.582498 0.812832 0
    outer loop
      vertex 1.38893 2.07867 33
      vertex 1.5219 1.98338 6
      vertex 1.38893 2.07867 6
    endloop
  endfacet
  facet normal -0.352215 0.935919 0
    outer loop
      vertex -0.803598 2.36732 1.9
      vertex -0.956708 2.3097 3.6
      vertex -0.803598 2.36732 3.6
    endloop
  endfacet
  facet normal -0.352215 0.935919 0
    outer loop
      vertex -0.956708 2.3097 3.6
      vertex -0.803598 2.36732 1.9
      vertex -0.956708 2.3097 1.9
    endloop
  endfacet
  facet normal -0.352215 0.935919 0
    outer loop
      vertex -0.803598 2.36732 6
      vertex -0.956708 2.3097 33
      vertex -0.803598 2.36732 33
    endloop
  endfacet
  facet normal -0.352215 0.935919 0
    outer loop
      vertex -0.956708 2.3097 33
      vertex -0.803598 2.36732 6
      vertex -0.956708 2.3097 6
    endloop
  endfacet
  facet normal -0.910856 0.412725 0
    outer loop
      vertex -2.3097 0.956708 1.9
      vertex -2.24218 1.10572 3.6
      vertex -2.24218 1.10572 1.9
    endloop
  endfacet
  facet normal -0.910856 0.412725 0
    outer loop
      vertex -2.24218 1.10572 3.6
      vertex -2.3097 0.956708 1.9
      vertex -2.3097 0.956708 3.6
    endloop
  endfacet
  facet normal -0.910856 0.412725 0
    outer loop
      vertex -2.3097 0.956708 6
      vertex -2.24218 1.10572 33
      vertex -2.24218 1.10572 6
    endloop
  endfacet
  facet normal -0.910856 0.412725 0
    outer loop
      vertex -2.24218 1.10572 33
      vertex -2.3097 0.956708 6
      vertex -2.3097 0.956708 33
    endloop
  endfacet
  facet normal -0.910856 -0.412725 0
    outer loop
      vertex -2.24218 -1.10572 1.9
      vertex -2.3097 -0.956708 3.6
      vertex -2.3097 -0.956708 1.9
    endloop
  endfacet
  facet normal -0.910856 -0.412725 0
    outer loop
      vertex -2.3097 -0.956708 3.6
      vertex -2.24218 -1.10572 1.9
      vertex -2.24218 -1.10572 3.6
    endloop
  endfacet
  facet normal -0.910856 -0.412725 0
    outer loop
      vertex -2.24218 -1.10572 6
      vertex -2.3097 -0.956708 33
      vertex -2.3097 -0.956708 6
    endloop
  endfacet
  facet normal -0.910856 -0.412725 0
    outer loop
      vertex -2.3097 -0.956708 33
      vertex -2.24218 -1.10572 6
      vertex -2.24218 -1.10572 33
    endloop
  endfacet
  facet normal 0.956939 0.290289 0
    outer loop
      vertex 2.41481 0.647047 3.6
      vertex 2.36732 0.803598 1.9
      vertex 2.36732 0.803598 3.6
    endloop
  endfacet
  facet normal 0.956939 0.290289 0
    outer loop
      vertex 2.36732 0.803598 1.9
      vertex 2.41481 0.647047 3.6
      vertex 2.41481 0.647047 1.9
    endloop
  endfacet
  facet normal 0.956939 0.290289 0
    outer loop
      vertex 2.41481 0.647047 33
      vertex 2.36732 0.803598 6
      vertex 2.36732 0.803598 33
    endloop
  endfacet
  facet normal 0.956939 0.290289 0
    outer loop
      vertex 2.36732 0.803598 6
      vertex 2.41481 0.647047 33
      vertex 2.41481 0.647047 6
    endloop
  endfacet
  facet normal 0.77302 0.634382 0
    outer loop
      vertex 1.98338 1.5219 3.6
      vertex 1.8796 1.64836 1.9
      vertex 1.8796 1.64836 3.6
    endloop
  endfacet
  facet normal 0.77302 0.634382 0
    outer loop
      vertex 1.8796 1.64836 1.9
      vertex 1.98338 1.5219 3.6
      vertex 1.98338 1.5219 1.9
    endloop
  endfacet
  facet normal 0.77302 0.634382 0
    outer loop
      vertex 1.98338 1.5219 33
      vertex 1.8796 1.64836 6
      vertex 1.8796 1.64836 33
    endloop
  endfacet
  facet normal 0.77302 0.634382 0
    outer loop
      vertex 1.8796 1.64836 6
      vertex 1.98338 1.5219 33
      vertex 1.98338 1.5219 6
    endloop
  endfacet
  facet normal 0.528058 0.849208 -0
    outer loop
      vertex 1.38893 2.07867 1.9
      vertex 1.25 2.16506 3.6
      vertex 1.38893 2.07867 3.6
    endloop
  endfacet
  facet normal 0.528058 0.849208 0
    outer loop
      vertex 1.25 2.16506 3.6
      vertex 1.38893 2.07867 1.9
      vertex 1.25 2.16506 1.9
    endloop
  endfacet
  facet normal 0.528058 0.849208 -0
    outer loop
      vertex 1.38893 2.07867 6
      vertex 1.25 2.16506 33
      vertex 1.38893 2.07867 33
    endloop
  endfacet
  facet normal 0.528058 0.849208 0
    outer loop
      vertex 1.25 2.16506 33
      vertex 1.38893 2.07867 6
      vertex 1.25 2.16506 6
    endloop
  endfacet
  facet normal 0.0980463 0.995182 -0
    outer loop
      vertex 0.326315 2.47861 1.9
      vertex 0.163507 2.49465 3.6
      vertex 0.326315 2.47861 3.6
    endloop
  endfacet
  facet normal 0.0980463 0.995182 0
    outer loop
      vertex 0.163507 2.49465 3.6
      vertex 0.326315 2.47861 1.9
      vertex 0.163507 2.49465 1.9
    endloop
  endfacet
  facet normal 0.0980463 0.995182 -0
    outer loop
      vertex 0.326315 2.47861 6
      vertex 0.163507 2.49465 33
      vertex 0.326315 2.47861 33
    endloop
  endfacet
  facet normal 0.0980463 0.995182 0
    outer loop
      vertex 0.163507 2.49465 33
      vertex 0.326315 2.47861 6
      vertex 0.163507 2.49465 6
    endloop
  endfacet
  facet normal -0.995182 0.0980463 0
    outer loop
      vertex -2.49465 0.163507 1.9
      vertex -2.47861 0.326315 3.6
      vertex -2.47861 0.326315 1.9
    endloop
  endfacet
  facet normal -0.995182 0.0980463 0
    outer loop
      vertex -2.47861 0.326315 3.6
      vertex -2.49465 0.163507 1.9
      vertex -2.49465 0.163507 3.6
    endloop
  endfacet
  facet normal -0.995182 0.0980463 0
    outer loop
      vertex -2.49465 0.163507 6
      vertex -2.47861 0.326315 33
      vertex -2.47861 0.326315 6
    endloop
  endfacet
  facet normal -0.995182 0.0980463 0
    outer loop
      vertex -2.47861 0.326315 33
      vertex -2.49465 0.163507 6
      vertex -2.49465 0.163507 33
    endloop
  endfacet
  facet normal -0.582498 0.812832 0
    outer loop
      vertex -1.38893 2.07867 1.9
      vertex -1.5219 1.98338 3.6
      vertex -1.38893 2.07867 3.6
    endloop
  endfacet
  facet normal -0.582498 0.812832 0
    outer loop
      vertex -1.5219 1.98338 3.6
      vertex -1.38893 2.07867 1.9
      vertex -1.5219 1.98338 1.9
    endloop
  endfacet
  facet normal -0.582498 0.812832 0
    outer loop
      vertex -1.38893 2.07867 6
      vertex -1.5219 1.98338 33
      vertex -1.38893 2.07867 33
    endloop
  endfacet
  facet normal -0.582498 0.812832 0
    outer loop
      vertex -1.5219 1.98338 33
      vertex -1.38893 2.07867 6
      vertex -1.5219 1.98338 6
    endloop
  endfacet
  facet normal 0.729894 -0.683561 0
    outer loop
      vertex 1.76777 -1.76777 3.6
      vertex 1.8796 -1.64836 1.9
      vertex 1.8796 -1.64836 3.6
    endloop
  endfacet
  facet normal 0.729894 -0.683561 0
    outer loop
      vertex 1.8796 -1.64836 1.9
      vertex 1.76777 -1.76777 3.6
      vertex 1.76777 -1.76777 1.9
    endloop
  endfacet
  facet normal 0.729894 -0.683561 0
    outer loop
      vertex 1.76777 -1.76777 33
      vertex 1.8796 -1.64836 6
      vertex 1.8796 -1.64836 33
    endloop
  endfacet
  facet normal 0.729894 -0.683561 0
    outer loop
      vertex 1.8796 -1.64836 6
      vertex 1.76777 -1.76777 33
      vertex 1.76777 -1.76777 6
    endloop
  endfacet
  facet normal 0.227084 -0.973875 0
    outer loop
      vertex 0.487725 -2.45196 1.9
      vertex 0.647047 -2.41481 3.6
      vertex 0.487725 -2.45196 3.6
    endloop
  endfacet
  facet normal 0.227084 -0.973875 0
    outer loop
      vertex 0.647047 -2.41481 3.6
      vertex 0.487725 -2.45196 1.9
      vertex 0.647047 -2.41481 1.9
    endloop
  endfacet
  facet normal 0.227084 -0.973875 0
    outer loop
      vertex 0.487725 -2.45196 6
      vertex 0.647047 -2.41481 33
      vertex 0.487725 -2.45196 33
    endloop
  endfacet
  facet normal 0.227084 -0.973875 0
    outer loop
      vertex 0.647047 -2.41481 33
      vertex 0.487725 -2.45196 6
      vertex 0.647047 -2.41481 6
    endloop
  endfacet
  facet normal 0.634382 -0.77302 0
    outer loop
      vertex 1.5219 -1.98338 1.9
      vertex 1.64836 -1.8796 3.6
      vertex 1.5219 -1.98338 3.6
    endloop
  endfacet
  facet normal 0.634382 -0.77302 0
    outer loop
      vertex 1.64836 -1.8796 3.6
      vertex 1.5219 -1.98338 1.9
      vertex 1.64836 -1.8796 1.9
    endloop
  endfacet
  facet normal 0.634382 -0.77302 0
    outer loop
      vertex 1.5219 -1.98338 6
      vertex 1.64836 -1.8796 33
      vertex 1.5219 -1.98338 33
    endloop
  endfacet
  facet normal 0.634382 -0.77302 0
    outer loop
      vertex 1.64836 -1.8796 33
      vertex 1.5219 -1.98338 6
      vertex 1.64836 -1.8796 6
    endloop
  endfacet
  facet normal -0.0980463 -0.995182 0
    outer loop
      vertex -0.326315 -2.47861 1.9
      vertex -0.163507 -2.49465 3.6
      vertex -0.326315 -2.47861 3.6
    endloop
  endfacet
  facet normal -0.0980463 -0.995182 -0
    outer loop
      vertex -0.163507 -2.49465 3.6
      vertex -0.326315 -2.47861 1.9
      vertex -0.163507 -2.49465 1.9
    endloop
  endfacet
  facet normal -0.0980463 -0.995182 0
    outer loop
      vertex -0.326315 -2.47861 6
      vertex -0.163507 -2.49465 33
      vertex -0.326315 -2.47861 33
    endloop
  endfacet
  facet normal -0.0980463 -0.995182 -0
    outer loop
      vertex -0.163507 -2.49465 33
      vertex -0.326315 -2.47861 6
      vertex -0.163507 -2.49465 6
    endloop
  endfacet
  facet normal 0.995182 0.0980463 0
    outer loop
      vertex 2.49465 0.163507 3.6
      vertex 2.47861 0.326315 1.9
      vertex 2.47861 0.326315 3.6
    endloop
  endfacet
  facet normal 0.995182 0.0980463 0
    outer loop
      vertex 2.47861 0.326315 1.9
      vertex 2.49465 0.163507 3.6
      vertex 2.49465 0.163507 1.9
    endloop
  endfacet
  facet normal 0.995182 0.0980463 0
    outer loop
      vertex 2.49465 0.163507 33
      vertex 2.47861 0.326315 6
      vertex 2.47861 0.326315 33
    endloop
  endfacet
  facet normal 0.995182 0.0980463 0
    outer loop
      vertex 2.47861 0.326315 6
      vertex 2.49465 0.163507 33
      vertex 2.49465 0.163507 6
    endloop
  endfacet
  facet normal 0.849208 0.528058 0
    outer loop
      vertex 2.16506 1.25 3.6
      vertex 2.07867 1.38893 1.9
      vertex 2.07867 1.38893 3.6
    endloop
  endfacet
  facet normal 0.849208 0.528058 0
    outer loop
      vertex 2.07867 1.38893 1.9
      vertex 2.16506 1.25 3.6
      vertex 2.16506 1.25 1.9
    endloop
  endfacet
  facet normal 0.849208 0.528058 0
    outer loop
      vertex 2.16506 1.25 33
      vertex 2.07867 1.38893 6
      vertex 2.07867 1.38893 33
    endloop
  endfacet
  facet normal 0.849208 0.528058 0
    outer loop
      vertex 2.07867 1.38893 6
      vertex 2.16506 1.25 33
      vertex 2.16506 1.25 6
    endloop
  endfacet
  facet normal 0.812832 0.582498 0
    outer loop
      vertex 2.07867 1.38893 3.6
      vertex 1.98338 1.5219 1.9
      vertex 1.98338 1.5219 3.6
    endloop
  endfacet
  facet normal 0.812832 0.582498 0
    outer loop
      vertex 1.98338 1.5219 1.9
      vertex 2.07867 1.38893 3.6
      vertex 2.07867 1.38893 1.9
    endloop
  endfacet
  facet normal 0.812832 0.582498 0
    outer loop
      vertex 2.07867 1.38893 33
      vertex 1.98338 1.5219 6
      vertex 1.98338 1.5219 33
    endloop
  endfacet
  facet normal 0.812832 0.582498 0
    outer loop
      vertex 1.98338 1.5219 6
      vertex 2.07867 1.38893 33
      vertex 2.07867 1.38893 6
    endloop
  endfacet
  facet normal 0.729894 0.683561 0
    outer loop
      vertex 1.8796 1.64836 3.6
      vertex 1.76777 1.76777 1.9
      vertex 1.76777 1.76777 3.6
    endloop
  endfacet
  facet normal 0.729894 0.683561 0
    outer loop
      vertex 1.76777 1.76777 1.9
      vertex 1.8796 1.64836 3.6
      vertex 1.8796 1.64836 1.9
    endloop
  endfacet
  facet normal 0.729894 0.683561 0
    outer loop
      vertex 1.8796 1.64836 33
      vertex 1.76777 1.76777 6
      vertex 1.76777 1.76777 33
    endloop
  endfacet
  facet normal 0.729894 0.683561 0
    outer loop
      vertex 1.76777 1.76777 6
      vertex 1.8796 1.64836 33
      vertex 1.8796 1.64836 6
    endloop
  endfacet
  facet normal 0.227084 0.973875 -0
    outer loop
      vertex 0.647047 2.41481 1.9
      vertex 0.487725 2.45196 3.6
      vertex 0.647047 2.41481 3.6
    endloop
  endfacet
  facet normal 0.227084 0.973875 0
    outer loop
      vertex 0.487725 2.45196 3.6
      vertex 0.647047 2.41481 1.9
      vertex 0.487725 2.45196 1.9
    endloop
  endfacet
  facet normal 0.227084 0.973875 -0
    outer loop
      vertex 0.647047 2.41481 6
      vertex 0.487725 2.45196 33
      vertex 0.647047 2.41481 33
    endloop
  endfacet
  facet normal 0.227084 0.973875 0
    outer loop
      vertex 0.487725 2.45196 33
      vertex 0.647047 2.41481 6
      vertex 0.487725 2.45196 6
    endloop
  endfacet
  facet normal 0.412725 0.910856 -0
    outer loop
      vertex 1.10572 2.24218 1.9
      vertex 0.956708 2.3097 3.6
      vertex 1.10572 2.24218 3.6
    endloop
  endfacet
  facet normal 0.412725 0.910856 0
    outer loop
      vertex 0.956708 2.3097 3.6
      vertex 1.10572 2.24218 1.9
      vertex 0.956708 2.3097 1.9
    endloop
  endfacet
  facet normal 0.412725 0.910856 -0
    outer loop
      vertex 1.10572 2.24218 6
      vertex 0.956708 2.3097 33
      vertex 1.10572 2.24218 33
    endloop
  endfacet
  facet normal 0.412725 0.910856 0
    outer loop
      vertex 0.956708 2.3097 33
      vertex 1.10572 2.24218 6
      vertex 0.956708 2.3097 6
    endloop
  endfacet
  facet normal 0.352215 0.935919 -0
    outer loop
      vertex 0.956708 2.3097 1.9
      vertex 0.803598 2.36732 3.6
      vertex 0.956708 2.3097 3.6
    endloop
  endfacet
  facet normal 0.352215 0.935919 0
    outer loop
      vertex 0.803598 2.36732 3.6
      vertex 0.956708 2.3097 1.9
      vertex 0.803598 2.36732 1.9
    endloop
  endfacet
  facet normal 0.352215 0.935919 -0
    outer loop
      vertex 0.956708 2.3097 6
      vertex 0.803598 2.36732 33
      vertex 0.956708 2.3097 33
    endloop
  endfacet
  facet normal 0.352215 0.935919 0
    outer loop
      vertex 0.803598 2.36732 33
      vertex 0.956708 2.3097 6
      vertex 0.803598 2.36732 6
    endloop
  endfacet
  facet normal -0.973875 0.227084 0
    outer loop
      vertex -2.45196 0.487725 1.9
      vertex -2.41481 0.647047 3.6
      vertex -2.41481 0.647047 1.9
    endloop
  endfacet
  facet normal -0.973875 0.227084 0
    outer loop
      vertex -2.41481 0.647047 3.6
      vertex -2.45196 0.487725 1.9
      vertex -2.45196 0.487725 3.6
    endloop
  endfacet
  facet normal -0.973875 0.227084 0
    outer loop
      vertex -2.45196 0.487725 6
      vertex -2.41481 0.647047 33
      vertex -2.41481 0.647047 6
    endloop
  endfacet
  facet normal -0.973875 0.227084 0
    outer loop
      vertex -2.41481 0.647047 33
      vertex -2.45196 0.487725 6
      vertex -2.45196 0.487725 33
    endloop
  endfacet
  facet normal -0.935919 0.352215 0
    outer loop
      vertex -2.36732 0.803598 1.9
      vertex -2.3097 0.956708 3.6
      vertex -2.3097 0.956708 1.9
    endloop
  endfacet
  facet normal -0.935919 0.352215 0
    outer loop
      vertex -2.3097 0.956708 3.6
      vertex -2.36732 0.803598 1.9
      vertex -2.36732 0.803598 3.6
    endloop
  endfacet
  facet normal -0.935919 0.352215 0
    outer loop
      vertex -2.36732 0.803598 6
      vertex -2.3097 0.956708 33
      vertex -2.3097 0.956708 6
    endloop
  endfacet
  facet normal -0.935919 0.352215 0
    outer loop
      vertex -2.3097 0.956708 33
      vertex -2.36732 0.803598 6
      vertex -2.36732 0.803598 33
    endloop
  endfacet
  facet normal -0.77302 0.634382 0
    outer loop
      vertex -1.98338 1.5219 1.9
      vertex -1.8796 1.64836 3.6
      vertex -1.8796 1.64836 1.9
    endloop
  endfacet
  facet normal -0.77302 0.634382 0
    outer loop
      vertex -1.8796 1.64836 3.6
      vertex -1.98338 1.5219 1.9
      vertex -1.98338 1.5219 3.6
    endloop
  endfacet
  facet normal -0.77302 0.634382 0
    outer loop
      vertex -1.98338 1.5219 6
      vertex -1.8796 1.64836 33
      vertex -1.8796 1.64836 6
    endloop
  endfacet
  facet normal -0.77302 0.634382 0
    outer loop
      vertex -1.8796 1.64836 33
      vertex -1.98338 1.5219 6
      vertex -1.98338 1.5219 33
    endloop
  endfacet
  facet normal -0.881919 0.4714 0
    outer loop
      vertex -2.24218 1.10572 1.9
      vertex -2.16506 1.25 3.6
      vertex -2.16506 1.25 1.9
    endloop
  endfacet
  facet normal -0.881919 0.4714 0
    outer loop
      vertex -2.16506 1.25 3.6
      vertex -2.24218 1.10572 1.9
      vertex -2.24218 1.10572 3.6
    endloop
  endfacet
  facet normal -0.881919 0.4714 0
    outer loop
      vertex -2.24218 1.10572 6
      vertex -2.16506 1.25 33
      vertex -2.16506 1.25 6
    endloop
  endfacet
  facet normal -0.881919 0.4714 0
    outer loop
      vertex -2.16506 1.25 33
      vertex -2.24218 1.10572 6
      vertex -2.24218 1.10572 33
    endloop
  endfacet
  facet normal -0.812832 0.582498 0
    outer loop
      vertex -2.07867 1.38893 1.9
      vertex -1.98338 1.5219 3.6
      vertex -1.98338 1.5219 1.9
    endloop
  endfacet
  facet normal -0.812832 0.582498 0
    outer loop
      vertex -1.98338 1.5219 3.6
      vertex -2.07867 1.38893 1.9
      vertex -2.07867 1.38893 3.6
    endloop
  endfacet
  facet normal -0.812832 0.582498 0
    outer loop
      vertex -2.07867 1.38893 6
      vertex -1.98338 1.5219 33
      vertex -1.98338 1.5219 6
    endloop
  endfacet
  facet normal -0.812832 0.582498 0
    outer loop
      vertex -1.98338 1.5219 33
      vertex -2.07867 1.38893 6
      vertex -2.07867 1.38893 33
    endloop
  endfacet
  facet normal -0.0980463 0.995182 0
    outer loop
      vertex -0.163507 2.49465 1.9
      vertex -0.326315 2.47861 3.6
      vertex -0.163507 2.49465 3.6
    endloop
  endfacet
  facet normal -0.0980463 0.995182 0
    outer loop
      vertex -0.326315 2.47861 3.6
      vertex -0.163507 2.49465 1.9
      vertex -0.326315 2.47861 1.9
    endloop
  endfacet
  facet normal -0.0980463 0.995182 0
    outer loop
      vertex -0.163507 2.49465 6
      vertex -0.326315 2.47861 33
      vertex -0.163507 2.49465 33
    endloop
  endfacet
  facet normal -0.0980463 0.995182 0
    outer loop
      vertex -0.326315 2.47861 33
      vertex -0.163507 2.49465 6
      vertex -0.326315 2.47861 6
    endloop
  endfacet
  facet normal -0.290289 0.956939 0
    outer loop
      vertex -0.647047 2.41481 1.9
      vertex -0.803598 2.36732 3.6
      vertex -0.647047 2.41481 3.6
    endloop
  endfacet
  facet normal -0.290289 0.956939 0
    outer loop
      vertex -0.803598 2.36732 3.6
      vertex -0.647047 2.41481 1.9
      vertex -0.803598 2.36732 1.9
    endloop
  endfacet
  facet normal -0.290289 0.956939 0
    outer loop
      vertex -0.647047 2.41481 6
      vertex -0.803598 2.36732 33
      vertex -0.647047 2.41481 33
    endloop
  endfacet
  facet normal -0.290289 0.956939 0
    outer loop
      vertex -0.803598 2.36732 33
      vertex -0.647047 2.41481 6
      vertex -0.803598 2.36732 6
    endloop
  endfacet
  facet normal -0.162902 0.986642 0
    outer loop
      vertex -0.326315 2.47861 1.9
      vertex -0.487725 2.45196 3.6
      vertex -0.326315 2.47861 3.6
    endloop
  endfacet
  facet normal -0.162902 0.986642 0
    outer loop
      vertex -0.487725 2.45196 3.6
      vertex -0.326315 2.47861 1.9
      vertex -0.487725 2.45196 1.9
    endloop
  endfacet
  facet normal -0.162902 0.986642 0
    outer loop
      vertex -0.326315 2.47861 6
      vertex -0.487725 2.45196 33
      vertex -0.326315 2.47861 33
    endloop
  endfacet
  facet normal -0.162902 0.986642 0
    outer loop
      vertex -0.487725 2.45196 33
      vertex -0.326315 2.47861 6
      vertex -0.487725 2.45196 6
    endloop
  endfacet
  facet normal -0.412725 0.910856 0
    outer loop
      vertex -0.956708 2.3097 1.9
      vertex -1.10572 2.24218 3.6
      vertex -0.956708 2.3097 3.6
    endloop
  endfacet
  facet normal -0.412725 0.910856 0
    outer loop
      vertex -1.10572 2.24218 3.6
      vertex -0.956708 2.3097 1.9
      vertex -1.10572 2.24218 1.9
    endloop
  endfacet
  facet normal -0.412725 0.910856 0
    outer loop
      vertex -0.956708 2.3097 6
      vertex -1.10572 2.24218 33
      vertex -0.956708 2.3097 33
    endloop
  endfacet
  facet normal -0.412725 0.910856 0
    outer loop
      vertex -1.10572 2.24218 33
      vertex -0.956708 2.3097 6
      vertex -1.10572 2.24218 6
    endloop
  endfacet
  facet normal 0.999465 0.0327028 0
    outer loop
      vertex 2.5 0 3.6
      vertex 2.49465 0.163507 1.9
      vertex 2.49465 0.163507 3.6
    endloop
  endfacet
  facet normal 0.999465 0.0327028 0
    outer loop
      vertex 2.49465 0.163507 1.9
      vertex 2.5 0 3.6
      vertex 2.5 0 1.9
    endloop
  endfacet
  facet normal 0.999465 0.0327028 0
    outer loop
      vertex 2.5 0 33
      vertex 2.49465 0.163507 6
      vertex 2.49465 0.163507 33
    endloop
  endfacet
  facet normal 0.999465 0.0327028 0
    outer loop
      vertex 2.49465 0.163507 6
      vertex 2.5 0 33
      vertex 2.5 0 6
    endloop
  endfacet
  facet normal 0.162902 -0.986642 0
    outer loop
      vertex 0.326315 -2.47861 1.9
      vertex 0.487725 -2.45196 3.6
      vertex 0.326315 -2.47861 3.6
    endloop
  endfacet
  facet normal 0.162902 -0.986642 0
    outer loop
      vertex 0.487725 -2.45196 3.6
      vertex 0.326315 -2.47861 1.9
      vertex 0.487725 -2.45196 1.9
    endloop
  endfacet
  facet normal 0.162902 -0.986642 0
    outer loop
      vertex 0.326315 -2.47861 6
      vertex 0.487725 -2.45196 33
      vertex 0.326315 -2.47861 33
    endloop
  endfacet
  facet normal 0.162902 -0.986642 0
    outer loop
      vertex 0.487725 -2.45196 33
      vertex 0.326315 -2.47861 6
      vertex 0.487725 -2.45196 6
    endloop
  endfacet
  facet normal 0.412725 -0.910856 0
    outer loop
      vertex 0.956708 -2.3097 1.9
      vertex 1.10572 -2.24218 3.6
      vertex 0.956708 -2.3097 3.6
    endloop
  endfacet
  facet normal 0.412725 -0.910856 0
    outer loop
      vertex 1.10572 -2.24218 3.6
      vertex 0.956708 -2.3097 1.9
      vertex 1.10572 -2.24218 1.9
    endloop
  endfacet
  facet normal 0.412725 -0.910856 0
    outer loop
      vertex 0.956708 -2.3097 6
      vertex 1.10572 -2.24218 33
      vertex 0.956708 -2.3097 33
    endloop
  endfacet
  facet normal 0.412725 -0.910856 0
    outer loop
      vertex 1.10572 -2.24218 33
      vertex 0.956708 -2.3097 6
      vertex 1.10572 -2.24218 6
    endloop
  endfacet
  facet normal 0.582498 -0.812832 0
    outer loop
      vertex 1.38893 -2.07867 1.9
      vertex 1.5219 -1.98338 3.6
      vertex 1.38893 -2.07867 3.6
    endloop
  endfacet
  facet normal 0.582498 -0.812832 0
    outer loop
      vertex 1.5219 -1.98338 3.6
      vertex 1.38893 -2.07867 1.9
      vertex 1.5219 -1.98338 1.9
    endloop
  endfacet
  facet normal 0.582498 -0.812832 0
    outer loop
      vertex 1.38893 -2.07867 6
      vertex 1.5219 -1.98338 33
      vertex 1.38893 -2.07867 33
    endloop
  endfacet
  facet normal 0.582498 -0.812832 0
    outer loop
      vertex 1.5219 -1.98338 33
      vertex 1.38893 -2.07867 6
      vertex 1.5219 -1.98338 6
    endloop
  endfacet
  facet normal -0.227084 -0.973875 0
    outer loop
      vertex -0.647047 -2.41481 1.9
      vertex -0.487725 -2.45196 3.6
      vertex -0.647047 -2.41481 3.6
    endloop
  endfacet
  facet normal -0.227084 -0.973875 -0
    outer loop
      vertex -0.487725 -2.45196 3.6
      vertex -0.647047 -2.41481 1.9
      vertex -0.487725 -2.45196 1.9
    endloop
  endfacet
  facet normal -0.227084 -0.973875 0
    outer loop
      vertex -0.647047 -2.41481 6
      vertex -0.487725 -2.45196 33
      vertex -0.647047 -2.41481 33
    endloop
  endfacet
  facet normal -0.227084 -0.973875 -0
    outer loop
      vertex -0.487725 -2.45196 33
      vertex -0.647047 -2.41481 6
      vertex -0.487725 -2.45196 6
    endloop
  endfacet
  facet normal -0.352215 -0.935919 0
    outer loop
      vertex -0.956708 -2.3097 1.9
      vertex -0.803598 -2.36732 3.6
      vertex -0.956708 -2.3097 3.6
    endloop
  endfacet
  facet normal -0.352215 -0.935919 -0
    outer loop
      vertex -0.803598 -2.36732 3.6
      vertex -0.956708 -2.3097 1.9
      vertex -0.803598 -2.36732 1.9
    endloop
  endfacet
  facet normal -0.352215 -0.935919 0
    outer loop
      vertex -0.956708 -2.3097 6
      vertex -0.803598 -2.36732 33
      vertex -0.956708 -2.3097 33
    endloop
  endfacet
  facet normal -0.352215 -0.935919 -0
    outer loop
      vertex -0.803598 -2.36732 33
      vertex -0.956708 -2.3097 6
      vertex -0.803598 -2.36732 6
    endloop
  endfacet
  facet normal -0.162902 -0.986642 0
    outer loop
      vertex -0.487725 -2.45196 1.9
      vertex -0.326315 -2.47861 3.6
      vertex -0.487725 -2.45196 3.6
    endloop
  endfacet
  facet normal -0.162902 -0.986642 -0
    outer loop
      vertex -0.326315 -2.47861 3.6
      vertex -0.487725 -2.45196 1.9
      vertex -0.326315 -2.47861 1.9
    endloop
  endfacet
  facet normal -0.162902 -0.986642 0
    outer loop
      vertex -0.487725 -2.45196 6
      vertex -0.326315 -2.47861 33
      vertex -0.487725 -2.45196 33
    endloop
  endfacet
  facet normal -0.162902 -0.986642 -0
    outer loop
      vertex -0.326315 -2.47861 33
      vertex -0.487725 -2.45196 6
      vertex -0.326315 -2.47861 6
    endloop
  endfacet
  facet normal -0.412725 -0.910856 0
    outer loop
      vertex -1.10572 -2.24218 1.9
      vertex -0.956708 -2.3097 3.6
      vertex -1.10572 -2.24218 3.6
    endloop
  endfacet
  facet normal -0.412725 -0.910856 -0
    outer loop
      vertex -0.956708 -2.3097 3.6
      vertex -1.10572 -2.24218 1.9
      vertex -0.956708 -2.3097 1.9
    endloop
  endfacet
  facet normal -0.412725 -0.910856 0
    outer loop
      vertex -1.10572 -2.24218 6
      vertex -0.956708 -2.3097 33
      vertex -1.10572 -2.24218 33
    endloop
  endfacet
  facet normal -0.412725 -0.910856 -0
    outer loop
      vertex -0.956708 -2.3097 33
      vertex -1.10572 -2.24218 6
      vertex -0.956708 -2.3097 6
    endloop
  endfacet
  facet normal -0.995182 -0.0980463 0
    outer loop
      vertex -2.47861 -0.326315 1.9
      vertex -2.49465 -0.163507 3.6
      vertex -2.49465 -0.163507 1.9
    endloop
  endfacet
  facet normal -0.995182 -0.0980463 0
    outer loop
      vertex -2.49465 -0.163507 3.6
      vertex -2.47861 -0.326315 1.9
      vertex -2.47861 -0.326315 3.6
    endloop
  endfacet
  facet normal -0.995182 -0.0980463 0
    outer loop
      vertex -2.47861 -0.326315 6
      vertex -2.49465 -0.163507 33
      vertex -2.49465 -0.163507 6
    endloop
  endfacet
  facet normal -0.995182 -0.0980463 0
    outer loop
      vertex -2.49465 -0.163507 33
      vertex -2.47861 -0.326315 6
      vertex -2.47861 -0.326315 33
    endloop
  endfacet
  facet normal -0.849208 -0.528058 0
    outer loop
      vertex -2.07867 -1.38893 1.9
      vertex -2.16506 -1.25 3.6
      vertex -2.16506 -1.25 1.9
    endloop
  endfacet
  facet normal -0.849208 -0.528058 0
    outer loop
      vertex -2.16506 -1.25 3.6
      vertex -2.07867 -1.38893 1.9
      vertex -2.07867 -1.38893 3.6
    endloop
  endfacet
  facet normal -0.849208 -0.528058 0
    outer loop
      vertex -2.07867 -1.38893 6
      vertex -2.16506 -1.25 33
      vertex -2.16506 -1.25 6
    endloop
  endfacet
  facet normal -0.849208 -0.528058 0
    outer loop
      vertex -2.16506 -1.25 33
      vertex -2.07867 -1.38893 6
      vertex -2.07867 -1.38893 33
    endloop
  endfacet
  facet normal -0.812832 -0.582498 0
    outer loop
      vertex -1.98338 -1.5219 1.9
      vertex -2.07867 -1.38893 3.6
      vertex -2.07867 -1.38893 1.9
    endloop
  endfacet
  facet normal -0.812832 -0.582498 0
    outer loop
      vertex -2.07867 -1.38893 3.6
      vertex -1.98338 -1.5219 1.9
      vertex -1.98338 -1.5219 3.6
    endloop
  endfacet
  facet normal -0.812832 -0.582498 0
    outer loop
      vertex -1.98338 -1.5219 6
      vertex -2.07867 -1.38893 33
      vertex -2.07867 -1.38893 6
    endloop
  endfacet
  facet normal -0.812832 -0.582498 0
    outer loop
      vertex -2.07867 -1.38893 33
      vertex -1.98338 -1.5219 6
      vertex -1.98338 -1.5219 33
    endloop
  endfacet
  facet normal 0.910856 0.412725 0
    outer loop
      vertex 2.3097 0.956708 3.6
      vertex 2.24218 1.10572 1.9
      vertex 2.24218 1.10572 3.6
    endloop
  endfacet
  facet normal 0.910856 0.412725 0
    outer loop
      vertex 2.24218 1.10572 1.9
      vertex 2.3097 0.956708 3.6
      vertex 2.3097 0.956708 1.9
    endloop
  endfacet
  facet normal 0.910856 0.412725 0
    outer loop
      vertex 2.3097 0.956708 33
      vertex 2.24218 1.10572 6
      vertex 2.24218 1.10572 33
    endloop
  endfacet
  facet normal 0.910856 0.412725 0
    outer loop
      vertex 2.24218 1.10572 6
      vertex 2.3097 0.956708 33
      vertex 2.3097 0.956708 6
    endloop
  endfacet
  facet normal 0.935919 0.352215 0
    outer loop
      vertex 2.36732 0.803598 3.6
      vertex 2.3097 0.956708 1.9
      vertex 2.3097 0.956708 3.6
    endloop
  endfacet
  facet normal 0.935919 0.352215 0
    outer loop
      vertex 2.3097 0.956708 1.9
      vertex 2.36732 0.803598 3.6
      vertex 2.36732 0.803598 1.9
    endloop
  endfacet
  facet normal 0.935919 0.352215 0
    outer loop
      vertex 2.36732 0.803598 33
      vertex 2.3097 0.956708 6
      vertex 2.3097 0.956708 33
    endloop
  endfacet
  facet normal 0.935919 0.352215 0
    outer loop
      vertex 2.3097 0.956708 6
      vertex 2.36732 0.803598 33
      vertex 2.36732 0.803598 6
    endloop
  endfacet
  facet normal 0.881919 0.4714 0
    outer loop
      vertex 2.24218 1.10572 3.6
      vertex 2.16506 1.25 1.9
      vertex 2.16506 1.25 3.6
    endloop
  endfacet
  facet normal 0.881919 0.4714 0
    outer loop
      vertex 2.16506 1.25 1.9
      vertex 2.24218 1.10572 3.6
      vertex 2.24218 1.10572 1.9
    endloop
  endfacet
  facet normal 0.881919 0.4714 0
    outer loop
      vertex 2.24218 1.10572 33
      vertex 2.16506 1.25 6
      vertex 2.16506 1.25 33
    endloop
  endfacet
  facet normal 0.881919 0.4714 0
    outer loop
      vertex 2.16506 1.25 6
      vertex 2.24218 1.10572 33
      vertex 2.24218 1.10572 6
    endloop
  endfacet
  facet normal 0.683561 0.729894 -0
    outer loop
      vertex 1.76777 1.76777 1.9
      vertex 1.64836 1.8796 3.6
      vertex 1.76777 1.76777 3.6
    endloop
  endfacet
  facet normal 0.683561 0.729894 0
    outer loop
      vertex 1.64836 1.8796 3.6
      vertex 1.76777 1.76777 1.9
      vertex 1.64836 1.8796 1.9
    endloop
  endfacet
  facet normal 0.683561 0.729894 -0
    outer loop
      vertex 1.76777 1.76777 6
      vertex 1.64836 1.8796 33
      vertex 1.76777 1.76777 33
    endloop
  endfacet
  facet normal 0.683561 0.729894 0
    outer loop
      vertex 1.64836 1.8796 33
      vertex 1.76777 1.76777 6
      vertex 1.64836 1.8796 6
    endloop
  endfacet
  facet normal 0.0327028 0.999465 -0
    outer loop
      vertex 0.163507 2.49465 1.9
      vertex 0 2.5 3.6
      vertex 0.163507 2.49465 3.6
    endloop
  endfacet
  facet normal 0.0327028 0.999465 0
    outer loop
      vertex 0 2.5 3.6
      vertex 0.163507 2.49465 1.9
      vertex 0 2.5 1.9
    endloop
  endfacet
  facet normal 0.0327028 0.999465 -0
    outer loop
      vertex 0.163507 2.49465 6
      vertex 0 2.5 33
      vertex 0.163507 2.49465 33
    endloop
  endfacet
  facet normal 0.0327028 0.999465 0
    outer loop
      vertex 0 2.5 33
      vertex 0.163507 2.49465 6
      vertex 0 2.5 6
    endloop
  endfacet
  facet normal 0.634382 0.77302 -0
    outer loop
      vertex 1.64836 1.8796 1.9
      vertex 1.5219 1.98338 3.6
      vertex 1.64836 1.8796 3.6
    endloop
  endfacet
  facet normal 0.634382 0.77302 0
    outer loop
      vertex 1.5219 1.98338 3.6
      vertex 1.64836 1.8796 1.9
      vertex 1.5219 1.98338 1.9
    endloop
  endfacet
  facet normal 0.634382 0.77302 -0
    outer loop
      vertex 1.64836 1.8796 6
      vertex 1.5219 1.98338 33
      vertex 1.64836 1.8796 33
    endloop
  endfacet
  facet normal 0.634382 0.77302 0
    outer loop
      vertex 1.5219 1.98338 33
      vertex 1.64836 1.8796 6
      vertex 1.5219 1.98338 6
    endloop
  endfacet
  facet normal 0.4714 0.881919 -0
    outer loop
      vertex 1.25 2.16506 1.9
      vertex 1.10572 2.24218 3.6
      vertex 1.25 2.16506 3.6
    endloop
  endfacet
  facet normal 0.4714 0.881919 0
    outer loop
      vertex 1.10572 2.24218 3.6
      vertex 1.25 2.16506 1.9
      vertex 1.10572 2.24218 1.9
    endloop
  endfacet
  facet normal 0.4714 0.881919 -0
    outer loop
      vertex 1.25 2.16506 6
      vertex 1.10572 2.24218 33
      vertex 1.25 2.16506 33
    endloop
  endfacet
  facet normal 0.4714 0.881919 0
    outer loop
      vertex 1.10572 2.24218 33
      vertex 1.25 2.16506 6
      vertex 1.10572 2.24218 6
    endloop
  endfacet
  facet normal 0.162902 0.986642 -0
    outer loop
      vertex 0.487725 2.45196 1.9
      vertex 0.326315 2.47861 3.6
      vertex 0.487725 2.45196 3.6
    endloop
  endfacet
  facet normal 0.162902 0.986642 0
    outer loop
      vertex 0.326315 2.47861 3.6
      vertex 0.487725 2.45196 1.9
      vertex 0.326315 2.47861 1.9
    endloop
  endfacet
  facet normal 0.162902 0.986642 -0
    outer loop
      vertex 0.487725 2.45196 6
      vertex 0.326315 2.47861 33
      vertex 0.487725 2.45196 33
    endloop
  endfacet
  facet normal 0.162902 0.986642 0
    outer loop
      vertex 0.326315 2.47861 33
      vertex 0.487725 2.45196 6
      vertex 0.326315 2.47861 6
    endloop
  endfacet
  facet normal 0.290289 0.956939 -0
    outer loop
      vertex 0.803598 2.36732 1.9
      vertex 0.647047 2.41481 3.6
      vertex 0.803598 2.36732 3.6
    endloop
  endfacet
  facet normal 0.290289 0.956939 0
    outer loop
      vertex 0.647047 2.41481 3.6
      vertex 0.803598 2.36732 1.9
      vertex 0.647047 2.41481 1.9
    endloop
  endfacet
  facet normal 0.290289 0.956939 -0
    outer loop
      vertex 0.803598 2.36732 6
      vertex 0.647047 2.41481 33
      vertex 0.803598 2.36732 33
    endloop
  endfacet
  facet normal 0.290289 0.956939 0
    outer loop
      vertex 0.647047 2.41481 33
      vertex 0.803598 2.36732 6
      vertex 0.647047 2.41481 6
    endloop
  endfacet
  facet normal -0.999465 0.0327028 0
    outer loop
      vertex -2.5 0 1.9
      vertex -2.49465 0.163507 3.6
      vertex -2.49465 0.163507 1.9
    endloop
  endfacet
  facet normal -0.999465 0.0327028 0
    outer loop
      vertex -2.49465 0.163507 3.6
      vertex -2.5 0 1.9
      vertex -2.5 0 3.6
    endloop
  endfacet
  facet normal -0.999465 0.0327028 0
    outer loop
      vertex -2.5 0 6
      vertex -2.49465 0.163507 33
      vertex -2.49465 0.163507 6
    endloop
  endfacet
  facet normal -0.999465 0.0327028 0
    outer loop
      vertex -2.49465 0.163507 33
      vertex -2.5 0 6
      vertex -2.5 0 33
    endloop
  endfacet
  facet normal -0.986642 0.162902 0
    outer loop
      vertex -2.47861 0.326315 1.9
      vertex -2.45196 0.487725 3.6
      vertex -2.45196 0.487725 1.9
    endloop
  endfacet
  facet normal -0.986642 0.162902 0
    outer loop
      vertex -2.45196 0.487725 3.6
      vertex -2.47861 0.326315 1.9
      vertex -2.47861 0.326315 3.6
    endloop
  endfacet
  facet normal -0.986642 0.162902 0
    outer loop
      vertex -2.47861 0.326315 6
      vertex -2.45196 0.487725 33
      vertex -2.45196 0.487725 6
    endloop
  endfacet
  facet normal -0.986642 0.162902 0
    outer loop
      vertex -2.45196 0.487725 33
      vertex -2.47861 0.326315 6
      vertex -2.47861 0.326315 33
    endloop
  endfacet
  facet normal -0.956939 0.290289 0
    outer loop
      vertex -2.41481 0.647047 1.9
      vertex -2.36732 0.803598 3.6
      vertex -2.36732 0.803598 1.9
    endloop
  endfacet
  facet normal -0.956939 0.290289 0
    outer loop
      vertex -2.36732 0.803598 3.6
      vertex -2.41481 0.647047 1.9
      vertex -2.41481 0.647047 3.6
    endloop
  endfacet
  facet normal -0.956939 0.290289 0
    outer loop
      vertex -2.41481 0.647047 6
      vertex -2.36732 0.803598 33
      vertex -2.36732 0.803598 6
    endloop
  endfacet
  facet normal -0.956939 0.290289 0
    outer loop
      vertex -2.36732 0.803598 33
      vertex -2.41481 0.647047 6
      vertex -2.41481 0.647047 33
    endloop
  endfacet
  facet normal -0.849208 0.528058 0
    outer loop
      vertex -2.16506 1.25 1.9
      vertex -2.07867 1.38893 3.6
      vertex -2.07867 1.38893 1.9
    endloop
  endfacet
  facet normal -0.849208 0.528058 0
    outer loop
      vertex -2.07867 1.38893 3.6
      vertex -2.16506 1.25 1.9
      vertex -2.16506 1.25 3.6
    endloop
  endfacet
  facet normal -0.849208 0.528058 0
    outer loop
      vertex -2.16506 1.25 6
      vertex -2.07867 1.38893 33
      vertex -2.07867 1.38893 6
    endloop
  endfacet
  facet normal -0.849208 0.528058 0
    outer loop
      vertex -2.07867 1.38893 33
      vertex -2.16506 1.25 6
      vertex -2.16506 1.25 33
    endloop
  endfacet
  facet normal -0.729894 0.683561 0
    outer loop
      vertex -1.8796 1.64836 1.9
      vertex -1.76777 1.76777 3.6
      vertex -1.76777 1.76777 1.9
    endloop
  endfacet
  facet normal -0.729894 0.683561 0
    outer loop
      vertex -1.76777 1.76777 3.6
      vertex -1.8796 1.64836 1.9
      vertex -1.8796 1.64836 3.6
    endloop
  endfacet
  facet normal -0.729894 0.683561 0
    outer loop
      vertex -1.8796 1.64836 6
      vertex -1.76777 1.76777 33
      vertex -1.76777 1.76777 6
    endloop
  endfacet
  facet normal -0.729894 0.683561 0
    outer loop
      vertex -1.76777 1.76777 33
      vertex -1.8796 1.64836 6
      vertex -1.8796 1.64836 33
    endloop
  endfacet
  facet normal -0.227084 0.973875 0
    outer loop
      vertex -0.487725 2.45196 1.9
      vertex -0.647047 2.41481 3.6
      vertex -0.487725 2.45196 3.6
    endloop
  endfacet
  facet normal -0.227084 0.973875 0
    outer loop
      vertex -0.647047 2.41481 3.6
      vertex -0.487725 2.45196 1.9
      vertex -0.647047 2.41481 1.9
    endloop
  endfacet
  facet normal -0.227084 0.973875 0
    outer loop
      vertex -0.487725 2.45196 6
      vertex -0.647047 2.41481 33
      vertex -0.487725 2.45196 33
    endloop
  endfacet
  facet normal -0.227084 0.973875 0
    outer loop
      vertex -0.647047 2.41481 33
      vertex -0.487725 2.45196 6
      vertex -0.647047 2.41481 6
    endloop
  endfacet
  facet normal -0.0327028 0.999465 0
    outer loop
      vertex 0 2.5 1.9
      vertex -0.163507 2.49465 3.6
      vertex 0 2.5 3.6
    endloop
  endfacet
  facet normal -0.0327028 0.999465 0
    outer loop
      vertex -0.163507 2.49465 3.6
      vertex 0 2.5 1.9
      vertex -0.163507 2.49465 1.9
    endloop
  endfacet
  facet normal -0.0327028 0.999465 0
    outer loop
      vertex 0 2.5 6
      vertex -0.163507 2.49465 33
      vertex 0 2.5 33
    endloop
  endfacet
  facet normal -0.0327028 0.999465 0
    outer loop
      vertex -0.163507 2.49465 33
      vertex 0 2.5 6
      vertex -0.163507 2.49465 6
    endloop
  endfacet
  facet normal -0.4714 0.881919 0
    outer loop
      vertex -1.10572 2.24218 1.9
      vertex -1.25 2.16506 3.6
      vertex -1.10572 2.24218 3.6
    endloop
  endfacet
  facet normal -0.4714 0.881919 0
    outer loop
      vertex -1.25 2.16506 3.6
      vertex -1.10572 2.24218 1.9
      vertex -1.25 2.16506 1.9
    endloop
  endfacet
  facet normal -0.4714 0.881919 0
    outer loop
      vertex -1.10572 2.24218 6
      vertex -1.25 2.16506 33
      vertex -1.10572 2.24218 33
    endloop
  endfacet
  facet normal -0.4714 0.881919 0
    outer loop
      vertex -1.25 2.16506 33
      vertex -1.10572 2.24218 6
      vertex -1.25 2.16506 6
    endloop
  endfacet
  facet normal -0.528058 0.849208 0
    outer loop
      vertex -1.25 2.16506 1.9
      vertex -1.38893 2.07867 3.6
      vertex -1.25 2.16506 3.6
    endloop
  endfacet
  facet normal -0.528058 0.849208 0
    outer loop
      vertex -1.38893 2.07867 3.6
      vertex -1.25 2.16506 1.9
      vertex -1.38893 2.07867 1.9
    endloop
  endfacet
  facet normal -0.528058 0.849208 0
    outer loop
      vertex -1.25 2.16506 6
      vertex -1.38893 2.07867 33
      vertex -1.25 2.16506 33
    endloop
  endfacet
  facet normal -0.528058 0.849208 0
    outer loop
      vertex -1.38893 2.07867 33
      vertex -1.25 2.16506 6
      vertex -1.38893 2.07867 6
    endloop
  endfacet
  facet normal -0.683561 0.729894 0
    outer loop
      vertex -1.64836 1.8796 1.9
      vertex -1.76777 1.76777 3.6
      vertex -1.64836 1.8796 3.6
    endloop
  endfacet
  facet normal -0.683561 0.729894 0
    outer loop
      vertex -1.76777 1.76777 3.6
      vertex -1.64836 1.8796 1.9
      vertex -1.76777 1.76777 1.9
    endloop
  endfacet
  facet normal -0.683561 0.729894 0
    outer loop
      vertex -1.64836 1.8796 6
      vertex -1.76777 1.76777 33
      vertex -1.64836 1.8796 33
    endloop
  endfacet
  facet normal -0.683561 0.729894 0
    outer loop
      vertex -1.76777 1.76777 33
      vertex -1.64836 1.8796 6
      vertex -1.76777 1.76777 6
    endloop
  endfacet
  facet normal -0.634382 0.77302 0
    outer loop
      vertex -1.5219 1.98338 1.9
      vertex -1.64836 1.8796 3.6
      vertex -1.5219 1.98338 3.6
    endloop
  endfacet
  facet normal -0.634382 0.77302 0
    outer loop
      vertex -1.64836 1.8796 3.6
      vertex -1.5219 1.98338 1.9
      vertex -1.64836 1.8796 1.9
    endloop
  endfacet
  facet normal -0.634382 0.77302 0
    outer loop
      vertex -1.5219 1.98338 6
      vertex -1.64836 1.8796 33
      vertex -1.5219 1.98338 33
    endloop
  endfacet
  facet normal -0.634382 0.77302 0
    outer loop
      vertex -1.64836 1.8796 33
      vertex -1.5219 1.98338 6
      vertex -1.64836 1.8796 6
    endloop
  endfacet
  facet normal 0.995182 -0.0980463 0
    outer loop
      vertex 2.47861 -0.326315 3.6
      vertex 2.49465 -0.163507 1.9
      vertex 2.49465 -0.163507 3.6
    endloop
  endfacet
  facet normal 0.995182 -0.0980463 0
    outer loop
      vertex 2.49465 -0.163507 1.9
      vertex 2.47861 -0.326315 3.6
      vertex 2.47861 -0.326315 1.9
    endloop
  endfacet
  facet normal 0.995182 -0.0980463 0
    outer loop
      vertex 2.47861 -0.326315 33
      vertex 2.49465 -0.163507 6
      vertex 2.49465 -0.163507 33
    endloop
  endfacet
  facet normal 0.995182 -0.0980463 0
    outer loop
      vertex 2.49465 -0.163507 6
      vertex 2.47861 -0.326315 33
      vertex 2.47861 -0.326315 6
    endloop
  endfacet
  facet normal 0.0327028 -0.999465 0
    outer loop
      vertex 0 -2.5 1.9
      vertex 0.163507 -2.49465 3.6
      vertex 0 -2.5 3.6
    endloop
  endfacet
  facet normal 0.0327028 -0.999465 0
    outer loop
      vertex 0.163507 -2.49465 3.6
      vertex 0 -2.5 1.9
      vertex 0.163507 -2.49465 1.9
    endloop
  endfacet
  facet normal 0.0327028 -0.999465 0
    outer loop
      vertex 0 -2.5 6
      vertex 0.163507 -2.49465 33
      vertex 0 -2.5 33
    endloop
  endfacet
  facet normal 0.0327028 -0.999465 0
    outer loop
      vertex 0.163507 -2.49465 33
      vertex 0 -2.5 6
      vertex 0.163507 -2.49465 6
    endloop
  endfacet
  facet normal 0.973875 -0.227084 0
    outer loop
      vertex 2.41481 -0.647047 3.6
      vertex 2.45196 -0.487725 1.9
      vertex 2.45196 -0.487725 3.6
    endloop
  endfacet
  facet normal 0.973875 -0.227084 0
    outer loop
      vertex 2.45196 -0.487725 1.9
      vertex 2.41481 -0.647047 3.6
      vertex 2.41481 -0.647047 1.9
    endloop
  endfacet
  facet normal 0.973875 -0.227084 0
    outer loop
      vertex 2.41481 -0.647047 33
      vertex 2.45196 -0.487725 6
      vertex 2.45196 -0.487725 33
    endloop
  endfacet
  facet normal 0.973875 -0.227084 0
    outer loop
      vertex 2.45196 -0.487725 6
      vertex 2.41481 -0.647047 33
      vertex 2.41481 -0.647047 6
    endloop
  endfacet
  facet normal 0.999465 -0.0327028 0
    outer loop
      vertex 2.49465 -0.163507 3.6
      vertex 2.5 0 1.9
      vertex 2.5 0 3.6
    endloop
  endfacet
  facet normal 0.999465 -0.0327028 0
    outer loop
      vertex 2.5 0 1.9
      vertex 2.49465 -0.163507 3.6
      vertex 2.49465 -0.163507 1.9
    endloop
  endfacet
  facet normal 0.999465 -0.0327028 0
    outer loop
      vertex 2.49465 -0.163507 33
      vertex 2.5 0 6
      vertex 2.5 0 33
    endloop
  endfacet
  facet normal 0.999465 -0.0327028 0
    outer loop
      vertex 2.5 0 6
      vertex 2.49465 -0.163507 33
      vertex 2.49465 -0.163507 6
    endloop
  endfacet
  facet normal 0.956939 -0.290289 0
    outer loop
      vertex 2.36732 -0.803598 3.6
      vertex 2.41481 -0.647047 1.9
      vertex 2.41481 -0.647047 3.6
    endloop
  endfacet
  facet normal 0.956939 -0.290289 0
    outer loop
      vertex 2.41481 -0.647047 1.9
      vertex 2.36732 -0.803598 3.6
      vertex 2.36732 -0.803598 1.9
    endloop
  endfacet
  facet normal 0.956939 -0.290289 0
    outer loop
      vertex 2.36732 -0.803598 33
      vertex 2.41481 -0.647047 6
      vertex 2.41481 -0.647047 33
    endloop
  endfacet
  facet normal 0.956939 -0.290289 0
    outer loop
      vertex 2.41481 -0.647047 6
      vertex 2.36732 -0.803598 33
      vertex 2.36732 -0.803598 6
    endloop
  endfacet
  facet normal 0.935919 -0.352215 0
    outer loop
      vertex 2.3097 -0.956708 3.6
      vertex 2.36732 -0.803598 1.9
      vertex 2.36732 -0.803598 3.6
    endloop
  endfacet
  facet normal 0.935919 -0.352215 0
    outer loop
      vertex 2.36732 -0.803598 1.9
      vertex 2.3097 -0.956708 3.6
      vertex 2.3097 -0.956708 1.9
    endloop
  endfacet
  facet normal 0.935919 -0.352215 0
    outer loop
      vertex 2.3097 -0.956708 33
      vertex 2.36732 -0.803598 6
      vertex 2.36732 -0.803598 33
    endloop
  endfacet
  facet normal 0.935919 -0.352215 0
    outer loop
      vertex 2.36732 -0.803598 6
      vertex 2.3097 -0.956708 33
      vertex 2.3097 -0.956708 6
    endloop
  endfacet
  facet normal 0.812832 -0.582498 0
    outer loop
      vertex 1.98338 -1.5219 3.6
      vertex 2.07867 -1.38893 1.9
      vertex 2.07867 -1.38893 3.6
    endloop
  endfacet
  facet normal 0.812832 -0.582498 0
    outer loop
      vertex 2.07867 -1.38893 1.9
      vertex 1.98338 -1.5219 3.6
      vertex 1.98338 -1.5219 1.9
    endloop
  endfacet
  facet normal 0.812832 -0.582498 0
    outer loop
      vertex 1.98338 -1.5219 33
      vertex 2.07867 -1.38893 6
      vertex 2.07867 -1.38893 33
    endloop
  endfacet
  facet normal 0.812832 -0.582498 0
    outer loop
      vertex 2.07867 -1.38893 6
      vertex 1.98338 -1.5219 33
      vertex 1.98338 -1.5219 6
    endloop
  endfacet
  facet normal 0.0980463 -0.995182 0
    outer loop
      vertex 0.163507 -2.49465 1.9
      vertex 0.326315 -2.47861 3.6
      vertex 0.163507 -2.49465 3.6
    endloop
  endfacet
  facet normal 0.0980463 -0.995182 0
    outer loop
      vertex 0.326315 -2.47861 3.6
      vertex 0.163507 -2.49465 1.9
      vertex 0.326315 -2.47861 1.9
    endloop
  endfacet
  facet normal 0.0980463 -0.995182 0
    outer loop
      vertex 0.163507 -2.49465 6
      vertex 0.326315 -2.47861 33
      vertex 0.163507 -2.49465 33
    endloop
  endfacet
  facet normal 0.0980463 -0.995182 0
    outer loop
      vertex 0.326315 -2.47861 33
      vertex 0.163507 -2.49465 6
      vertex 0.326315 -2.47861 6
    endloop
  endfacet
  facet normal 0.352215 -0.935919 0
    outer loop
      vertex 0.803598 -2.36732 1.9
      vertex 0.956708 -2.3097 3.6
      vertex 0.803598 -2.36732 3.6
    endloop
  endfacet
  facet normal 0.352215 -0.935919 0
    outer loop
      vertex 0.956708 -2.3097 3.6
      vertex 0.803598 -2.36732 1.9
      vertex 0.956708 -2.3097 1.9
    endloop
  endfacet
  facet normal 0.352215 -0.935919 0
    outer loop
      vertex 0.803598 -2.36732 6
      vertex 0.956708 -2.3097 33
      vertex 0.803598 -2.36732 33
    endloop
  endfacet
  facet normal 0.352215 -0.935919 0
    outer loop
      vertex 0.956708 -2.3097 33
      vertex 0.803598 -2.36732 6
      vertex 0.956708 -2.3097 6
    endloop
  endfacet
  facet normal 0.683561 -0.729894 0
    outer loop
      vertex 1.64836 -1.8796 1.9
      vertex 1.76777 -1.76777 3.6
      vertex 1.64836 -1.8796 3.6
    endloop
  endfacet
  facet normal 0.683561 -0.729894 0
    outer loop
      vertex 1.76777 -1.76777 3.6
      vertex 1.64836 -1.8796 1.9
      vertex 1.76777 -1.76777 1.9
    endloop
  endfacet
  facet normal 0.683561 -0.729894 0
    outer loop
      vertex 1.64836 -1.8796 6
      vertex 1.76777 -1.76777 33
      vertex 1.64836 -1.8796 33
    endloop
  endfacet
  facet normal 0.683561 -0.729894 0
    outer loop
      vertex 1.76777 -1.76777 33
      vertex 1.64836 -1.8796 6
      vertex 1.76777 -1.76777 6
    endloop
  endfacet
  facet normal 0.4714 -0.881919 0
    outer loop
      vertex 1.10572 -2.24218 1.9
      vertex 1.25 -2.16506 3.6
      vertex 1.10572 -2.24218 3.6
    endloop
  endfacet
  facet normal 0.4714 -0.881919 0
    outer loop
      vertex 1.25 -2.16506 3.6
      vertex 1.10572 -2.24218 1.9
      vertex 1.25 -2.16506 1.9
    endloop
  endfacet
  facet normal 0.4714 -0.881919 0
    outer loop
      vertex 1.10572 -2.24218 6
      vertex 1.25 -2.16506 33
      vertex 1.10572 -2.24218 33
    endloop
  endfacet
  facet normal 0.4714 -0.881919 0
    outer loop
      vertex 1.25 -2.16506 33
      vertex 1.10572 -2.24218 6
      vertex 1.25 -2.16506 6
    endloop
  endfacet
  facet normal 0.528058 -0.849208 0
    outer loop
      vertex 1.25 -2.16506 1.9
      vertex 1.38893 -2.07867 3.6
      vertex 1.25 -2.16506 3.6
    endloop
  endfacet
  facet normal 0.528058 -0.849208 0
    outer loop
      vertex 1.38893 -2.07867 3.6
      vertex 1.25 -2.16506 1.9
      vertex 1.38893 -2.07867 1.9
    endloop
  endfacet
  facet normal 0.528058 -0.849208 0
    outer loop
      vertex 1.25 -2.16506 6
      vertex 1.38893 -2.07867 33
      vertex 1.25 -2.16506 33
    endloop
  endfacet
  facet normal 0.528058 -0.849208 0
    outer loop
      vertex 1.38893 -2.07867 33
      vertex 1.25 -2.16506 6
      vertex 1.38893 -2.07867 6
    endloop
  endfacet
  facet normal -0.0327028 -0.999465 0
    outer loop
      vertex -0.163507 -2.49465 1.9
      vertex 0 -2.5 3.6
      vertex -0.163507 -2.49465 3.6
    endloop
  endfacet
  facet normal -0.0327028 -0.999465 -0
    outer loop
      vertex 0 -2.5 3.6
      vertex -0.163507 -2.49465 1.9
      vertex 0 -2.5 1.9
    endloop
  endfacet
  facet normal -0.0327028 -0.999465 0
    outer loop
      vertex -0.163507 -2.49465 6
      vertex 0 -2.5 33
      vertex -0.163507 -2.49465 33
    endloop
  endfacet
  facet normal -0.0327028 -0.999465 -0
    outer loop
      vertex 0 -2.5 33
      vertex -0.163507 -2.49465 6
      vertex 0 -2.5 6
    endloop
  endfacet
  facet normal -0.290289 -0.956939 0
    outer loop
      vertex -0.803598 -2.36732 1.9
      vertex -0.647047 -2.41481 3.6
      vertex -0.803598 -2.36732 3.6
    endloop
  endfacet
  facet normal -0.290289 -0.956939 -0
    outer loop
      vertex -0.647047 -2.41481 3.6
      vertex -0.803598 -2.36732 1.9
      vertex -0.647047 -2.41481 1.9
    endloop
  endfacet
  facet normal -0.290289 -0.956939 0
    outer loop
      vertex -0.803598 -2.36732 6
      vertex -0.647047 -2.41481 33
      vertex -0.803598 -2.36732 33
    endloop
  endfacet
  facet normal -0.290289 -0.956939 -0
    outer loop
      vertex -0.647047 -2.41481 33
      vertex -0.803598 -2.36732 6
      vertex -0.647047 -2.41481 6
    endloop
  endfacet
  facet normal -0.528058 -0.849208 0
    outer loop
      vertex -1.38893 -2.07867 1.9
      vertex -1.25 -2.16506 3.6
      vertex -1.38893 -2.07867 3.6
    endloop
  endfacet
  facet normal -0.528058 -0.849208 -0
    outer loop
      vertex -1.25 -2.16506 3.6
      vertex -1.38893 -2.07867 1.9
      vertex -1.25 -2.16506 1.9
    endloop
  endfacet
  facet normal -0.528058 -0.849208 0
    outer loop
      vertex -1.38893 -2.07867 6
      vertex -1.25 -2.16506 33
      vertex -1.38893 -2.07867 33
    endloop
  endfacet
  facet normal -0.528058 -0.849208 -0
    outer loop
      vertex -1.25 -2.16506 33
      vertex -1.38893 -2.07867 6
      vertex -1.25 -2.16506 6
    endloop
  endfacet
  facet normal -0.582498 -0.812832 0
    outer loop
      vertex -1.5219 -1.98338 1.9
      vertex -1.38893 -2.07867 3.6
      vertex -1.5219 -1.98338 3.6
    endloop
  endfacet
  facet normal -0.582498 -0.812832 -0
    outer loop
      vertex -1.38893 -2.07867 3.6
      vertex -1.5219 -1.98338 1.9
      vertex -1.38893 -2.07867 1.9
    endloop
  endfacet
  facet normal -0.582498 -0.812832 0
    outer loop
      vertex -1.5219 -1.98338 6
      vertex -1.38893 -2.07867 33
      vertex -1.5219 -1.98338 33
    endloop
  endfacet
  facet normal -0.582498 -0.812832 -0
    outer loop
      vertex -1.38893 -2.07867 33
      vertex -1.5219 -1.98338 6
      vertex -1.38893 -2.07867 6
    endloop
  endfacet
  facet normal -0.683561 -0.729894 0
    outer loop
      vertex -1.76777 -1.76777 1.9
      vertex -1.64836 -1.8796 3.6
      vertex -1.76777 -1.76777 3.6
    endloop
  endfacet
  facet normal -0.683561 -0.729894 -0
    outer loop
      vertex -1.64836 -1.8796 3.6
      vertex -1.76777 -1.76777 1.9
      vertex -1.64836 -1.8796 1.9
    endloop
  endfacet
  facet normal -0.683561 -0.729894 0
    outer loop
      vertex -1.76777 -1.76777 6
      vertex -1.64836 -1.8796 33
      vertex -1.76777 -1.76777 33
    endloop
  endfacet
  facet normal -0.683561 -0.729894 -0
    outer loop
      vertex -1.64836 -1.8796 33
      vertex -1.76777 -1.76777 6
      vertex -1.64836 -1.8796 6
    endloop
  endfacet
  facet normal -0.986642 -0.162902 0
    outer loop
      vertex -2.45196 -0.487725 1.9
      vertex -2.47861 -0.326315 3.6
      vertex -2.47861 -0.326315 1.9
    endloop
  endfacet
  facet normal -0.986642 -0.162902 0
    outer loop
      vertex -2.47861 -0.326315 3.6
      vertex -2.45196 -0.487725 1.9
      vertex -2.45196 -0.487725 3.6
    endloop
  endfacet
  facet normal -0.986642 -0.162902 0
    outer loop
      vertex -2.45196 -0.487725 6
      vertex -2.47861 -0.326315 33
      vertex -2.47861 -0.326315 6
    endloop
  endfacet
  facet normal -0.986642 -0.162902 0
    outer loop
      vertex -2.47861 -0.326315 33
      vertex -2.45196 -0.487725 6
      vertex -2.45196 -0.487725 33
    endloop
  endfacet
  facet normal -0.999465 -0.0327028 0
    outer loop
      vertex -2.49465 -0.163507 1.9
      vertex -2.5 0 3.6
      vertex -2.5 0 1.9
    endloop
  endfacet
  facet normal -0.999465 -0.0327028 0
    outer loop
      vertex -2.5 0 3.6
      vertex -2.49465 -0.163507 1.9
      vertex -2.49465 -0.163507 3.6
    endloop
  endfacet
  facet normal -0.999465 -0.0327028 0
    outer loop
      vertex -2.49465 -0.163507 6
      vertex -2.5 0 33
      vertex -2.5 0 6
    endloop
  endfacet
  facet normal -0.999465 -0.0327028 0
    outer loop
      vertex -2.5 0 33
      vertex -2.49465 -0.163507 6
      vertex -2.49465 -0.163507 33
    endloop
  endfacet
  facet normal 0 0 -1
    outer loop
      vertex 2.45491 -0.155332 1.9
      vertex 2.5 0 1.9
      vertex 2.49465 -0.163507 1.9
    endloop
  endfacet
  facet normal 0 0 -1
    outer loop
      vertex 2.4395 -0.315558 1.9
      vertex 2.49465 -0.163507 1.9
      vertex 2.47861 -0.326315 1.9
    endloop
  endfacet
  facet normal 0 0 -1
    outer loop
      vertex 2.45491 0.155332 1.9
      vertex 2.5 0 1.9
      vertex 2.46 0 1.9
    endloop
  endfacet
  facet normal 0 0 -1
    outer loop
      vertex 2.5 0 1.9
      vertex 2.45491 0.155332 1.9
      vertex 2.49465 0.163507 1.9
    endloop
  endfacet
  facet normal -0 0 -1
    outer loop
      vertex 2.5 0 1.9
      vertex 2.45491 -0.155332 1.9
      vertex 2.46 0 1.9
    endloop
  endfacet
  facet normal 0 0 -1
    outer loop
      vertex 2.49465 -0.163507 1.9
      vertex 2.45473 -0.160891 1.9
      vertex 2.45491 -0.155332 1.9
    endloop
  endfacet
  facet normal 0 0 -1
    outer loop
      vertex 2.43805 -0.326582 1.9
      vertex 2.47861 -0.326315 1.9
      vertex 2.45196 -0.487725 1.9
    endloop
  endfacet
  facet normal -0 0 -1
    outer loop
      vertex 2.49465 -0.163507 1.9
      vertex 2.4395 -0.315558 1.9
      vertex 2.45473 -0.160891 1.9
    endloop
  endfacet
  facet normal 0 0 -1
    outer loop
      vertex 2.47861 -0.326315 1.9
      vertex 2.43895 -0.321094 1.9
      vertex 2.4395 -0.315558 1.9
    endloop
  endfacet
  facet normal -0 0 -1
    outer loop
      vertex 2.47861 -0.326315 1.9
      vertex 2.43805 -0.326582 1.9
      vertex 2.43895 -0.321094 1.9
    endloop
  endfacet
  facet normal 0 0 -1
    outer loop
      vertex 2.41147 -0.485339 1.9
      vertex 2.45196 -0.487725 1.9
      vertex 2.41481 -0.647047 1.9
    endloop
  endfacet
  facet normal 0 0 -1
    outer loop
      vertex 2.45196 -0.487725 1.9
      vertex 2.41273 -0.479922 1.9
      vertex 2.43805 -0.326582 1.9
    endloop
  endfacet
  facet normal 0 0 -1
    outer loop
      vertex 2.45196 -0.487725 1.9
      vertex 2.41147 -0.485339 1.9
      vertex 2.41273 -0.479922 1.9
    endloop
  endfacet
  facet normal 0 0 -1
    outer loop
      vertex 2.41481 -0.647047 1.9
      vertex 2.37618 -0.636694 1.9
      vertex 2.41147 -0.485339 1.9
    endloop
  endfacet
  facet normal 0 0 -1
    outer loop
      vertex 2.33106 -0.785418 1.9
      vertex 2.41481 -0.647047 1.9
      vertex 2.36732 -0.803598 1.9
    endloop
  endfacet
  facet normal -0 0 -1
    outer loop
      vertex 2.41481 -0.647047 1.9
      vertex 2.33106 -0.785418 1.9
      vertex 2.37618 -0.636694 1.9
    endloop
  endfacet
  facet normal 0 0 -1
    outer loop
      vertex 2.36732 -0.803598 1.9
      vertex 2.32945 -0.790741 1.9
      vertex 2.33106 -0.785418 1.9
    endloop
  endfacet
  facet normal 0 0 -1
    outer loop
      vertex 2.36732 -0.803598 1.9
      vertex 2.32749 -0.795947 1.9
      vertex 2.32945 -0.790741 1.9
    endloop
  endfacet
  facet normal 0 0 -1
    outer loop
      vertex 2.3097 -0.956708 1.9
      vertex 2.32749 -0.795947 1.9
      vertex 2.36732 -0.803598 1.9
    endloop
  endfacet
  facet normal 0 0 -1
    outer loop
      vertex 2.3097 -0.956708 1.9
      vertex 2.27274 -0.941401 1.9
      vertex 2.32749 -0.795947 1.9
    endloop
  endfacet
  facet normal 0 0 -1
    outer loop
      vertex 2.2086 -1.08296 1.9
      vertex 2.3097 -0.956708 1.9
      vertex 2.24218 -1.10572 1.9
    endloop
  endfacet
  facet normal -0 0 -1
    outer loop
      vertex 2.3097 -0.956708 1.9
      vertex 2.2086 -1.08296 1.9
      vertex 2.27274 -0.941401 1.9
    endloop
  endfacet
  facet normal 0 0 -1
    outer loop
      vertex 2.24218 -1.10572 1.9
      vertex 2.20631 -1.08803 1.9
      vertex 2.2086 -1.08296 1.9
    endloop
  endfacet
  facet normal 0 0 -1
    outer loop
      vertex 2.24218 -1.10572 1.9
      vertex 2.20368 -1.09294 1.9
      vertex 2.20631 -1.08803 1.9
    endloop
  endfacet
  facet normal 0 0 -1
    outer loop
      vertex 2.16506 -1.25 1.9
      vertex 2.20368 -1.09294 1.9
      vertex 2.24218 -1.10572 1.9
    endloop
  endfacet
  facet normal 0 0 -1
    outer loop
      vertex 2.16506 -1.25 1.9
      vertex 2.13042 -1.23 1.9
      vertex 2.20368 -1.09294 1.9
    endloop
  endfacet
  facet normal 0 0 -1
    outer loop
      vertex 2.16506 -1.25 1.9
      vertex 2.12748 -1.23472 1.9
      vertex 2.13042 -1.23 1.9
    endloop
  endfacet
  facet normal 0 0 -1
    outer loop
      vertex 2.07867 -1.38893 1.9
      vertex 2.12748 -1.23472 1.9
      vertex 2.16506 -1.25 1.9
    endloop
  endfacet
  facet normal 0 0 -1
    outer loop
      vertex 2.07867 -1.38893 1.9
      vertex 2.04541 -1.3667 1.9
      vertex 2.12748 -1.23472 1.9
    endloop
  endfacet
  facet normal 0 0 -1
    outer loop
      vertex 2.07867 -1.38893 1.9
      vertex 2.04217 -1.37122 1.9
      vertex 2.04541 -1.3667 1.9
    endloop
  endfacet
  facet normal 0 0 -1
    outer loop
      vertex 1.98338 -1.5219 1.9
      vertex 2.04217 -1.37122 1.9
      vertex 2.07867 -1.38893 1.9
    endloop
  endfacet
  facet normal 0 0 -1
    outer loop
      vertex 1.98338 -1.5219 1.9
      vertex 1.95165 -1.49755 1.9
      vertex 2.04217 -1.37122 1.9
    endloop
  endfacet
  facet normal 0 0 -1
    outer loop
      vertex 1.98338 -1.5219 1.9
      vertex 1.94812 -1.50185 1.9
      vertex 1.95165 -1.49755 1.9
    endloop
  endfacet
  facet normal 0 0 -1
    outer loop
      vertex 1.8796 -1.64836 1.9
      vertex 1.94812 -1.50185 1.9
      vertex 1.98338 -1.5219 1.9
    endloop
  endfacet
  facet normal 0 0 -1
    outer loop
      vertex 1.8796 -1.64836 1.9
      vertex 1.84952 -1.62199 1.9
      vertex 1.94812 -1.50185 1.9
    endloop
  endfacet
  facet normal 0 0 -1
    outer loop
      vertex 1.74328 -1.73542 1.9
      vertex 1.8796 -1.64836 1.9
      vertex 1.76777 -1.76777 1.9
    endloop
  endfacet
  facet normal -0 0 -1
    outer loop
      vertex 1.8796 -1.64836 1.9
      vertex 1.74328 -1.73542 1.9
      vertex 1.84952 -1.62199 1.9
    endloop
  endfacet
  facet normal 0 0 -1
    outer loop
      vertex 1.76777 -1.76777 1.9
      vertex 1.73948 -1.73948 1.9
      vertex 1.74328 -1.73542 1.9
    endloop
  endfacet
  facet normal 0 0 -1
    outer loop
      vertex 1.76777 -1.76777 1.9
      vertex 1.73542 -1.74328 1.9
      vertex 1.73948 -1.73948 1.9
    endloop
  endfacet
  facet normal 0 0 -1
    outer loop
      vertex 1.64836 -1.8796 1.9
      vertex 1.73542 -1.74328 1.9
      vertex 1.76777 -1.76777 1.9
    endloop
  endfacet
  facet normal 0 0 -1
    outer loop
      vertex 1.64836 -1.8796 1.9
      vertex 1.62199 -1.84952 1.9
      vertex 1.73542 -1.74328 1.9
    endloop
  endfacet
  facet normal 0 0 -1
    outer loop
      vertex 1.50185 -1.94812 1.9
      vertex 1.64836 -1.8796 1.9
      vertex 1.5219 -1.98338 1.9
    endloop
  endfacet
  facet normal -0 0 -1
    outer loop
      vertex 1.64836 -1.8796 1.9
      vertex 1.50185 -1.94812 1.9
      vertex 1.62199 -1.84952 1.9
    endloop
  endfacet
  facet normal 0 0 -1
    outer loop
      vertex 1.5219 -1.98338 1.9
      vertex 1.49755 -1.95165 1.9
      vertex 1.50185 -1.94812 1.9
    endloop
  endfacet
  facet normal 0 0 -1
    outer loop
      vertex 1.37122 -2.04217 1.9
      vertex 1.5219 -1.98338 1.9
      vertex 1.38893 -2.07867 1.9
    endloop
  endfacet
  facet normal -0 0 -1
    outer loop
      vertex 1.5219 -1.98338 1.9
      vertex 1.37122 -2.04217 1.9
      vertex 1.49755 -1.95165 1.9
    endloop
  endfacet
  facet normal 0 0 -1
    outer loop
      vertex 1.38893 -2.07867 1.9
      vertex 1.3667 -2.04541 1.9
      vertex 1.37122 -2.04217 1.9
    endloop
  endfacet
  facet normal 0 0 -1
    outer loop
      vertex 1.23472 -2.12748 1.9
      vertex 1.38893 -2.07867 1.9
      vertex 1.25 -2.16506 1.9
    endloop
  endfacet
  facet normal -0 0 -1
    outer loop
      vertex 1.38893 -2.07867 1.9
      vertex 1.23472 -2.12748 1.9
      vertex 1.3667 -2.04541 1.9
    endloop
  endfacet
  facet normal 0 0 -1
    outer loop
      vertex 1.25 -2.16506 1.9
      vertex 1.23 -2.13042 1.9
      vertex 1.23472 -2.12748 1.9
    endloop
  endfacet
  facet normal 0 0 -1
    outer loop
      vertex 1.09294 -2.20368 1.9
      vertex 1.25 -2.16506 1.9
      vertex 1.10572 -2.24218 1.9
    endloop
  endfacet
  facet normal -0 0 -1
    outer loop
      vertex 1.25 -2.16506 1.9
      vertex 1.09294 -2.20368 1.9
      vertex 1.23 -2.13042 1.9
    endloop
  endfacet
  facet normal 0 0 -1
    outer loop
      vertex 1.10572 -2.24218 1.9
      vertex 1.08803 -2.20631 1.9
      vertex 1.09294 -2.20368 1.9
    endloop
  endfacet
  facet normal 0 0 -1
    outer loop
      vertex 1.10572 -2.24218 1.9
      vertex 1.08296 -2.2086 1.9
      vertex 1.08803 -2.20631 1.9
    endloop
  endfacet
  facet normal 0 0 -1
    outer loop
      vertex 0.956708 -2.3097 1.9
      vertex 1.08296 -2.2086 1.9
      vertex 1.10572 -2.24218 1.9
    endloop
  endfacet
  facet normal 0 0 -1
    outer loop
      vertex 0.956708 -2.3097 1.9
      vertex 0.941401 -2.27274 1.9
      vertex 1.08296 -2.2086 1.9
    endloop
  endfacet
  facet normal 0 0 -1
    outer loop
      vertex 0.795947 -2.32749 1.9
      vertex 0.956708 -2.3097 1.9
      vertex 0.803598 -2.36732 1.9
    endloop
  endfacet
  facet normal -0 0 -1
    outer loop
      vertex 0.956708 -2.3097 1.9
      vertex 0.795947 -2.32749 1.9
      vertex 0.941401 -2.27274 1.9
    endloop
  endfacet
  facet normal 0 0 -1
    outer loop
      vertex 0.803598 -2.36732 1.9
      vertex 0.790741 -2.32945 1.9
      vertex 0.795947 -2.32749 1.9
    endloop
  endfacet
  facet normal 0 0 -1
    outer loop
      vertex 0.803598 -2.36732 1.9
      vertex 0.785418 -2.33106 1.9
      vertex 0.790741 -2.32945 1.9
    endloop
  endfacet
  facet normal 0 0 -1
    outer loop
      vertex 0.647047 -2.41481 1.9
      vertex 0.785418 -2.33106 1.9
      vertex 0.803598 -2.36732 1.9
    endloop
  endfacet
  facet normal 0 0 -1
    outer loop
      vertex 0.647047 -2.41481 1.9
      vertex 0.636694 -2.37618 1.9
      vertex 0.785418 -2.33106 1.9
    endloop
  endfacet
  facet normal 0 0 -1
    outer loop
      vertex 0.485339 -2.41147 1.9
      vertex 0.647047 -2.41481 1.9
      vertex 0.487725 -2.45196 1.9
    endloop
  endfacet
  facet normal 0 0 -1
    outer loop
      vertex 0.647047 -2.41481 1.9
      vertex 0.485339 -2.41147 1.9
      vertex 0.636694 -2.37618 1.9
    endloop
  endfacet
  facet normal 0 0 -1
    outer loop
      vertex 0.487725 -2.45196 1.9
      vertex 0.479922 -2.41273 1.9
      vertex 0.485339 -2.41147 1.9
    endloop
  endfacet
  facet normal 0 0 -1
    outer loop
      vertex 0.487725 -2.45196 1.9
      vertex 0.326582 -2.43805 1.9
      vertex 0.479922 -2.41273 1.9
    endloop
  endfacet
  facet normal 0 0 -1
    outer loop
      vertex 0.326315 -2.47861 1.9
      vertex 0.326582 -2.43805 1.9
      vertex 0.487725 -2.45196 1.9
    endloop
  endfacet
  facet normal 0 0 -1
    outer loop
      vertex 0.326315 -2.47861 1.9
      vertex 0.321094 -2.43895 1.9
      vertex 0.326582 -2.43805 1.9
    endloop
  endfacet
  facet normal 0 0 -1
    outer loop
      vertex 0.326315 -2.47861 1.9
      vertex 0.315558 -2.4395 1.9
      vertex 0.321094 -2.43895 1.9
    endloop
  endfacet
  facet normal 0 0 -1
    outer loop
      vertex 0.163507 -2.49465 1.9
      vertex 0.315558 -2.4395 1.9
      vertex 0.326315 -2.47861 1.9
    endloop
  endfacet
  facet normal 0 0 -1
    outer loop
      vertex 0.163507 -2.49465 1.9
      vertex 0.160891 -2.45473 1.9
      vertex 0.315558 -2.4395 1.9
    endloop
  endfacet
  facet normal 0 0 -1
    outer loop
      vertex 0.163507 -2.49465 1.9
      vertex 0.155332 -2.45491 1.9
      vertex 0.160891 -2.45473 1.9
    endloop
  endfacet
  facet normal 0 0 -1
    outer loop
      vertex 0 -2.5 1.9
      vertex 0.155332 -2.45491 1.9
      vertex 0.163507 -2.49465 1.9
    endloop
  endfacet
  facet normal 0 0 -1
    outer loop
      vertex 0 -2.5 1.9
      vertex 0 -2.46 1.9
      vertex 0.155332 -2.45491 1.9
    endloop
  endfacet
  facet normal 0 0 -1
    outer loop
      vertex 0 -2.5 1.9
      vertex -0.155332 -2.45491 1.9
      vertex 0 -2.46 1.9
    endloop
  endfacet
  facet normal 0 0 -1
    outer loop
      vertex -0.163507 -2.49465 1.9
      vertex -0.155332 -2.45491 1.9
      vertex 0 -2.5 1.9
    endloop
  endfacet
  facet normal -0 0 -1
    outer loop
      vertex -0.155332 -2.45491 1.9
      vertex -0.163507 -2.49465 1.9
      vertex -0.160891 -2.45473 1.9
    endloop
  endfacet
  facet normal 0 0 -1
    outer loop
      vertex -0.163507 -2.49465 1.9
      vertex -0.315558 -2.4395 1.9
      vertex -0.160891 -2.45473 1.9
    endloop
  endfacet
  facet normal 0 0 -1
    outer loop
      vertex -0.326315 -2.47861 1.9
      vertex -0.315558 -2.4395 1.9
      vertex -0.163507 -2.49465 1.9
    endloop
  endfacet
  facet normal -0 0 -1
    outer loop
      vertex -0.315558 -2.4395 1.9
      vertex -0.326315 -2.47861 1.9
      vertex -0.321094 -2.43895 1.9
    endloop
  endfacet
  facet normal 0 0 -1
    outer loop
      vertex -0.326315 -2.47861 1.9
      vertex -0.326582 -2.43805 1.9
      vertex -0.321094 -2.43895 1.9
    endloop
  endfacet
  facet normal 0 0 -1
    outer loop
      vertex -0.487725 -2.45196 1.9
      vertex -0.326582 -2.43805 1.9
      vertex -0.326315 -2.47861 1.9
    endloop
  endfacet
  facet normal -0 0 -1
    outer loop
      vertex -0.326582 -2.43805 1.9
      vertex -0.487725 -2.45196 1.9
      vertex -0.479922 -2.41273 1.9
    endloop
  endfacet
  facet normal -0 0 -1
    outer loop
      vertex -0.479922 -2.41273 1.9
      vertex -0.487725 -2.45196 1.9
      vertex -0.485339 -2.41147 1.9
    endloop
  endfacet
  facet normal 0 0 -1
    outer loop
      vertex -0.647047 -2.41481 1.9
      vertex -0.485339 -2.41147 1.9
      vertex -0.487725 -2.45196 1.9
    endloop
  endfacet
  facet normal -0 0 -1
    outer loop
      vertex -0.485339 -2.41147 1.9
      vertex -0.647047 -2.41481 1.9
      vertex -0.636694 -2.37618 1.9
    endloop
  endfacet
  facet normal 0 0 -1
    outer loop
      vertex -0.647047 -2.41481 1.9
      vertex -0.785418 -2.33106 1.9
      vertex -0.636694 -2.37618 1.9
    endloop
  endfacet
  facet normal 0 0 -1
    outer loop
      vertex -0.803598 -2.36732 1.9
      vertex -0.785418 -2.33106 1.9
      vertex -0.647047 -2.41481 1.9
    endloop
  endfacet
  facet normal -0 0 -1
    outer loop
      vertex -0.785418 -2.33106 1.9
      vertex -0.803598 -2.36732 1.9
      vertex -0.790741 -2.32945 1.9
    endloop
  endfacet
  facet normal -0 0 -1
    outer loop
      vertex -0.790741 -2.32945 1.9
      vertex -0.803598 -2.36732 1.9
      vertex -0.795947 -2.32749 1.9
    endloop
  endfacet
  facet normal 0 0 -1
    outer loop
      vertex -0.956708 -2.3097 1.9
      vertex -0.795947 -2.32749 1.9
      vertex -0.803598 -2.36732 1.9
    endloop
  endfacet
  facet normal 0 0 -1
    outer loop
      vertex -0.795947 -2.32749 1.9
      vertex -0.956708 -2.3097 1.9
      vertex -0.941401 -2.27274 1.9
    endloop
  endfacet
  facet normal 0 0 -1
    outer loop
      vertex -0.956708 -2.3097 1.9
      vertex -1.08296 -2.2086 1.9
      vertex -0.941401 -2.27274 1.9
    endloop
  endfacet
  facet normal 0 0 -1
    outer loop
      vertex -1.10572 -2.24218 1.9
      vertex -1.08296 -2.2086 1.9
      vertex -0.956708 -2.3097 1.9
    endloop
  endfacet
  facet normal -0 0 -1
    outer loop
      vertex -1.08296 -2.2086 1.9
      vertex -1.10572 -2.24218 1.9
      vertex -1.08803 -2.20631 1.9
    endloop
  endfacet
  facet normal -0 0 -1
    outer loop
      vertex -1.08803 -2.20631 1.9
      vertex -1.10572 -2.24218 1.9
      vertex -1.09294 -2.20368 1.9
    endloop
  endfacet
  facet normal 0 0 -1
    outer loop
      vertex -1.25 -2.16506 1.9
      vertex -1.09294 -2.20368 1.9
      vertex -1.10572 -2.24218 1.9
    endloop
  endfacet
  facet normal 0 0 -1
    outer loop
      vertex -1.09294 -2.20368 1.9
      vertex -1.25 -2.16506 1.9
      vertex -1.23 -2.13042 1.9
    endloop
  endfacet
  facet normal -0 0 -1
    outer loop
      vertex -1.23 -2.13042 1.9
      vertex -1.25 -2.16506 1.9
      vertex -1.23472 -2.12748 1.9
    endloop
  endfacet
  facet normal 0 0 -1
    outer loop
      vertex -1.38893 -2.07867 1.9
      vertex -1.23472 -2.12748 1.9
      vertex -1.25 -2.16506 1.9
    endloop
  endfacet
  facet normal 0 0 -1
    outer loop
      vertex -1.23472 -2.12748 1.9
      vertex -1.38893 -2.07867 1.9
      vertex -1.3667 -2.04541 1.9
    endloop
  endfacet
  facet normal -0 0 -1
    outer loop
      vertex -1.3667 -2.04541 1.9
      vertex -1.38893 -2.07867 1.9
      vertex -1.37122 -2.04217 1.9
    endloop
  endfacet
  facet normal 0 0 -1
    outer loop
      vertex -1.5219 -1.98338 1.9
      vertex -1.37122 -2.04217 1.9
      vertex -1.38893 -2.07867 1.9
    endloop
  endfacet
  facet normal 0 0 -1
    outer loop
      vertex -1.37122 -2.04217 1.9
      vertex -1.5219 -1.98338 1.9
      vertex -1.49755 -1.95165 1.9
    endloop
  endfacet
  facet normal -0 0 -1
    outer loop
      vertex -1.49755 -1.95165 1.9
      vertex -1.5219 -1.98338 1.9
      vertex -1.50185 -1.94812 1.9
    endloop
  endfacet
  facet normal 0 0 -1
    outer loop
      vertex -1.64836 -1.8796 1.9
      vertex -1.50185 -1.94812 1.9
      vertex -1.5219 -1.98338 1.9
    endloop
  endfacet
  facet normal 0 0 -1
    outer loop
      vertex -1.50185 -1.94812 1.9
      vertex -1.64836 -1.8796 1.9
      vertex -1.62199 -1.84952 1.9
    endloop
  endfacet
  facet normal 0 0 -1
    outer loop
      vertex -1.64836 -1.8796 1.9
      vertex -1.73542 -1.74328 1.9
      vertex -1.62199 -1.84952 1.9
    endloop
  endfacet
  facet normal 0 0 -1
    outer loop
      vertex -1.76777 -1.76777 1.9
      vertex -1.73542 -1.74328 1.9
      vertex -1.64836 -1.8796 1.9
    endloop
  endfacet
  facet normal -0 0 -1
    outer loop
      vertex -1.73542 -1.74328 1.9
      vertex -1.76777 -1.76777 1.9
      vertex -1.73948 -1.73948 1.9
    endloop
  endfacet
  facet normal -0 0 -1
    outer loop
      vertex -1.73948 -1.73948 1.9
      vertex -1.76777 -1.76777 1.9
      vertex -1.74328 -1.73542 1.9
    endloop
  endfacet
  facet normal 0 0 -1
    outer loop
      vertex -1.8796 -1.64836 1.9
      vertex -1.74328 -1.73542 1.9
      vertex -1.76777 -1.76777 1.9
    endloop
  endfacet
  facet normal 0 0 -1
    outer loop
      vertex -1.74328 -1.73542 1.9
      vertex -1.8796 -1.64836 1.9
      vertex -1.84952 -1.62199 1.9
    endloop
  endfacet
  facet normal 0 0 -1
    outer loop
      vertex -1.8796 -1.64836 1.9
      vertex -1.94812 -1.50185 1.9
      vertex -1.84952 -1.62199 1.9
    endloop
  endfacet
  facet normal 0 0 -1
    outer loop
      vertex -1.98338 -1.5219 1.9
      vertex -1.94812 -1.50185 1.9
      vertex -1.8796 -1.64836 1.9
    endloop
  endfacet
  facet normal -0 0 -1
    outer loop
      vertex -1.94812 -1.50185 1.9
      vertex -1.98338 -1.5219 1.9
      vertex -1.95165 -1.49755 1.9
    endloop
  endfacet
  facet normal 0 0 -1
    outer loop
      vertex -1.98338 -1.5219 1.9
      vertex -2.04217 -1.37122 1.9
      vertex -1.95165 -1.49755 1.9
    endloop
  endfacet
  facet normal 0 0 -1
    outer loop
      vertex -2.07867 -1.38893 1.9
      vertex -2.04217 -1.37122 1.9
      vertex -1.98338 -1.5219 1.9
    endloop
  endfacet
  facet normal -0 0 -1
    outer loop
      vertex -2.04217 -1.37122 1.9
      vertex -2.07867 -1.38893 1.9
      vertex -2.04541 -1.3667 1.9
    endloop
  endfacet
  facet normal 0 0 -1
    outer loop
      vertex -2.07867 -1.38893 1.9
      vertex -2.12748 -1.23472 1.9
      vertex -2.04541 -1.3667 1.9
    endloop
  endfacet
  facet normal 0 0 -1
    outer loop
      vertex -2.16506 -1.25 1.9
      vertex -2.12748 -1.23472 1.9
      vertex -2.07867 -1.38893 1.9
    endloop
  endfacet
  facet normal -0 0 -1
    outer loop
      vertex -2.12748 -1.23472 1.9
      vertex -2.16506 -1.25 1.9
      vertex -2.13042 -1.23 1.9
    endloop
  endfacet
  facet normal 0 0 -1
    outer loop
      vertex -2.16506 -1.25 1.9
      vertex -2.20368 -1.09294 1.9
      vertex -2.13042 -1.23 1.9
    endloop
  endfacet
  facet normal 0 0 -1
    outer loop
      vertex -2.24218 -1.10572 1.9
      vertex -2.20368 -1.09294 1.9
      vertex -2.16506 -1.25 1.9
    endloop
  endfacet
  facet normal -0 0 -1
    outer loop
      vertex -2.20368 -1.09294 1.9
      vertex -2.24218 -1.10572 1.9
      vertex -2.20631 -1.08803 1.9
    endloop
  endfacet
  facet normal -0 0 -1
    outer loop
      vertex -2.20631 -1.08803 1.9
      vertex -2.24218 -1.10572 1.9
      vertex -2.2086 -1.08296 1.9
    endloop
  endfacet
  facet normal 0 0 -1
    outer loop
      vertex -2.3097 -0.956708 1.9
      vertex -2.2086 -1.08296 1.9
      vertex -2.24218 -1.10572 1.9
    endloop
  endfacet
  facet normal 0 0 -1
    outer loop
      vertex -2.2086 -1.08296 1.9
      vertex -2.3097 -0.956708 1.9
      vertex -2.27274 -0.941401 1.9
    endloop
  endfacet
  facet normal 0 0 -1
    outer loop
      vertex -2.3097 -0.956708 1.9
      vertex -2.32749 -0.795947 1.9
      vertex -2.27274 -0.941401 1.9
    endloop
  endfacet
  facet normal 0 0 -1
    outer loop
      vertex -2.36732 -0.803598 1.9
      vertex -2.32749 -0.795947 1.9
      vertex -2.3097 -0.956708 1.9
    endloop
  endfacet
  facet normal -0 0 -1
    outer loop
      vertex -2.32749 -0.795947 1.9
      vertex -2.36732 -0.803598 1.9
      vertex -2.32945 -0.790741 1.9
    endloop
  endfacet
  facet normal -0 0 -1
    outer loop
      vertex -2.32945 -0.790741 1.9
      vertex -2.36732 -0.803598 1.9
      vertex -2.33106 -0.785418 1.9
    endloop
  endfacet
  facet normal 0 0 -1
    outer loop
      vertex -2.41481 -0.647047 1.9
      vertex -2.33106 -0.785418 1.9
      vertex -2.36732 -0.803598 1.9
    endloop
  endfacet
  facet normal 0 0 -1
    outer loop
      vertex -2.33106 -0.785418 1.9
      vertex -2.41481 -0.647047 1.9
      vertex -2.37618 -0.636694 1.9
    endloop
  endfacet
  facet normal -0 0 -1
    outer loop
      vertex -2.37618 -0.636694 1.9
      vertex -2.41481 -0.647047 1.9
      vertex -2.41147 -0.485339 1.9
    endloop
  endfacet
  facet normal 0 0 -1
    outer loop
      vertex -2.45196 -0.487725 1.9
      vertex -2.41147 -0.485339 1.9
      vertex -2.41481 -0.647047 1.9
    endloop
  endfacet
  facet normal -0 0 -1
    outer loop
      vertex -2.41147 -0.485339 1.9
      vertex -2.45196 -0.487725 1.9
      vertex -2.41273 -0.479922 1.9
    endloop
  endfacet
  facet normal -0 0 -1
    outer loop
      vertex -2.41273 -0.479922 1.9
      vertex -2.45196 -0.487725 1.9
      vertex -2.43805 -0.326582 1.9
    endloop
  endfacet
  facet normal 0 0 -1
    outer loop
      vertex -2.47861 -0.326315 1.9
      vertex -2.43805 -0.326582 1.9
      vertex -2.45196 -0.487725 1.9
    endloop
  endfacet
  facet normal 0 0 -1
    outer loop
      vertex -2.43805 -0.326582 1.9
      vertex -2.47861 -0.326315 1.9
      vertex -2.43895 -0.321094 1.9
    endloop
  endfacet
  facet normal -0 0 -1
    outer loop
      vertex -2.43895 -0.321094 1.9
      vertex -2.47861 -0.326315 1.9
      vertex -2.4395 -0.315558 1.9
    endloop
  endfacet
  facet normal 0 0 -1
    outer loop
      vertex -2.49465 -0.163507 1.9
      vertex -2.4395 -0.315558 1.9
      vertex -2.47861 -0.326315 1.9
    endloop
  endfacet
  facet normal 0 0 -1
    outer loop
      vertex -2.4395 -0.315558 1.9
      vertex -2.49465 -0.163507 1.9
      vertex -2.45473 -0.160891 1.9
    endloop
  endfacet
  facet normal -0 0 -1
    outer loop
      vertex -2.45473 -0.160891 1.9
      vertex -2.49465 -0.163507 1.9
      vertex -2.45491 -0.155332 1.9
    endloop
  endfacet
  facet normal 0 0 -1
    outer loop
      vertex 2.45473 0.160891 1.9
      vertex 2.49465 0.163507 1.9
      vertex 2.45491 0.155332 1.9
    endloop
  endfacet
  facet normal 0 0 -1
    outer loop
      vertex 2.4395 0.315558 1.9
      vertex 2.49465 0.163507 1.9
      vertex 2.45473 0.160891 1.9
    endloop
  endfacet
  facet normal 0 0 -1
    outer loop
      vertex 2.49465 0.163507 1.9
      vertex 2.4395 0.315558 1.9
      vertex 2.47861 0.326315 1.9
    endloop
  endfacet
  facet normal 0 0 -1
    outer loop
      vertex 2.43895 0.321094 1.9
      vertex 2.47861 0.326315 1.9
      vertex 2.4395 0.315558 1.9
    endloop
  endfacet
  facet normal 0 0 -1
    outer loop
      vertex 2.43805 0.326582 1.9
      vertex 2.47861 0.326315 1.9
      vertex 2.43895 0.321094 1.9
    endloop
  endfacet
  facet normal 0 0 -1
    outer loop
      vertex 2.47861 0.326315 1.9
      vertex 2.43805 0.326582 1.9
      vertex 2.45196 0.487725 1.9
    endloop
  endfacet
  facet normal 0 0 -1
    outer loop
      vertex 2.41273 0.479922 1.9
      vertex 2.45196 0.487725 1.9
      vertex 2.43805 0.326582 1.9
    endloop
  endfacet
  facet normal 0 0 -1
    outer loop
      vertex 2.41147 0.485339 1.9
      vertex 2.45196 0.487725 1.9
      vertex 2.41273 0.479922 1.9
    endloop
  endfacet
  facet normal -0 0 -1
    outer loop
      vertex 2.45196 0.487725 1.9
      vertex 2.41147 0.485339 1.9
      vertex 2.41481 0.647047 1.9
    endloop
  endfacet
  facet normal 0 0 -1
    outer loop
      vertex 2.37618 0.636694 1.9
      vertex 2.41481 0.647047 1.9
      vertex 2.41147 0.485339 1.9
    endloop
  endfacet
  facet normal 0 0 -1
    outer loop
      vertex 2.33106 0.785418 1.9
      vertex 2.41481 0.647047 1.9
      vertex 2.37618 0.636694 1.9
    endloop
  endfacet
  facet normal 0 0 -1
    outer loop
      vertex 2.41481 0.647047 1.9
      vertex 2.33106 0.785418 1.9
      vertex 2.36732 0.803598 1.9
    endloop
  endfacet
  facet normal 0 0 -1
    outer loop
      vertex 2.32945 0.790741 1.9
      vertex 2.36732 0.803598 1.9
      vertex 2.33106 0.785418 1.9
    endloop
  endfacet
  facet normal 0 0 -1
    outer loop
      vertex 2.32749 0.795947 1.9
      vertex 2.36732 0.803598 1.9
      vertex 2.32945 0.790741 1.9
    endloop
  endfacet
  facet normal 0 0 -1
    outer loop
      vertex 2.32749 0.795947 1.9
      vertex 2.3097 0.956708 1.9
      vertex 2.36732 0.803598 1.9
    endloop
  endfacet
  facet normal 0 0 -1
    outer loop
      vertex 2.27274 0.941401 1.9
      vertex 2.3097 0.956708 1.9
      vertex 2.32749 0.795947 1.9
    endloop
  endfacet
  facet normal 0 0 -1
    outer loop
      vertex 2.2086 1.08296 1.9
      vertex 2.3097 0.956708 1.9
      vertex 2.27274 0.941401 1.9
    endloop
  endfacet
  facet normal 0 0 -1
    outer loop
      vertex 2.3097 0.956708 1.9
      vertex 2.2086 1.08296 1.9
      vertex 2.24218 1.10572 1.9
    endloop
  endfacet
  facet normal 0 0 -1
    outer loop
      vertex 2.20631 1.08803 1.9
      vertex 2.24218 1.10572 1.9
      vertex 2.2086 1.08296 1.9
    endloop
  endfacet
  facet normal 0 0 -1
    outer loop
      vertex 2.20368 1.09294 1.9
      vertex 2.24218 1.10572 1.9
      vertex 2.20631 1.08803 1.9
    endloop
  endfacet
  facet normal 0 0 -1
    outer loop
      vertex 2.20368 1.09294 1.9
      vertex 2.16506 1.25 1.9
      vertex 2.24218 1.10572 1.9
    endloop
  endfacet
  facet normal 0 0 -1
    outer loop
      vertex 2.13042 1.23 1.9
      vertex 2.16506 1.25 1.9
      vertex 2.20368 1.09294 1.9
    endloop
  endfacet
  facet normal 0 0 -1
    outer loop
      vertex 2.12748 1.23472 1.9
      vertex 2.16506 1.25 1.9
      vertex 2.13042 1.23 1.9
    endloop
  endfacet
  facet normal 0 0 -1
    outer loop
      vertex 2.12748 1.23472 1.9
      vertex 2.07867 1.38893 1.9
      vertex 2.16506 1.25 1.9
    endloop
  endfacet
  facet normal 0 0 -1
    outer loop
      vertex 2.04541 1.3667 1.9
      vertex 2.07867 1.38893 1.9
      vertex 2.12748 1.23472 1.9
    endloop
  endfacet
  facet normal 0 0 -1
    outer loop
      vertex 2.04217 1.37122 1.9
      vertex 2.07867 1.38893 1.9
      vertex 2.04541 1.3667 1.9
    endloop
  endfacet
  facet normal 0 0 -1
    outer loop
      vertex 2.04217 1.37122 1.9
      vertex 1.98338 1.5219 1.9
      vertex 2.07867 1.38893 1.9
    endloop
  endfacet
  facet normal 0 0 -1
    outer loop
      vertex 1.95165 1.49755 1.9
      vertex 1.98338 1.5219 1.9
      vertex 2.04217 1.37122 1.9
    endloop
  endfacet
  facet normal 0 0 -1
    outer loop
      vertex 1.94812 1.50185 1.9
      vertex 1.98338 1.5219 1.9
      vertex 1.95165 1.49755 1.9
    endloop
  endfacet
  facet normal 0 0 -1
    outer loop
      vertex 1.94812 1.50185 1.9
      vertex 1.8796 1.64836 1.9
      vertex 1.98338 1.5219 1.9
    endloop
  endfacet
  facet normal 0 0 -1
    outer loop
      vertex 1.84952 1.62199 1.9
      vertex 1.8796 1.64836 1.9
      vertex 1.94812 1.50185 1.9
    endloop
  endfacet
  facet normal 0 0 -1
    outer loop
      vertex 1.74328 1.73542 1.9
      vertex 1.8796 1.64836 1.9
      vertex 1.84952 1.62199 1.9
    endloop
  endfacet
  facet normal 0 0 -1
    outer loop
      vertex 1.8796 1.64836 1.9
      vertex 1.74328 1.73542 1.9
      vertex 1.76777 1.76777 1.9
    endloop
  endfacet
  facet normal 0 0 -1
    outer loop
      vertex 1.73948 1.73948 1.9
      vertex 1.76777 1.76777 1.9
      vertex 1.74328 1.73542 1.9
    endloop
  endfacet
  facet normal 0 0 -1
    outer loop
      vertex 1.73542 1.74328 1.9
      vertex 1.76777 1.76777 1.9
      vertex 1.73948 1.73948 1.9
    endloop
  endfacet
  facet normal 0 0 -1
    outer loop
      vertex 1.73542 1.74328 1.9
      vertex 1.64836 1.8796 1.9
      vertex 1.76777 1.76777 1.9
    endloop
  endfacet
  facet normal 0 0 -1
    outer loop
      vertex 1.62199 1.84952 1.9
      vertex 1.64836 1.8796 1.9
      vertex 1.73542 1.74328 1.9
    endloop
  endfacet
  facet normal 0 0 -1
    outer loop
      vertex 1.50185 1.94812 1.9
      vertex 1.64836 1.8796 1.9
      vertex 1.62199 1.84952 1.9
    endloop
  endfacet
  facet normal 0 0 -1
    outer loop
      vertex 1.64836 1.8796 1.9
      vertex 1.50185 1.94812 1.9
      vertex 1.5219 1.98338 1.9
    endloop
  endfacet
  facet normal 0 0 -1
    outer loop
      vertex 1.49755 1.95165 1.9
      vertex 1.5219 1.98338 1.9
      vertex 1.50185 1.94812 1.9
    endloop
  endfacet
  facet normal 0 0 -1
    outer loop
      vertex 1.37122 2.04217 1.9
      vertex 1.5219 1.98338 1.9
      vertex 1.49755 1.95165 1.9
    endloop
  endfacet
  facet normal 0 0 -1
    outer loop
      vertex 1.5219 1.98338 1.9
      vertex 1.37122 2.04217 1.9
      vertex 1.38893 2.07867 1.9
    endloop
  endfacet
  facet normal 0 0 -1
    outer loop
      vertex 1.3667 2.04541 1.9
      vertex 1.38893 2.07867 1.9
      vertex 1.37122 2.04217 1.9
    endloop
  endfacet
  facet normal 0 0 -1
    outer loop
      vertex 1.23472 2.12748 1.9
      vertex 1.38893 2.07867 1.9
      vertex 1.3667 2.04541 1.9
    endloop
  endfacet
  facet normal 0 0 -1
    outer loop
      vertex 1.38893 2.07867 1.9
      vertex 1.23472 2.12748 1.9
      vertex 1.25 2.16506 1.9
    endloop
  endfacet
  facet normal 0 0 -1
    outer loop
      vertex 1.23 2.13042 1.9
      vertex 1.25 2.16506 1.9
      vertex 1.23472 2.12748 1.9
    endloop
  endfacet
  facet normal 0 0 -1
    outer loop
      vertex 1.09294 2.20368 1.9
      vertex 1.25 2.16506 1.9
      vertex 1.23 2.13042 1.9
    endloop
  endfacet
  facet normal 0 0 -1
    outer loop
      vertex 1.25 2.16506 1.9
      vertex 1.09294 2.20368 1.9
      vertex 1.10572 2.24218 1.9
    endloop
  endfacet
  facet normal 0 0 -1
    outer loop
      vertex 1.08803 2.20631 1.9
      vertex 1.10572 2.24218 1.9
      vertex 1.09294 2.20368 1.9
    endloop
  endfacet
  facet normal 0 0 -1
    outer loop
      vertex 1.08296 2.2086 1.9
      vertex 1.10572 2.24218 1.9
      vertex 1.08803 2.20631 1.9
    endloop
  endfacet
  facet normal 0 0 -1
    outer loop
      vertex 1.08296 2.2086 1.9
      vertex 0.956708 2.3097 1.9
      vertex 1.10572 2.24218 1.9
    endloop
  endfacet
  facet normal 0 0 -1
    outer loop
      vertex 0.941401 2.27274 1.9
      vertex 0.956708 2.3097 1.9
      vertex 1.08296 2.2086 1.9
    endloop
  endfacet
  facet normal 0 0 -1
    outer loop
      vertex 0.795947 2.32749 1.9
      vertex 0.956708 2.3097 1.9
      vertex 0.941401 2.27274 1.9
    endloop
  endfacet
  facet normal 0 0 -1
    outer loop
      vertex 0.956708 2.3097 1.9
      vertex 0.795947 2.32749 1.9
      vertex 0.803598 2.36732 1.9
    endloop
  endfacet
  facet normal 0 0 -1
    outer loop
      vertex 0.790741 2.32945 1.9
      vertex 0.803598 2.36732 1.9
      vertex 0.795947 2.32749 1.9
    endloop
  endfacet
  facet normal 0 0 -1
    outer loop
      vertex 0.785418 2.33106 1.9
      vertex 0.803598 2.36732 1.9
      vertex 0.790741 2.32945 1.9
    endloop
  endfacet
  facet normal 0 0 -1
    outer loop
      vertex 0.785418 2.33106 1.9
      vertex 0.647047 2.41481 1.9
      vertex 0.803598 2.36732 1.9
    endloop
  endfacet
  facet normal 0 0 -1
    outer loop
      vertex 0.636694 2.37618 1.9
      vertex 0.647047 2.41481 1.9
      vertex 0.785418 2.33106 1.9
    endloop
  endfacet
  facet normal 0 0 -1
    outer loop
      vertex 0.485339 2.41147 1.9
      vertex 0.647047 2.41481 1.9
      vertex 0.636694 2.37618 1.9
    endloop
  endfacet
  facet normal -0 0 -1
    outer loop
      vertex 0.647047 2.41481 1.9
      vertex 0.485339 2.41147 1.9
      vertex 0.487725 2.45196 1.9
    endloop
  endfacet
  facet normal 0 0 -1
    outer loop
      vertex 0.479922 2.41273 1.9
      vertex 0.487725 2.45196 1.9
      vertex 0.485339 2.41147 1.9
    endloop
  endfacet
  facet normal 0 0 -1
    outer loop
      vertex 0.326582 2.43805 1.9
      vertex 0.487725 2.45196 1.9
      vertex 0.479922 2.41273 1.9
    endloop
  endfacet
  facet normal 0 0 -1
    outer loop
      vertex 0.326582 2.43805 1.9
      vertex 0.326315 2.47861 1.9
      vertex 0.487725 2.45196 1.9
    endloop
  endfacet
  facet normal 0 0 -1
    outer loop
      vertex 0.321094 2.43895 1.9
      vertex 0.326315 2.47861 1.9
      vertex 0.326582 2.43805 1.9
    endloop
  endfacet
  facet normal 0 0 -1
    outer loop
      vertex 0.315558 2.4395 1.9
      vertex 0.326315 2.47861 1.9
      vertex 0.321094 2.43895 1.9
    endloop
  endfacet
  facet normal 0 0 -1
    outer loop
      vertex 0.315558 2.4395 1.9
      vertex 0.163507 2.49465 1.9
      vertex 0.326315 2.47861 1.9
    endloop
  endfacet
  facet normal 0 0 -1
    outer loop
      vertex 0.160891 2.45473 1.9
      vertex 0.163507 2.49465 1.9
      vertex 0.315558 2.4395 1.9
    endloop
  endfacet
  facet normal 0 0 -1
    outer loop
      vertex 0.155332 2.45491 1.9
      vertex 0.163507 2.49465 1.9
      vertex 0.160891 2.45473 1.9
    endloop
  endfacet
  facet normal 0 0 -1
    outer loop
      vertex 0 2.5 1.9
      vertex 0.155332 2.45491 1.9
      vertex 0 2.46 1.9
    endloop
  endfacet
  facet normal 0 0 -1
    outer loop
      vertex 0.155332 2.45491 1.9
      vertex 0 2.5 1.9
      vertex 0.163507 2.49465 1.9
    endloop
  endfacet
  facet normal 0 0 -1
    outer loop
      vertex -0.155332 2.45491 1.9
      vertex 0 2.5 1.9
      vertex 0 2.46 1.9
    endloop
  endfacet
  facet normal 0 0 -1
    outer loop
      vertex -0.163507 2.49465 1.9
      vertex -0.155332 2.45491 1.9
      vertex -0.160891 2.45473 1.9
    endloop
  endfacet
  facet normal 0 0 -1
    outer loop
      vertex -0.155332 2.45491 1.9
      vertex -0.163507 2.49465 1.9
      vertex 0 2.5 1.9
    endloop
  endfacet
  facet normal 0 0 -1
    outer loop
      vertex -0.315558 2.4395 1.9
      vertex -0.163507 2.49465 1.9
      vertex -0.160891 2.45473 1.9
    endloop
  endfacet
  facet normal 0 0 -1
    outer loop
      vertex -0.326315 2.47861 1.9
      vertex -0.315558 2.4395 1.9
      vertex -0.321094 2.43895 1.9
    endloop
  endfacet
  facet normal 0 0 -1
    outer loop
      vertex -0.315558 2.4395 1.9
      vertex -0.326315 2.47861 1.9
      vertex -0.163507 2.49465 1.9
    endloop
  endfacet
  facet normal 0 0 -1
    outer loop
      vertex -0.326582 2.43805 1.9
      vertex -0.326315 2.47861 1.9
      vertex -0.321094 2.43895 1.9
    endloop
  endfacet
  facet normal 0 0 -1
    outer loop
      vertex -0.487725 2.45196 1.9
      vertex -0.326582 2.43805 1.9
      vertex -0.479922 2.41273 1.9
    endloop
  endfacet
  facet normal 0 0 -1
    outer loop
      vertex -0.487725 2.45196 1.9
      vertex -0.479922 2.41273 1.9
      vertex -0.485339 2.41147 1.9
    endloop
  endfacet
  facet normal 0 0 -1
    outer loop
      vertex -0.326582 2.43805 1.9
      vertex -0.487725 2.45196 1.9
      vertex -0.326315 2.47861 1.9
    endloop
  endfacet
  facet normal 0 0 -1
    outer loop
      vertex -0.647047 2.41481 1.9
      vertex -0.485339 2.41147 1.9
      vertex -0.636694 2.37618 1.9
    endloop
  endfacet
  facet normal 0 0 -1
    outer loop
      vertex -0.485339 2.41147 1.9
      vertex -0.647047 2.41481 1.9
      vertex -0.487725 2.45196 1.9
    endloop
  endfacet
  facet normal 0 0 -1
    outer loop
      vertex -0.785418 2.33106 1.9
      vertex -0.647047 2.41481 1.9
      vertex -0.636694 2.37618 1.9
    endloop
  endfacet
  facet normal 0 0 -1
    outer loop
      vertex -0.803598 2.36732 1.9
      vertex -0.785418 2.33106 1.9
      vertex -0.790741 2.32945 1.9
    endloop
  endfacet
  facet normal 0 0 -1
    outer loop
      vertex -0.803598 2.36732 1.9
      vertex -0.790741 2.32945 1.9
      vertex -0.795947 2.32749 1.9
    endloop
  endfacet
  facet normal 0 0 -1
    outer loop
      vertex -0.785418 2.33106 1.9
      vertex -0.803598 2.36732 1.9
      vertex -0.647047 2.41481 1.9
    endloop
  endfacet
  facet normal 0 0 -1
    outer loop
      vertex -0.956708 2.3097 1.9
      vertex -0.795947 2.32749 1.9
      vertex -0.941401 2.27274 1.9
    endloop
  endfacet
  facet normal -0 0 -1
    outer loop
      vertex -0.795947 2.32749 1.9
      vertex -0.956708 2.3097 1.9
      vertex -0.803598 2.36732 1.9
    endloop
  endfacet
  facet normal 0 0 -1
    outer loop
      vertex -1.08296 2.2086 1.9
      vertex -0.956708 2.3097 1.9
      vertex -0.941401 2.27274 1.9
    endloop
  endfacet
  facet normal 0 0 -1
    outer loop
      vertex -1.10572 2.24218 1.9
      vertex -1.08296 2.2086 1.9
      vertex -1.08803 2.20631 1.9
    endloop
  endfacet
  facet normal 0 0 -1
    outer loop
      vertex -1.10572 2.24218 1.9
      vertex -1.08803 2.20631 1.9
      vertex -1.09294 2.20368 1.9
    endloop
  endfacet
  facet normal 0 0 -1
    outer loop
      vertex -1.08296 2.2086 1.9
      vertex -1.10572 2.24218 1.9
      vertex -0.956708 2.3097 1.9
    endloop
  endfacet
  facet normal 0 0 -1
    outer loop
      vertex -1.25 2.16506 1.9
      vertex -1.09294 2.20368 1.9
      vertex -1.23 2.13042 1.9
    endloop
  endfacet
  facet normal 0 0 -1
    outer loop
      vertex -1.25 2.16506 1.9
      vertex -1.23 2.13042 1.9
      vertex -1.23472 2.12748 1.9
    endloop
  endfacet
  facet normal -0 0 -1
    outer loop
      vertex -1.09294 2.20368 1.9
      vertex -1.25 2.16506 1.9
      vertex -1.10572 2.24218 1.9
    endloop
  endfacet
  facet normal 0 0 -1
    outer loop
      vertex -1.38893 2.07867 1.9
      vertex -1.23472 2.12748 1.9
      vertex -1.3667 2.04541 1.9
    endloop
  endfacet
  facet normal 0 0 -1
    outer loop
      vertex -1.38893 2.07867 1.9
      vertex -1.3667 2.04541 1.9
      vertex -1.37122 2.04217 1.9
    endloop
  endfacet
  facet normal -0 0 -1
    outer loop
      vertex -1.23472 2.12748 1.9
      vertex -1.38893 2.07867 1.9
      vertex -1.25 2.16506 1.9
    endloop
  endfacet
  facet normal 0 0 -1
    outer loop
      vertex -1.5219 1.98338 1.9
      vertex -1.37122 2.04217 1.9
      vertex -1.49755 1.95165 1.9
    endloop
  endfacet
  facet normal 0 0 -1
    outer loop
      vertex -1.5219 1.98338 1.9
      vertex -1.49755 1.95165 1.9
      vertex -1.50185 1.94812 1.9
    endloop
  endfacet
  facet normal -0 0 -1
    outer loop
      vertex -1.37122 2.04217 1.9
      vertex -1.5219 1.98338 1.9
      vertex -1.38893 2.07867 1.9
    endloop
  endfacet
  facet normal 0 0 -1
    outer loop
      vertex -1.64836 1.8796 1.9
      vertex -1.50185 1.94812 1.9
      vertex -1.62199 1.84952 1.9
    endloop
  endfacet
  facet normal -0 0 -1
    outer loop
      vertex -1.50185 1.94812 1.9
      vertex -1.64836 1.8796 1.9
      vertex -1.5219 1.98338 1.9
    endloop
  endfacet
  facet normal 0 0 -1
    outer loop
      vertex -1.73542 1.74328 1.9
      vertex -1.64836 1.8796 1.9
      vertex -1.62199 1.84952 1.9
    endloop
  endfacet
  facet normal 0 0 -1
    outer loop
      vertex -1.76777 1.76777 1.9
      vertex -1.73542 1.74328 1.9
      vertex -1.73948 1.73948 1.9
    endloop
  endfacet
  facet normal 0 0 -1
    outer loop
      vertex -1.76777 1.76777 1.9
      vertex -1.73948 1.73948 1.9
      vertex -1.74328 1.73542 1.9
    endloop
  endfacet
  facet normal 0 0 -1
    outer loop
      vertex -1.73542 1.74328 1.9
      vertex -1.76777 1.76777 1.9
      vertex -1.64836 1.8796 1.9
    endloop
  endfacet
  facet normal 0 0 -1
    outer loop
      vertex -1.8796 1.64836 1.9
      vertex -1.74328 1.73542 1.9
      vertex -1.84952 1.62199 1.9
    endloop
  endfacet
  facet normal -0 0 -1
    outer loop
      vertex -1.74328 1.73542 1.9
      vertex -1.8796 1.64836 1.9
      vertex -1.76777 1.76777 1.9
    endloop
  endfacet
  facet normal 0 0 -1
    outer loop
      vertex -1.94812 1.50185 1.9
      vertex -1.8796 1.64836 1.9
      vertex -1.84952 1.62199 1.9
    endloop
  endfacet
  facet normal 0 0 -1
    outer loop
      vertex -1.98338 1.5219 1.9
      vertex -1.94812 1.50185 1.9
      vertex -1.95165 1.49755 1.9
    endloop
  endfacet
  facet normal 0 0 -1
    outer loop
      vertex -1.94812 1.50185 1.9
      vertex -1.98338 1.5219 1.9
      vertex -1.8796 1.64836 1.9
    endloop
  endfacet
  facet normal 0 0 -1
    outer loop
      vertex -2.04217 1.37122 1.9
      vertex -1.98338 1.5219 1.9
      vertex -1.95165 1.49755 1.9
    endloop
  endfacet
  facet normal 0 0 -1
    outer loop
      vertex -2.07867 1.38893 1.9
      vertex -2.04217 1.37122 1.9
      vertex -2.04541 1.3667 1.9
    endloop
  endfacet
  facet normal 0 0 -1
    outer loop
      vertex -2.04217 1.37122 1.9
      vertex -2.07867 1.38893 1.9
      vertex -1.98338 1.5219 1.9
    endloop
  endfacet
  facet normal 0 0 -1
    outer loop
      vertex -2.12748 1.23472 1.9
      vertex -2.07867 1.38893 1.9
      vertex -2.04541 1.3667 1.9
    endloop
  endfacet
  facet normal 0 0 -1
    outer loop
      vertex -2.16506 1.25 1.9
      vertex -2.12748 1.23472 1.9
      vertex -2.13042 1.23 1.9
    endloop
  endfacet
  facet normal 0 0 -1
    outer loop
      vertex -2.12748 1.23472 1.9
      vertex -2.16506 1.25 1.9
      vertex -2.07867 1.38893 1.9
    endloop
  endfacet
  facet normal 0 0 -1
    outer loop
      vertex -2.20368 1.09294 1.9
      vertex -2.16506 1.25 1.9
      vertex -2.13042 1.23 1.9
    endloop
  endfacet
  facet normal 0 0 -1
    outer loop
      vertex -2.24218 1.10572 1.9
      vertex -2.20368 1.09294 1.9
      vertex -2.20631 1.08803 1.9
    endloop
  endfacet
  facet normal 0 0 -1
    outer loop
      vertex -2.24218 1.10572 1.9
      vertex -2.20631 1.08803 1.9
      vertex -2.2086 1.08296 1.9
    endloop
  endfacet
  facet normal 0 0 -1
    outer loop
      vertex -2.20368 1.09294 1.9
      vertex -2.24218 1.10572 1.9
      vertex -2.16506 1.25 1.9
    endloop
  endfacet
  facet normal 0 0 -1
    outer loop
      vertex -2.3097 0.956708 1.9
      vertex -2.2086 1.08296 1.9
      vertex -2.27274 0.941401 1.9
    endloop
  endfacet
  facet normal -0 0 -1
    outer loop
      vertex -2.2086 1.08296 1.9
      vertex -2.3097 0.956708 1.9
      vertex -2.24218 1.10572 1.9
    endloop
  endfacet
  facet normal 0 0 -1
    outer loop
      vertex -2.32749 0.795947 1.9
      vertex -2.3097 0.956708 1.9
      vertex -2.27274 0.941401 1.9
    endloop
  endfacet
  facet normal 0 0 -1
    outer loop
      vertex -2.36732 0.803598 1.9
      vertex -2.32749 0.795947 1.9
      vertex -2.32945 0.790741 1.9
    endloop
  endfacet
  facet normal 0 0 -1
    outer loop
      vertex -2.36732 0.803598 1.9
      vertex -2.32945 0.790741 1.9
      vertex -2.33106 0.785418 1.9
    endloop
  endfacet
  facet normal 0 0 -1
    outer loop
      vertex -2.32749 0.795947 1.9
      vertex -2.36732 0.803598 1.9
      vertex -2.3097 0.956708 1.9
    endloop
  endfacet
  facet normal 0 0 -1
    outer loop
      vertex -2.41481 0.647047 1.9
      vertex -2.33106 0.785418 1.9
      vertex -2.37618 0.636694 1.9
    endloop
  endfacet
  facet normal 0 0 -1
    outer loop
      vertex -2.41481 0.647047 1.9
      vertex -2.37618 0.636694 1.9
      vertex -2.41147 0.485339 1.9
    endloop
  endfacet
  facet normal 0 0 -1
    outer loop
      vertex -2.45196 0.487725 1.9
      vertex -2.41147 0.485339 1.9
      vertex -2.41273 0.479922 1.9
    endloop
  endfacet
  facet normal -0 0 -1
    outer loop
      vertex -2.33106 0.785418 1.9
      vertex -2.41481 0.647047 1.9
      vertex -2.36732 0.803598 1.9
    endloop
  endfacet
  facet normal 0 0 -1
    outer loop
      vertex -2.45196 0.487725 1.9
      vertex -2.41273 0.479922 1.9
      vertex -2.43805 0.326582 1.9
    endloop
  endfacet
  facet normal 0 0 -1
    outer loop
      vertex -2.47861 0.326315 1.9
      vertex -2.43805 0.326582 1.9
      vertex -2.43895 0.321094 1.9
    endloop
  endfacet
  facet normal 0 0 -1
    outer loop
      vertex -2.47861 0.326315 1.9
      vertex -2.43895 0.321094 1.9
      vertex -2.4395 0.315558 1.9
    endloop
  endfacet
  facet normal 0 0 -1
    outer loop
      vertex -2.41147 0.485339 1.9
      vertex -2.45196 0.487725 1.9
      vertex -2.41481 0.647047 1.9
    endloop
  endfacet
  facet normal 0 0 -1
    outer loop
      vertex -2.49465 0.163507 1.9
      vertex -2.4395 0.315558 1.9
      vertex -2.45473 0.160891 1.9
    endloop
  endfacet
  facet normal 0 0 -1
    outer loop
      vertex -2.49465 0.163507 1.9
      vertex -2.45473 0.160891 1.9
      vertex -2.45491 0.155332 1.9
    endloop
  endfacet
  facet normal 0 0 -1
    outer loop
      vertex -2.5 0 1.9
      vertex -2.45491 0.155332 1.9
      vertex -2.46 0 1.9
    endloop
  endfacet
  facet normal 0 0 -1
    outer loop
      vertex -2.5 0 1.9
      vertex -2.45491 -0.155332 1.9
      vertex -2.49465 -0.163507 1.9
    endloop
  endfacet
  facet normal -0 0 -1
    outer loop
      vertex -2.43805 0.326582 1.9
      vertex -2.47861 0.326315 1.9
      vertex -2.45196 0.487725 1.9
    endloop
  endfacet
  facet normal 0 0 -1
    outer loop
      vertex -2.45491 -0.155332 1.9
      vertex -2.5 0 1.9
      vertex -2.46 0 1.9
    endloop
  endfacet
  facet normal -0 0 -1
    outer loop
      vertex -2.4395 0.315558 1.9
      vertex -2.49465 0.163507 1.9
      vertex -2.47861 0.326315 1.9
    endloop
  endfacet
  facet normal -0 0 -1
    outer loop
      vertex -2.45491 0.155332 1.9
      vertex -2.5 0 1.9
      vertex -2.49465 0.163507 1.9
    endloop
  endfacet
  facet normal -0.935919 -0.352215 0
    outer loop
      vertex -2.3097 -0.956708 1.9
      vertex -2.36732 -0.803598 3.6
      vertex -2.36732 -0.803598 1.9
    endloop
  endfacet
  facet normal -0.935919 -0.352215 0
    outer loop
      vertex -2.36732 -0.803598 3.6
      vertex -2.3097 -0.956708 1.9
      vertex -2.3097 -0.956708 3.6
    endloop
  endfacet
  facet normal -0.935919 -0.352215 0
    outer loop
      vertex -2.3097 -0.956708 6
      vertex -2.36732 -0.803598 33
      vertex -2.36732 -0.803598 6
    endloop
  endfacet
  facet normal -0.935919 -0.352215 0
    outer loop
      vertex -2.36732 -0.803598 33
      vertex -2.3097 -0.956708 6
      vertex -2.3097 -0.956708 33
    endloop
  endfacet
  facet normal -0.973875 -0.227084 0
    outer loop
      vertex -2.41481 -0.647047 1.9
      vertex -2.45196 -0.487725 3.6
      vertex -2.45196 -0.487725 1.9
    endloop
  endfacet
  facet normal -0.973875 -0.227084 0
    outer loop
      vertex -2.45196 -0.487725 3.6
      vertex -2.41481 -0.647047 1.9
      vertex -2.41481 -0.647047 3.6
    endloop
  endfacet
  facet normal -0.973875 -0.227084 0
    outer loop
      vertex -2.41481 -0.647047 6
      vertex -2.45196 -0.487725 33
      vertex -2.45196 -0.487725 6
    endloop
  endfacet
  facet normal -0.973875 -0.227084 0
    outer loop
      vertex -2.45196 -0.487725 33
      vertex -2.41481 -0.647047 6
      vertex -2.41481 -0.647047 33
    endloop
  endfacet
  facet normal -0.881919 -0.4714 0
    outer loop
      vertex -2.16506 -1.25 1.9
      vertex -2.24218 -1.10572 3.6
      vertex -2.24218 -1.10572 1.9
    endloop
  endfacet
  facet normal -0.881919 -0.4714 0
    outer loop
      vertex -2.24218 -1.10572 3.6
      vertex -2.16506 -1.25 1.9
      vertex -2.16506 -1.25 3.6
    endloop
  endfacet
  facet normal -0.881919 -0.4714 0
    outer loop
      vertex -2.16506 -1.25 6
      vertex -2.24218 -1.10572 33
      vertex -2.24218 -1.10572 6
    endloop
  endfacet
  facet normal -0.881919 -0.4714 0
    outer loop
      vertex -2.24218 -1.10572 33
      vertex -2.16506 -1.25 6
      vertex -2.16506 -1.25 33
    endloop
  endfacet
  facet normal -0.77302 -0.634382 0
    outer loop
      vertex -1.8796 -1.64836 1.9
      vertex -1.98338 -1.5219 3.6
      vertex -1.98338 -1.5219 1.9
    endloop
  endfacet
  facet normal -0.77302 -0.634382 0
    outer loop
      vertex -1.98338 -1.5219 3.6
      vertex -1.8796 -1.64836 1.9
      vertex -1.8796 -1.64836 3.6
    endloop
  endfacet
  facet normal -0.77302 -0.634382 0
    outer loop
      vertex -1.8796 -1.64836 6
      vertex -1.98338 -1.5219 33
      vertex -1.98338 -1.5219 6
    endloop
  endfacet
  facet normal -0.77302 -0.634382 0
    outer loop
      vertex -1.98338 -1.5219 33
      vertex -1.8796 -1.64836 6
      vertex -1.8796 -1.64836 33
    endloop
  endfacet
  facet normal 0.973875 0.227084 0
    outer loop
      vertex 2.45196 0.487725 3.6
      vertex 2.41481 0.647047 1.9
      vertex 2.41481 0.647047 3.6
    endloop
  endfacet
  facet normal 0.973875 0.227084 0
    outer loop
      vertex 2.41481 0.647047 1.9
      vertex 2.45196 0.487725 3.6
      vertex 2.45196 0.487725 1.9
    endloop
  endfacet
  facet normal 0.973875 0.227084 0
    outer loop
      vertex 2.45196 0.487725 33
      vertex 2.41481 0.647047 6
      vertex 2.41481 0.647047 33
    endloop
  endfacet
  facet normal 0.973875 0.227084 0
    outer loop
      vertex 2.41481 0.647047 6
      vertex 2.45196 0.487725 33
      vertex 2.45196 0.487725 6
    endloop
  endfacet
  facet normal 0.986642 0.162902 0
    outer loop
      vertex 2.47861 0.326315 3.6
      vertex 2.45196 0.487725 1.9
      vertex 2.45196 0.487725 3.6
    endloop
  endfacet
  facet normal 0.986642 0.162902 0
    outer loop
      vertex 2.45196 0.487725 1.9
      vertex 2.47861 0.326315 3.6
      vertex 2.47861 0.326315 1.9
    endloop
  endfacet
  facet normal 0.986642 0.162902 0
    outer loop
      vertex 2.47861 0.326315 33
      vertex 2.45196 0.487725 6
      vertex 2.45196 0.487725 33
    endloop
  endfacet
  facet normal 0.986642 0.162902 0
    outer loop
      vertex 2.45196 0.487725 6
      vertex 2.47861 0.326315 33
      vertex 2.47861 0.326315 6
    endloop
  endfacet
  facet normal 0.910856 -0.412725 0
    outer loop
      vertex 2.24218 -1.10572 3.6
      vertex 2.3097 -0.956708 1.9
      vertex 2.3097 -0.956708 3.6
    endloop
  endfacet
  facet normal 0.910856 -0.412725 0
    outer loop
      vertex 2.3097 -0.956708 1.9
      vertex 2.24218 -1.10572 3.6
      vertex 2.24218 -1.10572 1.9
    endloop
  endfacet
  facet normal 0.910856 -0.412725 0
    outer loop
      vertex 2.24218 -1.10572 33
      vertex 2.3097 -0.956708 6
      vertex 2.3097 -0.956708 33
    endloop
  endfacet
  facet normal 0.910856 -0.412725 0
    outer loop
      vertex 2.3097 -0.956708 6
      vertex 2.24218 -1.10572 33
      vertex 2.24218 -1.10572 6
    endloop
  endfacet
  facet normal 0.290289 -0.956939 0
    outer loop
      vertex 0.647047 -2.41481 1.9
      vertex 0.803598 -2.36732 3.6
      vertex 0.647047 -2.41481 3.6
    endloop
  endfacet
  facet normal 0.290289 -0.956939 0
    outer loop
      vertex 0.803598 -2.36732 3.6
      vertex 0.647047 -2.41481 1.9
      vertex 0.803598 -2.36732 1.9
    endloop
  endfacet
  facet normal 0.290289 -0.956939 0
    outer loop
      vertex 0.647047 -2.41481 6
      vertex 0.803598 -2.36732 33
      vertex 0.647047 -2.41481 33
    endloop
  endfacet
  facet normal 0.290289 -0.956939 0
    outer loop
      vertex 0.803598 -2.36732 33
      vertex 0.647047 -2.41481 6
      vertex 0.803598 -2.36732 6
    endloop
  endfacet
  facet normal -0.4714 -0.881919 0
    outer loop
      vertex -1.25 -2.16506 1.9
      vertex -1.10572 -2.24218 3.6
      vertex -1.25 -2.16506 3.6
    endloop
  endfacet
  facet normal -0.4714 -0.881919 -0
    outer loop
      vertex -1.10572 -2.24218 3.6
      vertex -1.25 -2.16506 1.9
      vertex -1.10572 -2.24218 1.9
    endloop
  endfacet
  facet normal -0.4714 -0.881919 0
    outer loop
      vertex -1.25 -2.16506 6
      vertex -1.10572 -2.24218 33
      vertex -1.25 -2.16506 33
    endloop
  endfacet
  facet normal -0.4714 -0.881919 -0
    outer loop
      vertex -1.10572 -2.24218 33
      vertex -1.25 -2.16506 6
      vertex -1.10572 -2.24218 6
    endloop
  endfacet
  facet normal -0.634382 -0.77302 0
    outer loop
      vertex -1.64836 -1.8796 1.9
      vertex -1.5219 -1.98338 3.6
      vertex -1.64836 -1.8796 3.6
    endloop
  endfacet
  facet normal -0.634382 -0.77302 -0
    outer loop
      vertex -1.5219 -1.98338 3.6
      vertex -1.64836 -1.8796 1.9
      vertex -1.5219 -1.98338 1.9
    endloop
  endfacet
  facet normal -0.634382 -0.77302 0
    outer loop
      vertex -1.64836 -1.8796 6
      vertex -1.5219 -1.98338 33
      vertex -1.64836 -1.8796 33
    endloop
  endfacet
  facet normal -0.634382 -0.77302 -0
    outer loop
      vertex -1.5219 -1.98338 33
      vertex -1.64836 -1.8796 6
      vertex -1.5219 -1.98338 6
    endloop
  endfacet
  facet normal -0.956939 -0.290289 0
    outer loop
      vertex -2.36732 -0.803598 1.9
      vertex -2.41481 -0.647047 3.6
      vertex -2.41481 -0.647047 1.9
    endloop
  endfacet
  facet normal -0.956939 -0.290289 0
    outer loop
      vertex -2.41481 -0.647047 3.6
      vertex -2.36732 -0.803598 1.9
      vertex -2.36732 -0.803598 3.6
    endloop
  endfacet
  facet normal -0.956939 -0.290289 0
    outer loop
      vertex -2.36732 -0.803598 6
      vertex -2.41481 -0.647047 33
      vertex -2.41481 -0.647047 6
    endloop
  endfacet
  facet normal -0.956939 -0.290289 0
    outer loop
      vertex -2.41481 -0.647047 33
      vertex -2.36732 -0.803598 6
      vertex -2.36732 -0.803598 33
    endloop
  endfacet
  facet normal -0.729894 -0.683561 0
    outer loop
      vertex -1.76777 -1.76777 1.9
      vertex -1.8796 -1.64836 3.6
      vertex -1.8796 -1.64836 1.9
    endloop
  endfacet
  facet normal -0.729894 -0.683561 0
    outer loop
      vertex -1.8796 -1.64836 3.6
      vertex -1.76777 -1.76777 1.9
      vertex -1.76777 -1.76777 3.6
    endloop
  endfacet
  facet normal -0.729894 -0.683561 0
    outer loop
      vertex -1.76777 -1.76777 6
      vertex -1.8796 -1.64836 33
      vertex -1.8796 -1.64836 6
    endloop
  endfacet
  facet normal -0.729894 -0.683561 0
    outer loop
      vertex -1.8796 -1.64836 33
      vertex -1.76777 -1.76777 6
      vertex -1.76777 -1.76777 33
    endloop
  endfacet
  facet normal 0.986642 -0.162902 0
    outer loop
      vertex 2.45196 -0.487725 3.6
      vertex 2.47861 -0.326315 1.9
      vertex 2.47861 -0.326315 3.6
    endloop
  endfacet
  facet normal 0.986642 -0.162902 0
    outer loop
      vertex 2.47861 -0.326315 1.9
      vertex 2.45196 -0.487725 3.6
      vertex 2.45196 -0.487725 1.9
    endloop
  endfacet
  facet normal 0.986642 -0.162902 0
    outer loop
      vertex 2.45196 -0.487725 33
      vertex 2.47861 -0.326315 6
      vertex 2.47861 -0.326315 33
    endloop
  endfacet
  facet normal 0.986642 -0.162902 0
    outer loop
      vertex 2.47861 -0.326315 6
      vertex 2.45196 -0.487725 33
      vertex 2.45196 -0.487725 6
    endloop
  endfacet
  facet normal 0.77302 -0.634382 0
    outer loop
      vertex 1.8796 -1.64836 3.6
      vertex 1.98338 -1.5219 1.9
      vertex 1.98338 -1.5219 3.6
    endloop
  endfacet
  facet normal 0.77302 -0.634382 0
    outer loop
      vertex 1.98338 -1.5219 1.9
      vertex 1.8796 -1.64836 3.6
      vertex 1.8796 -1.64836 1.9
    endloop
  endfacet
  facet normal 0.77302 -0.634382 0
    outer loop
      vertex 1.8796 -1.64836 33
      vertex 1.98338 -1.5219 6
      vertex 1.98338 -1.5219 33
    endloop
  endfacet
  facet normal 0.77302 -0.634382 0
    outer loop
      vertex 1.98338 -1.5219 6
      vertex 1.8796 -1.64836 33
      vertex 1.8796 -1.64836 6
    endloop
  endfacet
  facet normal 0.849208 -0.528058 0
    outer loop
      vertex 2.07867 -1.38893 3.6
      vertex 2.16506 -1.25 1.9
      vertex 2.16506 -1.25 3.6
    endloop
  endfacet
  facet normal 0.849208 -0.528058 0
    outer loop
      vertex 2.16506 -1.25 1.9
      vertex 2.07867 -1.38893 3.6
      vertex 2.07867 -1.38893 1.9
    endloop
  endfacet
  facet normal 0.849208 -0.528058 0
    outer loop
      vertex 2.07867 -1.38893 33
      vertex 2.16506 -1.25 6
      vertex 2.16506 -1.25 33
    endloop
  endfacet
  facet normal 0.849208 -0.528058 0
    outer loop
      vertex 2.16506 -1.25 6
      vertex 2.07867 -1.38893 33
      vertex 2.07867 -1.38893 6
    endloop
  endfacet
  facet normal 0.881919 -0.4714 0
    outer loop
      vertex 2.16506 -1.25 3.6
      vertex 2.24218 -1.10572 1.9
      vertex 2.24218 -1.10572 3.6
    endloop
  endfacet
  facet normal 0.881919 -0.4714 0
    outer loop
      vertex 2.24218 -1.10572 1.9
      vertex 2.16506 -1.25 3.6
      vertex 2.16506 -1.25 1.9
    endloop
  endfacet
  facet normal 0.881919 -0.4714 0
    outer loop
      vertex 2.16506 -1.25 33
      vertex 2.24218 -1.10572 6
      vertex 2.24218 -1.10572 33
    endloop
  endfacet
  facet normal 0.881919 -0.4714 0
    outer loop
      vertex 2.24218 -1.10572 6
      vertex 2.16506 -1.25 33
      vertex 2.16506 -1.25 6
    endloop
  endfacet
  facet normal 0.799726 0.0261909 -0.599794
    outer loop
      vertex 3.1 0 4.4
      vertex 2.5 0 3.6
      vertex 3.09336 0.202749 4.4
    endloop
  endfacet
  facet normal 0.799729 0.0261674 -0.599791
    outer loop
      vertex 2.5 0 3.6
      vertex 2.49465 0.163507 3.6
      vertex 3.09336 0.202749 4.4
    endloop
  endfacet
  facet normal -0.618535 0.507604 -0.599793
    outer loop
      vertex -1.98338 1.5219 3.6
      vertex -2.3307 2.04397 4.4
      vertex -1.8796 1.64836 3.6
    endloop
  endfacet
  facet normal 0.728824 -0.330243 -0.599796
    outer loop
      vertex 2.86403 -1.18632 4.4
      vertex 2.24218 -1.10572 3.6
      vertex 2.3097 -0.956708 3.6
    endloop
  endfacet
  facet normal 0.130362 -0.789462 -0.599796
    outer loop
      vertex 0.404631 -3.07348 4.4
      vertex 0.326315 -2.47861 3.6
      vertex 0.604779 -3.04043 4.4
    endloop
  endfacet
  facet normal -0.0261674 0.799729 -0.599791
    outer loop
      vertex -0.163507 2.49465 3.6
      vertex -0.202749 3.09336 4.4
      vertex 0 2.5 3.6
    endloop
  endfacet
  facet normal 0.748879 -0.281826 -0.599796
    outer loop
      vertex 2.86403 -1.18632 4.4
      vertex 2.3097 -0.956708 3.6
      vertex 2.36732 -0.803598 3.6
    endloop
  endfacet
  facet normal 0.466087 -0.650389 -0.599798
    outer loop
      vertex 1.72227 -2.57756 4.4
      vertex 1.38893 -2.07867 3.6
      vertex 1.5219 -1.98338 3.6
    endloop
  endfacet
  facet normal 0.0784148 -0.796305 -0.599791
    outer loop
      vertex 0.202749 -3.09336 4.4
      vertex 0.163507 -2.49465 3.6
      vertex 0.404631 -3.07348 4.4
    endloop
  endfacet
  facet normal -0.281826 -0.748879 -0.599796
    outer loop
      vertex -0.803598 -2.36732 3.6
      vertex -1.18632 -2.86403 4.4
      vertex -0.956708 -2.3097 3.6
    endloop
  endfacet
  facet normal -0.796297 -0.078452 -0.599797
    outer loop
      vertex -2.47861 -0.326315 3.6
      vertex -3.07348 -0.404631 4.4
      vertex -2.49465 -0.163507 3.6
    endloop
  endfacet
  facet normal -0.0261909 0.799726 -0.599794
    outer loop
      vertex 0 2.5 3.6
      vertex -0.202749 3.09336 4.4
      vertex 0 3.1 4.4
    endloop
  endfacet
  facet normal -0.377162 0.70569 -0.599792
    outer loop
      vertex -1.10572 2.24218 3.6
      vertex -1.55 2.68468 4.4
      vertex -1.37109 2.7803 4.4
    endloop
  endfacet
  facet normal 0.796297 -0.078452 -0.599797
    outer loop
      vertex 3.07348 -0.404631 4.4
      vertex 2.47861 -0.326315 3.6
      vertex 2.49465 -0.163507 3.6
    endloop
  endfacet
  facet normal 0.748878 -0.281828 -0.599796
    outer loop
      vertex 2.86403 -1.18632 4.4
      vertex 2.36732 -0.803598 3.6
      vertex 2.93548 -0.996462 4.4
    endloop
  endfacet
  facet normal 0.789462 -0.130362 -0.599796
    outer loop
      vertex 3.04043 -0.604779 4.4
      vertex 2.47861 -0.326315 3.6
      vertex 3.07348 -0.404631 4.4
    endloop
  endfacet
  facet normal 0.728816 -0.330269 -0.599792
    outer loop
      vertex 2.7803 -1.37109 4.4
      vertex 2.24218 -1.10572 3.6
      vertex 2.86403 -1.18632 4.4
    endloop
  endfacet
  facet normal 0.584012 -0.546974 -0.599791
    outer loop
      vertex 2.19203 -2.19203 4.4
      vertex 1.76777 -1.76777 3.6
      vertex 2.3307 -2.04397 4.4
    endloop
  endfacet
  facet normal 0.181702 -0.779251 -0.599793
    outer loop
      vertex 0.604779 -3.04043 4.4
      vertex 0.487725 -2.45196 3.6
      vertex 0.647047 -2.41481 3.6
    endloop
  endfacet
  facet normal 0.281826 -0.748879 -0.599796
    outer loop
      vertex 1.18632 -2.86403 4.4
      vertex 0.803598 -2.36732 3.6
      vertex 0.956708 -2.3097 3.6
    endloop
  endfacet
  facet normal 0.546974 -0.584012 -0.599791
    outer loop
      vertex 2.04397 -2.3307 4.4
      vertex 1.76777 -1.76777 3.6
      vertex 2.19203 -2.19203 4.4
    endloop
  endfacet
  facet normal -0.728816 -0.330269 -0.599792
    outer loop
      vertex -2.7803 -1.37109 4.4
      vertex -2.86403 -1.18632 4.4
      vertex -2.24218 -1.10572 3.6
    endloop
  endfacet
  facet normal -0.584012 -0.546974 -0.599791
    outer loop
      vertex -2.19203 -2.19203 4.4
      vertex -2.3307 -2.04397 4.4
      vertex -1.76777 -1.76777 3.6
    endloop
  endfacet
  facet normal -0.130362 -0.789462 -0.599796
    outer loop
      vertex -0.404631 -3.07348 4.4
      vertex -0.604779 -3.04043 4.4
      vertex -0.326315 -2.47861 3.6
    endloop
  endfacet
  facet normal -0.779254 0.181679 -0.599797
    outer loop
      vertex -2.41481 0.647047 3.6
      vertex -3.04043 0.604779 4.4
      vertex -2.99437 0.802339 4.4
    endloop
  endfacet
  facet normal 0.799726 -0.0261909 -0.599794
    outer loop
      vertex 3.09336 -0.202749 4.4
      vertex 2.5 0 3.6
      vertex 3.1 0 4.4
    endloop
  endfacet
  facet normal 0.765695 -0.232285 -0.599796
    outer loop
      vertex 2.93548 -0.996462 4.4
      vertex 2.36732 -0.803598 3.6
      vertex 2.99437 -0.802339 4.4
    endloop
  endfacet
  facet normal 0.584027 -0.546954 -0.599794
    outer loop
      vertex 2.3307 -2.04397 4.4
      vertex 1.76777 -1.76777 3.6
      vertex 1.8796 -1.64836 3.6
    endloop
  endfacet
  facet normal 0.650389 -0.466087 -0.599798
    outer loop
      vertex 2.57756 -1.72227 4.4
      vertex 1.98338 -1.5219 3.6
      vertex 2.07867 -1.38893 3.6
    endloop
  endfacet
  facet normal 0.0261909 -0.799726 -0.599794
    outer loop
      vertex 0.202749 -3.09336 4.4
      vertex 0 -3.1 4.4
      vertex 0 -2.5 3.6
    endloop
  endfacet
  facet normal 0.0261674 -0.799729 -0.599791
    outer loop
      vertex 0.202749 -3.09336 4.4
      vertex 0 -2.5 3.6
      vertex 0.163507 -2.49465 3.6
    endloop
  endfacet
  facet normal 0.130347 -0.789466 -0.599794
    outer loop
      vertex 0.604779 -3.04043 4.4
      vertex 0.326315 -2.47861 3.6
      vertex 0.487725 -2.45196 3.6
    endloop
  endfacet
  facet normal 0.232285 -0.765695 -0.599796
    outer loop
      vertex 0.996462 -2.93548 4.4
      vertex 0.802339 -2.99437 4.4
      vertex 0.803598 -2.36732 3.6
    endloop
  endfacet
  facet normal 0.377162 -0.70569 -0.599792
    outer loop
      vertex 1.37109 -2.7803 4.4
      vertex 1.10572 -2.24218 3.6
      vertex 1.55 -2.68468 4.4
    endloop
  endfacet
  facet normal 0.546954 -0.584027 -0.599794
    outer loop
      vertex 2.04397 -2.3307 4.4
      vertex 1.64836 -1.8796 3.6
      vertex 1.76777 -1.76777 3.6
    endloop
  endfacet
  facet normal 0.507604 -0.618535 -0.599793
    outer loop
      vertex 2.04397 -2.3307 4.4
      vertex 1.5219 -1.98338 3.6
      vertex 1.64836 -1.8796 3.6
    endloop
  endfacet
  facet normal -0.796305 -0.0784148 -0.599791
    outer loop
      vertex -3.07348 -0.404631 4.4
      vertex -3.09336 -0.202749 4.4
      vertex -2.49465 -0.163507 3.6
    endloop
  endfacet
  facet normal -0.789462 -0.130362 -0.599796
    outer loop
      vertex -3.04043 -0.604779 4.4
      vertex -3.07348 -0.404631 4.4
      vertex -2.47861 -0.326315 3.6
    endloop
  endfacet
  facet normal -0.748879 -0.281826 -0.599796
    outer loop
      vertex -2.3097 -0.956708 3.6
      vertex -2.86403 -1.18632 4.4
      vertex -2.36732 -0.803598 3.6
    endloop
  endfacet
  facet normal -0.0784148 -0.796305 -0.599791
    outer loop
      vertex -0.202749 -3.09336 4.4
      vertex -0.404631 -3.07348 4.4
      vertex -0.163507 -2.49465 3.6
    endloop
  endfacet
  facet normal -0.330269 -0.728816 -0.599792
    outer loop
      vertex -1.18632 -2.86403 4.4
      vertex -1.37109 -2.7803 4.4
      vertex -1.10572 -2.24218 3.6
    endloop
  endfacet
  facet normal -0.466087 -0.650389 -0.599798
    outer loop
      vertex -1.38893 -2.07867 3.6
      vertex -1.72227 -2.57756 4.4
      vertex -1.5219 -1.98338 3.6
    endloop
  endfacet
  facet normal -0.546974 -0.584012 -0.599791
    outer loop
      vertex -2.04397 -2.3307 4.4
      vertex -2.19203 -2.19203 4.4
      vertex -1.76777 -1.76777 3.6
    endloop
  endfacet
  facet normal 0.507604 0.618535 -0.599793
    outer loop
      vertex 1.64836 1.8796 3.6
      vertex 1.5219 1.98338 3.6
      vertex 2.04397 2.3307 4.4
    endloop
  endfacet
  facet normal 0.796297 0.078452 -0.599797
    outer loop
      vertex 2.49465 0.163507 3.6
      vertex 2.47861 0.326315 3.6
      vertex 3.07348 0.404631 4.4
    endloop
  endfacet
  facet normal -0.70567 0.377192 -0.599797
    outer loop
      vertex -2.24218 1.10572 3.6
      vertex -2.68468 1.55 4.4
      vertex -2.16506 1.25 3.6
    endloop
  endfacet
  facet normal -0.466102 0.650381 -0.599795
    outer loop
      vertex -1.5219 1.98338 3.6
      vertex -1.88716 2.45939 4.4
      vertex -1.72227 2.57756 4.4
    endloop
  endfacet
  facet normal 0.799729 -0.0261674 -0.599791
    outer loop
      vertex 3.09336 -0.202749 4.4
      vertex 2.49465 -0.163507 3.6
      vertex 2.5 0 3.6
    endloop
  endfacet
  facet normal 0.796305 -0.0784148 -0.599791
    outer loop
      vertex 3.07348 -0.404631 4.4
      vertex 2.49465 -0.163507 3.6
      vertex 3.09336 -0.202749 4.4
    endloop
  endfacet
  facet normal 0.779254 -0.181679 -0.599797
    outer loop
      vertex 2.99437 -0.802339 4.4
      vertex 2.41481 -0.647047 3.6
      vertex 3.04043 -0.604779 4.4
    endloop
  endfacet
  facet normal 0.765697 -0.232275 -0.599797
    outer loop
      vertex 2.99437 -0.802339 4.4
      vertex 2.36732 -0.803598 3.6
      vertex 2.41481 -0.647047 3.6
    endloop
  endfacet
  facet normal 0.70569 -0.377162 -0.599792
    outer loop
      vertex 2.68468 -1.55 4.4
      vertex 2.24218 -1.10572 3.6
      vertex 2.7803 -1.37109 4.4
    endloop
  endfacet
  facet normal 0.618529 -0.507611 -0.599795
    outer loop
      vertex 2.3307 -2.04397 4.4
      vertex 1.98338 -1.5219 3.6
      vertex 2.45939 -1.88716 4.4
    endloop
  endfacet
  facet normal 0.650381 -0.466102 -0.599795
    outer loop
      vertex 2.45939 -1.88716 4.4
      vertex 1.98338 -1.5219 3.6
      vertex 2.57756 -1.72227 4.4
    endloop
  endfacet
  facet normal 0.618535 -0.507604 -0.599793
    outer loop
      vertex 2.3307 -2.04397 4.4
      vertex 1.8796 -1.64836 3.6
      vertex 1.98338 -1.5219 3.6
    endloop
  endfacet
  facet normal 0.679495 -0.422526 -0.599798
    outer loop
      vertex 2.57756 -1.72227 4.4
      vertex 2.07867 -1.38893 3.6
      vertex 2.16506 -1.25 3.6
    endloop
  endfacet
  facet normal 0.078452 -0.796297 -0.599797
    outer loop
      vertex 0.404631 -3.07348 4.4
      vertex 0.163507 -2.49465 3.6
      vertex 0.326315 -2.47861 3.6
    endloop
  endfacet
  facet normal 0.330269 -0.728816 -0.599792
    outer loop
      vertex 1.18632 -2.86403 4.4
      vertex 1.10572 -2.24218 3.6
      vertex 1.37109 -2.7803 4.4
    endloop
  endfacet
  facet normal 0.330243 -0.728824 -0.599796
    outer loop
      vertex 1.18632 -2.86403 4.4
      vertex 0.956708 -2.3097 3.6
      vertex 1.10572 -2.24218 3.6
    endloop
  endfacet
  facet normal 0.507611 -0.618529 -0.599795
    outer loop
      vertex 1.88716 -2.45939 4.4
      vertex 1.5219 -1.98338 3.6
      vertex 2.04397 -2.3307 4.4
    endloop
  endfacet
  facet normal 0.466102 -0.650381 -0.599795
    outer loop
      vertex 1.72227 -2.57756 4.4
      vertex 1.5219 -1.98338 3.6
      vertex 1.88716 -2.45939 4.4
    endloop
  endfacet
  facet normal -0.789466 -0.130347 -0.599794
    outer loop
      vertex -2.45196 -0.487725 3.6
      vertex -3.04043 -0.604779 4.4
      vertex -2.47861 -0.326315 3.6
    endloop
  endfacet
  facet normal -0.748878 -0.281828 -0.599796
    outer loop
      vertex -2.86403 -1.18632 4.4
      vertex -2.93548 -0.996462 4.4
      vertex -2.36732 -0.803598 3.6
    endloop
  endfacet
  facet normal -0.728824 -0.330243 -0.599796
    outer loop
      vertex -2.24218 -1.10572 3.6
      vertex -2.86403 -1.18632 4.4
      vertex -2.3097 -0.956708 3.6
    endloop
  endfacet
  facet normal -0.650389 -0.466087 -0.599798
    outer loop
      vertex -1.98338 -1.5219 3.6
      vertex -2.57756 -1.72227 4.4
      vertex -2.07867 -1.38893 3.6
    endloop
  endfacet
  facet normal -0.232285 -0.765695 -0.599796
    outer loop
      vertex -0.802339 -2.99437 4.4
      vertex -0.996462 -2.93548 4.4
      vertex -0.803598 -2.36732 3.6
    endloop
  endfacet
  facet normal -0.281828 -0.748878 -0.599796
    outer loop
      vertex -0.996462 -2.93548 4.4
      vertex -1.18632 -2.86403 4.4
      vertex -0.803598 -2.36732 3.6
    endloop
  endfacet
  facet normal -0.0261909 -0.799726 -0.599794
    outer loop
      vertex 0 -3.1 4.4
      vertex -0.202749 -3.09336 4.4
      vertex 0 -2.5 3.6
    endloop
  endfacet
  facet normal -0.422522 -0.679499 -0.599797
    outer loop
      vertex -1.55 -2.68468 4.4
      vertex -1.72227 -2.57756 4.4
      vertex -1.25 -2.16506 3.6
    endloop
  endfacet
  facet normal -0.377192 -0.70567 -0.599797
    outer loop
      vertex -1.10572 -2.24218 3.6
      vertex -1.55 -2.68468 4.4
      vertex -1.25 -2.16506 3.6
    endloop
  endfacet
  facet normal 0.232285 0.765695 -0.599796
    outer loop
      vertex 0.803598 2.36732 3.6
      vertex 0.802339 2.99437 4.4
      vertex 0.996462 2.93548 4.4
    endloop
  endfacet
  facet normal 0.796305 0.0784148 -0.599791
    outer loop
      vertex 3.09336 0.202749 4.4
      vertex 2.49465 0.163507 3.6
      vertex 3.07348 0.404631 4.4
    endloop
  endfacet
  facet normal 0.422522 0.679499 -0.599797
    outer loop
      vertex 1.72227 2.57756 4.4
      vertex 1.25 2.16506 3.6
      vertex 1.55 2.68468 4.4
    endloop
  endfacet
  facet normal 0.584027 0.546954 -0.599794
    outer loop
      vertex 1.8796 1.64836 3.6
      vertex 1.76777 1.76777 3.6
      vertex 2.3307 2.04397 4.4
    endloop
  endfacet
  facet normal -0.799729 -0.0261674 -0.599791
    outer loop
      vertex -2.49465 -0.163507 3.6
      vertex -3.09336 -0.202749 4.4
      vertex -2.5 0 3.6
    endloop
  endfacet
  facet normal -0.789466 0.130347 -0.599794
    outer loop
      vertex -2.47861 0.326315 3.6
      vertex -3.04043 0.604779 4.4
      vertex -2.45196 0.487725 3.6
    endloop
  endfacet
  facet normal -0.799726 -0.0261909 -0.599794
    outer loop
      vertex -3.09336 -0.202749 4.4
      vertex -3.1 0 4.4
      vertex -2.5 0 3.6
    endloop
  endfacet
  facet normal -0.765697 0.232275 -0.599797
    outer loop
      vertex -2.41481 0.647047 3.6
      vertex -2.99437 0.802339 4.4
      vertex -2.36732 0.803598 3.6
    endloop
  endfacet
  facet normal -0.765695 0.232285 -0.599796
    outer loop
      vertex -2.36732 0.803598 3.6
      vertex -2.99437 0.802339 4.4
      vertex -2.93548 0.996462 4.4
    endloop
  endfacet
  facet normal -0.70569 0.377162 -0.599792
    outer loop
      vertex -2.24218 1.10572 3.6
      vertex -2.7803 1.37109 4.4
      vertex -2.68468 1.55 4.4
    endloop
  endfacet
  facet normal -0.728816 0.330269 -0.599792
    outer loop
      vertex -2.24218 1.10572 3.6
      vertex -2.86403 1.18632 4.4
      vertex -2.7803 1.37109 4.4
    endloop
  endfacet
  facet normal -0.679499 0.422522 -0.599797
    outer loop
      vertex -2.16506 1.25 3.6
      vertex -2.68468 1.55 4.4
      vertex -2.57756 1.72227 4.4
    endloop
  endfacet
  facet normal -0.679495 0.422526 -0.599798
    outer loop
      vertex -2.16506 1.25 3.6
      vertex -2.57756 1.72227 4.4
      vertex -2.07867 1.38893 3.6
    endloop
  endfacet
  facet normal -0.422522 0.679499 -0.599797
    outer loop
      vertex -1.25 2.16506 3.6
      vertex -1.72227 2.57756 4.4
      vertex -1.55 2.68468 4.4
    endloop
  endfacet
  facet normal -0.181679 0.779254 -0.599797
    outer loop
      vertex -0.647047 2.41481 3.6
      vertex -0.802339 2.99437 4.4
      vertex -0.604779 3.04043 4.4
    endloop
  endfacet
  facet normal -0.281826 0.748879 -0.599796
    outer loop
      vertex -0.956708 2.3097 3.6
      vertex -1.18632 2.86403 4.4
      vertex -0.803598 2.36732 3.6
    endloop
  endfacet
  facet normal -0.330269 0.728816 -0.599792
    outer loop
      vertex -1.10572 2.24218 3.6
      vertex -1.37109 2.7803 4.4
      vertex -1.18632 2.86403 4.4
    endloop
  endfacet
  facet normal -0.0784148 0.796305 -0.599791
    outer loop
      vertex -0.163507 2.49465 3.6
      vertex -0.404631 3.07348 4.4
      vertex -0.202749 3.09336 4.4
    endloop
  endfacet
  facet normal 0.779251 -0.181702 -0.599793
    outer loop
      vertex 3.04043 -0.604779 4.4
      vertex 2.41481 -0.647047 3.6
      vertex 2.45196 -0.487725 3.6
    endloop
  endfacet
  facet normal 0.70567 -0.377192 -0.599797
    outer loop
      vertex 2.68468 -1.55 4.4
      vertex 2.16506 -1.25 3.6
      vertex 2.24218 -1.10572 3.6
    endloop
  endfacet
  facet normal 0.679499 -0.422522 -0.599797
    outer loop
      vertex 2.57756 -1.72227 4.4
      vertex 2.16506 -1.25 3.6
      vertex 2.68468 -1.55 4.4
    endloop
  endfacet
  facet normal 0.281828 -0.748878 -0.599796
    outer loop
      vertex 0.996462 -2.93548 4.4
      vertex 0.803598 -2.36732 3.6
      vertex 1.18632 -2.86403 4.4
    endloop
  endfacet
  facet normal 0.181679 -0.779254 -0.599797
    outer loop
      vertex 0.802339 -2.99437 4.4
      vertex 0.604779 -3.04043 4.4
      vertex 0.647047 -2.41481 3.6
    endloop
  endfacet
  facet normal 0.422522 -0.679499 -0.599797
    outer loop
      vertex 1.55 -2.68468 4.4
      vertex 1.25 -2.16506 3.6
      vertex 1.72227 -2.57756 4.4
    endloop
  endfacet
  facet normal 0.377192 -0.70567 -0.599797
    outer loop
      vertex 1.55 -2.68468 4.4
      vertex 1.10572 -2.24218 3.6
      vertex 1.25 -2.16506 3.6
    endloop
  endfacet
  facet normal -0.779254 -0.181679 -0.599797
    outer loop
      vertex -2.99437 -0.802339 4.4
      vertex -3.04043 -0.604779 4.4
      vertex -2.41481 -0.647047 3.6
    endloop
  endfacet
  facet normal -0.765697 -0.232275 -0.599797
    outer loop
      vertex -2.36732 -0.803598 3.6
      vertex -2.99437 -0.802339 4.4
      vertex -2.41481 -0.647047 3.6
    endloop
  endfacet
  facet normal -0.70569 -0.377162 -0.599792
    outer loop
      vertex -2.68468 -1.55 4.4
      vertex -2.7803 -1.37109 4.4
      vertex -2.24218 -1.10572 3.6
    endloop
  endfacet
  facet normal -0.584027 -0.546954 -0.599794
    outer loop
      vertex -1.76777 -1.76777 3.6
      vertex -2.3307 -2.04397 4.4
      vertex -1.8796 -1.64836 3.6
    endloop
  endfacet
  facet normal -0.679495 -0.422526 -0.599798
    outer loop
      vertex -2.07867 -1.38893 3.6
      vertex -2.57756 -1.72227 4.4
      vertex -2.16506 -1.25 3.6
    endloop
  endfacet
  facet normal -0.181702 -0.779251 -0.599793
    outer loop
      vertex -0.604779 -3.04043 4.4
      vertex -0.647047 -2.41481 3.6
      vertex -0.487725 -2.45196 3.6
    endloop
  endfacet
  facet normal -0.078452 -0.796297 -0.599797
    outer loop
      vertex -0.163507 -2.49465 3.6
      vertex -0.404631 -3.07348 4.4
      vertex -0.326315 -2.47861 3.6
    endloop
  endfacet
  facet normal -0.0261674 -0.799729 -0.599791
    outer loop
      vertex 0 -2.5 3.6
      vertex -0.202749 -3.09336 4.4
      vertex -0.163507 -2.49465 3.6
    endloop
  endfacet
  facet normal -0.377162 -0.70569 -0.599792
    outer loop
      vertex -1.37109 -2.7803 4.4
      vertex -1.55 -2.68468 4.4
      vertex -1.10572 -2.24218 3.6
    endloop
  endfacet
  facet normal -0.507611 -0.618529 -0.599795
    outer loop
      vertex -1.88716 -2.45939 4.4
      vertex -2.04397 -2.3307 4.4
      vertex -1.5219 -1.98338 3.6
    endloop
  endfacet
  facet normal -0.466102 -0.650381 -0.599795
    outer loop
      vertex -1.72227 -2.57756 4.4
      vertex -1.88716 -2.45939 4.4
      vertex -1.5219 -1.98338 3.6
    endloop
  endfacet
  facet normal -0.507604 -0.618535 -0.599793
    outer loop
      vertex -1.5219 -1.98338 3.6
      vertex -2.04397 -2.3307 4.4
      vertex -1.64836 -1.8796 3.6
    endloop
  endfacet
  facet normal -0.546954 -0.584027 -0.599794
    outer loop
      vertex -1.64836 -1.8796 3.6
      vertex -2.04397 -2.3307 4.4
      vertex -1.76777 -1.76777 3.6
    endloop
  endfacet
  facet normal 0.765697 0.232275 -0.599797
    outer loop
      vertex 2.41481 0.647047 3.6
      vertex 2.36732 0.803598 3.6
      vertex 2.99437 0.802339 4.4
    endloop
  endfacet
  facet normal 0.789462 0.130362 -0.599796
    outer loop
      vertex 3.07348 0.404631 4.4
      vertex 2.47861 0.326315 3.6
      vertex 3.04043 0.604779 4.4
    endloop
  endfacet
  facet normal 0.618529 0.507611 -0.599795
    outer loop
      vertex 2.45939 1.88716 4.4
      vertex 1.98338 1.5219 3.6
      vertex 2.3307 2.04397 4.4
    endloop
  endfacet
  facet normal 0.748878 0.281828 -0.599796
    outer loop
      vertex 2.93548 0.996462 4.4
      vertex 2.36732 0.803598 3.6
      vertex 2.86403 1.18632 4.4
    endloop
  endfacet
  facet normal 0.130362 0.789462 -0.599796
    outer loop
      vertex 0.604779 3.04043 4.4
      vertex 0.326315 2.47861 3.6
      vertex 0.404631 3.07348 4.4
    endloop
  endfacet
  facet normal 0.466087 0.650389 -0.599798
    outer loop
      vertex 1.5219 1.98338 3.6
      vertex 1.38893 2.07867 3.6
      vertex 1.72227 2.57756 4.4
    endloop
  endfacet
  facet normal -0.650381 0.466102 -0.599795
    outer loop
      vertex -1.98338 1.5219 3.6
      vertex -2.57756 1.72227 4.4
      vertex -2.45939 1.88716 4.4
    endloop
  endfacet
  facet normal -0.618529 0.507611 -0.599795
    outer loop
      vertex -1.98338 1.5219 3.6
      vertex -2.45939 1.88716 4.4
      vertex -2.3307 2.04397 4.4
    endloop
  endfacet
  facet normal -0.789462 0.130362 -0.599796
    outer loop
      vertex -2.47861 0.326315 3.6
      vertex -3.07348 0.404631 4.4
      vertex -3.04043 0.604779 4.4
    endloop
  endfacet
  facet normal -0.799726 0.0261909 -0.599794
    outer loop
      vertex -2.5 0 3.6
      vertex -3.1 0 4.4
      vertex -3.09336 0.202749 4.4
    endloop
  endfacet
  facet normal -0.728824 0.330243 -0.599796
    outer loop
      vertex -2.3097 0.956708 3.6
      vertex -2.86403 1.18632 4.4
      vertex -2.24218 1.10572 3.6
    endloop
  endfacet
  facet normal -0.377192 0.70567 -0.599797
    outer loop
      vertex -1.25 2.16506 3.6
      vertex -1.55 2.68468 4.4
      vertex -1.10572 2.24218 3.6
    endloop
  endfacet
  facet normal -0.584012 0.546974 -0.599791
    outer loop
      vertex -1.76777 1.76777 3.6
      vertex -2.3307 2.04397 4.4
      vertex -2.19203 2.19203 4.4
    endloop
  endfacet
  facet normal -0.546974 0.584012 -0.599791
    outer loop
      vertex -1.76777 1.76777 3.6
      vertex -2.19203 2.19203 4.4
      vertex -2.04397 2.3307 4.4
    endloop
  endfacet
  facet normal -0.466087 0.650389 -0.599798
    outer loop
      vertex -1.5219 1.98338 3.6
      vertex -1.72227 2.57756 4.4
      vertex -1.38893 2.07867 3.6
    endloop
  endfacet
  facet normal -0.281828 0.748878 -0.599796
    outer loop
      vertex -0.803598 2.36732 3.6
      vertex -1.18632 2.86403 4.4
      vertex -0.996462 2.93548 4.4
    endloop
  endfacet
  facet normal -0.078452 0.796297 -0.599797
    outer loop
      vertex -0.326315 2.47861 3.6
      vertex -0.404631 3.07348 4.4
      vertex -0.163507 2.49465 3.6
    endloop
  endfacet
  facet normal 0.789466 -0.130347 -0.599794
    outer loop
      vertex 3.04043 -0.604779 4.4
      vertex 2.45196 -0.487725 3.6
      vertex 2.47861 -0.326315 3.6
    endloop
  endfacet
  facet normal 0.232275 -0.765697 -0.599797
    outer loop
      vertex 0.802339 -2.99437 4.4
      vertex 0.647047 -2.41481 3.6
      vertex 0.803598 -2.36732 3.6
    endloop
  endfacet
  facet normal 0.422526 -0.679495 -0.599798
    outer loop
      vertex 1.72227 -2.57756 4.4
      vertex 1.25 -2.16506 3.6
      vertex 1.38893 -2.07867 3.6
    endloop
  endfacet
  facet normal -0.779251 -0.181702 -0.599793
    outer loop
      vertex -2.41481 -0.647047 3.6
      vertex -3.04043 -0.604779 4.4
      vertex -2.45196 -0.487725 3.6
    endloop
  endfacet
  facet normal -0.765695 -0.232285 -0.599796
    outer loop
      vertex -2.93548 -0.996462 4.4
      vertex -2.99437 -0.802339 4.4
      vertex -2.36732 -0.803598 3.6
    endloop
  endfacet
  facet normal -0.650381 -0.466102 -0.599795
    outer loop
      vertex -2.45939 -1.88716 4.4
      vertex -2.57756 -1.72227 4.4
      vertex -1.98338 -1.5219 3.6
    endloop
  endfacet
  facet normal -0.618529 -0.507611 -0.599795
    outer loop
      vertex -2.3307 -2.04397 4.4
      vertex -2.45939 -1.88716 4.4
      vertex -1.98338 -1.5219 3.6
    endloop
  endfacet
  facet normal -0.618535 -0.507604 -0.599793
    outer loop
      vertex -1.8796 -1.64836 3.6
      vertex -2.3307 -2.04397 4.4
      vertex -1.98338 -1.5219 3.6
    endloop
  endfacet
  facet normal -0.679499 -0.422522 -0.599797
    outer loop
      vertex -2.57756 -1.72227 4.4
      vertex -2.68468 -1.55 4.4
      vertex -2.16506 -1.25 3.6
    endloop
  endfacet
  facet normal -0.70567 -0.377192 -0.599797
    outer loop
      vertex -2.16506 -1.25 3.6
      vertex -2.68468 -1.55 4.4
      vertex -2.24218 -1.10572 3.6
    endloop
  endfacet
  facet normal -0.232275 -0.765697 -0.599797
    outer loop
      vertex -0.802339 -2.99437 4.4
      vertex -0.803598 -2.36732 3.6
      vertex -0.647047 -2.41481 3.6
    endloop
  endfacet
  facet normal -0.181679 -0.779254 -0.599797
    outer loop
      vertex -0.604779 -3.04043 4.4
      vertex -0.802339 -2.99437 4.4
      vertex -0.647047 -2.41481 3.6
    endloop
  endfacet
  facet normal -0.130347 -0.789466 -0.599794
    outer loop
      vertex -0.326315 -2.47861 3.6
      vertex -0.604779 -3.04043 4.4
      vertex -0.487725 -2.45196 3.6
    endloop
  endfacet
  facet normal -0.422526 -0.679495 -0.599798
    outer loop
      vertex -1.25 -2.16506 3.6
      vertex -1.72227 -2.57756 4.4
      vertex -1.38893 -2.07867 3.6
    endloop
  endfacet
  facet normal 0.0261674 0.799729 -0.599791
    outer loop
      vertex 0.163507 2.49465 3.6
      vertex 0 2.5 3.6
      vertex 0.202749 3.09336 4.4
    endloop
  endfacet
  facet normal 0.0261909 0.799726 -0.599794
    outer loop
      vertex 0.202749 3.09336 4.4
      vertex 0 2.5 3.6
      vertex 0 3.1 4.4
    endloop
  endfacet
  facet normal 0.789466 0.130347 -0.599794
    outer loop
      vertex 2.47861 0.326315 3.6
      vertex 2.45196 0.487725 3.6
      vertex 3.04043 0.604779 4.4
    endloop
  endfacet
  facet normal 0.779251 0.181702 -0.599793
    outer loop
      vertex 2.45196 0.487725 3.6
      vertex 2.41481 0.647047 3.6
      vertex 3.04043 0.604779 4.4
    endloop
  endfacet
  facet normal 0.779254 0.181679 -0.599797
    outer loop
      vertex 3.04043 0.604779 4.4
      vertex 2.41481 0.647047 3.6
      vertex 2.99437 0.802339 4.4
    endloop
  endfacet
  facet normal 0.546974 0.584012 -0.599791
    outer loop
      vertex 2.19203 2.19203 4.4
      vertex 1.76777 1.76777 3.6
      vertex 2.04397 2.3307 4.4
    endloop
  endfacet
  facet normal 0.679495 0.422526 -0.599798
    outer loop
      vertex 2.16506 1.25 3.6
      vertex 2.07867 1.38893 3.6
      vertex 2.57756 1.72227 4.4
    endloop
  endfacet
  facet normal 0.728816 0.330269 -0.599792
    outer loop
      vertex 2.86403 1.18632 4.4
      vertex 2.24218 1.10572 3.6
      vertex 2.7803 1.37109 4.4
    endloop
  endfacet
  facet normal 0.765695 0.232285 -0.599796
    outer loop
      vertex 2.99437 0.802339 4.4
      vertex 2.36732 0.803598 3.6
      vertex 2.93548 0.996462 4.4
    endloop
  endfacet
  facet normal 0.232275 0.765697 -0.599797
    outer loop
      vertex 0.803598 2.36732 3.6
      vertex 0.647047 2.41481 3.6
      vertex 0.802339 2.99437 4.4
    endloop
  endfacet
  facet normal 0.181679 0.779254 -0.599797
    outer loop
      vertex 0.647047 2.41481 3.6
      vertex 0.604779 3.04043 4.4
      vertex 0.802339 2.99437 4.4
    endloop
  endfacet
  facet normal 0.130347 0.789466 -0.599794
    outer loop
      vertex 0.487725 2.45196 3.6
      vertex 0.326315 2.47861 3.6
      vertex 0.604779 3.04043 4.4
    endloop
  endfacet
  facet normal 0.377162 0.70569 -0.599792
    outer loop
      vertex 1.55 2.68468 4.4
      vertex 1.10572 2.24218 3.6
      vertex 1.37109 2.7803 4.4
    endloop
  endfacet
  facet normal 0.330269 0.728816 -0.599792
    outer loop
      vertex 1.37109 2.7803 4.4
      vertex 1.10572 2.24218 3.6
      vertex 1.18632 2.86403 4.4
    endloop
  endfacet
  facet normal 0.377192 0.70567 -0.599797
    outer loop
      vertex 1.25 2.16506 3.6
      vertex 1.10572 2.24218 3.6
      vertex 1.55 2.68468 4.4
    endloop
  endfacet
  facet normal 0.330243 0.728824 -0.599796
    outer loop
      vertex 1.10572 2.24218 3.6
      vertex 0.956708 2.3097 3.6
      vertex 1.18632 2.86403 4.4
    endloop
  endfacet
  facet normal -0.650389 0.466087 -0.599798
    outer loop
      vertex -2.07867 1.38893 3.6
      vertex -2.57756 1.72227 4.4
      vertex -1.98338 1.5219 3.6
    endloop
  endfacet
  facet normal -0.779251 0.181702 -0.599793
    outer loop
      vertex -2.45196 0.487725 3.6
      vertex -3.04043 0.604779 4.4
      vertex -2.41481 0.647047 3.6
    endloop
  endfacet
  facet normal -0.799729 0.0261674 -0.599791
    outer loop
      vertex -2.5 0 3.6
      vertex -3.09336 0.202749 4.4
      vertex -2.49465 0.163507 3.6
    endloop
  endfacet
  facet normal -0.748879 0.281826 -0.599796
    outer loop
      vertex -2.36732 0.803598 3.6
      vertex -2.86403 1.18632 4.4
      vertex -2.3097 0.956708 3.6
    endloop
  endfacet
  facet normal -0.748878 0.281828 -0.599796
    outer loop
      vertex -2.36732 0.803598 3.6
      vertex -2.93548 0.996462 4.4
      vertex -2.86403 1.18632 4.4
    endloop
  endfacet
  facet normal -0.507611 0.618529 -0.599795
    outer loop
      vertex -1.5219 1.98338 3.6
      vertex -2.04397 2.3307 4.4
      vertex -1.88716 2.45939 4.4
    endloop
  endfacet
  facet normal -0.584027 0.546954 -0.599794
    outer loop
      vertex -1.8796 1.64836 3.6
      vertex -2.3307 2.04397 4.4
      vertex -1.76777 1.76777 3.6
    endloop
  endfacet
  facet normal -0.422526 0.679495 -0.599798
    outer loop
      vertex -1.38893 2.07867 3.6
      vertex -1.72227 2.57756 4.4
      vertex -1.25 2.16506 3.6
    endloop
  endfacet
  facet normal -0.232285 0.765695 -0.599796
    outer loop
      vertex -0.803598 2.36732 3.6
      vertex -0.996462 2.93548 4.4
      vertex -0.802339 2.99437 4.4
    endloop
  endfacet
  facet normal -0.232275 0.765697 -0.599797
    outer loop
      vertex -0.647047 2.41481 3.6
      vertex -0.803598 2.36732 3.6
      vertex -0.802339 2.99437 4.4
    endloop
  endfacet
  facet normal -0.130362 0.789462 -0.599796
    outer loop
      vertex -0.326315 2.47861 3.6
      vertex -0.604779 3.04043 4.4
      vertex -0.404631 3.07348 4.4
    endloop
  endfacet
  facet normal -0.181702 0.779251 -0.599793
    outer loop
      vertex -0.487725 2.45196 3.6
      vertex -0.647047 2.41481 3.6
      vertex -0.604779 3.04043 4.4
    endloop
  endfacet
  facet normal -0.330243 -0.728824 -0.599796
    outer loop
      vertex -0.956708 -2.3097 3.6
      vertex -1.18632 -2.86403 4.4
      vertex -1.10572 -2.24218 3.6
    endloop
  endfacet
  facet normal 0.0784148 0.796305 -0.599791
    outer loop
      vertex 0.404631 3.07348 4.4
      vertex 0.163507 2.49465 3.6
      vertex 0.202749 3.09336 4.4
    endloop
  endfacet
  facet normal 0.078452 0.796297 -0.599797
    outer loop
      vertex 0.326315 2.47861 3.6
      vertex 0.163507 2.49465 3.6
      vertex 0.404631 3.07348 4.4
    endloop
  endfacet
  facet normal 0.618535 0.507604 -0.599793
    outer loop
      vertex 1.98338 1.5219 3.6
      vertex 1.8796 1.64836 3.6
      vertex 2.3307 2.04397 4.4
    endloop
  endfacet
  facet normal 0.584012 0.546974 -0.599791
    outer loop
      vertex 2.3307 2.04397 4.4
      vertex 1.76777 1.76777 3.6
      vertex 2.19203 2.19203 4.4
    endloop
  endfacet
  facet normal 0.650381 0.466102 -0.599795
    outer loop
      vertex 2.57756 1.72227 4.4
      vertex 1.98338 1.5219 3.6
      vertex 2.45939 1.88716 4.4
    endloop
  endfacet
  facet normal 0.650389 0.466087 -0.599798
    outer loop
      vertex 2.07867 1.38893 3.6
      vertex 1.98338 1.5219 3.6
      vertex 2.57756 1.72227 4.4
    endloop
  endfacet
  facet normal 0.546954 0.584027 -0.599794
    outer loop
      vertex 1.76777 1.76777 3.6
      vertex 1.64836 1.8796 3.6
      vertex 2.04397 2.3307 4.4
    endloop
  endfacet
  facet normal 0.70569 0.377162 -0.599792
    outer loop
      vertex 2.7803 1.37109 4.4
      vertex 2.24218 1.10572 3.6
      vertex 2.68468 1.55 4.4
    endloop
  endfacet
  facet normal 0.679499 0.422522 -0.599797
    outer loop
      vertex 2.68468 1.55 4.4
      vertex 2.16506 1.25 3.6
      vertex 2.57756 1.72227 4.4
    endloop
  endfacet
  facet normal 0.728824 0.330243 -0.599796
    outer loop
      vertex 2.3097 0.956708 3.6
      vertex 2.24218 1.10572 3.6
      vertex 2.86403 1.18632 4.4
    endloop
  endfacet
  facet normal 0.748879 0.281826 -0.599796
    outer loop
      vertex 2.36732 0.803598 3.6
      vertex 2.3097 0.956708 3.6
      vertex 2.86403 1.18632 4.4
    endloop
  endfacet
  facet normal 0.181702 0.779251 -0.599793
    outer loop
      vertex 0.647047 2.41481 3.6
      vertex 0.487725 2.45196 3.6
      vertex 0.604779 3.04043 4.4
    endloop
  endfacet
  facet normal 0.466102 0.650381 -0.599795
    outer loop
      vertex 1.88716 2.45939 4.4
      vertex 1.5219 1.98338 3.6
      vertex 1.72227 2.57756 4.4
    endloop
  endfacet
  facet normal 0.507611 0.618529 -0.599795
    outer loop
      vertex 2.04397 2.3307 4.4
      vertex 1.5219 1.98338 3.6
      vertex 1.88716 2.45939 4.4
    endloop
  endfacet
  facet normal 0.281826 0.748879 -0.599796
    outer loop
      vertex 0.956708 2.3097 3.6
      vertex 0.803598 2.36732 3.6
      vertex 1.18632 2.86403 4.4
    endloop
  endfacet
  facet normal 0.281828 0.748878 -0.599796
    outer loop
      vertex 1.18632 2.86403 4.4
      vertex 0.803598 2.36732 3.6
      vertex 0.996462 2.93548 4.4
    endloop
  endfacet
  facet normal -0.796305 0.0784148 -0.599791
    outer loop
      vertex -2.49465 0.163507 3.6
      vertex -3.09336 0.202749 4.4
      vertex -3.07348 0.404631 4.4
    endloop
  endfacet
  facet normal -0.796297 0.078452 -0.599797
    outer loop
      vertex -2.49465 0.163507 3.6
      vertex -3.07348 0.404631 4.4
      vertex -2.47861 0.326315 3.6
    endloop
  endfacet
  facet normal -0.546954 0.584027 -0.599794
    outer loop
      vertex -1.76777 1.76777 3.6
      vertex -2.04397 2.3307 4.4
      vertex -1.64836 1.8796 3.6
    endloop
  endfacet
  facet normal -0.507604 0.618535 -0.599793
    outer loop
      vertex -1.64836 1.8796 3.6
      vertex -2.04397 2.3307 4.4
      vertex -1.5219 1.98338 3.6
    endloop
  endfacet
  facet normal -0.330243 0.728824 -0.599796
    outer loop
      vertex -1.10572 2.24218 3.6
      vertex -1.18632 2.86403 4.4
      vertex -0.956708 2.3097 3.6
    endloop
  endfacet
  facet normal -0.130347 0.789466 -0.599794
    outer loop
      vertex -0.487725 2.45196 3.6
      vertex -0.604779 3.04043 4.4
      vertex -0.326315 2.47861 3.6
    endloop
  endfacet
  facet normal 0.70567 0.377192 -0.599797
    outer loop
      vertex 2.24218 1.10572 3.6
      vertex 2.16506 1.25 3.6
      vertex 2.68468 1.55 4.4
    endloop
  endfacet
  facet normal 0.422526 0.679495 -0.599798
    outer loop
      vertex 1.38893 2.07867 3.6
      vertex 1.25 2.16506 3.6
      vertex 1.72227 2.57756 4.4
    endloop
  endfacet
  facet normal 0.683584 0.729872 -0
    outer loop
      vertex 2.19203 2.19203 4.4
      vertex 2.04397 2.3307 5.2
      vertex 2.19203 2.19203 5.2
    endloop
  endfacet
  facet normal 0.683584 0.729872 0
    outer loop
      vertex 2.04397 2.3307 5.2
      vertex 2.19203 2.19203 4.4
      vertex 2.04397 2.3307 4.4
    endloop
  endfacet
  facet normal -0.352218 0.935918 0
    outer loop
      vertex -0.996462 2.93548 4.4
      vertex -1.18632 2.86403 5.2
      vertex -0.996462 2.93548 5.2
    endloop
  endfacet
  facet normal -0.352218 0.935918 0
    outer loop
      vertex -1.18632 2.86403 5.2
      vertex -0.996462 2.93548 4.4
      vertex -1.18632 2.86403 4.4
    endloop
  endfacet
  facet normal -0.910842 0.412755 0
    outer loop
      vertex -2.86403 1.18632 4.4
      vertex -2.7803 1.37109 5.2
      vertex -2.7803 1.37109 4.4
    endloop
  endfacet
  facet normal -0.910842 0.412755 0
    outer loop
      vertex -2.7803 1.37109 5.2
      vertex -2.86403 1.18632 4.4
      vertex -2.86403 1.18632 5.2
    endloop
  endfacet
  facet normal -0.910842 -0.412755 0
    outer loop
      vertex -2.7803 -1.37109 4.4
      vertex -2.86403 -1.18632 5.2
      vertex -2.86403 -1.18632 4.4
    endloop
  endfacet
  facet normal -0.910842 -0.412755 0
    outer loop
      vertex -2.86403 -1.18632 5.2
      vertex -2.7803 -1.37109 4.4
      vertex -2.7803 -1.37109 5.2
    endloop
  endfacet
  facet normal 0.986639 0.162922 0
    outer loop
      vertex 3.07348 0.404631 5.2
      vertex 3.04043 0.604779 4.4
      vertex 3.04043 0.604779 5.2
    endloop
  endfacet
  facet normal 0.986639 0.162922 0
    outer loop
      vertex 3.04043 0.604779 4.4
      vertex 3.07348 0.404631 5.2
      vertex 3.07348 0.404631 4.4
    endloop
  endfacet
  facet normal 0.973882 0.227055 0
    outer loop
      vertex 3.04043 0.604779 5.2
      vertex 2.99437 0.802339 4.4
      vertex 2.99437 0.802339 5.2
    endloop
  endfacet
  facet normal 0.973882 0.227055 0
    outer loop
      vertex 2.99437 0.802339 4.4
      vertex 3.04043 0.604779 5.2
      vertex 3.04043 0.604779 4.4
    endloop
  endfacet
  facet normal 0.81282 0.582515 0
    outer loop
      vertex 2.57756 1.72227 5.2
      vertex 2.45939 1.88716 4.4
      vertex 2.45939 1.88716 5.2
    endloop
  endfacet
  facet normal 0.81282 0.582515 0
    outer loop
      vertex 2.45939 1.88716 4.4
      vertex 2.57756 1.72227 5.2
      vertex 2.57756 1.72227 4.4
    endloop
  endfacet
  facet normal 0.528052 0.849212 -0
    outer loop
      vertex 1.72227 2.57756 4.4
      vertex 1.55 2.68468 5.2
      vertex 1.72227 2.57756 5.2
    endloop
  endfacet
  facet normal 0.528052 0.849212 0
    outer loop
      vertex 1.55 2.68468 5.2
      vertex 1.72227 2.57756 4.4
      vertex 1.55 2.68468 4.4
    endloop
  endfacet
  facet normal 0.0979994 0.995186 -0
    outer loop
      vertex 0.404631 3.07348 4.4
      vertex 0.202749 3.09336 5.2
      vertex 0.404631 3.07348 5.2
    endloop
  endfacet
  facet normal 0.0979994 0.995186 0
    outer loop
      vertex 0.202749 3.09336 5.2
      vertex 0.404631 3.07348 4.4
      vertex 0.202749 3.09336 4.4
    endloop
  endfacet
  facet normal -0.995186 0.0979994 0
    outer loop
      vertex -3.09336 0.202749 4.4
      vertex -3.07348 0.404631 5.2
      vertex -3.07348 0.404631 4.4
    endloop
  endfacet
  facet normal -0.995186 0.0979994 0
    outer loop
      vertex -3.07348 0.404631 5.2
      vertex -3.09336 0.202749 4.4
      vertex -3.09336 0.202749 5.2
    endloop
  endfacet
  facet normal -0.582515 0.81282 0
    outer loop
      vertex -1.72227 2.57756 4.4
      vertex -1.88716 2.45939 5.2
      vertex -1.72227 2.57756 5.2
    endloop
  endfacet
  facet normal -0.582515 0.81282 0
    outer loop
      vertex -1.88716 2.45939 5.2
      vertex -1.72227 2.57756 4.4
      vertex -1.88716 2.45939 4.4
    endloop
  endfacet
  facet normal 0.227055 -0.973882 0
    outer loop
      vertex 0.604779 -3.04043 4.4
      vertex 0.802339 -2.99437 5.2
      vertex 0.604779 -3.04043 5.2
    endloop
  endfacet
  facet normal 0.227055 -0.973882 0
    outer loop
      vertex 0.802339 -2.99437 5.2
      vertex 0.604779 -3.04043 4.4
      vertex 0.802339 -2.99437 4.4
    endloop
  endfacet
  facet normal 0.683584 -0.729872 0
    outer loop
      vertex 2.04397 -2.3307 4.4
      vertex 2.19203 -2.19203 5.2
      vertex 2.04397 -2.3307 5.2
    endloop
  endfacet
  facet normal 0.683584 -0.729872 0
    outer loop
      vertex 2.19203 -2.19203 5.2
      vertex 2.04397 -2.3307 4.4
      vertex 2.19203 -2.19203 4.4
    endloop
  endfacet
  facet normal -0.0979994 -0.995186 0
    outer loop
      vertex -0.404631 -3.07348 4.4
      vertex -0.202749 -3.09336 5.2
      vertex -0.404631 -3.07348 5.2
    endloop
  endfacet
  facet normal -0.0979994 -0.995186 -0
    outer loop
      vertex -0.202749 -3.09336 5.2
      vertex -0.404631 -3.07348 4.4
      vertex -0.202749 -3.09336 4.4
    endloop
  endfacet
  facet normal 0.935918 0.352218 0
    outer loop
      vertex 2.93548 0.996462 5.2
      vertex 2.86403 1.18632 4.4
      vertex 2.86403 1.18632 5.2
    endloop
  endfacet
  facet normal 0.935918 0.352218 0
    outer loop
      vertex 2.86403 1.18632 4.4
      vertex 2.93548 0.996462 5.2
      vertex 2.93548 0.996462 4.4
    endloop
  endfacet
  facet normal 0.910842 0.412755 0
    outer loop
      vertex 2.86403 1.18632 5.2
      vertex 2.7803 1.37109 4.4
      vertex 2.7803 1.37109 5.2
    endloop
  endfacet
  facet normal 0.910842 0.412755 0
    outer loop
      vertex 2.7803 1.37109 4.4
      vertex 2.86403 1.18632 5.2
      vertex 2.86403 1.18632 4.4
    endloop
  endfacet
  facet normal 0.729872 0.683584 0
    outer loop
      vertex 2.3307 2.04397 5.2
      vertex 2.19203 2.19203 4.4
      vertex 2.19203 2.19203 5.2
    endloop
  endfacet
  facet normal 0.729872 0.683584 0
    outer loop
      vertex 2.19203 2.19203 4.4
      vertex 2.3307 2.04397 5.2
      vertex 2.3307 2.04397 4.4
    endloop
  endfacet
  facet normal 0.227055 0.973882 -0
    outer loop
      vertex 0.802339 2.99437 4.4
      vertex 0.604779 3.04043 5.2
      vertex 0.802339 2.99437 5.2
    endloop
  endfacet
  facet normal 0.227055 0.973882 0
    outer loop
      vertex 0.604779 3.04043 5.2
      vertex 0.802339 2.99437 4.4
      vertex 0.604779 3.04043 4.4
    endloop
  endfacet
  facet normal 0.634391 0.773012 -0
    outer loop
      vertex 2.04397 2.3307 4.4
      vertex 1.88716 2.45939 5.2
      vertex 2.04397 2.3307 5.2
    endloop
  endfacet
  facet normal 0.634391 0.773012 0
    outer loop
      vertex 1.88716 2.45939 5.2
      vertex 2.04397 2.3307 4.4
      vertex 1.88716 2.45939 4.4
    endloop
  endfacet
  facet normal 0.412755 0.910842 -0
    outer loop
      vertex 1.37109 2.7803 4.4
      vertex 1.18632 2.86403 5.2
      vertex 1.37109 2.7803 5.2
    endloop
  endfacet
  facet normal 0.412755 0.910842 0
    outer loop
      vertex 1.18632 2.86403 5.2
      vertex 1.37109 2.7803 4.4
      vertex 1.18632 2.86403 4.4
    endloop
  endfacet
  facet normal 0.352218 0.935918 -0
    outer loop
      vertex 1.18632 2.86403 4.4
      vertex 0.996462 2.93548 5.2
      vertex 1.18632 2.86403 5.2
    endloop
  endfacet
  facet normal 0.352218 0.935918 0
    outer loop
      vertex 0.996462 2.93548 5.2
      vertex 1.18632 2.86403 4.4
      vertex 0.996462 2.93548 4.4
    endloop
  endfacet
  facet normal -0.973882 0.227055 0
    outer loop
      vertex -3.04043 0.604779 4.4
      vertex -2.99437 0.802339 5.2
      vertex -2.99437 0.802339 4.4
    endloop
  endfacet
  facet normal -0.973882 0.227055 0
    outer loop
      vertex -2.99437 0.802339 5.2
      vertex -3.04043 0.604779 4.4
      vertex -3.04043 0.604779 5.2
    endloop
  endfacet
  facet normal -0.935918 0.352218 0
    outer loop
      vertex -2.93548 0.996462 4.4
      vertex -2.86403 1.18632 5.2
      vertex -2.86403 1.18632 4.4
    endloop
  endfacet
  facet normal -0.935918 0.352218 0
    outer loop
      vertex -2.86403 1.18632 5.2
      vertex -2.93548 0.996462 4.4
      vertex -2.93548 0.996462 5.2
    endloop
  endfacet
  facet normal -0.729872 0.683584 0
    outer loop
      vertex -2.3307 2.04397 4.4
      vertex -2.19203 2.19203 5.2
      vertex -2.19203 2.19203 4.4
    endloop
  endfacet
  facet normal -0.729872 0.683584 0
    outer loop
      vertex -2.19203 2.19203 5.2
      vertex -2.3307 2.04397 4.4
      vertex -2.3307 2.04397 5.2
    endloop
  endfacet
  facet normal -0.881941 0.471361 0
    outer loop
      vertex -2.7803 1.37109 4.4
      vertex -2.68468 1.55 5.2
      vertex -2.68468 1.55 4.4
    endloop
  endfacet
  facet normal -0.881941 0.471361 0
    outer loop
      vertex -2.68468 1.55 5.2
      vertex -2.7803 1.37109 4.4
      vertex -2.7803 1.37109 5.2
    endloop
  endfacet
  facet normal -0.0979994 0.995186 0
    outer loop
      vertex -0.202749 3.09336 4.4
      vertex -0.404631 3.07348 5.2
      vertex -0.202749 3.09336 5.2
    endloop
  endfacet
  facet normal -0.0979994 0.995186 0
    outer loop
      vertex -0.404631 3.07348 5.2
      vertex -0.202749 3.09336 4.4
      vertex -0.404631 3.07348 4.4
    endloop
  endfacet
  facet normal -0.2903 0.956936 0
    outer loop
      vertex -0.802339 2.99437 4.4
      vertex -0.996462 2.93548 5.2
      vertex -0.802339 2.99437 5.2
    endloop
  endfacet
  facet normal -0.2903 0.956936 0
    outer loop
      vertex -0.996462 2.93548 5.2
      vertex -0.802339 2.99437 4.4
      vertex -0.996462 2.93548 4.4
    endloop
  endfacet
  facet normal -0.162922 0.986639 0
    outer loop
      vertex -0.404631 3.07348 4.4
      vertex -0.604779 3.04043 5.2
      vertex -0.404631 3.07348 5.2
    endloop
  endfacet
  facet normal -0.162922 0.986639 0
    outer loop
      vertex -0.604779 3.04043 5.2
      vertex -0.404631 3.07348 4.4
      vertex -0.604779 3.04043 4.4
    endloop
  endfacet
  facet normal -0.412755 0.910842 0
    outer loop
      vertex -1.18632 2.86403 4.4
      vertex -1.37109 2.7803 5.2
      vertex -1.18632 2.86403 5.2
    endloop
  endfacet
  facet normal -0.412755 0.910842 0
    outer loop
      vertex -1.37109 2.7803 5.2
      vertex -1.18632 2.86403 4.4
      vertex -1.37109 2.7803 4.4
    endloop
  endfacet
  facet normal -0.683584 0.729872 0
    outer loop
      vertex -2.04397 2.3307 4.4
      vertex -2.19203 2.19203 5.2
      vertex -2.04397 2.3307 5.2
    endloop
  endfacet
  facet normal -0.683584 0.729872 0
    outer loop
      vertex -2.19203 2.19203 5.2
      vertex -2.04397 2.3307 4.4
      vertex -2.19203 2.19203 4.4
    endloop
  endfacet
  facet normal 0.999464 0.0327323 0
    outer loop
      vertex 3.1 0 5.2
      vertex 3.09336 0.202749 4.4
      vertex 3.09336 0.202749 5.2
    endloop
  endfacet
  facet normal 0.999464 0.0327323 0
    outer loop
      vertex 3.09336 0.202749 4.4
      vertex 3.1 0 5.2
      vertex 3.1 0 4.4
    endloop
  endfacet
  facet normal 0.162922 -0.986639 0
    outer loop
      vertex 0.404631 -3.07348 4.4
      vertex 0.604779 -3.04043 5.2
      vertex 0.404631 -3.07348 5.2
    endloop
  endfacet
  facet normal 0.162922 -0.986639 0
    outer loop
      vertex 0.604779 -3.04043 5.2
      vertex 0.404631 -3.07348 4.4
      vertex 0.604779 -3.04043 4.4
    endloop
  endfacet
  facet normal 0.412755 -0.910842 0
    outer loop
      vertex 1.18632 -2.86403 4.4
      vertex 1.37109 -2.7803 5.2
      vertex 1.18632 -2.86403 5.2
    endloop
  endfacet
  facet normal 0.412755 -0.910842 0
    outer loop
      vertex 1.37109 -2.7803 5.2
      vertex 1.18632 -2.86403 4.4
      vertex 1.37109 -2.7803 4.4
    endloop
  endfacet
  facet normal -0.227055 -0.973882 0
    outer loop
      vertex -0.802339 -2.99437 4.4
      vertex -0.604779 -3.04043 5.2
      vertex -0.802339 -2.99437 5.2
    endloop
  endfacet
  facet normal -0.227055 -0.973882 -0
    outer loop
      vertex -0.604779 -3.04043 5.2
      vertex -0.802339 -2.99437 4.4
      vertex -0.604779 -3.04043 4.4
    endloop
  endfacet
  facet normal -0.352218 -0.935918 0
    outer loop
      vertex -1.18632 -2.86403 4.4
      vertex -0.996462 -2.93548 5.2
      vertex -1.18632 -2.86403 5.2
    endloop
  endfacet
  facet normal -0.352218 -0.935918 -0
    outer loop
      vertex -0.996462 -2.93548 5.2
      vertex -1.18632 -2.86403 4.4
      vertex -0.996462 -2.93548 4.4
    endloop
  endfacet
  facet normal -0.162922 -0.986639 0
    outer loop
      vertex -0.604779 -3.04043 4.4
      vertex -0.404631 -3.07348 5.2
      vertex -0.604779 -3.04043 5.2
    endloop
  endfacet
  facet normal -0.162922 -0.986639 -0
    outer loop
      vertex -0.404631 -3.07348 5.2
      vertex -0.604779 -3.04043 4.4
      vertex -0.404631 -3.07348 4.4
    endloop
  endfacet
  facet normal -0.412755 -0.910842 0
    outer loop
      vertex -1.37109 -2.7803 4.4
      vertex -1.18632 -2.86403 5.2
      vertex -1.37109 -2.7803 5.2
    endloop
  endfacet
  facet normal -0.412755 -0.910842 -0
    outer loop
      vertex -1.18632 -2.86403 5.2
      vertex -1.37109 -2.7803 4.4
      vertex -1.18632 -2.86403 4.4
    endloop
  endfacet
  facet normal -0.683584 -0.729872 0
    outer loop
      vertex -2.19203 -2.19203 4.4
      vertex -2.04397 -2.3307 5.2
      vertex -2.19203 -2.19203 5.2
    endloop
  endfacet
  facet normal -0.683584 -0.729872 -0
    outer loop
      vertex -2.04397 -2.3307 5.2
      vertex -2.19203 -2.19203 4.4
      vertex -2.04397 -2.3307 4.4
    endloop
  endfacet
  facet normal -0.995186 -0.0979994 0
    outer loop
      vertex -3.07348 -0.404631 4.4
      vertex -3.09336 -0.202749 5.2
      vertex -3.09336 -0.202749 4.4
    endloop
  endfacet
  facet normal -0.995186 -0.0979994 0
    outer loop
      vertex -3.09336 -0.202749 5.2
      vertex -3.07348 -0.404631 4.4
      vertex -3.07348 -0.404631 5.2
    endloop
  endfacet
  facet normal -0.729872 -0.683584 0
    outer loop
      vertex -2.19203 -2.19203 4.4
      vertex -2.3307 -2.04397 5.2
      vertex -2.3307 -2.04397 4.4
    endloop
  endfacet
  facet normal -0.729872 -0.683584 0
    outer loop
      vertex -2.3307 -2.04397 5.2
      vertex -2.19203 -2.19203 4.4
      vertex -2.19203 -2.19203 5.2
    endloop
  endfacet
  facet normal 0.995186 0.0979994 0
    outer loop
      vertex 3.09336 0.202749 5.2
      vertex 3.07348 0.404631 4.4
      vertex 3.07348 0.404631 5.2
    endloop
  endfacet
  facet normal 0.995186 0.0979994 0
    outer loop
      vertex 3.07348 0.404631 4.4
      vertex 3.09336 0.202749 5.2
      vertex 3.09336 0.202749 4.4
    endloop
  endfacet
  facet normal 0.956936 0.2903 0
    outer loop
      vertex 2.99437 0.802339 5.2
      vertex 2.93548 0.996462 4.4
      vertex 2.93548 0.996462 5.2
    endloop
  endfacet
  facet normal 0.956936 0.2903 0
    outer loop
      vertex 2.93548 0.996462 4.4
      vertex 2.99437 0.802339 5.2
      vertex 2.99437 0.802339 4.4
    endloop
  endfacet
  facet normal 0.881941 0.471361 0
    outer loop
      vertex 2.7803 1.37109 5.2
      vertex 2.68468 1.55 4.4
      vertex 2.68468 1.55 5.2
    endloop
  endfacet
  facet normal 0.881941 0.471361 0
    outer loop
      vertex 2.68468 1.55 4.4
      vertex 2.7803 1.37109 5.2
      vertex 2.7803 1.37109 4.4
    endloop
  endfacet
  facet normal 0.849212 0.528052 0
    outer loop
      vertex 2.68468 1.55 5.2
      vertex 2.57756 1.72227 4.4
      vertex 2.57756 1.72227 5.2
    endloop
  endfacet
  facet normal 0.849212 0.528052 0
    outer loop
      vertex 2.57756 1.72227 4.4
      vertex 2.68468 1.55 5.2
      vertex 2.68468 1.55 4.4
    endloop
  endfacet
  facet normal 0.773012 0.634391 0
    outer loop
      vertex 2.45939 1.88716 5.2
      vertex 2.3307 2.04397 4.4
      vertex 2.3307 2.04397 5.2
    endloop
  endfacet
  facet normal 0.773012 0.634391 0
    outer loop
      vertex 2.3307 2.04397 4.4
      vertex 2.45939 1.88716 5.2
      vertex 2.45939 1.88716 4.4
    endloop
  endfacet
  facet normal 0.0327323 0.999464 -0
    outer loop
      vertex 0.202749 3.09336 4.4
      vertex 0 3.1 5.2
      vertex 0.202749 3.09336 5.2
    endloop
  endfacet
  facet normal 0.0327323 0.999464 0
    outer loop
      vertex 0 3.1 5.2
      vertex 0.202749 3.09336 4.4
      vertex 0 3.1 4.4
    endloop
  endfacet
  facet normal 0.582515 0.81282 -0
    outer loop
      vertex 1.88716 2.45939 4.4
      vertex 1.72227 2.57756 5.2
      vertex 1.88716 2.45939 5.2
    endloop
  endfacet
  facet normal 0.582515 0.81282 0
    outer loop
      vertex 1.72227 2.57756 5.2
      vertex 1.88716 2.45939 4.4
      vertex 1.72227 2.57756 4.4
    endloop
  endfacet
  facet normal 0.471361 0.881941 -0
    outer loop
      vertex 1.55 2.68468 4.4
      vertex 1.37109 2.7803 5.2
      vertex 1.55 2.68468 5.2
    endloop
  endfacet
  facet normal 0.471361 0.881941 0
    outer loop
      vertex 1.37109 2.7803 5.2
      vertex 1.55 2.68468 4.4
      vertex 1.37109 2.7803 4.4
    endloop
  endfacet
  facet normal 0.162922 0.986639 -0
    outer loop
      vertex 0.604779 3.04043 4.4
      vertex 0.404631 3.07348 5.2
      vertex 0.604779 3.04043 5.2
    endloop
  endfacet
  facet normal 0.162922 0.986639 0
    outer loop
      vertex 0.404631 3.07348 5.2
      vertex 0.604779 3.04043 4.4
      vertex 0.404631 3.07348 4.4
    endloop
  endfacet
  facet normal 0.2903 0.956936 -0
    outer loop
      vertex 0.996462 2.93548 4.4
      vertex 0.802339 2.99437 5.2
      vertex 0.996462 2.93548 5.2
    endloop
  endfacet
  facet normal 0.2903 0.956936 0
    outer loop
      vertex 0.802339 2.99437 5.2
      vertex 0.996462 2.93548 4.4
      vertex 0.802339 2.99437 4.4
    endloop
  endfacet
  facet normal -0.999464 0.0327323 0
    outer loop
      vertex -3.1 0 4.4
      vertex -3.09336 0.202749 5.2
      vertex -3.09336 0.202749 4.4
    endloop
  endfacet
  facet normal -0.999464 0.0327323 0
    outer loop
      vertex -3.09336 0.202749 5.2
      vertex -3.1 0 4.4
      vertex -3.1 0 5.2
    endloop
  endfacet
  facet normal -0.986639 0.162922 0
    outer loop
      vertex -3.07348 0.404631 4.4
      vertex -3.04043 0.604779 5.2
      vertex -3.04043 0.604779 4.4
    endloop
  endfacet
  facet normal -0.986639 0.162922 0
    outer loop
      vertex -3.04043 0.604779 5.2
      vertex -3.07348 0.404631 4.4
      vertex -3.07348 0.404631 5.2
    endloop
  endfacet
  facet normal -0.956936 0.2903 0
    outer loop
      vertex -2.99437 0.802339 4.4
      vertex -2.93548 0.996462 5.2
      vertex -2.93548 0.996462 4.4
    endloop
  endfacet
  facet normal -0.956936 0.2903 0
    outer loop
      vertex -2.93548 0.996462 5.2
      vertex -2.99437 0.802339 4.4
      vertex -2.99437 0.802339 5.2
    endloop
  endfacet
  facet normal -0.849212 0.528052 0
    outer loop
      vertex -2.68468 1.55 4.4
      vertex -2.57756 1.72227 5.2
      vertex -2.57756 1.72227 4.4
    endloop
  endfacet
  facet normal -0.849212 0.528052 0
    outer loop
      vertex -2.57756 1.72227 5.2
      vertex -2.68468 1.55 4.4
      vertex -2.68468 1.55 5.2
    endloop
  endfacet
  facet normal -0.773012 0.634391 0
    outer loop
      vertex -2.45939 1.88716 4.4
      vertex -2.3307 2.04397 5.2
      vertex -2.3307 2.04397 4.4
    endloop
  endfacet
  facet normal -0.773012 0.634391 0
    outer loop
      vertex -2.3307 2.04397 5.2
      vertex -2.45939 1.88716 4.4
      vertex -2.45939 1.88716 5.2
    endloop
  endfacet
  facet normal -0.81282 0.582515 0
    outer loop
      vertex -2.57756 1.72227 4.4
      vertex -2.45939 1.88716 5.2
      vertex -2.45939 1.88716 4.4
    endloop
  endfacet
  facet normal -0.81282 0.582515 0
    outer loop
      vertex -2.45939 1.88716 5.2
      vertex -2.57756 1.72227 4.4
      vertex -2.57756 1.72227 5.2
    endloop
  endfacet
  facet normal -0.227055 0.973882 0
    outer loop
      vertex -0.604779 3.04043 4.4
      vertex -0.802339 2.99437 5.2
      vertex -0.604779 3.04043 5.2
    endloop
  endfacet
  facet normal -0.227055 0.973882 0
    outer loop
      vertex -0.802339 2.99437 5.2
      vertex -0.604779 3.04043 4.4
      vertex -0.802339 2.99437 4.4
    endloop
  endfacet
  facet normal -0.0327323 0.999464 0
    outer loop
      vertex 0 3.1 4.4
      vertex -0.202749 3.09336 5.2
      vertex 0 3.1 5.2
    endloop
  endfacet
  facet normal -0.0327323 0.999464 0
    outer loop
      vertex -0.202749 3.09336 5.2
      vertex 0 3.1 4.4
      vertex -0.202749 3.09336 4.4
    endloop
  endfacet
  facet normal -0.471361 0.881941 0
    outer loop
      vertex -1.37109 2.7803 4.4
      vertex -1.55 2.68468 5.2
      vertex -1.37109 2.7803 5.2
    endloop
  endfacet
  facet normal -0.471361 0.881941 0
    outer loop
      vertex -1.55 2.68468 5.2
      vertex -1.37109 2.7803 4.4
      vertex -1.55 2.68468 4.4
    endloop
  endfacet
  facet normal -0.528052 0.849212 0
    outer loop
      vertex -1.55 2.68468 4.4
      vertex -1.72227 2.57756 5.2
      vertex -1.55 2.68468 5.2
    endloop
  endfacet
  facet normal -0.528052 0.849212 0
    outer loop
      vertex -1.72227 2.57756 5.2
      vertex -1.55 2.68468 4.4
      vertex -1.72227 2.57756 4.4
    endloop
  endfacet
  facet normal -0.634391 0.773012 0
    outer loop
      vertex -1.88716 2.45939 4.4
      vertex -2.04397 2.3307 5.2
      vertex -1.88716 2.45939 5.2
    endloop
  endfacet
  facet normal -0.634391 0.773012 0
    outer loop
      vertex -2.04397 2.3307 5.2
      vertex -1.88716 2.45939 4.4
      vertex -2.04397 2.3307 4.4
    endloop
  endfacet
  facet normal 0.995186 -0.0979994 0
    outer loop
      vertex 3.07348 -0.404631 5.2
      vertex 3.09336 -0.202749 4.4
      vertex 3.09336 -0.202749 5.2
    endloop
  endfacet
  facet normal 0.995186 -0.0979994 0
    outer loop
      vertex 3.09336 -0.202749 4.4
      vertex 3.07348 -0.404631 5.2
      vertex 3.07348 -0.404631 4.4
    endloop
  endfacet
  facet normal 0.0327323 -0.999464 0
    outer loop
      vertex 0 -3.1 4.4
      vertex 0.202749 -3.09336 5.2
      vertex 0 -3.1 5.2
    endloop
  endfacet
  facet normal 0.0327323 -0.999464 0
    outer loop
      vertex 0.202749 -3.09336 5.2
      vertex 0 -3.1 4.4
      vertex 0.202749 -3.09336 4.4
    endloop
  endfacet
  facet normal 0.973882 -0.227055 0
    outer loop
      vertex 2.99437 -0.802339 5.2
      vertex 3.04043 -0.604779 4.4
      vertex 3.04043 -0.604779 5.2
    endloop
  endfacet
  facet normal 0.973882 -0.227055 0
    outer loop
      vertex 3.04043 -0.604779 4.4
      vertex 2.99437 -0.802339 5.2
      vertex 2.99437 -0.802339 4.4
    endloop
  endfacet
  facet normal 0.999464 -0.0327323 0
    outer loop
      vertex 3.09336 -0.202749 5.2
      vertex 3.1 0 4.4
      vertex 3.1 0 5.2
    endloop
  endfacet
  facet normal 0.999464 -0.0327323 0
    outer loop
      vertex 3.1 0 4.4
      vertex 3.09336 -0.202749 5.2
      vertex 3.09336 -0.202749 4.4
    endloop
  endfacet
  facet normal 0.956936 -0.2903 0
    outer loop
      vertex 2.93548 -0.996462 5.2
      vertex 2.99437 -0.802339 4.4
      vertex 2.99437 -0.802339 5.2
    endloop
  endfacet
  facet normal 0.956936 -0.2903 0
    outer loop
      vertex 2.99437 -0.802339 4.4
      vertex 2.93548 -0.996462 5.2
      vertex 2.93548 -0.996462 4.4
    endloop
  endfacet
  facet normal 0.729872 -0.683584 0
    outer loop
      vertex 2.19203 -2.19203 5.2
      vertex 2.3307 -2.04397 4.4
      vertex 2.3307 -2.04397 5.2
    endloop
  endfacet
  facet normal 0.729872 -0.683584 0
    outer loop
      vertex 2.3307 -2.04397 4.4
      vertex 2.19203 -2.19203 5.2
      vertex 2.19203 -2.19203 4.4
    endloop
  endfacet
  facet normal 0.0979994 -0.995186 0
    outer loop
      vertex 0.202749 -3.09336 4.4
      vertex 0.404631 -3.07348 5.2
      vertex 0.202749 -3.09336 5.2
    endloop
  endfacet
  facet normal 0.0979994 -0.995186 0
    outer loop
      vertex 0.404631 -3.07348 5.2
      vertex 0.202749 -3.09336 4.4
      vertex 0.404631 -3.07348 4.4
    endloop
  endfacet
  facet normal 0.352218 -0.935918 0
    outer loop
      vertex 0.996462 -2.93548 4.4
      vertex 1.18632 -2.86403 5.2
      vertex 0.996462 -2.93548 5.2
    endloop
  endfacet
  facet normal 0.352218 -0.935918 0
    outer loop
      vertex 1.18632 -2.86403 5.2
      vertex 0.996462 -2.93548 4.4
      vertex 1.18632 -2.86403 4.4
    endloop
  endfacet
  facet normal 0.582515 -0.81282 0
    outer loop
      vertex 1.72227 -2.57756 4.4
      vertex 1.88716 -2.45939 5.2
      vertex 1.72227 -2.57756 5.2
    endloop
  endfacet
  facet normal 0.582515 -0.81282 0
    outer loop
      vertex 1.88716 -2.45939 5.2
      vertex 1.72227 -2.57756 4.4
      vertex 1.88716 -2.45939 4.4
    endloop
  endfacet
  facet normal 0.471361 -0.881941 0
    outer loop
      vertex 1.37109 -2.7803 4.4
      vertex 1.55 -2.68468 5.2
      vertex 1.37109 -2.7803 5.2
    endloop
  endfacet
  facet normal 0.471361 -0.881941 0
    outer loop
      vertex 1.55 -2.68468 5.2
      vertex 1.37109 -2.7803 4.4
      vertex 1.55 -2.68468 4.4
    endloop
  endfacet
  facet normal 0.528052 -0.849212 0
    outer loop
      vertex 1.55 -2.68468 4.4
      vertex 1.72227 -2.57756 5.2
      vertex 1.55 -2.68468 5.2
    endloop
  endfacet
  facet normal 0.528052 -0.849212 0
    outer loop
      vertex 1.72227 -2.57756 5.2
      vertex 1.55 -2.68468 4.4
      vertex 1.72227 -2.57756 4.4
    endloop
  endfacet
  facet normal -0.0327323 -0.999464 0
    outer loop
      vertex -0.202749 -3.09336 4.4
      vertex 0 -3.1 5.2
      vertex -0.202749 -3.09336 5.2
    endloop
  endfacet
  facet normal -0.0327323 -0.999464 -0
    outer loop
      vertex 0 -3.1 5.2
      vertex -0.202749 -3.09336 4.4
      vertex 0 -3.1 4.4
    endloop
  endfacet
  facet normal -0.2903 -0.956936 0
    outer loop
      vertex -0.996462 -2.93548 4.4
      vertex -0.802339 -2.99437 5.2
      vertex -0.996462 -2.93548 5.2
    endloop
  endfacet
  facet normal -0.2903 -0.956936 -0
    outer loop
      vertex -0.802339 -2.99437 5.2
      vertex -0.996462 -2.93548 4.4
      vertex -0.802339 -2.99437 4.4
    endloop
  endfacet
  facet normal -0.528052 -0.849212 0
    outer loop
      vertex -1.72227 -2.57756 4.4
      vertex -1.55 -2.68468 5.2
      vertex -1.72227 -2.57756 5.2
    endloop
  endfacet
  facet normal -0.528052 -0.849212 -0
    outer loop
      vertex -1.55 -2.68468 5.2
      vertex -1.72227 -2.57756 4.4
      vertex -1.55 -2.68468 4.4
    endloop
  endfacet
  facet normal -0.634391 -0.773012 0
    outer loop
      vertex -2.04397 -2.3307 4.4
      vertex -1.88716 -2.45939 5.2
      vertex -2.04397 -2.3307 5.2
    endloop
  endfacet
  facet normal -0.634391 -0.773012 -0
    outer loop
      vertex -1.88716 -2.45939 5.2
      vertex -2.04397 -2.3307 4.4
      vertex -1.88716 -2.45939 4.4
    endloop
  endfacet
  facet normal -0.986639 -0.162922 0
    outer loop
      vertex -3.04043 -0.604779 4.4
      vertex -3.07348 -0.404631 5.2
      vertex -3.07348 -0.404631 4.4
    endloop
  endfacet
  facet normal -0.986639 -0.162922 0
    outer loop
      vertex -3.07348 -0.404631 5.2
      vertex -3.04043 -0.604779 4.4
      vertex -3.04043 -0.604779 5.2
    endloop
  endfacet
  facet normal -0.999464 -0.0327323 0
    outer loop
      vertex -3.09336 -0.202749 4.4
      vertex -3.1 0 5.2
      vertex -3.1 0 4.4
    endloop
  endfacet
  facet normal -0.999464 -0.0327323 0
    outer loop
      vertex -3.1 0 5.2
      vertex -3.09336 -0.202749 4.4
      vertex -3.09336 -0.202749 5.2
    endloop
  endfacet
  facet normal -0.935918 -0.352218 0
    outer loop
      vertex -2.86403 -1.18632 4.4
      vertex -2.93548 -0.996462 5.2
      vertex -2.93548 -0.996462 4.4
    endloop
  endfacet
  facet normal -0.935918 -0.352218 0
    outer loop
      vertex -2.93548 -0.996462 5.2
      vertex -2.86403 -1.18632 4.4
      vertex -2.86403 -1.18632 5.2
    endloop
  endfacet
  facet normal -0.973882 -0.227055 0
    outer loop
      vertex -2.99437 -0.802339 4.4
      vertex -3.04043 -0.604779 5.2
      vertex -3.04043 -0.604779 4.4
    endloop
  endfacet
  facet normal -0.973882 -0.227055 0
    outer loop
      vertex -3.04043 -0.604779 5.2
      vertex -2.99437 -0.802339 4.4
      vertex -2.99437 -0.802339 5.2
    endloop
  endfacet
  facet normal -0.881941 -0.471361 0
    outer loop
      vertex -2.68468 -1.55 4.4
      vertex -2.7803 -1.37109 5.2
      vertex -2.7803 -1.37109 4.4
    endloop
  endfacet
  facet normal -0.881941 -0.471361 0
    outer loop
      vertex -2.7803 -1.37109 5.2
      vertex -2.68468 -1.55 4.4
      vertex -2.68468 -1.55 5.2
    endloop
  endfacet
  facet normal -0.81282 -0.582515 0
    outer loop
      vertex -2.45939 -1.88716 4.4
      vertex -2.57756 -1.72227 5.2
      vertex -2.57756 -1.72227 4.4
    endloop
  endfacet
  facet normal -0.81282 -0.582515 0
    outer loop
      vertex -2.57756 -1.72227 5.2
      vertex -2.45939 -1.88716 4.4
      vertex -2.45939 -1.88716 5.2
    endloop
  endfacet
  facet normal 0.849212 -0.528052 0
    outer loop
      vertex 2.57756 -1.72227 5.2
      vertex 2.68468 -1.55 4.4
      vertex 2.68468 -1.55 5.2
    endloop
  endfacet
  facet normal 0.849212 -0.528052 0
    outer loop
      vertex 2.68468 -1.55 4.4
      vertex 2.57756 -1.72227 5.2
      vertex 2.57756 -1.72227 4.4
    endloop
  endfacet
  facet normal 0.935918 -0.352218 0
    outer loop
      vertex 2.86403 -1.18632 5.2
      vertex 2.93548 -0.996462 4.4
      vertex 2.93548 -0.996462 5.2
    endloop
  endfacet
  facet normal 0.935918 -0.352218 0
    outer loop
      vertex 2.93548 -0.996462 4.4
      vertex 2.86403 -1.18632 5.2
      vertex 2.86403 -1.18632 4.4
    endloop
  endfacet
  facet normal 0.910842 -0.412755 0
    outer loop
      vertex 2.7803 -1.37109 5.2
      vertex 2.86403 -1.18632 4.4
      vertex 2.86403 -1.18632 5.2
    endloop
  endfacet
  facet normal 0.910842 -0.412755 0
    outer loop
      vertex 2.86403 -1.18632 4.4
      vertex 2.7803 -1.37109 5.2
      vertex 2.7803 -1.37109 4.4
    endloop
  endfacet
  facet normal 0.2903 -0.956936 0
    outer loop
      vertex 0.802339 -2.99437 4.4
      vertex 0.996462 -2.93548 5.2
      vertex 0.802339 -2.99437 5.2
    endloop
  endfacet
  facet normal 0.2903 -0.956936 0
    outer loop
      vertex 0.996462 -2.93548 5.2
      vertex 0.802339 -2.99437 4.4
      vertex 0.996462 -2.93548 4.4
    endloop
  endfacet
  facet normal 0.634391 -0.773012 0
    outer loop
      vertex 1.88716 -2.45939 4.4
      vertex 2.04397 -2.3307 5.2
      vertex 1.88716 -2.45939 5.2
    endloop
  endfacet
  facet normal 0.634391 -0.773012 0
    outer loop
      vertex 2.04397 -2.3307 5.2
      vertex 1.88716 -2.45939 4.4
      vertex 2.04397 -2.3307 4.4
    endloop
  endfacet
  facet normal -0.471361 -0.881941 0
    outer loop
      vertex -1.55 -2.68468 4.4
      vertex -1.37109 -2.7803 5.2
      vertex -1.55 -2.68468 5.2
    endloop
  endfacet
  facet normal -0.471361 -0.881941 -0
    outer loop
      vertex -1.37109 -2.7803 5.2
      vertex -1.55 -2.68468 4.4
      vertex -1.37109 -2.7803 4.4
    endloop
  endfacet
  facet normal -0.582515 -0.81282 0
    outer loop
      vertex -1.88716 -2.45939 4.4
      vertex -1.72227 -2.57756 5.2
      vertex -1.88716 -2.45939 5.2
    endloop
  endfacet
  facet normal -0.582515 -0.81282 -0
    outer loop
      vertex -1.72227 -2.57756 5.2
      vertex -1.88716 -2.45939 4.4
      vertex -1.72227 -2.57756 4.4
    endloop
  endfacet
  facet normal -0.956936 -0.2903 0
    outer loop
      vertex -2.93548 -0.996462 4.4
      vertex -2.99437 -0.802339 5.2
      vertex -2.99437 -0.802339 4.4
    endloop
  endfacet
  facet normal -0.956936 -0.2903 0
    outer loop
      vertex -2.99437 -0.802339 5.2
      vertex -2.93548 -0.996462 4.4
      vertex -2.93548 -0.996462 5.2
    endloop
  endfacet
  facet normal -0.849212 -0.528052 0
    outer loop
      vertex -2.57756 -1.72227 4.4
      vertex -2.68468 -1.55 5.2
      vertex -2.68468 -1.55 4.4
    endloop
  endfacet
  facet normal -0.849212 -0.528052 0
    outer loop
      vertex -2.68468 -1.55 5.2
      vertex -2.57756 -1.72227 4.4
      vertex -2.57756 -1.72227 5.2
    endloop
  endfacet
  facet normal -0.773012 -0.634391 0
    outer loop
      vertex -2.3307 -2.04397 4.4
      vertex -2.45939 -1.88716 5.2
      vertex -2.45939 -1.88716 4.4
    endloop
  endfacet
  facet normal -0.773012 -0.634391 0
    outer loop
      vertex -2.45939 -1.88716 5.2
      vertex -2.3307 -2.04397 4.4
      vertex -2.3307 -2.04397 5.2
    endloop
  endfacet
  facet normal 0.986639 -0.162922 0
    outer loop
      vertex 3.04043 -0.604779 5.2
      vertex 3.07348 -0.404631 4.4
      vertex 3.07348 -0.404631 5.2
    endloop
  endfacet
  facet normal 0.986639 -0.162922 0
    outer loop
      vertex 3.07348 -0.404631 4.4
      vertex 3.04043 -0.604779 5.2
      vertex 3.04043 -0.604779 4.4
    endloop
  endfacet
  facet normal 0.81282 -0.582515 0
    outer loop
      vertex 2.45939 -1.88716 5.2
      vertex 2.57756 -1.72227 4.4
      vertex 2.57756 -1.72227 5.2
    endloop
  endfacet
  facet normal 0.81282 -0.582515 0
    outer loop
      vertex 2.57756 -1.72227 4.4
      vertex 2.45939 -1.88716 5.2
      vertex 2.45939 -1.88716 4.4
    endloop
  endfacet
  facet normal 0.773012 -0.634391 0
    outer loop
      vertex 2.3307 -2.04397 5.2
      vertex 2.45939 -1.88716 4.4
      vertex 2.45939 -1.88716 5.2
    endloop
  endfacet
  facet normal 0.773012 -0.634391 0
    outer loop
      vertex 2.45939 -1.88716 4.4
      vertex 2.3307 -2.04397 5.2
      vertex 2.3307 -2.04397 4.4
    endloop
  endfacet
  facet normal 0.881941 -0.471361 0
    outer loop
      vertex 2.68468 -1.55 5.2
      vertex 2.7803 -1.37109 4.4
      vertex 2.7803 -1.37109 5.2
    endloop
  endfacet
  facet normal 0.881941 -0.471361 0
    outer loop
      vertex 2.7803 -1.37109 4.4
      vertex 2.68468 -1.55 5.2
      vertex 2.68468 -1.55 4.4
    endloop
  endfacet
  facet normal 0.799726 0.0261909 0.599794
    outer loop
      vertex 3.09336 0.202749 5.2
      vertex 2.5 0 6
      vertex 3.1 0 5.2
    endloop
  endfacet
  facet normal -0.748878 -0.281828 0.599796
    outer loop
      vertex -2.36732 -0.803598 6
      vertex -2.93548 -0.996462 5.2
      vertex -2.86403 -1.18632 5.2
    endloop
  endfacet
  facet normal 0.765695 -0.232285 0.599796
    outer loop
      vertex 2.99437 -0.802339 5.2
      vertex 2.36732 -0.803598 6
      vertex 2.93548 -0.996462 5.2
    endloop
  endfacet
  facet normal 0.584012 0.546974 0.599791
    outer loop
      vertex 2.19203 2.19203 5.2
      vertex 1.76777 1.76777 6
      vertex 2.3307 2.04397 5.2
    endloop
  endfacet
  facet normal 0.70569 -0.377162 0.599792
    outer loop
      vertex 2.7803 -1.37109 5.2
      vertex 2.24218 -1.10572 6
      vertex 2.68468 -1.55 5.2
    endloop
  endfacet
  facet normal -0.546954 0.584027 0.599794
    outer loop
      vertex -1.64836 1.8796 6
      vertex -2.04397 2.3307 5.2
      vertex -1.76777 1.76777 6
    endloop
  endfacet
  facet normal -0.799726 0.0261909 0.599794
    outer loop
      vertex -3.09336 0.202749 5.2
      vertex -3.1 0 5.2
      vertex -2.5 0 6
    endloop
  endfacet
  facet normal -0.70569 0.377162 0.599792
    outer loop
      vertex -2.68468 1.55 5.2
      vertex -2.7803 1.37109 5.2
      vertex -2.24218 1.10572 6
    endloop
  endfacet
  facet normal 0.618535 0.507604 0.599793
    outer loop
      vertex 2.3307 2.04397 5.2
      vertex 1.8796 1.64836 6
      vertex 1.98338 1.5219 6
    endloop
  endfacet
  facet normal 0.330269 0.728816 0.599792
    outer loop
      vertex 1.18632 2.86403 5.2
      vertex 1.10572 2.24218 6
      vertex 1.37109 2.7803 5.2
    endloop
  endfacet
  facet normal 0.281826 0.748879 0.599796
    outer loop
      vertex 1.18632 2.86403 5.2
      vertex 0.803598 2.36732 6
      vertex 0.956708 2.3097 6
    endloop
  endfacet
  facet normal -0.281826 0.748879 0.599796
    outer loop
      vertex -0.803598 2.36732 6
      vertex -1.18632 2.86403 5.2
      vertex -0.956708 2.3097 6
    endloop
  endfacet
  facet normal -0.0261674 0.799729 0.599791
    outer loop
      vertex 0 2.5 6
      vertex -0.202749 3.09336 5.2
      vertex -0.163507 2.49465 6
    endloop
  endfacet
  facet normal 0.748878 -0.281828 0.599796
    outer loop
      vertex 2.93548 -0.996462 5.2
      vertex 2.36732 -0.803598 6
      vertex 2.86403 -1.18632 5.2
    endloop
  endfacet
  facet normal 0.765697 -0.232275 0.599797
    outer loop
      vertex 2.41481 -0.647047 6
      vertex 2.36732 -0.803598 6
      vertex 2.99437 -0.802339 5.2
    endloop
  endfacet
  facet normal -0.584012 0.546974 0.599791
    outer loop
      vertex -2.19203 2.19203 5.2
      vertex -2.3307 2.04397 5.2
      vertex -1.76777 1.76777 6
    endloop
  endfacet
  facet normal -0.546974 0.584012 0.599791
    outer loop
      vertex -2.04397 2.3307 5.2
      vertex -2.19203 2.19203 5.2
      vertex -1.76777 1.76777 6
    endloop
  endfacet
  facet normal -0.748879 0.281826 0.599796
    outer loop
      vertex -2.3097 0.956708 6
      vertex -2.86403 1.18632 5.2
      vertex -2.36732 0.803598 6
    endloop
  endfacet
  facet normal -0.748878 0.281828 0.599796
    outer loop
      vertex -2.86403 1.18632 5.2
      vertex -2.93548 0.996462 5.2
      vertex -2.36732 0.803598 6
    endloop
  endfacet
  facet normal -0.618535 -0.507604 0.599793
    outer loop
      vertex -1.98338 -1.5219 6
      vertex -2.3307 -2.04397 5.2
      vertex -1.8796 -1.64836 6
    endloop
  endfacet
  facet normal -0.765697 -0.232275 0.599797
    outer loop
      vertex -2.41481 -0.647047 6
      vertex -2.99437 -0.802339 5.2
      vertex -2.36732 -0.803598 6
    endloop
  endfacet
  facet normal -0.330243 -0.728824 0.599796
    outer loop
      vertex -1.10572 -2.24218 6
      vertex -1.18632 -2.86403 5.2
      vertex -0.956708 -2.3097 6
    endloop
  endfacet
  facet normal -0.377192 -0.70567 0.599797
    outer loop
      vertex -1.25 -2.16506 6
      vertex -1.55 -2.68468 5.2
      vertex -1.10572 -2.24218 6
    endloop
  endfacet
  facet normal -0.181702 -0.779251 0.599793
    outer loop
      vertex -0.487725 -2.45196 6
      vertex -0.647047 -2.41481 6
      vertex -0.604779 -3.04043 5.2
    endloop
  endfacet
  facet normal 0.0261674 -0.799729 0.599791
    outer loop
      vertex 0.163507 -2.49465 6
      vertex 0 -2.5 6
      vertex 0.202749 -3.09336 5.2
    endloop
  endfacet
  facet normal 0.546974 -0.584012 0.599791
    outer loop
      vertex 2.19203 -2.19203 5.2
      vertex 1.76777 -1.76777 6
      vertex 2.04397 -2.3307 5.2
    endloop
  endfacet
  facet normal 0.748878 0.281828 0.599796
    outer loop
      vertex 2.86403 1.18632 5.2
      vertex 2.36732 0.803598 6
      vertex 2.93548 0.996462 5.2
    endloop
  endfacet
  facet normal 0.765695 0.232285 0.599796
    outer loop
      vertex 2.93548 0.996462 5.2
      vertex 2.36732 0.803598 6
      vertex 2.99437 0.802339 5.2
    endloop
  endfacet
  facet normal 0.728816 0.330269 0.599792
    outer loop
      vertex 2.7803 1.37109 5.2
      vertex 2.24218 1.10572 6
      vertex 2.86403 1.18632 5.2
    endloop
  endfacet
  facet normal 0.618529 0.507611 0.599795
    outer loop
      vertex 2.3307 2.04397 5.2
      vertex 1.98338 1.5219 6
      vertex 2.45939 1.88716 5.2
    endloop
  endfacet
  facet normal 0.546954 0.584027 0.599794
    outer loop
      vertex 2.04397 2.3307 5.2
      vertex 1.64836 1.8796 6
      vertex 1.76777 1.76777 6
    endloop
  endfacet
  facet normal 0.130362 0.789462 0.599796
    outer loop
      vertex 0.404631 3.07348 5.2
      vertex 0.326315 2.47861 6
      vertex 0.604779 3.04043 5.2
    endloop
  endfacet
  facet normal -0.330269 0.728816 0.599792
    outer loop
      vertex -1.18632 2.86403 5.2
      vertex -1.37109 2.7803 5.2
      vertex -1.10572 2.24218 6
    endloop
  endfacet
  facet normal -0.422522 0.679499 0.599797
    outer loop
      vertex -1.55 2.68468 5.2
      vertex -1.72227 2.57756 5.2
      vertex -1.25 2.16506 6
    endloop
  endfacet
  facet normal -0.507611 0.618529 0.599795
    outer loop
      vertex -1.88716 2.45939 5.2
      vertex -2.04397 2.3307 5.2
      vertex -1.5219 1.98338 6
    endloop
  endfacet
  facet normal -0.232275 0.765697 0.599797
    outer loop
      vertex -0.802339 2.99437 5.2
      vertex -0.803598 2.36732 6
      vertex -0.647047 2.41481 6
    endloop
  endfacet
  facet normal -0.130362 0.789462 0.599796
    outer loop
      vertex -0.404631 3.07348 5.2
      vertex -0.604779 3.04043 5.2
      vertex -0.326315 2.47861 6
    endloop
  endfacet
  facet normal 0.799729 0.0261674 0.599791
    outer loop
      vertex 3.09336 0.202749 5.2
      vertex 2.49465 0.163507 6
      vertex 2.5 0 6
    endloop
  endfacet
  facet normal 0.789462 0.130362 0.599796
    outer loop
      vertex 3.04043 0.604779 5.2
      vertex 2.47861 0.326315 6
      vertex 3.07348 0.404631 5.2
    endloop
  endfacet
  facet normal 0.584027 -0.546954 0.599794
    outer loop
      vertex 1.8796 -1.64836 6
      vertex 1.76777 -1.76777 6
      vertex 2.3307 -2.04397 5.2
    endloop
  endfacet
  facet normal 0.799726 -0.0261909 0.599794
    outer loop
      vertex 3.1 0 5.2
      vertex 2.5 0 6
      vertex 3.09336 -0.202749 5.2
    endloop
  endfacet
  facet normal 0.796297 -0.078452 0.599797
    outer loop
      vertex 2.49465 -0.163507 6
      vertex 2.47861 -0.326315 6
      vertex 3.07348 -0.404631 5.2
    endloop
  endfacet
  facet normal -0.779251 0.181702 0.599793
    outer loop
      vertex -2.41481 0.647047 6
      vertex -3.04043 0.604779 5.2
      vertex -2.45196 0.487725 6
    endloop
  endfacet
  facet normal -0.789462 0.130362 0.599796
    outer loop
      vertex -3.04043 0.604779 5.2
      vertex -3.07348 0.404631 5.2
      vertex -2.47861 0.326315 6
    endloop
  endfacet
  facet normal -0.796305 0.0784148 0.599791
    outer loop
      vertex -3.07348 0.404631 5.2
      vertex -3.09336 0.202749 5.2
      vertex -2.49465 0.163507 6
    endloop
  endfacet
  facet normal -0.799729 0.0261674 0.599791
    outer loop
      vertex -2.49465 0.163507 6
      vertex -3.09336 0.202749 5.2
      vertex -2.5 0 6
    endloop
  endfacet
  facet normal -0.728824 0.330243 0.599796
    outer loop
      vertex -2.24218 1.10572 6
      vertex -2.86403 1.18632 5.2
      vertex -2.3097 0.956708 6
    endloop
  endfacet
  facet normal -0.618529 0.507611 0.599795
    outer loop
      vertex -2.3307 2.04397 5.2
      vertex -2.45939 1.88716 5.2
      vertex -1.98338 1.5219 6
    endloop
  endfacet
  facet normal -0.650389 0.466087 0.599798
    outer loop
      vertex -1.98338 1.5219 6
      vertex -2.57756 1.72227 5.2
      vertex -2.07867 1.38893 6
    endloop
  endfacet
  facet normal -0.584012 -0.546974 0.599791
    outer loop
      vertex -1.76777 -1.76777 6
      vertex -2.3307 -2.04397 5.2
      vertex -2.19203 -2.19203 5.2
    endloop
  endfacet
  facet normal -0.650381 -0.466102 0.599795
    outer loop
      vertex -1.98338 -1.5219 6
      vertex -2.57756 -1.72227 5.2
      vertex -2.45939 -1.88716 5.2
    endloop
  endfacet
  facet normal -0.789466 -0.130347 0.599794
    outer loop
      vertex -2.47861 -0.326315 6
      vertex -3.04043 -0.604779 5.2
      vertex -2.45196 -0.487725 6
    endloop
  endfacet
  facet normal -0.728824 -0.330243 0.599796
    outer loop
      vertex -2.3097 -0.956708 6
      vertex -2.86403 -1.18632 5.2
      vertex -2.24218 -1.10572 6
    endloop
  endfacet
  facet normal -0.546974 -0.584012 0.599791
    outer loop
      vertex -1.76777 -1.76777 6
      vertex -2.19203 -2.19203 5.2
      vertex -2.04397 -2.3307 5.2
    endloop
  endfacet
  facet normal -0.330269 -0.728816 0.599792
    outer loop
      vertex -1.10572 -2.24218 6
      vertex -1.37109 -2.7803 5.2
      vertex -1.18632 -2.86403 5.2
    endloop
  endfacet
  facet normal -0.507604 -0.618535 0.599793
    outer loop
      vertex -1.64836 -1.8796 6
      vertex -2.04397 -2.3307 5.2
      vertex -1.5219 -1.98338 6
    endloop
  endfacet
  facet normal -0.466102 -0.650381 0.599795
    outer loop
      vertex -1.5219 -1.98338 6
      vertex -1.88716 -2.45939 5.2
      vertex -1.72227 -2.57756 5.2
    endloop
  endfacet
  facet normal -0.130362 -0.789462 0.599796
    outer loop
      vertex -0.326315 -2.47861 6
      vertex -0.604779 -3.04043 5.2
      vertex -0.404631 -3.07348 5.2
    endloop
  endfacet
  facet normal -0.078452 -0.796297 0.599797
    outer loop
      vertex -0.326315 -2.47861 6
      vertex -0.404631 -3.07348 5.2
      vertex -0.163507 -2.49465 6
    endloop
  endfacet
  facet normal 0.281828 -0.748878 0.599796
    outer loop
      vertex 1.18632 -2.86403 5.2
      vertex 0.803598 -2.36732 6
      vertex 0.996462 -2.93548 5.2
    endloop
  endfacet
  facet normal 0.330243 -0.728824 0.599796
    outer loop
      vertex 1.10572 -2.24218 6
      vertex 0.956708 -2.3097 6
      vertex 1.18632 -2.86403 5.2
    endloop
  endfacet
  facet normal 0.422526 -0.679495 0.599798
    outer loop
      vertex 1.38893 -2.07867 6
      vertex 1.25 -2.16506 6
      vertex 1.72227 -2.57756 5.2
    endloop
  endfacet
  facet normal 0.779254 0.181679 0.599797
    outer loop
      vertex 2.99437 0.802339 5.2
      vertex 2.41481 0.647047 6
      vertex 3.04043 0.604779 5.2
    endloop
  endfacet
  facet normal 0.748879 0.281826 0.599796
    outer loop
      vertex 2.86403 1.18632 5.2
      vertex 2.3097 0.956708 6
      vertex 2.36732 0.803598 6
    endloop
  endfacet
  facet normal 0.728824 0.330243 0.599796
    outer loop
      vertex 2.86403 1.18632 5.2
      vertex 2.24218 1.10572 6
      vertex 2.3097 0.956708 6
    endloop
  endfacet
  facet normal 0.679495 0.422526 0.599798
    outer loop
      vertex 2.57756 1.72227 5.2
      vertex 2.07867 1.38893 6
      vertex 2.16506 1.25 6
    endloop
  endfacet
  facet normal 0.679499 0.422522 0.599797
    outer loop
      vertex 2.57756 1.72227 5.2
      vertex 2.16506 1.25 6
      vertex 2.68468 1.55 5.2
    endloop
  endfacet
  facet normal 0.546974 0.584012 0.599791
    outer loop
      vertex 2.04397 2.3307 5.2
      vertex 1.76777 1.76777 6
      vertex 2.19203 2.19203 5.2
    endloop
  endfacet
  facet normal 0.650389 0.466087 0.599798
    outer loop
      vertex 2.57756 1.72227 5.2
      vertex 1.98338 1.5219 6
      vertex 2.07867 1.38893 6
    endloop
  endfacet
  facet normal 0.650381 0.466102 0.599795
    outer loop
      vertex 2.45939 1.88716 5.2
      vertex 1.98338 1.5219 6
      vertex 2.57756 1.72227 5.2
    endloop
  endfacet
  facet normal 0.330243 0.728824 0.599796
    outer loop
      vertex 1.18632 2.86403 5.2
      vertex 0.956708 2.3097 6
      vertex 1.10572 2.24218 6
    endloop
  endfacet
  facet normal 0.507604 0.618535 0.599793
    outer loop
      vertex 2.04397 2.3307 5.2
      vertex 1.5219 1.98338 6
      vertex 1.64836 1.8796 6
    endloop
  endfacet
  facet normal -0.0261909 0.799726 0.599794
    outer loop
      vertex 0 3.1 5.2
      vertex -0.202749 3.09336 5.2
      vertex 0 2.5 6
    endloop
  endfacet
  facet normal 0.0261909 0.799726 0.599794
    outer loop
      vertex 0 3.1 5.2
      vertex 0 2.5 6
      vertex 0.202749 3.09336 5.2
    endloop
  endfacet
  facet normal 0.232275 0.765697 0.599797
    outer loop
      vertex 0.802339 2.99437 5.2
      vertex 0.647047 2.41481 6
      vertex 0.803598 2.36732 6
    endloop
  endfacet
  facet normal 0.181702 0.779251 0.599793
    outer loop
      vertex 0.604779 3.04043 5.2
      vertex 0.487725 2.45196 6
      vertex 0.647047 2.41481 6
    endloop
  endfacet
  facet normal -0.466087 0.650389 0.599798
    outer loop
      vertex -1.38893 2.07867 6
      vertex -1.72227 2.57756 5.2
      vertex -1.5219 1.98338 6
    endloop
  endfacet
  facet normal -0.377162 0.70569 0.599792
    outer loop
      vertex -1.37109 2.7803 5.2
      vertex -1.55 2.68468 5.2
      vertex -1.10572 2.24218 6
    endloop
  endfacet
  facet normal -0.507604 0.618535 0.599793
    outer loop
      vertex -1.5219 1.98338 6
      vertex -2.04397 2.3307 5.2
      vertex -1.64836 1.8796 6
    endloop
  endfacet
  facet normal -0.422526 0.679495 0.599798
    outer loop
      vertex -1.25 2.16506 6
      vertex -1.72227 2.57756 5.2
      vertex -1.38893 2.07867 6
    endloop
  endfacet
  facet normal -0.466102 0.650381 0.599795
    outer loop
      vertex -1.72227 2.57756 5.2
      vertex -1.88716 2.45939 5.2
      vertex -1.5219 1.98338 6
    endloop
  endfacet
  facet normal -0.330243 0.728824 0.599796
    outer loop
      vertex -0.956708 2.3097 6
      vertex -1.18632 2.86403 5.2
      vertex -1.10572 2.24218 6
    endloop
  endfacet
  facet normal 0.796305 0.0784148 0.599791
    outer loop
      vertex 3.07348 0.404631 5.2
      vertex 2.49465 0.163507 6
      vertex 3.09336 0.202749 5.2
    endloop
  endfacet
  facet normal 0.796297 0.078452 0.599797
    outer loop
      vertex 3.07348 0.404631 5.2
      vertex 2.47861 0.326315 6
      vertex 2.49465 0.163507 6
    endloop
  endfacet
  facet normal 0.650381 -0.466102 0.599795
    outer loop
      vertex 2.57756 -1.72227 5.2
      vertex 1.98338 -1.5219 6
      vertex 2.45939 -1.88716 5.2
    endloop
  endfacet
  facet normal 0.618529 -0.507611 0.599795
    outer loop
      vertex 2.45939 -1.88716 5.2
      vertex 1.98338 -1.5219 6
      vertex 2.3307 -2.04397 5.2
    endloop
  endfacet
  facet normal 0.728816 -0.330269 0.599792
    outer loop
      vertex 2.86403 -1.18632 5.2
      vertex 2.24218 -1.10572 6
      vertex 2.7803 -1.37109 5.2
    endloop
  endfacet
  facet normal 0.779254 -0.181679 0.599797
    outer loop
      vertex 3.04043 -0.604779 5.2
      vertex 2.41481 -0.647047 6
      vertex 2.99437 -0.802339 5.2
    endloop
  endfacet
  facet normal 0.650389 -0.466087 0.599798
    outer loop
      vertex 2.07867 -1.38893 6
      vertex 1.98338 -1.5219 6
      vertex 2.57756 -1.72227 5.2
    endloop
  endfacet
  facet normal 0.679495 -0.422526 0.599798
    outer loop
      vertex 2.16506 -1.25 6
      vertex 2.07867 -1.38893 6
      vertex 2.57756 -1.72227 5.2
    endloop
  endfacet
  facet normal -0.796297 0.078452 0.599797
    outer loop
      vertex -2.47861 0.326315 6
      vertex -3.07348 0.404631 5.2
      vertex -2.49465 0.163507 6
    endloop
  endfacet
  facet normal -0.728816 0.330269 0.599792
    outer loop
      vertex -2.7803 1.37109 5.2
      vertex -2.86403 1.18632 5.2
      vertex -2.24218 1.10572 6
    endloop
  endfacet
  facet normal -0.584027 0.546954 0.599794
    outer loop
      vertex -1.76777 1.76777 6
      vertex -2.3307 2.04397 5.2
      vertex -1.8796 1.64836 6
    endloop
  endfacet
  facet normal -0.618535 0.507604 0.599793
    outer loop
      vertex -1.8796 1.64836 6
      vertex -2.3307 2.04397 5.2
      vertex -1.98338 1.5219 6
    endloop
  endfacet
  facet normal -0.650381 0.466102 0.599795
    outer loop
      vertex -2.45939 1.88716 5.2
      vertex -2.57756 1.72227 5.2
      vertex -1.98338 1.5219 6
    endloop
  endfacet
  facet normal -0.799726 -0.0261909 0.599794
    outer loop
      vertex -2.5 0 6
      vertex -3.1 0 5.2
      vertex -3.09336 -0.202749 5.2
    endloop
  endfacet
  facet normal -0.789462 -0.130362 0.599796
    outer loop
      vertex -2.47861 -0.326315 6
      vertex -3.07348 -0.404631 5.2
      vertex -3.04043 -0.604779 5.2
    endloop
  endfacet
  facet normal -0.799729 -0.0261674 0.599791
    outer loop
      vertex -2.5 0 6
      vertex -3.09336 -0.202749 5.2
      vertex -2.49465 -0.163507 6
    endloop
  endfacet
  facet normal -0.748879 -0.281826 0.599796
    outer loop
      vertex -2.36732 -0.803598 6
      vertex -2.86403 -1.18632 5.2
      vertex -2.3097 -0.956708 6
    endloop
  endfacet
  facet normal -0.377162 -0.70569 0.599792
    outer loop
      vertex -1.10572 -2.24218 6
      vertex -1.55 -2.68468 5.2
      vertex -1.37109 -2.7803 5.2
    endloop
  endfacet
  facet normal -0.281826 -0.748879 0.599796
    outer loop
      vertex -0.956708 -2.3097 6
      vertex -1.18632 -2.86403 5.2
      vertex -0.803598 -2.36732 6
    endloop
  endfacet
  facet normal -0.281828 -0.748878 0.599796
    outer loop
      vertex -0.803598 -2.36732 6
      vertex -1.18632 -2.86403 5.2
      vertex -0.996462 -2.93548 5.2
    endloop
  endfacet
  facet normal -0.181679 -0.779254 0.599797
    outer loop
      vertex -0.647047 -2.41481 6
      vertex -0.802339 -2.99437 5.2
      vertex -0.604779 -3.04043 5.2
    endloop
  endfacet
  facet normal -0.466087 -0.650389 0.599798
    outer loop
      vertex -1.5219 -1.98338 6
      vertex -1.72227 -2.57756 5.2
      vertex -1.38893 -2.07867 6
    endloop
  endfacet
  facet normal -0.546954 -0.584027 0.599794
    outer loop
      vertex -1.76777 -1.76777 6
      vertex -2.04397 -2.3307 5.2
      vertex -1.64836 -1.8796 6
    endloop
  endfacet
  facet normal -0.507611 -0.618529 0.599795
    outer loop
      vertex -1.5219 -1.98338 6
      vertex -2.04397 -2.3307 5.2
      vertex -1.88716 -2.45939 5.2
    endloop
  endfacet
  facet normal -0.130347 -0.789466 0.599794
    outer loop
      vertex -0.487725 -2.45196 6
      vertex -0.604779 -3.04043 5.2
      vertex -0.326315 -2.47861 6
    endloop
  endfacet
  facet normal -0.0261909 -0.799726 0.599794
    outer loop
      vertex 0 -2.5 6
      vertex -0.202749 -3.09336 5.2
      vertex 0 -3.1 5.2
    endloop
  endfacet
  facet normal -0.0784148 -0.796305 0.599791
    outer loop
      vertex -0.163507 -2.49465 6
      vertex -0.404631 -3.07348 5.2
      vertex -0.202749 -3.09336 5.2
    endloop
  endfacet
  facet normal 0.0261909 -0.799726 0.599794
    outer loop
      vertex 0 -2.5 6
      vertex 0 -3.1 5.2
      vertex 0.202749 -3.09336 5.2
    endloop
  endfacet
  facet normal 0.130362 -0.789462 0.599796
    outer loop
      vertex 0.604779 -3.04043 5.2
      vertex 0.326315 -2.47861 6
      vertex 0.404631 -3.07348 5.2
    endloop
  endfacet
  facet normal 0.078452 -0.796297 0.599797
    outer loop
      vertex 0.326315 -2.47861 6
      vertex 0.163507 -2.49465 6
      vertex 0.404631 -3.07348 5.2
    endloop
  endfacet
  facet normal 0.281826 -0.748879 0.599796
    outer loop
      vertex 0.956708 -2.3097 6
      vertex 0.803598 -2.36732 6
      vertex 1.18632 -2.86403 5.2
    endloop
  endfacet
  facet normal 0.584012 -0.546974 0.599791
    outer loop
      vertex 2.3307 -2.04397 5.2
      vertex 1.76777 -1.76777 6
      vertex 2.19203 -2.19203 5.2
    endloop
  endfacet
  facet normal 0.507611 -0.618529 0.599795
    outer loop
      vertex 2.04397 -2.3307 5.2
      vertex 1.5219 -1.98338 6
      vertex 1.88716 -2.45939 5.2
    endloop
  endfacet
  facet normal 0.546954 -0.584027 0.599794
    outer loop
      vertex 1.76777 -1.76777 6
      vertex 1.64836 -1.8796 6
      vertex 2.04397 -2.3307 5.2
    endloop
  endfacet
  facet normal 0.377192 -0.70567 0.599797
    outer loop
      vertex 1.25 -2.16506 6
      vertex 1.10572 -2.24218 6
      vertex 1.55 -2.68468 5.2
    endloop
  endfacet
  facet normal 0.765697 0.232275 0.599797
    outer loop
      vertex 2.99437 0.802339 5.2
      vertex 2.36732 0.803598 6
      vertex 2.41481 0.647047 6
    endloop
  endfacet
  facet normal 0.70567 0.377192 0.599797
    outer loop
      vertex 2.68468 1.55 5.2
      vertex 2.16506 1.25 6
      vertex 2.24218 1.10572 6
    endloop
  endfacet
  facet normal 0.70569 0.377162 0.599792
    outer loop
      vertex 2.68468 1.55 5.2
      vertex 2.24218 1.10572 6
      vertex 2.7803 1.37109 5.2
    endloop
  endfacet
  facet normal 0.584027 0.546954 0.599794
    outer loop
      vertex 2.3307 2.04397 5.2
      vertex 1.76777 1.76777 6
      vertex 1.8796 1.64836 6
    endloop
  endfacet
  facet normal 0.377162 0.70569 0.599792
    outer loop
      vertex 1.37109 2.7803 5.2
      vertex 1.10572 2.24218 6
      vertex 1.55 2.68468 5.2
    endloop
  endfacet
  facet normal 0.466102 0.650381 0.599795
    outer loop
      vertex 1.72227 2.57756 5.2
      vertex 1.5219 1.98338 6
      vertex 1.88716 2.45939 5.2
    endloop
  endfacet
  facet normal 0.507611 0.618529 0.599795
    outer loop
      vertex 1.88716 2.45939 5.2
      vertex 1.5219 1.98338 6
      vertex 2.04397 2.3307 5.2
    endloop
  endfacet
  facet normal 0.0784148 0.796305 0.599791
    outer loop
      vertex 0.202749 3.09336 5.2
      vertex 0.163507 2.49465 6
      vertex 0.404631 3.07348 5.2
    endloop
  endfacet
  facet normal 0.0261674 0.799729 0.599791
    outer loop
      vertex 0.202749 3.09336 5.2
      vertex 0 2.5 6
      vertex 0.163507 2.49465 6
    endloop
  endfacet
  facet normal -0.0784148 0.796305 0.599791
    outer loop
      vertex -0.202749 3.09336 5.2
      vertex -0.404631 3.07348 5.2
      vertex -0.163507 2.49465 6
    endloop
  endfacet
  facet normal -0.130347 0.789466 0.599794
    outer loop
      vertex -0.326315 2.47861 6
      vertex -0.604779 3.04043 5.2
      vertex -0.487725 2.45196 6
    endloop
  endfacet
  facet normal 0.281828 0.748878 0.599796
    outer loop
      vertex 0.996462 2.93548 5.2
      vertex 0.803598 2.36732 6
      vertex 1.18632 2.86403 5.2
    endloop
  endfacet
  facet normal 0.232285 0.765695 0.599796
    outer loop
      vertex 0.996462 2.93548 5.2
      vertex 0.802339 2.99437 5.2
      vertex 0.803598 2.36732 6
    endloop
  endfacet
  facet normal 0.181679 0.779254 0.599797
    outer loop
      vertex 0.802339 2.99437 5.2
      vertex 0.604779 3.04043 5.2
      vertex 0.647047 2.41481 6
    endloop
  endfacet
  facet normal 0.130347 0.789466 0.599794
    outer loop
      vertex 0.604779 3.04043 5.2
      vertex 0.326315 2.47861 6
      vertex 0.487725 2.45196 6
    endloop
  endfacet
  facet normal -0.377192 0.70567 0.599797
    outer loop
      vertex -1.10572 2.24218 6
      vertex -1.55 2.68468 5.2
      vertex -1.25 2.16506 6
    endloop
  endfacet
  facet normal -0.181702 0.779251 0.599793
    outer loop
      vertex -0.604779 3.04043 5.2
      vertex -0.647047 2.41481 6
      vertex -0.487725 2.45196 6
    endloop
  endfacet
  facet normal -0.181679 0.779254 0.599797
    outer loop
      vertex -0.604779 3.04043 5.2
      vertex -0.802339 2.99437 5.2
      vertex -0.647047 2.41481 6
    endloop
  endfacet
  facet normal -0.281828 0.748878 0.599796
    outer loop
      vertex -0.996462 2.93548 5.2
      vertex -1.18632 2.86403 5.2
      vertex -0.803598 2.36732 6
    endloop
  endfacet
  facet normal -0.232285 0.765695 0.599796
    outer loop
      vertex -0.802339 2.99437 5.2
      vertex -0.996462 2.93548 5.2
      vertex -0.803598 2.36732 6
    endloop
  endfacet
  facet normal 0.679499 -0.422522 0.599797
    outer loop
      vertex 2.68468 -1.55 5.2
      vertex 2.16506 -1.25 6
      vertex 2.57756 -1.72227 5.2
    endloop
  endfacet
  facet normal 0.728824 -0.330243 0.599796
    outer loop
      vertex 2.3097 -0.956708 6
      vertex 2.24218 -1.10572 6
      vertex 2.86403 -1.18632 5.2
    endloop
  endfacet
  facet normal 0.748879 -0.281826 0.599796
    outer loop
      vertex 2.36732 -0.803598 6
      vertex 2.3097 -0.956708 6
      vertex 2.86403 -1.18632 5.2
    endloop
  endfacet
  facet normal 0.789462 -0.130362 0.599796
    outer loop
      vertex 3.07348 -0.404631 5.2
      vertex 2.47861 -0.326315 6
      vertex 3.04043 -0.604779 5.2
    endloop
  endfacet
  facet normal 0.796305 -0.0784148 0.599791
    outer loop
      vertex 3.09336 -0.202749 5.2
      vertex 2.49465 -0.163507 6
      vertex 3.07348 -0.404631 5.2
    endloop
  endfacet
  facet normal -0.779254 0.181679 0.599797
    outer loop
      vertex -2.99437 0.802339 5.2
      vertex -3.04043 0.604779 5.2
      vertex -2.41481 0.647047 6
    endloop
  endfacet
  facet normal -0.789466 0.130347 0.599794
    outer loop
      vertex -2.45196 0.487725 6
      vertex -3.04043 0.604779 5.2
      vertex -2.47861 0.326315 6
    endloop
  endfacet
  facet normal -0.765695 0.232285 0.599796
    outer loop
      vertex -2.93548 0.996462 5.2
      vertex -2.99437 0.802339 5.2
      vertex -2.36732 0.803598 6
    endloop
  endfacet
  facet normal -0.765697 0.232275 0.599797
    outer loop
      vertex -2.36732 0.803598 6
      vertex -2.99437 0.802339 5.2
      vertex -2.41481 0.647047 6
    endloop
  endfacet
  facet normal -0.679495 0.422526 0.599798
    outer loop
      vertex -2.07867 1.38893 6
      vertex -2.57756 1.72227 5.2
      vertex -2.16506 1.25 6
    endloop
  endfacet
  facet normal -0.679499 0.422522 0.599797
    outer loop
      vertex -2.57756 1.72227 5.2
      vertex -2.68468 1.55 5.2
      vertex -2.16506 1.25 6
    endloop
  endfacet
  facet normal -0.796305 -0.0784148 0.599791
    outer loop
      vertex -2.49465 -0.163507 6
      vertex -3.09336 -0.202749 5.2
      vertex -3.07348 -0.404631 5.2
    endloop
  endfacet
  facet normal -0.796297 -0.078452 0.599797
    outer loop
      vertex -2.49465 -0.163507 6
      vertex -3.07348 -0.404631 5.2
      vertex -2.47861 -0.326315 6
    endloop
  endfacet
  facet normal -0.618529 -0.507611 0.599795
    outer loop
      vertex -1.98338 -1.5219 6
      vertex -2.45939 -1.88716 5.2
      vertex -2.3307 -2.04397 5.2
    endloop
  endfacet
  facet normal -0.584027 -0.546954 0.599794
    outer loop
      vertex -1.8796 -1.64836 6
      vertex -2.3307 -2.04397 5.2
      vertex -1.76777 -1.76777 6
    endloop
  endfacet
  facet normal -0.70567 -0.377192 0.599797
    outer loop
      vertex -2.24218 -1.10572 6
      vertex -2.68468 -1.55 5.2
      vertex -2.16506 -1.25 6
    endloop
  endfacet
  facet normal -0.779254 -0.181679 0.599797
    outer loop
      vertex -2.41481 -0.647047 6
      vertex -3.04043 -0.604779 5.2
      vertex -2.99437 -0.802339 5.2
    endloop
  endfacet
  facet normal -0.232275 -0.765697 0.599797
    outer loop
      vertex -0.647047 -2.41481 6
      vertex -0.803598 -2.36732 6
      vertex -0.802339 -2.99437 5.2
    endloop
  endfacet
  facet normal -0.232285 -0.765695 0.599796
    outer loop
      vertex -0.803598 -2.36732 6
      vertex -0.996462 -2.93548 5.2
      vertex -0.802339 -2.99437 5.2
    endloop
  endfacet
  facet normal -0.422526 -0.679495 0.599798
    outer loop
      vertex -1.38893 -2.07867 6
      vertex -1.72227 -2.57756 5.2
      vertex -1.25 -2.16506 6
    endloop
  endfacet
  facet normal -0.422522 -0.679499 0.599797
    outer loop
      vertex -1.25 -2.16506 6
      vertex -1.72227 -2.57756 5.2
      vertex -1.55 -2.68468 5.2
    endloop
  endfacet
  facet normal -0.0261674 -0.799729 0.599791
    outer loop
      vertex -0.163507 -2.49465 6
      vertex -0.202749 -3.09336 5.2
      vertex 0 -2.5 6
    endloop
  endfacet
  facet normal 0.0784148 -0.796305 0.599791
    outer loop
      vertex 0.404631 -3.07348 5.2
      vertex 0.163507 -2.49465 6
      vertex 0.202749 -3.09336 5.2
    endloop
  endfacet
  facet normal 0.232285 -0.765695 0.599796
    outer loop
      vertex 0.803598 -2.36732 6
      vertex 0.802339 -2.99437 5.2
      vertex 0.996462 -2.93548 5.2
    endloop
  endfacet
  facet normal 0.466102 -0.650381 0.599795
    outer loop
      vertex 1.88716 -2.45939 5.2
      vertex 1.5219 -1.98338 6
      vertex 1.72227 -2.57756 5.2
    endloop
  endfacet
  facet normal 0.618535 -0.507604 0.599793
    outer loop
      vertex 1.98338 -1.5219 6
      vertex 1.8796 -1.64836 6
      vertex 2.3307 -2.04397 5.2
    endloop
  endfacet
  facet normal 0.507604 -0.618535 0.599793
    outer loop
      vertex 1.64836 -1.8796 6
      vertex 1.5219 -1.98338 6
      vertex 2.04397 -2.3307 5.2
    endloop
  endfacet
  facet normal 0.466087 -0.650389 0.599798
    outer loop
      vertex 1.5219 -1.98338 6
      vertex 1.38893 -2.07867 6
      vertex 1.72227 -2.57756 5.2
    endloop
  endfacet
  facet normal 0.330269 -0.728816 0.599792
    outer loop
      vertex 1.37109 -2.7803 5.2
      vertex 1.10572 -2.24218 6
      vertex 1.18632 -2.86403 5.2
    endloop
  endfacet
  facet normal 0.377162 -0.70569 0.599792
    outer loop
      vertex 1.55 -2.68468 5.2
      vertex 1.10572 -2.24218 6
      vertex 1.37109 -2.7803 5.2
    endloop
  endfacet
  facet normal 0.422522 -0.679499 0.599797
    outer loop
      vertex 1.72227 -2.57756 5.2
      vertex 1.25 -2.16506 6
      vertex 1.55 -2.68468 5.2
    endloop
  endfacet
  facet normal 0.789466 0.130347 0.599794
    outer loop
      vertex 3.04043 0.604779 5.2
      vertex 2.45196 0.487725 6
      vertex 2.47861 0.326315 6
    endloop
  endfacet
  facet normal 0.779251 0.181702 0.599793
    outer loop
      vertex 3.04043 0.604779 5.2
      vertex 2.41481 0.647047 6
      vertex 2.45196 0.487725 6
    endloop
  endfacet
  facet normal 0.466087 0.650389 0.599798
    outer loop
      vertex 1.72227 2.57756 5.2
      vertex 1.38893 2.07867 6
      vertex 1.5219 1.98338 6
    endloop
  endfacet
  facet normal 0.422526 0.679495 0.599798
    outer loop
      vertex 1.72227 2.57756 5.2
      vertex 1.25 2.16506 6
      vertex 1.38893 2.07867 6
    endloop
  endfacet
  facet normal 0.078452 0.796297 0.599797
    outer loop
      vertex 0.404631 3.07348 5.2
      vertex 0.163507 2.49465 6
      vertex 0.326315 2.47861 6
    endloop
  endfacet
  facet normal -0.078452 0.796297 0.599797
    outer loop
      vertex -0.163507 2.49465 6
      vertex -0.404631 3.07348 5.2
      vertex -0.326315 2.47861 6
    endloop
  endfacet
  facet normal 0.70567 -0.377192 0.599797
    outer loop
      vertex 2.24218 -1.10572 6
      vertex 2.16506 -1.25 6
      vertex 2.68468 -1.55 5.2
    endloop
  endfacet
  facet normal 0.799729 -0.0261674 0.599791
    outer loop
      vertex 2.5 0 6
      vertex 2.49465 -0.163507 6
      vertex 3.09336 -0.202749 5.2
    endloop
  endfacet
  facet normal -0.70567 0.377192 0.599797
    outer loop
      vertex -2.16506 1.25 6
      vertex -2.68468 1.55 5.2
      vertex -2.24218 1.10572 6
    endloop
  endfacet
  facet normal -0.728816 -0.330269 0.599792
    outer loop
      vertex -2.24218 -1.10572 6
      vertex -2.86403 -1.18632 5.2
      vertex -2.7803 -1.37109 5.2
    endloop
  endfacet
  facet normal -0.70569 -0.377162 0.599792
    outer loop
      vertex -2.24218 -1.10572 6
      vertex -2.7803 -1.37109 5.2
      vertex -2.68468 -1.55 5.2
    endloop
  endfacet
  facet normal -0.679499 -0.422522 0.599797
    outer loop
      vertex -2.16506 -1.25 6
      vertex -2.68468 -1.55 5.2
      vertex -2.57756 -1.72227 5.2
    endloop
  endfacet
  facet normal -0.679495 -0.422526 0.599798
    outer loop
      vertex -2.16506 -1.25 6
      vertex -2.57756 -1.72227 5.2
      vertex -2.07867 -1.38893 6
    endloop
  endfacet
  facet normal -0.650389 -0.466087 0.599798
    outer loop
      vertex -2.07867 -1.38893 6
      vertex -2.57756 -1.72227 5.2
      vertex -1.98338 -1.5219 6
    endloop
  endfacet
  facet normal -0.779251 -0.181702 0.599793
    outer loop
      vertex -2.45196 -0.487725 6
      vertex -3.04043 -0.604779 5.2
      vertex -2.41481 -0.647047 6
    endloop
  endfacet
  facet normal -0.765695 -0.232285 0.599796
    outer loop
      vertex -2.36732 -0.803598 6
      vertex -2.99437 -0.802339 5.2
      vertex -2.93548 -0.996462 5.2
    endloop
  endfacet
  facet normal 0.232275 -0.765697 0.599797
    outer loop
      vertex 0.803598 -2.36732 6
      vertex 0.647047 -2.41481 6
      vertex 0.802339 -2.99437 5.2
    endloop
  endfacet
  facet normal 0.130347 -0.789466 0.599794
    outer loop
      vertex 0.487725 -2.45196 6
      vertex 0.326315 -2.47861 6
      vertex 0.604779 -3.04043 5.2
    endloop
  endfacet
  facet normal 0.181702 -0.779251 0.599793
    outer loop
      vertex 0.647047 -2.41481 6
      vertex 0.487725 -2.45196 6
      vertex 0.604779 -3.04043 5.2
    endloop
  endfacet
  facet normal 0.181679 -0.779254 0.599797
    outer loop
      vertex 0.647047 -2.41481 6
      vertex 0.604779 -3.04043 5.2
      vertex 0.802339 -2.99437 5.2
    endloop
  endfacet
  facet normal 0.422522 0.679499 0.599797
    outer loop
      vertex 1.55 2.68468 5.2
      vertex 1.25 2.16506 6
      vertex 1.72227 2.57756 5.2
    endloop
  endfacet
  facet normal 0.377192 0.70567 0.599797
    outer loop
      vertex 1.55 2.68468 5.2
      vertex 1.10572 2.24218 6
      vertex 1.25 2.16506 6
    endloop
  endfacet
  facet normal 0.779251 -0.181702 0.599793
    outer loop
      vertex 2.45196 -0.487725 6
      vertex 2.41481 -0.647047 6
      vertex 3.04043 -0.604779 5.2
    endloop
  endfacet
  facet normal 0.789466 -0.130347 0.599794
    outer loop
      vertex 2.47861 -0.326315 6
      vertex 2.45196 -0.487725 6
      vertex 3.04043 -0.604779 5.2
    endloop
  endfacet
endsolid OpenSCAD_Model
