solid OpenSCAD_Model
  facet normal 0 -0.707107 -0.707107
    outer loop
      vertex 17.25 -17.25 0.4
      vertex -16.85 -16.85 0
      vertex 16.85 -16.85 0
    endloop
  endfacet
  facet normal 0 -0.707107 -0.707107
    outer loop
      vertex -16.85 -16.85 0
      vertex 17.25 -17.25 0.4
      vertex -17.25 -17.25 0.4
    endloop
  endfacet
  facet normal -0.707107 0 -0.707107
    outer loop
      vertex -17.25 -17.25 0.4
      vertex -16.85 16.85 0
      vertex -16.85 -16.85 0
    endloop
  endfacet
  facet normal -0.707107 0 -0.707107
    outer loop
      vertex -16.85 16.85 0
      vertex -17.25 -17.25 0.4
      vertex -17.25 17.25 0.4
    endloop
  endfacet
  facet normal 0 -1 0
    outer loop
      vertex -17.25 -17.25 0.4
      vertex 17.25 -17.25 1
      vertex -17.25 -17.25 1
    endloop
  endfacet
  facet normal 0 -1 -0
    outer loop
      vertex 17.25 -17.25 1
      vertex -17.25 -17.25 0.4
      vertex 17.25 -17.25 0.4
    endloop
  endfacet
  facet normal 0 0.707107 -0.707107
    outer loop
      vertex -16.85 16.85 0
      vertex 17.25 17.25 0.4
      vertex 16.85 16.85 0
    endloop
  endfacet
  facet normal 0 0.707107 -0.707107
    outer loop
      vertex 17.25 17.25 0.4
      vertex -16.85 16.85 0
      vertex -17.25 17.25 0.4
    endloop
  endfacet
  facet normal 0 0 -1
    outer loop
      vertex 16.85 -16.85 0
      vertex 5.55 0 0
      vertex 16.85 16.85 0
    endloop
  endfacet
  facet normal 0 0 -1
    outer loop
      vertex 16.85 -16.85 0
      vertex 5.53812 -0.362987 0
      vertex 5.55 0 0
    endloop
  endfacet
  facet normal 0 0 -1
    outer loop
      vertex 16.85 -16.85 0
      vertex 5.50252 -0.72442 0
      vertex 5.53812 -0.362987 0
    endloop
  endfacet
  facet normal 0 0 -1
    outer loop
      vertex 16.85 -16.85 0
      vertex 5.44336 -1.08275 0
      vertex 5.50252 -0.72442 0
    endloop
  endfacet
  facet normal 0 0 -1
    outer loop
      vertex 16.85 -16.85 0
      vertex 5.36089 -1.43645 0
      vertex 5.44336 -1.08275 0
    endloop
  endfacet
  facet normal 0 0 -1
    outer loop
      vertex 16.85 -16.85 0
      vertex 5.25546 -1.78399 0
      vertex 5.36089 -1.43645 0
    endloop
  endfacet
  facet normal 0 0 -1
    outer loop
      vertex 16.85 -16.85 0
      vertex 5.12753 -2.12389 0
      vertex 5.25546 -1.78399 0
    endloop
  endfacet
  facet normal 0 0 -1
    outer loop
      vertex 16.85 -16.85 0
      vertex 4.97764 -2.4547 0
      vertex 5.12753 -2.12389 0
    endloop
  endfacet
  facet normal 0 0 -1
    outer loop
      vertex 16.85 -16.85 0
      vertex 4.80644 -2.775 0
      vertex 4.97764 -2.4547 0
    endloop
  endfacet
  facet normal 0 0 -1
    outer loop
      vertex 16.85 -16.85 0
      vertex 4.61466 -3.08341 0
      vertex 4.80644 -2.775 0
    endloop
  endfacet
  facet normal 0 0 -1
    outer loop
      vertex 16.85 -16.85 0
      vertex 4.40311 -3.37863 0
      vertex 4.61466 -3.08341 0
    endloop
  endfacet
  facet normal 0 0 -1
    outer loop
      vertex 16.85 -16.85 0
      vertex 4.17271 -3.65937 0
      vertex 4.40311 -3.37863 0
    endloop
  endfacet
  facet normal 0 0 -1
    outer loop
      vertex 16.85 -16.85 0
      vertex 3.92444 -3.92444 0
      vertex 4.17271 -3.65937 0
    endloop
  endfacet
  facet normal 0 0 -1
    outer loop
      vertex 16.85 -16.85 0
      vertex 3.65937 -4.17271 0
      vertex 3.92444 -3.92444 0
    endloop
  endfacet
  facet normal 0 0 -1
    outer loop
      vertex 16.85 -16.85 0
      vertex 3.37863 -4.40311 0
      vertex 3.65937 -4.17271 0
    endloop
  endfacet
  facet normal 0 0 -1
    outer loop
      vertex 16.85 -16.85 0
      vertex 3.08341 -4.61466 0
      vertex 3.37863 -4.40311 0
    endloop
  endfacet
  facet normal 0 0 -1
    outer loop
      vertex 16.85 -16.85 0
      vertex 2.775 -4.80644 0
      vertex 3.08341 -4.61466 0
    endloop
  endfacet
  facet normal 0 0 -1
    outer loop
      vertex 16.85 -16.85 0
      vertex 2.4547 -4.97764 0
      vertex 2.775 -4.80644 0
    endloop
  endfacet
  facet normal 0 0 -1
    outer loop
      vertex 16.85 -16.85 0
      vertex 2.12389 -5.12753 0
      vertex 2.4547 -4.97764 0
    endloop
  endfacet
  facet normal 0 0 -1
    outer loop
      vertex 16.85 -16.85 0
      vertex 1.78399 -5.25546 0
      vertex 2.12389 -5.12753 0
    endloop
  endfacet
  facet normal 0 0 -1
    outer loop
      vertex 16.85 -16.85 0
      vertex 1.43645 -5.36089 0
      vertex 1.78399 -5.25546 0
    endloop
  endfacet
  facet normal 0 0 -1
    outer loop
      vertex 16.85 -16.85 0
      vertex 1.08275 -5.44336 0
      vertex 1.43645 -5.36089 0
    endloop
  endfacet
  facet normal 0 0 -1
    outer loop
      vertex 16.85 -16.85 0
      vertex 0.72442 -5.50252 0
      vertex 1.08275 -5.44336 0
    endloop
  endfacet
  facet normal 0 0 -1
    outer loop
      vertex 16.85 -16.85 0
      vertex 0.362987 -5.53812 0
      vertex 0.72442 -5.50252 0
    endloop
  endfacet
  facet normal 0 0 -1
    outer loop
      vertex 16.85 -16.85 0
      vertex 0 -5.55 0
      vertex 0.362987 -5.53812 0
    endloop
  endfacet
  facet normal 0 0 -1
    outer loop
      vertex -16.85 -16.85 0
      vertex 0 -5.55 0
      vertex 16.85 -16.85 0
    endloop
  endfacet
  facet normal -0 0 -1
    outer loop
      vertex 0 -5.55 0
      vertex -16.85 -16.85 0
      vertex -0.362987 -5.53812 0
    endloop
  endfacet
  facet normal -0 0 -1
    outer loop
      vertex -0.362987 -5.53812 0
      vertex -16.85 -16.85 0
      vertex -0.72442 -5.50252 0
    endloop
  endfacet
  facet normal -0 0 -1
    outer loop
      vertex -0.72442 -5.50252 0
      vertex -16.85 -16.85 0
      vertex -1.08275 -5.44336 0
    endloop
  endfacet
  facet normal -0 0 -1
    outer loop
      vertex -1.08275 -5.44336 0
      vertex -16.85 -16.85 0
      vertex -1.43645 -5.36089 0
    endloop
  endfacet
  facet normal -0 0 -1
    outer loop
      vertex -1.43645 -5.36089 0
      vertex -16.85 -16.85 0
      vertex -1.78399 -5.25546 0
    endloop
  endfacet
  facet normal -0 0 -1
    outer loop
      vertex -1.78399 -5.25546 0
      vertex -16.85 -16.85 0
      vertex -2.12389 -5.12753 0
    endloop
  endfacet
  facet normal -0 0 -1
    outer loop
      vertex -2.12389 -5.12753 0
      vertex -16.85 -16.85 0
      vertex -2.4547 -4.97764 0
    endloop
  endfacet
  facet normal -0 0 -1
    outer loop
      vertex -5.53812 -0.362987 0
      vertex -16.85 -16.85 0
      vertex -5.55 0 0
    endloop
  endfacet
  facet normal -0 0 -1
    outer loop
      vertex -5.50252 -0.72442 0
      vertex -16.85 -16.85 0
      vertex -5.53812 -0.362987 0
    endloop
  endfacet
  facet normal -0 0 -1
    outer loop
      vertex -5.44336 -1.08275 0
      vertex -16.85 -16.85 0
      vertex -5.50252 -0.72442 0
    endloop
  endfacet
  facet normal -0 0 -1
    outer loop
      vertex -5.36089 -1.43645 0
      vertex -16.85 -16.85 0
      vertex -5.44336 -1.08275 0
    endloop
  endfacet
  facet normal -0 0 -1
    outer loop
      vertex -5.25546 -1.78399 0
      vertex -16.85 -16.85 0
      vertex -5.36089 -1.43645 0
    endloop
  endfacet
  facet normal -0 0 -1
    outer loop
      vertex -5.12753 -2.12389 0
      vertex -16.85 -16.85 0
      vertex -5.25546 -1.78399 0
    endloop
  endfacet
  facet normal -0 0 -1
    outer loop
      vertex -4.97764 -2.4547 0
      vertex -16.85 -16.85 0
      vertex -5.12753 -2.12389 0
    endloop
  endfacet
  facet normal -0 0 -1
    outer loop
      vertex -4.80644 -2.775 0
      vertex -16.85 -16.85 0
      vertex -4.97764 -2.4547 0
    endloop
  endfacet
  facet normal -0 0 -1
    outer loop
      vertex -4.61466 -3.08341 0
      vertex -16.85 -16.85 0
      vertex -4.80644 -2.775 0
    endloop
  endfacet
  facet normal -0 0 -1
    outer loop
      vertex -4.40311 -3.37863 0
      vertex -16.85 -16.85 0
      vertex -4.61466 -3.08341 0
    endloop
  endfacet
  facet normal -0 0 -1
    outer loop
      vertex -4.17271 -3.65937 0
      vertex -16.85 -16.85 0
      vertex -4.40311 -3.37863 0
    endloop
  endfacet
  facet normal -0 0 -1
    outer loop
      vertex -3.92444 -3.92444 0
      vertex -16.85 -16.85 0
      vertex -4.17271 -3.65937 0
    endloop
  endfacet
  facet normal -0 0 -1
    outer loop
      vertex -3.65937 -4.17271 0
      vertex -16.85 -16.85 0
      vertex -3.92444 -3.92444 0
    endloop
  endfacet
  facet normal -0 0 -1
    outer loop
      vertex -3.37863 -4.40311 0
      vertex -16.85 -16.85 0
      vertex -3.65937 -4.17271 0
    endloop
  endfacet
  facet normal -0 0 -1
    outer loop
      vertex -3.08341 -4.61466 0
      vertex -16.85 -16.85 0
      vertex -3.37863 -4.40311 0
    endloop
  endfacet
  facet normal -0 0 -1
    outer loop
      vertex -2.775 -4.80644 0
      vertex -16.85 -16.85 0
      vertex -3.08341 -4.61466 0
    endloop
  endfacet
  facet normal -0 0 -1
    outer loop
      vertex -2.4547 -4.97764 0
      vertex -16.85 -16.85 0
      vertex -2.775 -4.80644 0
    endloop
  endfacet
  facet normal 0 0 -1
    outer loop
      vertex 5.53812 0.362987 0
      vertex 16.85 16.85 0
      vertex 5.55 0 0
    endloop
  endfacet
  facet normal 0 0 -1
    outer loop
      vertex 5.50252 0.72442 0
      vertex 16.85 16.85 0
      vertex 5.53812 0.362987 0
    endloop
  endfacet
  facet normal 0 0 -1
    outer loop
      vertex 5.44336 1.08275 0
      vertex 16.85 16.85 0
      vertex 5.50252 0.72442 0
    endloop
  endfacet
  facet normal 0 0 -1
    outer loop
      vertex 5.36089 1.43645 0
      vertex 16.85 16.85 0
      vertex 5.44336 1.08275 0
    endloop
  endfacet
  facet normal 0 0 -1
    outer loop
      vertex 5.25546 1.78399 0
      vertex 16.85 16.85 0
      vertex 5.36089 1.43645 0
    endloop
  endfacet
  facet normal 0 0 -1
    outer loop
      vertex 5.12753 2.12389 0
      vertex 16.85 16.85 0
      vertex 5.25546 1.78399 0
    endloop
  endfacet
  facet normal 0 0 -1
    outer loop
      vertex 4.97764 2.4547 0
      vertex 16.85 16.85 0
      vertex 5.12753 2.12389 0
    endloop
  endfacet
  facet normal 0 0 -1
    outer loop
      vertex 4.80644 2.775 0
      vertex 16.85 16.85 0
      vertex 4.97764 2.4547 0
    endloop
  endfacet
  facet normal 0 0 -1
    outer loop
      vertex 4.61466 3.08341 0
      vertex 16.85 16.85 0
      vertex 4.80644 2.775 0
    endloop
  endfacet
  facet normal 0 0 -1
    outer loop
      vertex 4.40311 3.37863 0
      vertex 16.85 16.85 0
      vertex 4.61466 3.08341 0
    endloop
  endfacet
  facet normal 0 0 -1
    outer loop
      vertex 4.17271 3.65937 0
      vertex 16.85 16.85 0
      vertex 4.40311 3.37863 0
    endloop
  endfacet
  facet normal 0 0 -1
    outer loop
      vertex 3.92444 3.92444 0
      vertex 16.85 16.85 0
      vertex 4.17271 3.65937 0
    endloop
  endfacet
  facet normal 0 0 -1
    outer loop
      vertex 3.65937 4.17271 0
      vertex 16.85 16.85 0
      vertex 3.92444 3.92444 0
    endloop
  endfacet
  facet normal 0 0 -1
    outer loop
      vertex 3.37863 4.40311 0
      vertex 16.85 16.85 0
      vertex 3.65937 4.17271 0
    endloop
  endfacet
  facet normal 0 0 -1
    outer loop
      vertex 3.08341 4.61466 0
      vertex 16.85 16.85 0
      vertex 3.37863 4.40311 0
    endloop
  endfacet
  facet normal 0 0 -1
    outer loop
      vertex 2.775 4.80644 0
      vertex 16.85 16.85 0
      vertex 3.08341 4.61466 0
    endloop
  endfacet
  facet normal 0 0 -1
    outer loop
      vertex 2.4547 4.97764 0
      vertex 16.85 16.85 0
      vertex 2.775 4.80644 0
    endloop
  endfacet
  facet normal 0 0 -1
    outer loop
      vertex 2.12389 5.12753 0
      vertex 16.85 16.85 0
      vertex 2.4547 4.97764 0
    endloop
  endfacet
  facet normal 0 0 -1
    outer loop
      vertex 1.78399 5.25546 0
      vertex 16.85 16.85 0
      vertex 2.12389 5.12753 0
    endloop
  endfacet
  facet normal 0 0 -1
    outer loop
      vertex 1.43645 5.36089 0
      vertex 16.85 16.85 0
      vertex 1.78399 5.25546 0
    endloop
  endfacet
  facet normal 0 0 -1
    outer loop
      vertex 1.08275 5.44336 0
      vertex 16.85 16.85 0
      vertex 1.43645 5.36089 0
    endloop
  endfacet
  facet normal 0 0 -1
    outer loop
      vertex 0.72442 5.50252 0
      vertex 16.85 16.85 0
      vertex 1.08275 5.44336 0
    endloop
  endfacet
  facet normal 0 0 -1
    outer loop
      vertex 0.362987 5.53812 0
      vertex 16.85 16.85 0
      vertex 0.72442 5.50252 0
    endloop
  endfacet
  facet normal 0 0 -1
    outer loop
      vertex 0 5.55 0
      vertex 16.85 16.85 0
      vertex 0.362987 5.53812 0
    endloop
  endfacet
  facet normal 0 0 -1
    outer loop
      vertex -16.85 16.85 0
      vertex 0 5.55 0
      vertex -0.362987 5.53812 0
    endloop
  endfacet
  facet normal 0 0 -1
    outer loop
      vertex -16.85 16.85 0
      vertex -0.362987 5.53812 0
      vertex -0.72442 5.50252 0
    endloop
  endfacet
  facet normal 0 0 -1
    outer loop
      vertex -16.85 16.85 0
      vertex -0.72442 5.50252 0
      vertex -1.08275 5.44336 0
    endloop
  endfacet
  facet normal 0 0 -1
    outer loop
      vertex -16.85 16.85 0
      vertex -1.08275 5.44336 0
      vertex -1.43645 5.36089 0
    endloop
  endfacet
  facet normal 0 0 -1
    outer loop
      vertex -16.85 16.85 0
      vertex -1.43645 5.36089 0
      vertex -1.78399 5.25546 0
    endloop
  endfacet
  facet normal 0 0 -1
    outer loop
      vertex -16.85 16.85 0
      vertex -1.78399 5.25546 0
      vertex -2.12389 5.12753 0
    endloop
  endfacet
  facet normal 0 0 -1
    outer loop
      vertex -16.85 16.85 0
      vertex -2.12389 5.12753 0
      vertex -2.4547 4.97764 0
    endloop
  endfacet
  facet normal 0 0 -1
    outer loop
      vertex -16.85 16.85 0
      vertex -2.4547 4.97764 0
      vertex -2.775 4.80644 0
    endloop
  endfacet
  facet normal 0 0 -1
    outer loop
      vertex -16.85 16.85 0
      vertex -5.55 0 0
      vertex -16.85 -16.85 0
    endloop
  endfacet
  facet normal 0 0 -1
    outer loop
      vertex -5.55 0 0
      vertex -16.85 16.85 0
      vertex -5.53812 0.362987 0
    endloop
  endfacet
  facet normal 0 0 -1
    outer loop
      vertex -5.53812 0.362987 0
      vertex -16.85 16.85 0
      vertex -5.50252 0.72442 0
    endloop
  endfacet
  facet normal 0 0 -1
    outer loop
      vertex -5.50252 0.72442 0
      vertex -16.85 16.85 0
      vertex -5.44336 1.08275 0
    endloop
  endfacet
  facet normal 0 0 -1
    outer loop
      vertex -5.44336 1.08275 0
      vertex -16.85 16.85 0
      vertex -5.36089 1.43645 0
    endloop
  endfacet
  facet normal 0 0 -1
    outer loop
      vertex -5.36089 1.43645 0
      vertex -16.85 16.85 0
      vertex -5.25546 1.78399 0
    endloop
  endfacet
  facet normal 0 0 -1
    outer loop
      vertex -5.25546 1.78399 0
      vertex -16.85 16.85 0
      vertex -5.12753 2.12389 0
    endloop
  endfacet
  facet normal 0 0 -1
    outer loop
      vertex -5.12753 2.12389 0
      vertex -16.85 16.85 0
      vertex -4.97764 2.4547 0
    endloop
  endfacet
  facet normal 0 0 -1
    outer loop
      vertex 0 5.55 0
      vertex -16.85 16.85 0
      vertex 16.85 16.85 0
    endloop
  endfacet
  facet normal 0 0 -1
    outer loop
      vertex -3.08341 4.61466 0
      vertex -16.85 16.85 0
      vertex -2.775 4.80644 0
    endloop
  endfacet
  facet normal 0 0 -1
    outer loop
      vertex -3.37863 4.40311 0
      vertex -16.85 16.85 0
      vertex -3.08341 4.61466 0
    endloop
  endfacet
  facet normal 0 0 -1
    outer loop
      vertex -3.65937 4.17271 0
      vertex -16.85 16.85 0
      vertex -3.37863 4.40311 0
    endloop
  endfacet
  facet normal 0 0 -1
    outer loop
      vertex -3.92444 3.92444 0
      vertex -16.85 16.85 0
      vertex -3.65937 4.17271 0
    endloop
  endfacet
  facet normal 0 0 -1
    outer loop
      vertex -4.17271 3.65937 0
      vertex -16.85 16.85 0
      vertex -3.92444 3.92444 0
    endloop
  endfacet
  facet normal 0 0 -1
    outer loop
      vertex -4.40311 3.37863 0
      vertex -16.85 16.85 0
      vertex -4.17271 3.65937 0
    endloop
  endfacet
  facet normal 0 0 -1
    outer loop
      vertex -4.61466 3.08341 0
      vertex -16.85 16.85 0
      vertex -4.40311 3.37863 0
    endloop
  endfacet
  facet normal 0 0 -1
    outer loop
      vertex -4.80644 2.775 0
      vertex -16.85 16.85 0
      vertex -4.61466 3.08341 0
    endloop
  endfacet
  facet normal 0 0 -1
    outer loop
      vertex -4.97764 2.4547 0
      vertex -16.85 16.85 0
      vertex -4.80644 2.775 0
    endloop
  endfacet
  facet normal 0.707107 0 -0.707107
    outer loop
      vertex 16.85 -16.85 0
      vertex 17.25 17.25 0.4
      vertex 17.25 -17.25 0.4
    endloop
  endfacet
  facet normal 0.707107 0 -0.707107
    outer loop
      vertex 17.25 17.25 0.4
      vertex 16.85 -16.85 0
      vertex 16.85 16.85 0
    endloop
  endfacet
  facet normal 0 0 1
    outer loop
      vertex 17.25 17.25 1
      vertex 6.675 0 1
      vertex 17.25 -17.25 1
    endloop
  endfacet
  facet normal 0 0 1
    outer loop
      vertex 17.25 17.25 1
      vertex 6.66071 0.436565 1
      vertex 6.675 0 1
    endloop
  endfacet
  facet normal 0 0 1
    outer loop
      vertex 17.25 17.25 1
      vertex 6.61789 0.871262 1
      vertex 6.66071 0.436565 1
    endloop
  endfacet
  facet normal 0 0 1
    outer loop
      vertex 17.25 17.25 1
      vertex 6.54674 1.30223 1
      vertex 6.61789 0.871262 1
    endloop
  endfacet
  facet normal 0 0 1
    outer loop
      vertex 17.25 17.25 1
      vertex 6.44755 1.72762 1
      vertex 6.54674 1.30223 1
    endloop
  endfacet
  facet normal 0 0 1
    outer loop
      vertex 17.25 17.25 1
      vertex 6.32076 2.14561 1
      vertex 6.44755 1.72762 1
    endloop
  endfacet
  facet normal 0 0 1
    outer loop
      vertex 17.25 17.25 1
      vertex 6.1669 2.55441 1
      vertex 6.32076 2.14561 1
    endloop
  endfacet
  facet normal 0 0 1
    outer loop
      vertex 17.25 17.25 1
      vertex 5.98662 2.95228 1
      vertex 6.1669 2.55441 1
    endloop
  endfacet
  facet normal 0 0 1
    outer loop
      vertex 17.25 17.25 1
      vertex 5.78072 3.3375 1
      vertex 5.98662 2.95228 1
    endloop
  endfacet
  facet normal 0 0 1
    outer loop
      vertex 17.25 17.25 1
      vertex 5.55006 3.70843 1
      vertex 5.78072 3.3375 1
    endloop
  endfacet
  facet normal 0 0 1
    outer loop
      vertex 17.25 17.25 1
      vertex 5.29563 4.06348 1
      vertex 5.55006 3.70843 1
    endloop
  endfacet
  facet normal 0 0 1
    outer loop
      vertex 17.25 17.25 1
      vertex 5.01853 4.40113 1
      vertex 5.29563 4.06348 1
    endloop
  endfacet
  facet normal 0 0 1
    outer loop
      vertex 17.25 17.25 1
      vertex 4.71994 4.71994 1
      vertex 5.01853 4.40113 1
    endloop
  endfacet
  facet normal 0 0 1
    outer loop
      vertex 17.25 17.25 1
      vertex 4.40113 5.01853 1
      vertex 4.71994 4.71994 1
    endloop
  endfacet
  facet normal 0 0 1
    outer loop
      vertex 17.25 17.25 1
      vertex 4.06348 5.29563 1
      vertex 4.40113 5.01853 1
    endloop
  endfacet
  facet normal 0 0 1
    outer loop
      vertex 17.25 17.25 1
      vertex 3.70843 5.55006 1
      vertex 4.06348 5.29563 1
    endloop
  endfacet
  facet normal 0 0 1
    outer loop
      vertex 17.25 17.25 1
      vertex 3.3375 5.78072 1
      vertex 3.70843 5.55006 1
    endloop
  endfacet
  facet normal 0 0 1
    outer loop
      vertex 17.25 17.25 1
      vertex 2.95228 5.98662 1
      vertex 3.3375 5.78072 1
    endloop
  endfacet
  facet normal 0 0 1
    outer loop
      vertex 17.25 17.25 1
      vertex 2.55441 6.1669 1
      vertex 2.95228 5.98662 1
    endloop
  endfacet
  facet normal 0 0 1
    outer loop
      vertex 17.25 17.25 1
      vertex 2.14561 6.32076 1
      vertex 2.55441 6.1669 1
    endloop
  endfacet
  facet normal 0 0 1
    outer loop
      vertex 17.25 17.25 1
      vertex 1.72762 6.44755 1
      vertex 2.14561 6.32076 1
    endloop
  endfacet
  facet normal 0 0 1
    outer loop
      vertex 17.25 17.25 1
      vertex 1.30223 6.54674 1
      vertex 1.72762 6.44755 1
    endloop
  endfacet
  facet normal 0 0 1
    outer loop
      vertex 17.25 17.25 1
      vertex 0.871262 6.61789 1
      vertex 1.30223 6.54674 1
    endloop
  endfacet
  facet normal 0 0 1
    outer loop
      vertex 17.25 17.25 1
      vertex 0.436565 6.66071 1
      vertex 0.871262 6.61789 1
    endloop
  endfacet
  facet normal 0 0 1
    outer loop
      vertex 17.25 17.25 1
      vertex 0 6.675 1
      vertex 0.436565 6.66071 1
    endloop
  endfacet
  facet normal -0 0 1
    outer loop
      vertex -17.25 17.25 1
      vertex 0 6.675 1
      vertex 17.25 17.25 1
    endloop
  endfacet
  facet normal 0 0 1
    outer loop
      vertex 0 6.675 1
      vertex -17.25 17.25 1
      vertex -0.436565 6.66071 1
    endloop
  endfacet
  facet normal 0 0 1
    outer loop
      vertex -0.436565 6.66071 1
      vertex -17.25 17.25 1
      vertex -0.871262 6.61789 1
    endloop
  endfacet
  facet normal 0 0 1
    outer loop
      vertex -0.871262 6.61789 1
      vertex -17.25 17.25 1
      vertex -1.30223 6.54674 1
    endloop
  endfacet
  facet normal 0 0 1
    outer loop
      vertex -1.30223 6.54674 1
      vertex -17.25 17.25 1
      vertex -1.72762 6.44755 1
    endloop
  endfacet
  facet normal 0 0 1
    outer loop
      vertex -1.72762 6.44755 1
      vertex -17.25 17.25 1
      vertex -2.14561 6.32076 1
    endloop
  endfacet
  facet normal 0 0 1
    outer loop
      vertex -2.14561 6.32076 1
      vertex -17.25 17.25 1
      vertex -2.55441 6.1669 1
    endloop
  endfacet
  facet normal 0 0 1
    outer loop
      vertex -2.55441 6.1669 1
      vertex -17.25 17.25 1
      vertex -2.95228 5.98662 1
    endloop
  endfacet
  facet normal 0 0 1
    outer loop
      vertex -6.66071 0.436565 1
      vertex -17.25 17.25 1
      vertex -6.675 0 1
    endloop
  endfacet
  facet normal 0 0 1
    outer loop
      vertex -6.61789 0.871262 1
      vertex -17.25 17.25 1
      vertex -6.66071 0.436565 1
    endloop
  endfacet
  facet normal 0 0 1
    outer loop
      vertex -6.54674 1.30223 1
      vertex -17.25 17.25 1
      vertex -6.61789 0.871262 1
    endloop
  endfacet
  facet normal 0 0 1
    outer loop
      vertex -6.44755 1.72762 1
      vertex -17.25 17.25 1
      vertex -6.54674 1.30223 1
    endloop
  endfacet
  facet normal 0 0 1
    outer loop
      vertex -6.32076 2.14561 1
      vertex -17.25 17.25 1
      vertex -6.44755 1.72762 1
    endloop
  endfacet
  facet normal 0 0 1
    outer loop
      vertex -6.1669 2.55441 1
      vertex -17.25 17.25 1
      vertex -6.32076 2.14561 1
    endloop
  endfacet
  facet normal 0 0 1
    outer loop
      vertex -5.98662 2.95228 1
      vertex -17.25 17.25 1
      vertex -6.1669 2.55441 1
    endloop
  endfacet
  facet normal 0 0 1
    outer loop
      vertex -5.78072 3.3375 1
      vertex -17.25 17.25 1
      vertex -5.98662 2.95228 1
    endloop
  endfacet
  facet normal 0 0 1
    outer loop
      vertex -5.55006 3.70843 1
      vertex -17.25 17.25 1
      vertex -5.78072 3.3375 1
    endloop
  endfacet
  facet normal 0 0 1
    outer loop
      vertex -5.29563 4.06348 1
      vertex -17.25 17.25 1
      vertex -5.55006 3.70843 1
    endloop
  endfacet
  facet normal 0 0 1
    outer loop
      vertex -5.01853 4.40113 1
      vertex -17.25 17.25 1
      vertex -5.29563 4.06348 1
    endloop
  endfacet
  facet normal 0 0 1
    outer loop
      vertex -4.71994 4.71994 1
      vertex -17.25 17.25 1
      vertex -5.01853 4.40113 1
    endloop
  endfacet
  facet normal 0 0 1
    outer loop
      vertex -4.40113 5.01853 1
      vertex -17.25 17.25 1
      vertex -4.71994 4.71994 1
    endloop
  endfacet
  facet normal 0 0 1
    outer loop
      vertex -4.06348 5.29563 1
      vertex -17.25 17.25 1
      vertex -4.40113 5.01853 1
    endloop
  endfacet
  facet normal 0 0 1
    outer loop
      vertex -3.70843 5.55006 1
      vertex -17.25 17.25 1
      vertex -4.06348 5.29563 1
    endloop
  endfacet
  facet normal 0 0 1
    outer loop
      vertex -3.3375 5.78072 1
      vertex -17.25 17.25 1
      vertex -3.70843 5.55006 1
    endloop
  endfacet
  facet normal 0 0 1
    outer loop
      vertex -2.95228 5.98662 1
      vertex -17.25 17.25 1
      vertex -3.3375 5.78072 1
    endloop
  endfacet
  facet normal -0 0 1
    outer loop
      vertex 6.66071 -0.436565 1
      vertex 17.25 -17.25 1
      vertex 6.675 0 1
    endloop
  endfacet
  facet normal -0 0 1
    outer loop
      vertex 6.61789 -0.871262 1
      vertex 17.25 -17.25 1
      vertex 6.66071 -0.436565 1
    endloop
  endfacet
  facet normal -0 0 1
    outer loop
      vertex 6.54674 -1.30223 1
      vertex 17.25 -17.25 1
      vertex 6.61789 -0.871262 1
    endloop
  endfacet
  facet normal -0 0 1
    outer loop
      vertex 6.44755 -1.72762 1
      vertex 17.25 -17.25 1
      vertex 6.54674 -1.30223 1
    endloop
  endfacet
  facet normal -0 0 1
    outer loop
      vertex 6.32076 -2.14561 1
      vertex 17.25 -17.25 1
      vertex 6.44755 -1.72762 1
    endloop
  endfacet
  facet normal -0 0 1
    outer loop
      vertex 6.1669 -2.55441 1
      vertex 17.25 -17.25 1
      vertex 6.32076 -2.14561 1
    endloop
  endfacet
  facet normal -0 0 1
    outer loop
      vertex 5.98662 -2.95228 1
      vertex 17.25 -17.25 1
      vertex 6.1669 -2.55441 1
    endloop
  endfacet
  facet normal -0 0 1
    outer loop
      vertex 5.78072 -3.3375 1
      vertex 17.25 -17.25 1
      vertex 5.98662 -2.95228 1
    endloop
  endfacet
  facet normal -0 0 1
    outer loop
      vertex 5.55006 -3.70843 1
      vertex 17.25 -17.25 1
      vertex 5.78072 -3.3375 1
    endloop
  endfacet
  facet normal -0 0 1
    outer loop
      vertex 5.29563 -4.06348 1
      vertex 17.25 -17.25 1
      vertex 5.55006 -3.70843 1
    endloop
  endfacet
  facet normal -0 0 1
    outer loop
      vertex 5.01853 -4.40113 1
      vertex 17.25 -17.25 1
      vertex 5.29563 -4.06348 1
    endloop
  endfacet
  facet normal -0 0 1
    outer loop
      vertex 4.71994 -4.71994 1
      vertex 17.25 -17.25 1
      vertex 5.01853 -4.40113 1
    endloop
  endfacet
  facet normal -0 0 1
    outer loop
      vertex 4.40113 -5.01853 1
      vertex 17.25 -17.25 1
      vertex 4.71994 -4.71994 1
    endloop
  endfacet
  facet normal -0 0 1
    outer loop
      vertex 4.06348 -5.29563 1
      vertex 17.25 -17.25 1
      vertex 4.40113 -5.01853 1
    endloop
  endfacet
  facet normal -0 0 1
    outer loop
      vertex 3.70843 -5.55006 1
      vertex 17.25 -17.25 1
      vertex 4.06348 -5.29563 1
    endloop
  endfacet
  facet normal -0 0 1
    outer loop
      vertex 3.3375 -5.78072 1
      vertex 17.25 -17.25 1
      vertex 3.70843 -5.55006 1
    endloop
  endfacet
  facet normal -0 0 1
    outer loop
      vertex 2.95228 -5.98662 1
      vertex 17.25 -17.25 1
      vertex 3.3375 -5.78072 1
    endloop
  endfacet
  facet normal -0 0 1
    outer loop
      vertex 2.55441 -6.1669 1
      vertex 17.25 -17.25 1
      vertex 2.95228 -5.98662 1
    endloop
  endfacet
  facet normal -0 0 1
    outer loop
      vertex 2.14561 -6.32076 1
      vertex 17.25 -17.25 1
      vertex 2.55441 -6.1669 1
    endloop
  endfacet
  facet normal -0 0 1
    outer loop
      vertex 1.72762 -6.44755 1
      vertex 17.25 -17.25 1
      vertex 2.14561 -6.32076 1
    endloop
  endfacet
  facet normal -0 0 1
    outer loop
      vertex 1.30223 -6.54674 1
      vertex 17.25 -17.25 1
      vertex 1.72762 -6.44755 1
    endloop
  endfacet
  facet normal -0 0 1
    outer loop
      vertex 0.871262 -6.61789 1
      vertex 17.25 -17.25 1
      vertex 1.30223 -6.54674 1
    endloop
  endfacet
  facet normal -0 0 1
    outer loop
      vertex 0.436565 -6.66071 1
      vertex 17.25 -17.25 1
      vertex 0.871262 -6.61789 1
    endloop
  endfacet
  facet normal -0 0 1
    outer loop
      vertex 0 -6.675 1
      vertex 17.25 -17.25 1
      vertex 0.436565 -6.66071 1
    endloop
  endfacet
  facet normal 0 0 1
    outer loop
      vertex -17.25 -17.25 1
      vertex 0 -6.675 1
      vertex -0.436565 -6.66071 1
    endloop
  endfacet
  facet normal 0 0 1
    outer loop
      vertex -17.25 -17.25 1
      vertex -0.436565 -6.66071 1
      vertex -0.871262 -6.61789 1
    endloop
  endfacet
  facet normal 0 0 1
    outer loop
      vertex -17.25 -17.25 1
      vertex -0.871262 -6.61789 1
      vertex -1.30223 -6.54674 1
    endloop
  endfacet
  facet normal 0 0 1
    outer loop
      vertex -17.25 -17.25 1
      vertex -1.30223 -6.54674 1
      vertex -1.72762 -6.44755 1
    endloop
  endfacet
  facet normal 0 0 1
    outer loop
      vertex -17.25 -17.25 1
      vertex -1.72762 -6.44755 1
      vertex -2.14561 -6.32076 1
    endloop
  endfacet
  facet normal 0 0 1
    outer loop
      vertex -17.25 -17.25 1
      vertex -2.14561 -6.32076 1
      vertex -2.55441 -6.1669 1
    endloop
  endfacet
  facet normal 0 0 1
    outer loop
      vertex -17.25 -17.25 1
      vertex -2.55441 -6.1669 1
      vertex -2.95228 -5.98662 1
    endloop
  endfacet
  facet normal 0 0 1
    outer loop
      vertex -17.25 -17.25 1
      vertex -2.95228 -5.98662 1
      vertex -3.3375 -5.78072 1
    endloop
  endfacet
  facet normal 0 0 1
    outer loop
      vertex -17.25 -17.25 1
      vertex -6.675 0 1
      vertex -17.25 17.25 1
    endloop
  endfacet
  facet normal 0 0 1
    outer loop
      vertex -6.675 0 1
      vertex -17.25 -17.25 1
      vertex -6.66071 -0.436565 1
    endloop
  endfacet
  facet normal 0 0 1
    outer loop
      vertex -6.66071 -0.436565 1
      vertex -17.25 -17.25 1
      vertex -6.61789 -0.871262 1
    endloop
  endfacet
  facet normal 0 0 1
    outer loop
      vertex -6.61789 -0.871262 1
      vertex -17.25 -17.25 1
      vertex -6.54674 -1.30223 1
    endloop
  endfacet
  facet normal 0 0 1
    outer loop
      vertex -6.54674 -1.30223 1
      vertex -17.25 -17.25 1
      vertex -6.44755 -1.72762 1
    endloop
  endfacet
  facet normal 0 0 1
    outer loop
      vertex -6.44755 -1.72762 1
      vertex -17.25 -17.25 1
      vertex -6.32076 -2.14561 1
    endloop
  endfacet
  facet normal 0 0 1
    outer loop
      vertex -6.32076 -2.14561 1
      vertex -17.25 -17.25 1
      vertex -6.1669 -2.55441 1
    endloop
  endfacet
  facet normal 0 0 1
    outer loop
      vertex -6.1669 -2.55441 1
      vertex -17.25 -17.25 1
      vertex -5.98662 -2.95228 1
    endloop
  endfacet
  facet normal 0 0 1
    outer loop
      vertex 0 -6.675 1
      vertex -17.25 -17.25 1
      vertex 17.25 -17.25 1
    endloop
  endfacet
  facet normal 0 0 1
    outer loop
      vertex -3.70843 -5.55006 1
      vertex -17.25 -17.25 1
      vertex -3.3375 -5.78072 1
    endloop
  endfacet
  facet normal 0 0 1
    outer loop
      vertex -4.06348 -5.29563 1
      vertex -17.25 -17.25 1
      vertex -3.70843 -5.55006 1
    endloop
  endfacet
  facet normal 0 0 1
    outer loop
      vertex -4.40113 -5.01853 1
      vertex -17.25 -17.25 1
      vertex -4.06348 -5.29563 1
    endloop
  endfacet
  facet normal 0 0 1
    outer loop
      vertex -4.71994 -4.71994 1
      vertex -17.25 -17.25 1
      vertex -4.40113 -5.01853 1
    endloop
  endfacet
  facet normal 0 0 1
    outer loop
      vertex -5.01853 -4.40113 1
      vertex -17.25 -17.25 1
      vertex -4.71994 -4.71994 1
    endloop
  endfacet
  facet normal 0 0 1
    outer loop
      vertex -5.29563 -4.06348 1
      vertex -17.25 -17.25 1
      vertex -5.01853 -4.40113 1
    endloop
  endfacet
  facet normal 0 0 1
    outer loop
      vertex -5.55006 -3.70843 1
      vertex -17.25 -17.25 1
      vertex -5.29563 -4.06348 1
    endloop
  endfacet
  facet normal 0 0 1
    outer loop
      vertex -5.78072 -3.3375 1
      vertex -17.25 -17.25 1
      vertex -5.55006 -3.70843 1
    endloop
  endfacet
  facet normal 0 0 1
    outer loop
      vertex -5.98662 -2.95228 1
      vertex -17.25 -17.25 1
      vertex -5.78072 -3.3375 1
    endloop
  endfacet
  facet normal -1 0 0
    outer loop
      vertex -17.25 -17.25 0.4
      vertex -17.25 17.25 1
      vertex -17.25 17.25 0.4
    endloop
  endfacet
  facet normal -1 -0 0
    outer loop
      vertex -17.25 17.25 1
      vertex -17.25 -17.25 0.4
      vertex -17.25 -17.25 1
    endloop
  endfacet
  facet normal 0 1 -0
    outer loop
      vertex 17.25 17.25 0.4
      vertex -17.25 17.25 1
      vertex 17.25 17.25 1
    endloop
  endfacet
  facet normal 0 1 0
    outer loop
      vertex -17.25 17.25 1
      vertex 17.25 17.25 0.4
      vertex -17.25 17.25 0.4
    endloop
  endfacet
  facet normal 1 -0 0
    outer loop
      vertex 17.25 -17.25 1
      vertex 17.25 17.25 0.4
      vertex 17.25 17.25 1
    endloop
  endfacet
  facet normal 1 0 0
    outer loop
      vertex 17.25 17.25 0.4
      vertex 17.25 -17.25 1
      vertex 17.25 -17.25 0.4
    endloop
  endfacet
  facet normal -0.999465 -0.0327109 0
    outer loop
      vertex 5.55 0 0
      vertex 5.53812 0.362987 0.549999
      vertex 5.53812 0.362987 0
    endloop
  endfacet
  facet normal -0.999465 -0.0327109 0
    outer loop
      vertex 5.53812 0.362987 0.549999
      vertex 5.55 0 0
      vertex 5.55 0 0.549999
    endloop
  endfacet
  facet normal 0.999465 -0.0327109 0
    outer loop
      vertex -5.55 0 0.549999
      vertex -5.53812 0.362987 0
      vertex -5.53812 0.362987 0.549999
    endloop
  endfacet
  facet normal 0.999465 -0.0327109 0
    outer loop
      vertex -5.53812 0.362987 0
      vertex -5.55 0 0.549999
      vertex -5.55 0 0
    endloop
  endfacet
  facet normal 0.0327109 -0.999465 0
    outer loop
      vertex -0.362987 5.53812 0
      vertex 0 5.55 0.549999
      vertex -0.362987 5.53812 0.549999
    endloop
  endfacet
  facet normal 0.0327109 -0.999465 0
    outer loop
      vertex 0 5.55 0.549999
      vertex -0.362987 5.53812 0
      vertex 0 5.55 0
    endloop
  endfacet
  facet normal -0.0327109 0.999465 0
    outer loop
      vertex 0.362987 -5.53812 0
      vertex 0 -5.55 0.549999
      vertex 0.362987 -5.53812 0.549999
    endloop
  endfacet
  facet normal -0.0327109 0.999465 0
    outer loop
      vertex 0 -5.55 0.549999
      vertex 0.362987 -5.53812 0
      vertex 0 -5.55 0
    endloop
  endfacet
  facet normal -0.683599 -0.729857 0
    outer loop
      vertex 3.65937 4.17271 0
      vertex 3.92444 3.92444 0.549999
      vertex 3.65937 4.17271 0.549999
    endloop
  endfacet
  facet normal -0.683599 -0.729857 -0
    outer loop
      vertex 3.92444 3.92444 0.549999
      vertex 3.65937 4.17271 0
      vertex 3.92444 3.92444 0
    endloop
  endfacet
  facet normal 0.683599 -0.729857 0
    outer loop
      vertex -3.92444 3.92444 0
      vertex -3.65937 4.17271 0.549999
      vertex -3.92444 3.92444 0.549999
    endloop
  endfacet
  facet normal 0.683599 -0.729857 0
    outer loop
      vertex -3.65937 4.17271 0.549999
      vertex -3.92444 3.92444 0
      vertex -3.65937 4.17271 0
    endloop
  endfacet
  facet normal 0.352252 -0.935905 0
    outer loop
      vertex -2.12389 5.12753 0
      vertex -1.78399 5.25546 0.549999
      vertex -2.12389 5.12753 0.549999
    endloop
  endfacet
  facet normal 0.352252 -0.935905 0
    outer loop
      vertex -1.78399 5.25546 0.549999
      vertex -2.12389 5.12753 0
      vertex -1.78399 5.25546 0
    endloop
  endfacet
  facet normal -0.910862 -0.412711 0
    outer loop
      vertex 5.12753 2.12389 0
      vertex 4.97764 2.4547 0.549999
      vertex 4.97764 2.4547 0
    endloop
  endfacet
  facet normal -0.910862 -0.412711 0
    outer loop
      vertex 4.97764 2.4547 0.549999
      vertex 5.12753 2.12389 0
      vertex 5.12753 2.12389 0.549999
    endloop
  endfacet
  facet normal -0.352252 -0.935905 0
    outer loop
      vertex 1.78399 5.25546 0
      vertex 2.12389 5.12753 0.549999
      vertex 1.78399 5.25546 0.549999
    endloop
  endfacet
  facet normal -0.352252 -0.935905 -0
    outer loop
      vertex 2.12389 5.12753 0.549999
      vertex 1.78399 5.25546 0
      vertex 2.12389 5.12753 0
    endloop
  endfacet
  facet normal -0.528065 -0.849204 0
    outer loop
      vertex 2.775 4.80644 0
      vertex 3.08341 4.61466 0.549999
      vertex 2.775 4.80644 0.549999
    endloop
  endfacet
  facet normal -0.528065 -0.849204 -0
    outer loop
      vertex 3.08341 4.61466 0.549999
      vertex 2.775 4.80644 0
      vertex 3.08341 4.61466 0
    endloop
  endfacet
  facet normal 0.910862 -0.412711 0
    outer loop
      vertex -5.12753 2.12389 0.549999
      vertex -4.97764 2.4547 0
      vertex -4.97764 2.4547 0.549999
    endloop
  endfacet
  facet normal 0.910862 -0.412711 0
    outer loop
      vertex -4.97764 2.4547 0
      vertex -5.12753 2.12389 0.549999
      vertex -5.12753 2.12389 0
    endloop
  endfacet
  facet normal 0.162894 -0.986644 0
    outer loop
      vertex -1.08275 5.44336 0
      vertex -0.72442 5.50252 0.549999
      vertex -1.08275 5.44336 0.549999
    endloop
  endfacet
  facet normal 0.162894 -0.986644 0
    outer loop
      vertex -0.72442 5.50252 0.549999
      vertex -1.08275 5.44336 0
      vertex -0.72442 5.50252 0
    endloop
  endfacet
  facet normal -0.973878 -0.227073 0
    outer loop
      vertex 5.44336 1.08275 0
      vertex 5.36089 1.43645 0.549999
      vertex 5.36089 1.43645 0
    endloop
  endfacet
  facet normal -0.973878 -0.227073 0
    outer loop
      vertex 5.36089 1.43645 0.549999
      vertex 5.44336 1.08275 0
      vertex 5.44336 1.08275 0.549999
    endloop
  endfacet
  facet normal -0.995184 -0.0980225 0
    outer loop
      vertex 5.53812 0.362987 0
      vertex 5.50252 0.72442 0.549999
      vertex 5.50252 0.72442 0
    endloop
  endfacet
  facet normal -0.995184 -0.0980225 0
    outer loop
      vertex 5.50252 0.72442 0.549999
      vertex 5.53812 0.362987 0
      vertex 5.53812 0.362987 0.549999
    endloop
  endfacet
  facet normal -0.812849 -0.582475 0
    outer loop
      vertex 4.61466 3.08341 0
      vertex 4.40311 3.37863 0.549999
      vertex 4.40311 3.37863 0
    endloop
  endfacet
  facet normal -0.812849 -0.582475 0
    outer loop
      vertex 4.40311 3.37863 0.549999
      vertex 4.61466 3.08341 0
      vertex 4.61466 3.08341 0.549999
    endloop
  endfacet
  facet normal -0.881926 -0.471388 0
    outer loop
      vertex 4.97764 2.4547 0
      vertex 4.80644 2.775 0.549999
      vertex 4.80644 2.775 0
    endloop
  endfacet
  facet normal -0.881926 -0.471388 0
    outer loop
      vertex 4.80644 2.775 0.549999
      vertex 4.97764 2.4547 0
      vertex 4.97764 2.4547 0.549999
    endloop
  endfacet
  facet normal -0.162894 -0.986644 0
    outer loop
      vertex 0.72442 5.50252 0
      vertex 1.08275 5.44336 0.549999
      vertex 0.72442 5.50252 0.549999
    endloop
  endfacet
  facet normal -0.162894 -0.986644 -0
    outer loop
      vertex 1.08275 5.44336 0.549999
      vertex 0.72442 5.50252 0
      vertex 1.08275 5.44336 0
    endloop
  endfacet
  facet normal -0.0980225 -0.995184 0
    outer loop
      vertex 0.362987 5.53812 0
      vertex 0.72442 5.50252 0.549999
      vertex 0.362987 5.53812 0.549999
    endloop
  endfacet
  facet normal -0.0980225 -0.995184 -0
    outer loop
      vertex 0.72442 5.50252 0.549999
      vertex 0.362987 5.53812 0
      vertex 0.72442 5.50252 0
    endloop
  endfacet
  facet normal -0.634398 -0.773007 0
    outer loop
      vertex 3.37863 4.40311 0
      vertex 3.65937 4.17271 0.549999
      vertex 3.37863 4.40311 0.549999
    endloop
  endfacet
  facet normal -0.634398 -0.773007 -0
    outer loop
      vertex 3.65937 4.17271 0.549999
      vertex 3.37863 4.40311 0
      vertex 3.65937 4.17271 0
    endloop
  endfacet
  facet normal 0.973878 -0.227073 0
    outer loop
      vertex -5.44336 1.08275 0.549999
      vertex -5.36089 1.43645 0
      vertex -5.36089 1.43645 0.549999
    endloop
  endfacet
  facet normal 0.973878 -0.227073 0
    outer loop
      vertex -5.36089 1.43645 0
      vertex -5.44336 1.08275 0.549999
      vertex -5.44336 1.08275 0
    endloop
  endfacet
  facet normal 0.812849 -0.582475 0
    outer loop
      vertex -4.61466 3.08341 0.549999
      vertex -4.40311 3.37863 0
      vertex -4.40311 3.37863 0.549999
    endloop
  endfacet
  facet normal 0.812849 -0.582475 0
    outer loop
      vertex -4.40311 3.37863 0
      vertex -4.61466 3.08341 0.549999
      vertex -4.61466 3.08341 0
    endloop
  endfacet
  facet normal 0.849204 -0.528065 0
    outer loop
      vertex -4.80644 2.775 0.549999
      vertex -4.61466 3.08341 0
      vertex -4.61466 3.08341 0.549999
    endloop
  endfacet
  facet normal 0.849204 -0.528065 0
    outer loop
      vertex -4.61466 3.08341 0
      vertex -4.80644 2.775 0.549999
      vertex -4.80644 2.775 0
    endloop
  endfacet
  facet normal 0.935905 -0.352252 0
    outer loop
      vertex -5.25546 1.78399 0.549999
      vertex -5.12753 2.12389 0
      vertex -5.12753 2.12389 0.549999
    endloop
  endfacet
  facet normal 0.935905 -0.352252 0
    outer loop
      vertex -5.12753 2.12389 0
      vertex -5.25546 1.78399 0.549999
      vertex -5.25546 1.78399 0
    endloop
  endfacet
  facet normal 0.986644 -0.162894 0
    outer loop
      vertex -5.50252 0.72442 0.549999
      vertex -5.44336 1.08275 0
      vertex -5.44336 1.08275 0.549999
    endloop
  endfacet
  facet normal 0.986644 -0.162894 0
    outer loop
      vertex -5.44336 1.08275 0
      vertex -5.50252 0.72442 0.549999
      vertex -5.50252 0.72442 0
    endloop
  endfacet
  facet normal 0.528065 -0.849204 0
    outer loop
      vertex -3.08341 4.61466 0
      vertex -2.775 4.80644 0.549999
      vertex -3.08341 4.61466 0.549999
    endloop
  endfacet
  facet normal 0.528065 -0.849204 0
    outer loop
      vertex -2.775 4.80644 0.549999
      vertex -3.08341 4.61466 0
      vertex -2.775 4.80644 0
    endloop
  endfacet
  facet normal 0.582475 -0.812849 0
    outer loop
      vertex -3.37863 4.40311 0
      vertex -3.08341 4.61466 0.549999
      vertex -3.37863 4.40311 0.549999
    endloop
  endfacet
  facet normal 0.582475 -0.812849 0
    outer loop
      vertex -3.08341 4.61466 0.549999
      vertex -3.37863 4.40311 0
      vertex -3.08341 4.61466 0
    endloop
  endfacet
  facet normal 0.0980225 -0.995184 0
    outer loop
      vertex -0.72442 5.50252 0
      vertex -0.362987 5.53812 0.549999
      vertex -0.72442 5.50252 0.549999
    endloop
  endfacet
  facet normal 0.0980225 -0.995184 0
    outer loop
      vertex -0.362987 5.53812 0.549999
      vertex -0.72442 5.50252 0
      vertex -0.362987 5.53812 0
    endloop
  endfacet
  facet normal -0.995184 0.0980225 0
    outer loop
      vertex 5.50252 -0.72442 0
      vertex 5.53812 -0.362987 0.549999
      vertex 5.53812 -0.362987 0
    endloop
  endfacet
  facet normal -0.995184 0.0980225 0
    outer loop
      vertex 5.53812 -0.362987 0.549999
      vertex 5.50252 -0.72442 0
      vertex 5.50252 -0.72442 0.549999
    endloop
  endfacet
  facet normal -0.729857 0.683599 0
    outer loop
      vertex 3.92444 -3.92444 0
      vertex 4.17271 -3.65937 0.549999
      vertex 4.17271 -3.65937 0
    endloop
  endfacet
  facet normal -0.729857 0.683599 0
    outer loop
      vertex 4.17271 -3.65937 0.549999
      vertex 3.92444 -3.92444 0
      vertex 3.92444 -3.92444 0.549999
    endloop
  endfacet
  facet normal 0.683599 0.729857 -0
    outer loop
      vertex -3.65937 -4.17271 0
      vertex -3.92444 -3.92444 0.549999
      vertex -3.65937 -4.17271 0.549999
    endloop
  endfacet
  facet normal 0.683599 0.729857 0
    outer loop
      vertex -3.92444 -3.92444 0.549999
      vertex -3.65937 -4.17271 0
      vertex -3.92444 -3.92444 0
    endloop
  endfacet
  facet normal 0.910862 0.412711 0
    outer loop
      vertex -4.97764 -2.4547 0.549999
      vertex -5.12753 -2.12389 0
      vertex -5.12753 -2.12389 0.549999
    endloop
  endfacet
  facet normal 0.910862 0.412711 0
    outer loop
      vertex -5.12753 -2.12389 0
      vertex -4.97764 -2.4547 0.549999
      vertex -4.97764 -2.4547 0
    endloop
  endfacet
  facet normal 0.812849 0.582475 0
    outer loop
      vertex -4.40311 -3.37863 0.549999
      vertex -4.61466 -3.08341 0
      vertex -4.61466 -3.08341 0.549999
    endloop
  endfacet
  facet normal 0.812849 0.582475 0
    outer loop
      vertex -4.61466 -3.08341 0
      vertex -4.40311 -3.37863 0.549999
      vertex -4.40311 -3.37863 0
    endloop
  endfacet
  facet normal -0.0980225 0.995184 0
    outer loop
      vertex 0.72442 -5.50252 0
      vertex 0.362987 -5.53812 0.549999
      vertex 0.72442 -5.50252 0.549999
    endloop
  endfacet
  facet normal -0.0980225 0.995184 0
    outer loop
      vertex 0.362987 -5.53812 0.549999
      vertex 0.72442 -5.50252 0
      vertex 0.362987 -5.53812 0
    endloop
  endfacet
  facet normal -0.986644 -0.162894 0
    outer loop
      vertex 5.50252 0.72442 0
      vertex 5.44336 1.08275 0.549999
      vertex 5.44336 1.08275 0
    endloop
  endfacet
  facet normal -0.986644 -0.162894 0
    outer loop
      vertex 5.44336 1.08275 0.549999
      vertex 5.50252 0.72442 0
      vertex 5.50252 0.72442 0.549999
    endloop
  endfacet
  facet normal -0.935905 -0.352252 0
    outer loop
      vertex 5.25546 1.78399 0
      vertex 5.12753 2.12389 0.549999
      vertex 5.12753 2.12389 0
    endloop
  endfacet
  facet normal -0.935905 -0.352252 0
    outer loop
      vertex 5.12753 2.12389 0.549999
      vertex 5.25546 1.78399 0
      vertex 5.25546 1.78399 0.549999
    endloop
  endfacet
  facet normal -0.956937 -0.290297 0
    outer loop
      vertex 5.36089 1.43645 0
      vertex 5.25546 1.78399 0.549999
      vertex 5.25546 1.78399 0
    endloop
  endfacet
  facet normal -0.956937 -0.290297 0
    outer loop
      vertex 5.25546 1.78399 0.549999
      vertex 5.36089 1.43645 0
      vertex 5.36089 1.43645 0.549999
    endloop
  endfacet
  facet normal -0.773007 -0.634398 0
    outer loop
      vertex 4.40311 3.37863 0
      vertex 4.17271 3.65937 0.549999
      vertex 4.17271 3.65937 0
    endloop
  endfacet
  facet normal -0.773007 -0.634398 0
    outer loop
      vertex 4.17271 3.65937 0.549999
      vertex 4.40311 3.37863 0
      vertex 4.40311 3.37863 0.549999
    endloop
  endfacet
  facet normal -0.729857 -0.683599 0
    outer loop
      vertex 4.17271 3.65937 0
      vertex 3.92444 3.92444 0.549999
      vertex 3.92444 3.92444 0
    endloop
  endfacet
  facet normal -0.729857 -0.683599 0
    outer loop
      vertex 3.92444 3.92444 0.549999
      vertex 4.17271 3.65937 0
      vertex 4.17271 3.65937 0.549999
    endloop
  endfacet
  facet normal -0.849204 -0.528065 0
    outer loop
      vertex 4.80644 2.775 0
      vertex 4.61466 3.08341 0.549999
      vertex 4.61466 3.08341 0
    endloop
  endfacet
  facet normal -0.849204 -0.528065 0
    outer loop
      vertex 4.61466 3.08341 0.549999
      vertex 4.80644 2.775 0
      vertex 4.80644 2.775 0.549999
    endloop
  endfacet
  facet normal -0.227073 -0.973878 0
    outer loop
      vertex 1.08275 5.44336 0
      vertex 1.43645 5.36089 0.549999
      vertex 1.08275 5.44336 0.549999
    endloop
  endfacet
  facet normal -0.227073 -0.973878 -0
    outer loop
      vertex 1.43645 5.36089 0.549999
      vertex 1.08275 5.44336 0
      vertex 1.43645 5.36089 0
    endloop
  endfacet
  facet normal -0.290297 -0.956937 0
    outer loop
      vertex 1.43645 5.36089 0
      vertex 1.78399 5.25546 0.549999
      vertex 1.43645 5.36089 0.549999
    endloop
  endfacet
  facet normal -0.290297 -0.956937 -0
    outer loop
      vertex 1.78399 5.25546 0.549999
      vertex 1.43645 5.36089 0
      vertex 1.78399 5.25546 0
    endloop
  endfacet
  facet normal -0.0327109 -0.999465 0
    outer loop
      vertex 0 5.55 0
      vertex 0.362987 5.53812 0.549999
      vertex 0 5.55 0.549999
    endloop
  endfacet
  facet normal -0.0327109 -0.999465 -0
    outer loop
      vertex 0.362987 5.53812 0.549999
      vertex 0 5.55 0
      vertex 0.362987 5.53812 0
    endloop
  endfacet
  facet normal -0.471388 -0.881926 0
    outer loop
      vertex 2.4547 4.97764 0
      vertex 2.775 4.80644 0.549999
      vertex 2.4547 4.97764 0.549999
    endloop
  endfacet
  facet normal -0.471388 -0.881926 -0
    outer loop
      vertex 2.775 4.80644 0.549999
      vertex 2.4547 4.97764 0
      vertex 2.775 4.80644 0
    endloop
  endfacet
  facet normal -0.412711 -0.910862 0
    outer loop
      vertex 2.12389 5.12753 0
      vertex 2.4547 4.97764 0.549999
      vertex 2.12389 5.12753 0.549999
    endloop
  endfacet
  facet normal -0.412711 -0.910862 -0
    outer loop
      vertex 2.4547 4.97764 0.549999
      vertex 2.12389 5.12753 0
      vertex 2.4547 4.97764 0
    endloop
  endfacet
  facet normal -0.582475 -0.812849 0
    outer loop
      vertex 3.08341 4.61466 0
      vertex 3.37863 4.40311 0.549999
      vertex 3.08341 4.61466 0.549999
    endloop
  endfacet
  facet normal -0.582475 -0.812849 -0
    outer loop
      vertex 3.37863 4.40311 0.549999
      vertex 3.08341 4.61466 0
      vertex 3.37863 4.40311 0
    endloop
  endfacet
  facet normal 0.773007 -0.634398 0
    outer loop
      vertex -4.40311 3.37863 0.549999
      vertex -4.17271 3.65937 0
      vertex -4.17271 3.65937 0.549999
    endloop
  endfacet
  facet normal 0.773007 -0.634398 0
    outer loop
      vertex -4.17271 3.65937 0
      vertex -4.40311 3.37863 0.549999
      vertex -4.40311 3.37863 0
    endloop
  endfacet
  facet normal 0.729857 -0.683599 0
    outer loop
      vertex -4.17271 3.65937 0.549999
      vertex -3.92444 3.92444 0
      vertex -3.92444 3.92444 0.549999
    endloop
  endfacet
  facet normal 0.729857 -0.683599 0
    outer loop
      vertex -3.92444 3.92444 0
      vertex -4.17271 3.65937 0.549999
      vertex -4.17271 3.65937 0
    endloop
  endfacet
  facet normal 0.881926 -0.471388 0
    outer loop
      vertex -4.97764 2.4547 0.549999
      vertex -4.80644 2.775 0
      vertex -4.80644 2.775 0.549999
    endloop
  endfacet
  facet normal 0.881926 -0.471388 0
    outer loop
      vertex -4.80644 2.775 0
      vertex -4.97764 2.4547 0.549999
      vertex -4.97764 2.4547 0
    endloop
  endfacet
  facet normal 0.956937 -0.290297 0
    outer loop
      vertex -5.36089 1.43645 0.549999
      vertex -5.25546 1.78399 0
      vertex -5.25546 1.78399 0.549999
    endloop
  endfacet
  facet normal 0.956937 -0.290297 0
    outer loop
      vertex -5.25546 1.78399 0
      vertex -5.36089 1.43645 0.549999
      vertex -5.36089 1.43645 0
    endloop
  endfacet
  facet normal 0.995184 -0.0980225 0
    outer loop
      vertex -5.53812 0.362987 0.549999
      vertex -5.50252 0.72442 0
      vertex -5.50252 0.72442 0.549999
    endloop
  endfacet
  facet normal 0.995184 -0.0980225 0
    outer loop
      vertex -5.50252 0.72442 0
      vertex -5.53812 0.362987 0.549999
      vertex -5.53812 0.362987 0
    endloop
  endfacet
  facet normal 0.471388 -0.881926 0
    outer loop
      vertex -2.775 4.80644 0
      vertex -2.4547 4.97764 0.549999
      vertex -2.775 4.80644 0.549999
    endloop
  endfacet
  facet normal 0.471388 -0.881926 0
    outer loop
      vertex -2.4547 4.97764 0.549999
      vertex -2.775 4.80644 0
      vertex -2.4547 4.97764 0
    endloop
  endfacet
  facet normal 0.412711 -0.910862 0
    outer loop
      vertex -2.4547 4.97764 0
      vertex -2.12389 5.12753 0.549999
      vertex -2.4547 4.97764 0.549999
    endloop
  endfacet
  facet normal 0.412711 -0.910862 0
    outer loop
      vertex -2.12389 5.12753 0.549999
      vertex -2.4547 4.97764 0
      vertex -2.12389 5.12753 0
    endloop
  endfacet
  facet normal 0.634398 -0.773007 0
    outer loop
      vertex -3.65937 4.17271 0
      vertex -3.37863 4.40311 0.549999
      vertex -3.65937 4.17271 0.549999
    endloop
  endfacet
  facet normal 0.634398 -0.773007 0
    outer loop
      vertex -3.37863 4.40311 0.549999
      vertex -3.65937 4.17271 0
      vertex -3.37863 4.40311 0
    endloop
  endfacet
  facet normal 0.227073 -0.973878 0
    outer loop
      vertex -1.43645 5.36089 0
      vertex -1.08275 5.44336 0.549999
      vertex -1.43645 5.36089 0.549999
    endloop
  endfacet
  facet normal 0.227073 -0.973878 0
    outer loop
      vertex -1.08275 5.44336 0.549999
      vertex -1.43645 5.36089 0
      vertex -1.08275 5.44336 0
    endloop
  endfacet
  facet normal 0.290297 -0.956937 0
    outer loop
      vertex -1.78399 5.25546 0
      vertex -1.43645 5.36089 0.549999
      vertex -1.78399 5.25546 0.549999
    endloop
  endfacet
  facet normal 0.290297 -0.956937 0
    outer loop
      vertex -1.43645 5.36089 0.549999
      vertex -1.78399 5.25546 0
      vertex -1.43645 5.36089 0
    endloop
  endfacet
  facet normal -0.999465 0.0327109 0
    outer loop
      vertex 5.53812 -0.362987 0
      vertex 5.55 0 0.549999
      vertex 5.55 0 0
    endloop
  endfacet
  facet normal -0.999465 0.0327109 0
    outer loop
      vertex 5.55 0 0.549999
      vertex 5.53812 -0.362987 0
      vertex 5.53812 -0.362987 0.549999
    endloop
  endfacet
  facet normal -0.881926 0.471388 0
    outer loop
      vertex 4.80644 -2.775 0
      vertex 4.97764 -2.4547 0.549999
      vertex 4.97764 -2.4547 0
    endloop
  endfacet
  facet normal -0.881926 0.471388 0
    outer loop
      vertex 4.97764 -2.4547 0.549999
      vertex 4.80644 -2.775 0
      vertex 4.80644 -2.775 0.549999
    endloop
  endfacet
  facet normal -0.935905 0.352252 0
    outer loop
      vertex 5.12753 -2.12389 0
      vertex 5.25546 -1.78399 0.549999
      vertex 5.25546 -1.78399 0
    endloop
  endfacet
  facet normal -0.935905 0.352252 0
    outer loop
      vertex 5.25546 -1.78399 0.549999
      vertex 5.12753 -2.12389 0
      vertex 5.12753 -2.12389 0.549999
    endloop
  endfacet
  facet normal -0.986644 0.162894 0
    outer loop
      vertex 5.44336 -1.08275 0
      vertex 5.50252 -0.72442 0.549999
      vertex 5.50252 -0.72442 0
    endloop
  endfacet
  facet normal -0.986644 0.162894 0
    outer loop
      vertex 5.50252 -0.72442 0.549999
      vertex 5.44336 -1.08275 0
      vertex 5.44336 -1.08275 0.549999
    endloop
  endfacet
  facet normal -0.773007 0.634398 0
    outer loop
      vertex 4.17271 -3.65937 0
      vertex 4.40311 -3.37863 0.549999
      vertex 4.40311 -3.37863 0
    endloop
  endfacet
  facet normal -0.773007 0.634398 0
    outer loop
      vertex 4.40311 -3.37863 0.549999
      vertex 4.17271 -3.65937 0
      vertex 4.17271 -3.65937 0.549999
    endloop
  endfacet
  facet normal -0.471388 0.881926 0
    outer loop
      vertex 2.775 -4.80644 0
      vertex 2.4547 -4.97764 0.549999
      vertex 2.775 -4.80644 0.549999
    endloop
  endfacet
  facet normal -0.471388 0.881926 0
    outer loop
      vertex 2.4547 -4.97764 0.549999
      vertex 2.775 -4.80644 0
      vertex 2.4547 -4.97764 0
    endloop
  endfacet
  facet normal 0.528065 0.849204 -0
    outer loop
      vertex -2.775 -4.80644 0
      vertex -3.08341 -4.61466 0.549999
      vertex -2.775 -4.80644 0.549999
    endloop
  endfacet
  facet normal 0.528065 0.849204 0
    outer loop
      vertex -3.08341 -4.61466 0.549999
      vertex -2.775 -4.80644 0
      vertex -3.08341 -4.61466 0
    endloop
  endfacet
  facet normal 0.773007 0.634398 0
    outer loop
      vertex -4.17271 -3.65937 0.549999
      vertex -4.40311 -3.37863 0
      vertex -4.40311 -3.37863 0.549999
    endloop
  endfacet
  facet normal 0.773007 0.634398 0
    outer loop
      vertex -4.40311 -3.37863 0
      vertex -4.17271 -3.65937 0.549999
      vertex -4.17271 -3.65937 0
    endloop
  endfacet
  facet normal 0.935905 0.352252 0
    outer loop
      vertex -5.12753 -2.12389 0.549999
      vertex -5.25546 -1.78399 0
      vertex -5.25546 -1.78399 0.549999
    endloop
  endfacet
  facet normal 0.935905 0.352252 0
    outer loop
      vertex -5.25546 -1.78399 0
      vertex -5.12753 -2.12389 0.549999
      vertex -5.12753 -2.12389 0
    endloop
  endfacet
  facet normal -0.412711 0.910862 0
    outer loop
      vertex 2.4547 -4.97764 0
      vertex 2.12389 -5.12753 0.549999
      vertex 2.4547 -4.97764 0.549999
    endloop
  endfacet
  facet normal -0.412711 0.910862 0
    outer loop
      vertex 2.12389 -5.12753 0.549999
      vertex 2.4547 -4.97764 0
      vertex 2.12389 -5.12753 0
    endloop
  endfacet
  facet normal -0.352252 0.935905 0
    outer loop
      vertex 2.12389 -5.12753 0
      vertex 1.78399 -5.25546 0.549999
      vertex 2.12389 -5.12753 0.549999
    endloop
  endfacet
  facet normal -0.352252 0.935905 0
    outer loop
      vertex 1.78399 -5.25546 0.549999
      vertex 2.12389 -5.12753 0
      vertex 1.78399 -5.25546 0
    endloop
  endfacet
  facet normal -0.956937 0.290297 0
    outer loop
      vertex 5.25546 -1.78399 0
      vertex 5.36089 -1.43645 0.549999
      vertex 5.36089 -1.43645 0
    endloop
  endfacet
  facet normal -0.956937 0.290297 0
    outer loop
      vertex 5.36089 -1.43645 0.549999
      vertex 5.25546 -1.78399 0
      vertex 5.25546 -1.78399 0.549999
    endloop
  endfacet
  facet normal -0.634398 0.773007 0
    outer loop
      vertex 3.65937 -4.17271 0
      vertex 3.37863 -4.40311 0.549999
      vertex 3.65937 -4.17271 0.549999
    endloop
  endfacet
  facet normal -0.634398 0.773007 0
    outer loop
      vertex 3.37863 -4.40311 0.549999
      vertex 3.65937 -4.17271 0
      vertex 3.37863 -4.40311 0
    endloop
  endfacet
  facet normal 0.162894 0.986644 -0
    outer loop
      vertex -0.72442 -5.50252 0
      vertex -1.08275 -5.44336 0.549999
      vertex -0.72442 -5.50252 0.549999
    endloop
  endfacet
  facet normal 0.162894 0.986644 0
    outer loop
      vertex -1.08275 -5.44336 0.549999
      vertex -0.72442 -5.50252 0
      vertex -1.08275 -5.44336 0
    endloop
  endfacet
  facet normal 0.352252 0.935905 -0
    outer loop
      vertex -1.78399 -5.25546 0
      vertex -2.12389 -5.12753 0.549999
      vertex -1.78399 -5.25546 0.549999
    endloop
  endfacet
  facet normal 0.352252 0.935905 0
    outer loop
      vertex -2.12389 -5.12753 0.549999
      vertex -1.78399 -5.25546 0
      vertex -2.12389 -5.12753 0
    endloop
  endfacet
  facet normal 0.0980225 0.995184 -0
    outer loop
      vertex -0.362987 -5.53812 0
      vertex -0.72442 -5.50252 0.549999
      vertex -0.362987 -5.53812 0.549999
    endloop
  endfacet
  facet normal 0.0980225 0.995184 0
    outer loop
      vertex -0.72442 -5.50252 0.549999
      vertex -0.362987 -5.53812 0
      vertex -0.72442 -5.50252 0
    endloop
  endfacet
  facet normal 0.849204 0.528065 0
    outer loop
      vertex -4.61466 -3.08341 0.549999
      vertex -4.80644 -2.775 0
      vertex -4.80644 -2.775 0.549999
    endloop
  endfacet
  facet normal 0.849204 0.528065 0
    outer loop
      vertex -4.80644 -2.775 0
      vertex -4.61466 -3.08341 0.549999
      vertex -4.61466 -3.08341 0
    endloop
  endfacet
  facet normal 0.729857 0.683599 0
    outer loop
      vertex -3.92444 -3.92444 0.549999
      vertex -4.17271 -3.65937 0
      vertex -4.17271 -3.65937 0.549999
    endloop
  endfacet
  facet normal 0.729857 0.683599 0
    outer loop
      vertex -4.17271 -3.65937 0
      vertex -3.92444 -3.92444 0.549999
      vertex -3.92444 -3.92444 0
    endloop
  endfacet
  facet normal 0.986644 0.162894 0
    outer loop
      vertex -5.44336 -1.08275 0.549999
      vertex -5.50252 -0.72442 0
      vertex -5.50252 -0.72442 0.549999
    endloop
  endfacet
  facet normal 0.986644 0.162894 0
    outer loop
      vertex -5.50252 -0.72442 0
      vertex -5.44336 -1.08275 0.549999
      vertex -5.44336 -1.08275 0
    endloop
  endfacet
  facet normal -0.162894 0.986644 0
    outer loop
      vertex 1.08275 -5.44336 0
      vertex 0.72442 -5.50252 0.549999
      vertex 1.08275 -5.44336 0.549999
    endloop
  endfacet
  facet normal -0.162894 0.986644 0
    outer loop
      vertex 0.72442 -5.50252 0.549999
      vertex 1.08275 -5.44336 0
      vertex 0.72442 -5.50252 0
    endloop
  endfacet
  facet normal -0.910862 0.412711 0
    outer loop
      vertex 4.97764 -2.4547 0
      vertex 5.12753 -2.12389 0.549999
      vertex 5.12753 -2.12389 0
    endloop
  endfacet
  facet normal -0.910862 0.412711 0
    outer loop
      vertex 5.12753 -2.12389 0.549999
      vertex 4.97764 -2.4547 0
      vertex 4.97764 -2.4547 0.549999
    endloop
  endfacet
  facet normal -0.973878 0.227073 0
    outer loop
      vertex 5.36089 -1.43645 0
      vertex 5.44336 -1.08275 0.549999
      vertex 5.44336 -1.08275 0
    endloop
  endfacet
  facet normal -0.973878 0.227073 0
    outer loop
      vertex 5.44336 -1.08275 0.549999
      vertex 5.36089 -1.43645 0
      vertex 5.36089 -1.43645 0.549999
    endloop
  endfacet
  facet normal -0.849204 0.528065 0
    outer loop
      vertex 4.61466 -3.08341 0
      vertex 4.80644 -2.775 0.549999
      vertex 4.80644 -2.775 0
    endloop
  endfacet
  facet normal -0.849204 0.528065 0
    outer loop
      vertex 4.80644 -2.775 0.549999
      vertex 4.61466 -3.08341 0
      vertex 4.61466 -3.08341 0.549999
    endloop
  endfacet
  facet normal -0.812849 0.582475 0
    outer loop
      vertex 4.40311 -3.37863 0
      vertex 4.61466 -3.08341 0.549999
      vertex 4.61466 -3.08341 0
    endloop
  endfacet
  facet normal -0.812849 0.582475 0
    outer loop
      vertex 4.61466 -3.08341 0.549999
      vertex 4.40311 -3.37863 0
      vertex 4.40311 -3.37863 0.549999
    endloop
  endfacet
  facet normal -0.683599 0.729857 0
    outer loop
      vertex 3.92444 -3.92444 0
      vertex 3.65937 -4.17271 0.549999
      vertex 3.92444 -3.92444 0.549999
    endloop
  endfacet
  facet normal -0.683599 0.729857 0
    outer loop
      vertex 3.65937 -4.17271 0.549999
      vertex 3.92444 -3.92444 0
      vertex 3.65937 -4.17271 0
    endloop
  endfacet
  facet normal 0.0327109 0.999465 -0
    outer loop
      vertex 0 -5.55 0
      vertex -0.362987 -5.53812 0.549999
      vertex 0 -5.55 0.549999
    endloop
  endfacet
  facet normal 0.0327109 0.999465 0
    outer loop
      vertex -0.362987 -5.53812 0.549999
      vertex 0 -5.55 0
      vertex -0.362987 -5.53812 0
    endloop
  endfacet
  facet normal 0.227073 0.973878 -0
    outer loop
      vertex -1.08275 -5.44336 0
      vertex -1.43645 -5.36089 0.549999
      vertex -1.08275 -5.44336 0.549999
    endloop
  endfacet
  facet normal 0.227073 0.973878 0
    outer loop
      vertex -1.43645 -5.36089 0.549999
      vertex -1.08275 -5.44336 0
      vertex -1.43645 -5.36089 0
    endloop
  endfacet
  facet normal 0.582475 0.812849 -0
    outer loop
      vertex -3.08341 -4.61466 0
      vertex -3.37863 -4.40311 0.549999
      vertex -3.08341 -4.61466 0.549999
    endloop
  endfacet
  facet normal 0.582475 0.812849 0
    outer loop
      vertex -3.37863 -4.40311 0.549999
      vertex -3.08341 -4.61466 0
      vertex -3.37863 -4.40311 0
    endloop
  endfacet
  facet normal 0.471388 0.881926 -0
    outer loop
      vertex -2.4547 -4.97764 0
      vertex -2.775 -4.80644 0.549999
      vertex -2.4547 -4.97764 0.549999
    endloop
  endfacet
  facet normal 0.471388 0.881926 0
    outer loop
      vertex -2.775 -4.80644 0.549999
      vertex -2.4547 -4.97764 0
      vertex -2.775 -4.80644 0
    endloop
  endfacet
  facet normal 0.881926 0.471388 0
    outer loop
      vertex -4.80644 -2.775 0.549999
      vertex -4.97764 -2.4547 0
      vertex -4.97764 -2.4547 0.549999
    endloop
  endfacet
  facet normal 0.881926 0.471388 0
    outer loop
      vertex -4.97764 -2.4547 0
      vertex -4.80644 -2.775 0.549999
      vertex -4.80644 -2.775 0
    endloop
  endfacet
  facet normal 0.956937 0.290297 0
    outer loop
      vertex -5.25546 -1.78399 0.549999
      vertex -5.36089 -1.43645 0
      vertex -5.36089 -1.43645 0.549999
    endloop
  endfacet
  facet normal 0.956937 0.290297 0
    outer loop
      vertex -5.36089 -1.43645 0
      vertex -5.25546 -1.78399 0.549999
      vertex -5.25546 -1.78399 0
    endloop
  endfacet
  facet normal 0.973878 0.227073 0
    outer loop
      vertex -5.36089 -1.43645 0.549999
      vertex -5.44336 -1.08275 0
      vertex -5.44336 -1.08275 0.549999
    endloop
  endfacet
  facet normal 0.973878 0.227073 0
    outer loop
      vertex -5.44336 -1.08275 0
      vertex -5.36089 -1.43645 0.549999
      vertex -5.36089 -1.43645 0
    endloop
  endfacet
  facet normal 0.995184 0.0980225 0
    outer loop
      vertex -5.50252 -0.72442 0.549999
      vertex -5.53812 -0.362987 0
      vertex -5.53812 -0.362987 0.549999
    endloop
  endfacet
  facet normal 0.995184 0.0980225 0
    outer loop
      vertex -5.53812 -0.362987 0
      vertex -5.50252 -0.72442 0.549999
      vertex -5.50252 -0.72442 0
    endloop
  endfacet
  facet normal 0.999465 0.0327109 0
    outer loop
      vertex -5.53812 -0.362987 0.549999
      vertex -5.55 0 0
      vertex -5.55 0 0.549999
    endloop
  endfacet
  facet normal 0.999465 0.0327109 0
    outer loop
      vertex -5.55 0 0
      vertex -5.53812 -0.362987 0.549999
      vertex -5.53812 -0.362987 0
    endloop
  endfacet
  facet normal -0.290297 0.956937 0
    outer loop
      vertex 1.78399 -5.25546 0
      vertex 1.43645 -5.36089 0.549999
      vertex 1.78399 -5.25546 0.549999
    endloop
  endfacet
  facet normal -0.290297 0.956937 0
    outer loop
      vertex 1.43645 -5.36089 0.549999
      vertex 1.78399 -5.25546 0
      vertex 1.43645 -5.36089 0
    endloop
  endfacet
  facet normal -0.227073 0.973878 0
    outer loop
      vertex 1.43645 -5.36089 0
      vertex 1.08275 -5.44336 0.549999
      vertex 1.43645 -5.36089 0.549999
    endloop
  endfacet
  facet normal -0.227073 0.973878 0
    outer loop
      vertex 1.08275 -5.44336 0.549999
      vertex 1.43645 -5.36089 0
      vertex 1.08275 -5.44336 0
    endloop
  endfacet
  facet normal -0.582475 0.812849 0
    outer loop
      vertex 3.37863 -4.40311 0
      vertex 3.08341 -4.61466 0.549999
      vertex 3.37863 -4.40311 0.549999
    endloop
  endfacet
  facet normal -0.582475 0.812849 0
    outer loop
      vertex 3.08341 -4.61466 0.549999
      vertex 3.37863 -4.40311 0
      vertex 3.08341 -4.61466 0
    endloop
  endfacet
  facet normal -0.528065 0.849204 0
    outer loop
      vertex 3.08341 -4.61466 0
      vertex 2.775 -4.80644 0.549999
      vertex 3.08341 -4.61466 0.549999
    endloop
  endfacet
  facet normal -0.528065 0.849204 0
    outer loop
      vertex 2.775 -4.80644 0.549999
      vertex 3.08341 -4.61466 0
      vertex 2.775 -4.80644 0
    endloop
  endfacet
  facet normal 0.290297 0.956937 -0
    outer loop
      vertex -1.43645 -5.36089 0
      vertex -1.78399 -5.25546 0.549999
      vertex -1.43645 -5.36089 0.549999
    endloop
  endfacet
  facet normal 0.290297 0.956937 0
    outer loop
      vertex -1.78399 -5.25546 0.549999
      vertex -1.43645 -5.36089 0
      vertex -1.78399 -5.25546 0
    endloop
  endfacet
  facet normal 0.634398 0.773007 -0
    outer loop
      vertex -3.37863 -4.40311 0
      vertex -3.65937 -4.17271 0.549999
      vertex -3.37863 -4.40311 0.549999
    endloop
  endfacet
  facet normal 0.634398 0.773007 0
    outer loop
      vertex -3.65937 -4.17271 0.549999
      vertex -3.37863 -4.40311 0
      vertex -3.65937 -4.17271 0
    endloop
  endfacet
  facet normal 0.412711 0.910862 -0
    outer loop
      vertex -2.12389 -5.12753 0
      vertex -2.4547 -4.97764 0.549999
      vertex -2.12389 -5.12753 0.549999
    endloop
  endfacet
  facet normal 0.412711 0.910862 0
    outer loop
      vertex -2.4547 -4.97764 0.549999
      vertex -2.12389 -5.12753 0
      vertex -2.4547 -4.97764 0
    endloop
  endfacet
  facet normal -0.986644 -0.162889 0
    outer loop
      vertex 6.61789 0.871262 0.549999
      vertex 6.54674 1.30223 1
      vertex 6.54674 1.30223 0.549999
    endloop
  endfacet
  facet normal -0.986644 -0.162889 0
    outer loop
      vertex 6.54674 1.30223 1
      vertex 6.61789 0.871262 0.549999
      vertex 6.61789 0.871262 1
    endloop
  endfacet
  facet normal -0.999465 -0.0327153 0
    outer loop
      vertex 6.675 0 0.549999
      vertex 6.66071 0.436565 1
      vertex 6.66071 0.436565 0.549999
    endloop
  endfacet
  facet normal -0.999465 -0.0327153 0
    outer loop
      vertex 6.66071 0.436565 1
      vertex 6.675 0 0.549999
      vertex 6.675 0 1
    endloop
  endfacet
  facet normal 0.812842 0.582485 0
    outer loop
      vertex -5.29563 -4.06348 1
      vertex -5.55006 -3.70843 0.549999
      vertex -5.55006 -3.70843 1
    endloop
  endfacet
  facet normal 0.812842 0.582485 0
    outer loop
      vertex -5.55006 -3.70843 0.549999
      vertex -5.29563 -4.06348 1
      vertex -5.29563 -4.06348 0.549999
    endloop
  endfacet
  facet normal -0.973875 -0.227083 0
    outer loop
      vertex 6.54674 1.30223 0.549999
      vertex 6.44755 1.72762 1
      vertex 6.44755 1.72762 0.549999
    endloop
  endfacet
  facet normal -0.973875 -0.227083 0
    outer loop
      vertex 6.44755 1.72762 1
      vertex 6.54674 1.30223 0.549999
      vertex 6.54674 1.30223 1
    endloop
  endfacet
  facet normal -0.773013 -0.63439 0
    outer loop
      vertex 5.29563 4.06348 0.549999
      vertex 5.01853 4.40113 1
      vertex 5.01853 4.40113 0.549999
    endloop
  endfacet
  facet normal -0.773013 -0.63439 0
    outer loop
      vertex 5.01853 4.40113 1
      vertex 5.29563 4.06348 0.549999
      vertex 5.29563 4.06348 1
    endloop
  endfacet
  facet normal -0.0980309 -0.995183 0
    outer loop
      vertex 0.436565 6.66071 0.549999
      vertex 0.871262 6.61789 1
      vertex 0.436565 6.66071 1
    endloop
  endfacet
  facet normal -0.0980309 -0.995183 -0
    outer loop
      vertex 0.871262 6.61789 1
      vertex 0.436565 6.66071 0.549999
      vertex 0.871262 6.61789 0.549999
    endloop
  endfacet
  facet normal -0.471389 -0.881925 0
    outer loop
      vertex 2.95228 5.98662 0.549999
      vertex 3.3375 5.78072 1
      vertex 2.95228 5.98662 1
    endloop
  endfacet
  facet normal -0.471389 -0.881925 -0
    outer loop
      vertex 3.3375 5.78072 1
      vertex 2.95228 5.98662 0.549999
      vertex 3.3375 5.78072 0.549999
    endloop
  endfacet
  facet normal 0.849201 -0.528069 0
    outer loop
      vertex -5.78072 3.3375 1
      vertex -5.55006 3.70843 0.549999
      vertex -5.55006 3.70843 1
    endloop
  endfacet
  facet normal 0.849201 -0.528069 0
    outer loop
      vertex -5.55006 3.70843 0.549999
      vertex -5.78072 3.3375 1
      vertex -5.78072 3.3375 0.549999
    endloop
  endfacet
  facet normal 0.812842 -0.582485 0
    outer loop
      vertex -5.55006 3.70843 1
      vertex -5.29563 4.06348 0.549999
      vertex -5.29563 4.06348 1
    endloop
  endfacet
  facet normal 0.812842 -0.582485 0
    outer loop
      vertex -5.29563 4.06348 0.549999
      vertex -5.55006 3.70843 1
      vertex -5.55006 3.70843 0.549999
    endloop
  endfacet
  facet normal 0.995183 -0.0980309 0
    outer loop
      vertex -6.66071 0.436565 1
      vertex -6.61789 0.871262 0.549999
      vertex -6.61789 0.871262 1
    endloop
  endfacet
  facet normal 0.995183 -0.0980309 0
    outer loop
      vertex -6.61789 0.871262 0.549999
      vertex -6.66071 0.436565 1
      vertex -6.66071 0.436565 0.549999
    endloop
  endfacet
  facet normal 0.63439 -0.773013 0
    outer loop
      vertex -4.40113 5.01853 0.549999
      vertex -4.06348 5.29563 1
      vertex -4.40113 5.01853 1
    endloop
  endfacet
  facet normal 0.63439 -0.773013 0
    outer loop
      vertex -4.06348 5.29563 1
      vertex -4.40113 5.01853 0.549999
      vertex -4.06348 5.29563 0.549999
    endloop
  endfacet
  facet normal 0.290272 -0.956944 0
    outer loop
      vertex -2.14561 6.32076 0.549999
      vertex -1.72762 6.44755 1
      vertex -2.14561 6.32076 1
    endloop
  endfacet
  facet normal 0.290272 -0.956944 0
    outer loop
      vertex -1.72762 6.44755 1
      vertex -2.14561 6.32076 0.549999
      vertex -1.72762 6.44755 0.549999
    endloop
  endfacet
  facet normal -0.849201 0.528069 0
    outer loop
      vertex 5.55006 -3.70843 0.549999
      vertex 5.78072 -3.3375 1
      vertex 5.78072 -3.3375 0.549999
    endloop
  endfacet
  facet normal -0.849201 0.528069 0
    outer loop
      vertex 5.78072 -3.3375 1
      vertex 5.55006 -3.70843 0.549999
      vertex 5.55006 -3.70843 1
    endloop
  endfacet
  facet normal -0.227083 0.973875 0
    outer loop
      vertex 1.72762 -6.44755 0.549999
      vertex 1.30223 -6.54674 1
      vertex 1.72762 -6.44755 1
    endloop
  endfacet
  facet normal -0.227083 0.973875 0
    outer loop
      vertex 1.30223 -6.54674 1
      vertex 1.72762 -6.44755 0.549999
      vertex 1.30223 -6.54674 0.549999
    endloop
  endfacet
  facet normal -0.63439 0.773013 0
    outer loop
      vertex 4.40113 -5.01853 0.549999
      vertex 4.06348 -5.29563 1
      vertex 4.40113 -5.01853 1
    endloop
  endfacet
  facet normal -0.63439 0.773013 0
    outer loop
      vertex 4.06348 -5.29563 1
      vertex 4.40113 -5.01853 0.549999
      vertex 4.06348 -5.29563 0.549999
    endloop
  endfacet
  facet normal 0.352247 0.935907 -0
    outer loop
      vertex -2.14561 -6.32076 0.549999
      vertex -2.55441 -6.1669 1
      vertex -2.14561 -6.32076 1
    endloop
  endfacet
  facet normal 0.352247 0.935907 0
    outer loop
      vertex -2.55441 -6.1669 1
      vertex -2.14561 -6.32076 0.549999
      vertex -2.55441 -6.1669 0.549999
    endloop
  endfacet
  facet normal 0.528069 0.849201 -0
    outer loop
      vertex -3.3375 -5.78072 0.549999
      vertex -3.70843 -5.55006 1
      vertex -3.3375 -5.78072 1
    endloop
  endfacet
  facet normal 0.528069 0.849201 0
    outer loop
      vertex -3.70843 -5.55006 1
      vertex -3.3375 -5.78072 0.549999
      vertex -3.70843 -5.55006 0.549999
    endloop
  endfacet
  facet normal -0.881925 -0.471389 0
    outer loop
      vertex 5.98662 2.95228 0.549999
      vertex 5.78072 3.3375 1
      vertex 5.78072 3.3375 0.549999
    endloop
  endfacet
  facet normal -0.881925 -0.471389 0
    outer loop
      vertex 5.78072 3.3375 1
      vertex 5.98662 2.95228 0.549999
      vertex 5.98662 2.95228 1
    endloop
  endfacet
  facet normal -0.849201 -0.528069 0
    outer loop
      vertex 5.78072 3.3375 0.549999
      vertex 5.55006 3.70843 1
      vertex 5.55006 3.70843 0.549999
    endloop
  endfacet
  facet normal -0.849201 -0.528069 0
    outer loop
      vertex 5.55006 3.70843 1
      vertex 5.78072 3.3375 0.549999
      vertex 5.78072 3.3375 1
    endloop
  endfacet
  facet normal -0.227083 -0.973875 0
    outer loop
      vertex 1.30223 6.54674 0.549999
      vertex 1.72762 6.44755 1
      vertex 1.30223 6.54674 1
    endloop
  endfacet
  facet normal -0.227083 -0.973875 -0
    outer loop
      vertex 1.72762 6.44755 1
      vertex 1.30223 6.54674 0.549999
      vertex 1.72762 6.44755 0.549999
    endloop
  endfacet
  facet normal -0.162889 -0.986644 0
    outer loop
      vertex 0.871262 6.61789 0.549999
      vertex 1.30223 6.54674 1
      vertex 0.871262 6.61789 1
    endloop
  endfacet
  facet normal -0.162889 -0.986644 -0
    outer loop
      vertex 1.30223 6.54674 1
      vertex 0.871262 6.61789 0.549999
      vertex 1.30223 6.54674 0.549999
    endloop
  endfacet
  facet normal -0.63439 -0.773013 0
    outer loop
      vertex 4.06348 5.29563 0.549999
      vertex 4.40113 5.01853 1
      vertex 4.06348 5.29563 1
    endloop
  endfacet
  facet normal -0.63439 -0.773013 -0
    outer loop
      vertex 4.40113 5.01853 1
      vertex 4.06348 5.29563 0.549999
      vertex 4.40113 5.01853 0.549999
    endloop
  endfacet
  facet normal -0.528069 -0.849201 0
    outer loop
      vertex 3.3375 5.78072 0.549999
      vertex 3.70843 5.55006 1
      vertex 3.3375 5.78072 1
    endloop
  endfacet
  facet normal -0.528069 -0.849201 -0
    outer loop
      vertex 3.70843 5.55006 1
      vertex 3.3375 5.78072 0.549999
      vertex 3.70843 5.55006 0.549999
    endloop
  endfacet
  facet normal -0.582485 -0.812842 0
    outer loop
      vertex 3.70843 5.55006 0.549999
      vertex 4.06348 5.29563 1
      vertex 3.70843 5.55006 1
    endloop
  endfacet
  facet normal -0.582485 -0.812842 -0
    outer loop
      vertex 4.06348 5.29563 1
      vertex 3.70843 5.55006 0.549999
      vertex 4.06348 5.29563 0.549999
    endloop
  endfacet
  facet normal 0.973875 -0.227083 0
    outer loop
      vertex -6.54674 1.30223 1
      vertex -6.44755 1.72762 0.549999
      vertex -6.44755 1.72762 1
    endloop
  endfacet
  facet normal 0.973875 -0.227083 0
    outer loop
      vertex -6.44755 1.72762 0.549999
      vertex -6.54674 1.30223 1
      vertex -6.54674 1.30223 0.549999
    endloop
  endfacet
  facet normal 0.986644 -0.162889 0
    outer loop
      vertex -6.61789 0.871262 1
      vertex -6.54674 1.30223 0.549999
      vertex -6.54674 1.30223 1
    endloop
  endfacet
  facet normal 0.986644 -0.162889 0
    outer loop
      vertex -6.54674 1.30223 0.549999
      vertex -6.61789 0.871262 1
      vertex -6.61789 0.871262 0.549999
    endloop
  endfacet
  facet normal 0.528069 -0.849201 0
    outer loop
      vertex -3.70843 5.55006 0.549999
      vertex -3.3375 5.78072 1
      vertex -3.70843 5.55006 1
    endloop
  endfacet
  facet normal 0.528069 -0.849201 0
    outer loop
      vertex -3.3375 5.78072 1
      vertex -3.70843 5.55006 0.549999
      vertex -3.3375 5.78072 0.549999
    endloop
  endfacet
  facet normal 0.582485 -0.812842 0
    outer loop
      vertex -4.06348 5.29563 0.549999
      vertex -3.70843 5.55006 1
      vertex -4.06348 5.29563 1
    endloop
  endfacet
  facet normal 0.582485 -0.812842 0
    outer loop
      vertex -3.70843 5.55006 1
      vertex -4.06348 5.29563 0.549999
      vertex -3.70843 5.55006 0.549999
    endloop
  endfacet
  facet normal 0.0980309 -0.995183 0
    outer loop
      vertex -0.871262 6.61789 0.549999
      vertex -0.436565 6.66071 1
      vertex -0.871262 6.61789 1
    endloop
  endfacet
  facet normal 0.0980309 -0.995183 0
    outer loop
      vertex -0.436565 6.66071 1
      vertex -0.871262 6.61789 0.549999
      vertex -0.436565 6.66071 0.549999
    endloop
  endfacet
  facet normal 0.227083 -0.973875 0
    outer loop
      vertex -1.72762 6.44755 0.549999
      vertex -1.30223 6.54674 1
      vertex -1.72762 6.44755 1
    endloop
  endfacet
  facet normal 0.227083 -0.973875 0
    outer loop
      vertex -1.30223 6.54674 1
      vertex -1.72762 6.44755 0.549999
      vertex -1.30223 6.54674 0.549999
    endloop
  endfacet
  facet normal 0.162889 -0.986644 0
    outer loop
      vertex -1.30223 6.54674 0.549999
      vertex -0.871262 6.61789 1
      vertex -1.30223 6.54674 1
    endloop
  endfacet
  facet normal 0.162889 -0.986644 0
    outer loop
      vertex -0.871262 6.61789 1
      vertex -1.30223 6.54674 0.549999
      vertex -0.871262 6.61789 0.549999
    endloop
  endfacet
  facet normal -0.162889 0.986644 0
    outer loop
      vertex 1.30223 -6.54674 0.549999
      vertex 0.871262 -6.61789 1
      vertex 1.30223 -6.54674 1
    endloop
  endfacet
  facet normal -0.162889 0.986644 0
    outer loop
      vertex 0.871262 -6.61789 1
      vertex 1.30223 -6.54674 0.549999
      vertex 0.871262 -6.61789 0.549999
    endloop
  endfacet
  facet normal -0.582485 0.812842 0
    outer loop
      vertex 4.06348 -5.29563 0.549999
      vertex 3.70843 -5.55006 1
      vertex 4.06348 -5.29563 1
    endloop
  endfacet
  facet normal -0.582485 0.812842 0
    outer loop
      vertex 3.70843 -5.55006 1
      vertex 4.06348 -5.29563 0.549999
      vertex 3.70843 -5.55006 0.549999
    endloop
  endfacet
  facet normal -0.812842 0.582485 0
    outer loop
      vertex 5.29563 -4.06348 0.549999
      vertex 5.55006 -3.70843 1
      vertex 5.55006 -3.70843 0.549999
    endloop
  endfacet
  facet normal -0.812842 0.582485 0
    outer loop
      vertex 5.55006 -3.70843 1
      vertex 5.29563 -4.06348 0.549999
      vertex 5.29563 -4.06348 1
    endloop
  endfacet
  facet normal -0.973875 0.227083 0
    outer loop
      vertex 6.44755 -1.72762 0.549999
      vertex 6.54674 -1.30223 1
      vertex 6.54674 -1.30223 0.549999
    endloop
  endfacet
  facet normal -0.973875 0.227083 0
    outer loop
      vertex 6.54674 -1.30223 1
      vertex 6.44755 -1.72762 0.549999
      vertex 6.44755 -1.72762 1
    endloop
  endfacet
  facet normal 0.162889 0.986644 -0
    outer loop
      vertex -0.871262 -6.61789 0.549999
      vertex -1.30223 -6.54674 1
      vertex -0.871262 -6.61789 1
    endloop
  endfacet
  facet normal 0.162889 0.986644 0
    outer loop
      vertex -1.30223 -6.54674 1
      vertex -0.871262 -6.61789 0.549999
      vertex -1.30223 -6.54674 0.549999
    endloop
  endfacet
  facet normal 0.0980309 0.995183 -0
    outer loop
      vertex -0.436565 -6.66071 0.549999
      vertex -0.871262 -6.61789 1
      vertex -0.436565 -6.66071 1
    endloop
  endfacet
  facet normal 0.0980309 0.995183 0
    outer loop
      vertex -0.871262 -6.61789 1
      vertex -0.436565 -6.66071 0.549999
      vertex -0.871262 -6.61789 0.549999
    endloop
  endfacet
  facet normal 0.582485 0.812842 -0
    outer loop
      vertex -3.70843 -5.55006 0.549999
      vertex -4.06348 -5.29563 1
      vertex -3.70843 -5.55006 1
    endloop
  endfacet
  facet normal 0.582485 0.812842 0
    outer loop
      vertex -4.06348 -5.29563 1
      vertex -3.70843 -5.55006 0.549999
      vertex -4.06348 -5.29563 0.549999
    endloop
  endfacet
  facet normal 0.729873 0.683582 0
    outer loop
      vertex -4.71994 -4.71994 1
      vertex -5.01853 -4.40113 0.549999
      vertex -5.01853 -4.40113 1
    endloop
  endfacet
  facet normal 0.729873 0.683582 0
    outer loop
      vertex -5.01853 -4.40113 0.549999
      vertex -4.71994 -4.71994 1
      vertex -4.71994 -4.71994 0.549999
    endloop
  endfacet
  facet normal 0.910857 0.412721 0
    outer loop
      vertex -5.98662 -2.95228 1
      vertex -6.1669 -2.55441 0.549999
      vertex -6.1669 -2.55441 1
    endloop
  endfacet
  facet normal 0.910857 0.412721 0
    outer loop
      vertex -6.1669 -2.55441 0.549999
      vertex -5.98662 -2.95228 1
      vertex -5.98662 -2.95228 0.549999
    endloop
  endfacet
  facet normal 0.973875 0.227083 0
    outer loop
      vertex -6.44755 -1.72762 1
      vertex -6.54674 -1.30223 0.549999
      vertex -6.54674 -1.30223 1
    endloop
  endfacet
  facet normal 0.973875 0.227083 0
    outer loop
      vertex -6.54674 -1.30223 0.549999
      vertex -6.44755 -1.72762 1
      vertex -6.44755 -1.72762 0.549999
    endloop
  endfacet
  facet normal 0 0 1
    outer loop
      vertex 5.55 0 0.549999
      vertex 6.675 0 0.549999
      vertex 6.66071 0.436565 0.549999
    endloop
  endfacet
  facet normal 0 0 1
    outer loop
      vertex 5.53812 0.362987 0.549999
      vertex 6.66071 0.436565 0.549999
      vertex 6.61789 0.871262 0.549999
    endloop
  endfacet
  facet normal 0 0 1
    outer loop
      vertex 6.675 0 0.549999
      vertex 5.55 0 0.549999
      vertex 6.66071 -0.436565 0.549999
    endloop
  endfacet
  facet normal 0 0 1
    outer loop
      vertex 5.50252 0.72442 0.549999
      vertex 6.61789 0.871262 0.549999
      vertex 6.54674 1.30223 0.549999
    endloop
  endfacet
  facet normal -0 0 1
    outer loop
      vertex 5.53812 -0.362987 0.549999
      vertex 6.66071 -0.436565 0.549999
      vertex 5.55 0 0.549999
    endloop
  endfacet
  facet normal 0 0 1
    outer loop
      vertex 5.44336 1.08275 0.549999
      vertex 6.54674 1.30223 0.549999
      vertex 6.44755 1.72762 0.549999
    endloop
  endfacet
  facet normal 0 0 1
    outer loop
      vertex 6.66071 -0.436565 0.549999
      vertex 5.53812 -0.362987 0.549999
      vertex 6.61789 -0.871262 0.549999
    endloop
  endfacet
  facet normal 0 0 1
    outer loop
      vertex 5.36089 1.43645 0.549999
      vertex 6.44755 1.72762 0.549999
      vertex 6.32076 2.14561 0.549999
    endloop
  endfacet
  facet normal -0 0 1
    outer loop
      vertex 5.50252 -0.72442 0.549999
      vertex 6.61789 -0.871262 0.549999
      vertex 5.53812 -0.362987 0.549999
    endloop
  endfacet
  facet normal 0 0 1
    outer loop
      vertex 5.25546 1.78399 0.549999
      vertex 6.32076 2.14561 0.549999
      vertex 6.1669 2.55441 0.549999
    endloop
  endfacet
  facet normal 0 0 1
    outer loop
      vertex 6.61789 -0.871262 0.549999
      vertex 5.50252 -0.72442 0.549999
      vertex 6.54674 -1.30223 0.549999
    endloop
  endfacet
  facet normal 0 0 1
    outer loop
      vertex 5.12753 2.12389 0.549999
      vertex 6.1669 2.55441 0.549999
      vertex 5.98662 2.95228 0.549999
    endloop
  endfacet
  facet normal -0 0 1
    outer loop
      vertex 5.44336 -1.08275 0.549999
      vertex 6.54674 -1.30223 0.549999
      vertex 5.50252 -0.72442 0.549999
    endloop
  endfacet
  facet normal 0 0 1
    outer loop
      vertex 4.97764 2.4547 0.549999
      vertex 5.98662 2.95228 0.549999
      vertex 5.78072 3.3375 0.549999
    endloop
  endfacet
  facet normal 0 0 1
    outer loop
      vertex 6.54674 -1.30223 0.549999
      vertex 5.44336 -1.08275 0.549999
      vertex 6.44755 -1.72762 0.549999
    endloop
  endfacet
  facet normal 0 0 1
    outer loop
      vertex 4.80644 2.775 0.549999
      vertex 5.78072 3.3375 0.549999
      vertex 5.55006 3.70843 0.549999
    endloop
  endfacet
  facet normal -0 0 1
    outer loop
      vertex 5.36089 -1.43645 0.549999
      vertex 6.44755 -1.72762 0.549999
      vertex 5.44336 -1.08275 0.549999
    endloop
  endfacet
  facet normal 0 0 1
    outer loop
      vertex 6.44755 -1.72762 0.549999
      vertex 5.36089 -1.43645 0.549999
      vertex 6.32076 -2.14561 0.549999
    endloop
  endfacet
  facet normal 0 0 1
    outer loop
      vertex 6.66071 0.436565 0.549999
      vertex 5.53812 0.362987 0.549999
      vertex 5.55 0 0.549999
    endloop
  endfacet
  facet normal 0 0 1
    outer loop
      vertex 6.61789 0.871262 0.549999
      vertex 5.50252 0.72442 0.549999
      vertex 5.53812 0.362987 0.549999
    endloop
  endfacet
  facet normal 0 0 1
    outer loop
      vertex 6.54674 1.30223 0.549999
      vertex 5.44336 1.08275 0.549999
      vertex 5.50252 0.72442 0.549999
    endloop
  endfacet
  facet normal 0 0 1
    outer loop
      vertex 6.44755 1.72762 0.549999
      vertex 5.36089 1.43645 0.549999
      vertex 5.44336 1.08275 0.549999
    endloop
  endfacet
  facet normal 0 0 1
    outer loop
      vertex 4.61466 3.08341 0.549999
      vertex 5.55006 3.70843 0.549999
      vertex 5.29563 4.06348 0.549999
    endloop
  endfacet
  facet normal 0 0 1
    outer loop
      vertex 6.32076 2.14561 0.549999
      vertex 5.25546 1.78399 0.549999
      vertex 5.36089 1.43645 0.549999
    endloop
  endfacet
  facet normal 0 0 1
    outer loop
      vertex 6.1669 2.55441 0.549999
      vertex 5.12753 2.12389 0.549999
      vertex 5.25546 1.78399 0.549999
    endloop
  endfacet
  facet normal 0 0 1
    outer loop
      vertex 4.40311 3.37863 0.549999
      vertex 5.29563 4.06348 0.549999
      vertex 5.01853 4.40113 0.549999
    endloop
  endfacet
  facet normal 0 0 1
    outer loop
      vertex 5.98662 2.95228 0.549999
      vertex 4.97764 2.4547 0.549999
      vertex 5.12753 2.12389 0.549999
    endloop
  endfacet
  facet normal 0 0 1
    outer loop
      vertex 5.78072 3.3375 0.549999
      vertex 4.80644 2.775 0.549999
      vertex 4.97764 2.4547 0.549999
    endloop
  endfacet
  facet normal 0 0 1
    outer loop
      vertex 4.17271 3.65937 0.549999
      vertex 5.01853 4.40113 0.549999
      vertex 4.71994 4.71994 0.549999
    endloop
  endfacet
  facet normal 0 0 1
    outer loop
      vertex 5.55006 3.70843 0.549999
      vertex 4.61466 3.08341 0.549999
      vertex 4.80644 2.775 0.549999
    endloop
  endfacet
  facet normal 0 0 1
    outer loop
      vertex 5.29563 4.06348 0.549999
      vertex 4.40311 3.37863 0.549999
      vertex 4.61466 3.08341 0.549999
    endloop
  endfacet
  facet normal 0 0 1
    outer loop
      vertex 3.92444 3.92444 0.549999
      vertex 4.71994 4.71994 0.549999
      vertex 4.40113 5.01853 0.549999
    endloop
  endfacet
  facet normal 0 0 1
    outer loop
      vertex 5.01853 4.40113 0.549999
      vertex 4.17271 3.65937 0.549999
      vertex 4.40311 3.37863 0.549999
    endloop
  endfacet
  facet normal 0 0 1
    outer loop
      vertex 3.65937 4.17271 0.549999
      vertex 4.40113 5.01853 0.549999
      vertex 4.06348 5.29563 0.549999
    endloop
  endfacet
  facet normal 0 0 1
    outer loop
      vertex 4.71994 4.71994 0.549999
      vertex 3.92444 3.92444 0.549999
      vertex 4.17271 3.65937 0.549999
    endloop
  endfacet
  facet normal 0 0 1
    outer loop
      vertex 3.37863 4.40311 0.549999
      vertex 4.06348 5.29563 0.549999
      vertex 3.70843 5.55006 0.549999
    endloop
  endfacet
  facet normal 0 0 1
    outer loop
      vertex 4.40113 5.01853 0.549999
      vertex 3.65937 4.17271 0.549999
      vertex 3.92444 3.92444 0.549999
    endloop
  endfacet
  facet normal 0 0 1
    outer loop
      vertex 4.06348 5.29563 0.549999
      vertex 3.37863 4.40311 0.549999
      vertex 3.65937 4.17271 0.549999
    endloop
  endfacet
  facet normal 0 0 1
    outer loop
      vertex 3.08341 4.61466 0.549999
      vertex 3.70843 5.55006 0.549999
      vertex 3.3375 5.78072 0.549999
    endloop
  endfacet
  facet normal 0 0 1
    outer loop
      vertex 3.70843 5.55006 0.549999
      vertex 3.08341 4.61466 0.549999
      vertex 3.37863 4.40311 0.549999
    endloop
  endfacet
  facet normal 0 0 1
    outer loop
      vertex 2.775 4.80644 0.549999
      vertex 3.3375 5.78072 0.549999
      vertex 2.95228 5.98662 0.549999
    endloop
  endfacet
  facet normal 0 0 1
    outer loop
      vertex 3.3375 5.78072 0.549999
      vertex 2.775 4.80644 0.549999
      vertex 3.08341 4.61466 0.549999
    endloop
  endfacet
  facet normal 0 0 1
    outer loop
      vertex 2.4547 4.97764 0.549999
      vertex 2.95228 5.98662 0.549999
      vertex 2.55441 6.1669 0.549999
    endloop
  endfacet
  facet normal 0 0 1
    outer loop
      vertex 2.95228 5.98662 0.549999
      vertex 2.4547 4.97764 0.549999
      vertex 2.775 4.80644 0.549999
    endloop
  endfacet
  facet normal 0 0 1
    outer loop
      vertex 2.12389 5.12753 0.549999
      vertex 2.55441 6.1669 0.549999
      vertex 2.14561 6.32076 0.549999
    endloop
  endfacet
  facet normal 0 0 1
    outer loop
      vertex 2.55441 6.1669 0.549999
      vertex 2.12389 5.12753 0.549999
      vertex 2.4547 4.97764 0.549999
    endloop
  endfacet
  facet normal 0 0 1
    outer loop
      vertex 2.14561 6.32076 0.549999
      vertex 1.78399 5.25546 0.549999
      vertex 2.12389 5.12753 0.549999
    endloop
  endfacet
  facet normal 0 0 1
    outer loop
      vertex 1.72762 6.44755 0.549999
      vertex 1.78399 5.25546 0.549999
      vertex 2.14561 6.32076 0.549999
    endloop
  endfacet
  facet normal 0 0 1
    outer loop
      vertex 1.72762 6.44755 0.549999
      vertex 1.43645 5.36089 0.549999
      vertex 1.78399 5.25546 0.549999
    endloop
  endfacet
  facet normal 0 0 1
    outer loop
      vertex 1.30223 6.54674 0.549999
      vertex 1.43645 5.36089 0.549999
      vertex 1.72762 6.44755 0.549999
    endloop
  endfacet
  facet normal 0 0 1
    outer loop
      vertex 1.30223 6.54674 0.549999
      vertex 1.08275 5.44336 0.549999
      vertex 1.43645 5.36089 0.549999
    endloop
  endfacet
  facet normal 0 0 1
    outer loop
      vertex 0.871262 6.61789 0.549999
      vertex 1.08275 5.44336 0.549999
      vertex 1.30223 6.54674 0.549999
    endloop
  endfacet
  facet normal 0 0 1
    outer loop
      vertex 0.871262 6.61789 0.549999
      vertex 0.72442 5.50252 0.549999
      vertex 1.08275 5.44336 0.549999
    endloop
  endfacet
  facet normal 0 0 1
    outer loop
      vertex 0.436565 6.66071 0.549999
      vertex 0.72442 5.50252 0.549999
      vertex 0.871262 6.61789 0.549999
    endloop
  endfacet
  facet normal 0 0 1
    outer loop
      vertex 0.436565 6.66071 0.549999
      vertex 0.362987 5.53812 0.549999
      vertex 0.72442 5.50252 0.549999
    endloop
  endfacet
  facet normal 0 0 1
    outer loop
      vertex 0 6.675 0.549999
      vertex 0.362987 5.53812 0.549999
      vertex 0.436565 6.66071 0.549999
    endloop
  endfacet
  facet normal 0 0 1
    outer loop
      vertex 0 6.675 0.549999
      vertex 0 5.55 0.549999
      vertex 0.362987 5.53812 0.549999
    endloop
  endfacet
  facet normal 0 0 1
    outer loop
      vertex 0 6.675 0.549999
      vertex -0.362987 5.53812 0.549999
      vertex 0 5.55 0.549999
    endloop
  endfacet
  facet normal -0 0 1
    outer loop
      vertex -0.436565 6.66071 0.549999
      vertex -0.362987 5.53812 0.549999
      vertex 0 6.675 0.549999
    endloop
  endfacet
  facet normal 0 0 1
    outer loop
      vertex -0.436565 6.66071 0.549999
      vertex -0.72442 5.50252 0.549999
      vertex -0.362987 5.53812 0.549999
    endloop
  endfacet
  facet normal -0 0 1
    outer loop
      vertex -0.871262 6.61789 0.549999
      vertex -0.72442 5.50252 0.549999
      vertex -0.436565 6.66071 0.549999
    endloop
  endfacet
  facet normal 0 0 1
    outer loop
      vertex -0.871262 6.61789 0.549999
      vertex -1.08275 5.44336 0.549999
      vertex -0.72442 5.50252 0.549999
    endloop
  endfacet
  facet normal -0 0 1
    outer loop
      vertex -1.30223 6.54674 0.549999
      vertex -1.08275 5.44336 0.549999
      vertex -0.871262 6.61789 0.549999
    endloop
  endfacet
  facet normal 0 0 1
    outer loop
      vertex -1.30223 6.54674 0.549999
      vertex -1.43645 5.36089 0.549999
      vertex -1.08275 5.44336 0.549999
    endloop
  endfacet
  facet normal -0 0 1
    outer loop
      vertex -1.72762 6.44755 0.549999
      vertex -1.43645 5.36089 0.549999
      vertex -1.30223 6.54674 0.549999
    endloop
  endfacet
  facet normal 0 0 1
    outer loop
      vertex -1.72762 6.44755 0.549999
      vertex -1.78399 5.25546 0.549999
      vertex -1.43645 5.36089 0.549999
    endloop
  endfacet
  facet normal -0 0 1
    outer loop
      vertex -2.14561 6.32076 0.549999
      vertex -1.78399 5.25546 0.549999
      vertex -1.72762 6.44755 0.549999
    endloop
  endfacet
  facet normal 0 0 1
    outer loop
      vertex -1.78399 5.25546 0.549999
      vertex -2.14561 6.32076 0.549999
      vertex -2.12389 5.12753 0.549999
    endloop
  endfacet
  facet normal -0 0 1
    outer loop
      vertex -2.55441 6.1669 0.549999
      vertex -2.12389 5.12753 0.549999
      vertex -2.14561 6.32076 0.549999
    endloop
  endfacet
  facet normal 0 0 1
    outer loop
      vertex -2.12389 5.12753 0.549999
      vertex -2.55441 6.1669 0.549999
      vertex -2.4547 4.97764 0.549999
    endloop
  endfacet
  facet normal -0 0 1
    outer loop
      vertex -2.95228 5.98662 0.549999
      vertex -2.4547 4.97764 0.549999
      vertex -2.55441 6.1669 0.549999
    endloop
  endfacet
  facet normal 0 0 1
    outer loop
      vertex -2.4547 4.97764 0.549999
      vertex -2.95228 5.98662 0.549999
      vertex -2.775 4.80644 0.549999
    endloop
  endfacet
  facet normal -0 0 1
    outer loop
      vertex -3.3375 5.78072 0.549999
      vertex -2.775 4.80644 0.549999
      vertex -2.95228 5.98662 0.549999
    endloop
  endfacet
  facet normal 0 0 1
    outer loop
      vertex -2.775 4.80644 0.549999
      vertex -3.3375 5.78072 0.549999
      vertex -3.08341 4.61466 0.549999
    endloop
  endfacet
  facet normal -0 0 1
    outer loop
      vertex -3.70843 5.55006 0.549999
      vertex -3.08341 4.61466 0.549999
      vertex -3.3375 5.78072 0.549999
    endloop
  endfacet
  facet normal 0 0 1
    outer loop
      vertex -3.08341 4.61466 0.549999
      vertex -3.70843 5.55006 0.549999
      vertex -3.37863 4.40311 0.549999
    endloop
  endfacet
  facet normal -0 0 1
    outer loop
      vertex -4.06348 5.29563 0.549999
      vertex -3.37863 4.40311 0.549999
      vertex -3.70843 5.55006 0.549999
    endloop
  endfacet
  facet normal 0 0 1
    outer loop
      vertex -3.37863 4.40311 0.549999
      vertex -4.06348 5.29563 0.549999
      vertex -3.65937 4.17271 0.549999
    endloop
  endfacet
  facet normal -0 0 1
    outer loop
      vertex -4.40113 5.01853 0.549999
      vertex -3.65937 4.17271 0.549999
      vertex -4.06348 5.29563 0.549999
    endloop
  endfacet
  facet normal 0 0 1
    outer loop
      vertex -3.65937 4.17271 0.549999
      vertex -4.40113 5.01853 0.549999
      vertex -3.92444 3.92444 0.549999
    endloop
  endfacet
  facet normal -0 0 1
    outer loop
      vertex -4.71994 4.71994 0.549999
      vertex -3.92444 3.92444 0.549999
      vertex -4.40113 5.01853 0.549999
    endloop
  endfacet
  facet normal 0 0 1
    outer loop
      vertex -3.92444 3.92444 0.549999
      vertex -4.71994 4.71994 0.549999
      vertex -4.17271 3.65937 0.549999
    endloop
  endfacet
  facet normal -0 0 1
    outer loop
      vertex -5.01853 4.40113 0.549999
      vertex -4.17271 3.65937 0.549999
      vertex -4.71994 4.71994 0.549999
    endloop
  endfacet
  facet normal 0 0 1
    outer loop
      vertex -4.17271 3.65937 0.549999
      vertex -5.01853 4.40113 0.549999
      vertex -4.40311 3.37863 0.549999
    endloop
  endfacet
  facet normal -0 0 1
    outer loop
      vertex -5.29563 4.06348 0.549999
      vertex -4.40311 3.37863 0.549999
      vertex -5.01853 4.40113 0.549999
    endloop
  endfacet
  facet normal 0 0 1
    outer loop
      vertex -4.40311 3.37863 0.549999
      vertex -5.29563 4.06348 0.549999
      vertex -4.61466 3.08341 0.549999
    endloop
  endfacet
  facet normal -0 0 1
    outer loop
      vertex -5.55006 3.70843 0.549999
      vertex -4.61466 3.08341 0.549999
      vertex -5.29563 4.06348 0.549999
    endloop
  endfacet
  facet normal 0 0 1
    outer loop
      vertex -4.61466 3.08341 0.549999
      vertex -5.55006 3.70843 0.549999
      vertex -4.80644 2.775 0.549999
    endloop
  endfacet
  facet normal -0 0 1
    outer loop
      vertex -5.78072 3.3375 0.549999
      vertex -4.80644 2.775 0.549999
      vertex -5.55006 3.70843 0.549999
    endloop
  endfacet
  facet normal 0 0 1
    outer loop
      vertex -4.80644 2.775 0.549999
      vertex -5.78072 3.3375 0.549999
      vertex -4.97764 2.4547 0.549999
    endloop
  endfacet
  facet normal -0 0 1
    outer loop
      vertex -5.98662 2.95228 0.549999
      vertex -4.97764 2.4547 0.549999
      vertex -5.78072 3.3375 0.549999
    endloop
  endfacet
  facet normal 0 0 1
    outer loop
      vertex -4.97764 2.4547 0.549999
      vertex -5.98662 2.95228 0.549999
      vertex -5.12753 2.12389 0.549999
    endloop
  endfacet
  facet normal -0 0 1
    outer loop
      vertex -6.1669 2.55441 0.549999
      vertex -5.12753 2.12389 0.549999
      vertex -5.98662 2.95228 0.549999
    endloop
  endfacet
  facet normal 0 0 1
    outer loop
      vertex -5.12753 2.12389 0.549999
      vertex -6.1669 2.55441 0.549999
      vertex -5.25546 1.78399 0.549999
    endloop
  endfacet
  facet normal 0 0 1
    outer loop
      vertex -5.25546 1.78399 0.549999
      vertex -6.32076 2.14561 0.549999
      vertex -5.36089 1.43645 0.549999
    endloop
  endfacet
  facet normal -0 0 1
    outer loop
      vertex -6.32076 2.14561 0.549999
      vertex -5.25546 1.78399 0.549999
      vertex -6.1669 2.55441 0.549999
    endloop
  endfacet
  facet normal -0 0 1
    outer loop
      vertex 5.25546 -1.78399 0.549999
      vertex 6.32076 -2.14561 0.549999
      vertex 5.36089 -1.43645 0.549999
    endloop
  endfacet
  facet normal 0 0 1
    outer loop
      vertex 6.32076 -2.14561 0.549999
      vertex 5.25546 -1.78399 0.549999
      vertex 6.1669 -2.55441 0.549999
    endloop
  endfacet
  facet normal -0 0 1
    outer loop
      vertex 5.12753 -2.12389 0.549999
      vertex 6.1669 -2.55441 0.549999
      vertex 5.25546 -1.78399 0.549999
    endloop
  endfacet
  facet normal 0 0 1
    outer loop
      vertex 6.1669 -2.55441 0.549999
      vertex 5.12753 -2.12389 0.549999
      vertex 5.98662 -2.95228 0.549999
    endloop
  endfacet
  facet normal -0 0 1
    outer loop
      vertex 4.97764 -2.4547 0.549999
      vertex 5.98662 -2.95228 0.549999
      vertex 5.12753 -2.12389 0.549999
    endloop
  endfacet
  facet normal 0 0 1
    outer loop
      vertex 5.98662 -2.95228 0.549999
      vertex 4.97764 -2.4547 0.549999
      vertex 5.78072 -3.3375 0.549999
    endloop
  endfacet
  facet normal -0 0 1
    outer loop
      vertex 4.80644 -2.775 0.549999
      vertex 5.78072 -3.3375 0.549999
      vertex 4.97764 -2.4547 0.549999
    endloop
  endfacet
  facet normal 0 0 1
    outer loop
      vertex 5.78072 -3.3375 0.549999
      vertex 4.80644 -2.775 0.549999
      vertex 5.55006 -3.70843 0.549999
    endloop
  endfacet
  facet normal -0 0 1
    outer loop
      vertex 4.61466 -3.08341 0.549999
      vertex 5.55006 -3.70843 0.549999
      vertex 4.80644 -2.775 0.549999
    endloop
  endfacet
  facet normal 0 0 1
    outer loop
      vertex 5.55006 -3.70843 0.549999
      vertex 4.61466 -3.08341 0.549999
      vertex 5.29563 -4.06348 0.549999
    endloop
  endfacet
  facet normal -0 0 1
    outer loop
      vertex 4.40311 -3.37863 0.549999
      vertex 5.29563 -4.06348 0.549999
      vertex 4.61466 -3.08341 0.549999
    endloop
  endfacet
  facet normal 0 0 1
    outer loop
      vertex 5.29563 -4.06348 0.549999
      vertex 4.40311 -3.37863 0.549999
      vertex 5.01853 -4.40113 0.549999
    endloop
  endfacet
  facet normal -0 0 1
    outer loop
      vertex 4.17271 -3.65937 0.549999
      vertex 5.01853 -4.40113 0.549999
      vertex 4.40311 -3.37863 0.549999
    endloop
  endfacet
  facet normal 0 0 1
    outer loop
      vertex 5.01853 -4.40113 0.549999
      vertex 4.17271 -3.65937 0.549999
      vertex 4.71994 -4.71994 0.549999
    endloop
  endfacet
  facet normal -0 0 1
    outer loop
      vertex 3.92444 -3.92444 0.549999
      vertex 4.71994 -4.71994 0.549999
      vertex 4.17271 -3.65937 0.549999
    endloop
  endfacet
  facet normal 0 0 1
    outer loop
      vertex 4.71994 -4.71994 0.549999
      vertex 3.92444 -3.92444 0.549999
      vertex 4.40113 -5.01853 0.549999
    endloop
  endfacet
  facet normal -0 0 1
    outer loop
      vertex 3.65937 -4.17271 0.549999
      vertex 4.40113 -5.01853 0.549999
      vertex 3.92444 -3.92444 0.549999
    endloop
  endfacet
  facet normal 0 0 1
    outer loop
      vertex 4.40113 -5.01853 0.549999
      vertex 3.65937 -4.17271 0.549999
      vertex 4.06348 -5.29563 0.549999
    endloop
  endfacet
  facet normal -0 0 1
    outer loop
      vertex 3.37863 -4.40311 0.549999
      vertex 4.06348 -5.29563 0.549999
      vertex 3.65937 -4.17271 0.549999
    endloop
  endfacet
  facet normal 0 0 1
    outer loop
      vertex 4.06348 -5.29563 0.549999
      vertex 3.37863 -4.40311 0.549999
      vertex 3.70843 -5.55006 0.549999
    endloop
  endfacet
  facet normal -0 0 1
    outer loop
      vertex 3.08341 -4.61466 0.549999
      vertex 3.70843 -5.55006 0.549999
      vertex 3.37863 -4.40311 0.549999
    endloop
  endfacet
  facet normal 0 0 1
    outer loop
      vertex 3.70843 -5.55006 0.549999
      vertex 3.08341 -4.61466 0.549999
      vertex 3.3375 -5.78072 0.549999
    endloop
  endfacet
  facet normal -0 0 1
    outer loop
      vertex 2.775 -4.80644 0.549999
      vertex 3.3375 -5.78072 0.549999
      vertex 3.08341 -4.61466 0.549999
    endloop
  endfacet
  facet normal 0 0 1
    outer loop
      vertex 3.3375 -5.78072 0.549999
      vertex 2.775 -4.80644 0.549999
      vertex 2.95228 -5.98662 0.549999
    endloop
  endfacet
  facet normal -0 0 1
    outer loop
      vertex 2.4547 -4.97764 0.549999
      vertex 2.95228 -5.98662 0.549999
      vertex 2.775 -4.80644 0.549999
    endloop
  endfacet
  facet normal 0 0 1
    outer loop
      vertex 2.95228 -5.98662 0.549999
      vertex 2.4547 -4.97764 0.549999
      vertex 2.55441 -6.1669 0.549999
    endloop
  endfacet
  facet normal -0 0 1
    outer loop
      vertex 2.12389 -5.12753 0.549999
      vertex 2.55441 -6.1669 0.549999
      vertex 2.4547 -4.97764 0.549999
    endloop
  endfacet
  facet normal 0 0 1
    outer loop
      vertex 2.55441 -6.1669 0.549999
      vertex 2.12389 -5.12753 0.549999
      vertex 2.14561 -6.32076 0.549999
    endloop
  endfacet
  facet normal -0 0 1
    outer loop
      vertex 1.78399 -5.25546 0.549999
      vertex 2.14561 -6.32076 0.549999
      vertex 2.12389 -5.12753 0.549999
    endloop
  endfacet
  facet normal 0 0 1
    outer loop
      vertex 1.78399 -5.25546 0.549999
      vertex 1.72762 -6.44755 0.549999
      vertex 2.14561 -6.32076 0.549999
    endloop
  endfacet
  facet normal -0 0 1
    outer loop
      vertex 1.43645 -5.36089 0.549999
      vertex 1.72762 -6.44755 0.549999
      vertex 1.78399 -5.25546 0.549999
    endloop
  endfacet
  facet normal 0 0 1
    outer loop
      vertex 1.43645 -5.36089 0.549999
      vertex 1.30223 -6.54674 0.549999
      vertex 1.72762 -6.44755 0.549999
    endloop
  endfacet
  facet normal -0 0 1
    outer loop
      vertex 1.08275 -5.44336 0.549999
      vertex 1.30223 -6.54674 0.549999
      vertex 1.43645 -5.36089 0.549999
    endloop
  endfacet
  facet normal 0 0 1
    outer loop
      vertex 1.08275 -5.44336 0.549999
      vertex 0.871262 -6.61789 0.549999
      vertex 1.30223 -6.54674 0.549999
    endloop
  endfacet
  facet normal -0 0 1
    outer loop
      vertex 0.72442 -5.50252 0.549999
      vertex 0.871262 -6.61789 0.549999
      vertex 1.08275 -5.44336 0.549999
    endloop
  endfacet
  facet normal 0 0 1
    outer loop
      vertex 0.72442 -5.50252 0.549999
      vertex 0.436565 -6.66071 0.549999
      vertex 0.871262 -6.61789 0.549999
    endloop
  endfacet
  facet normal -0 0 1
    outer loop
      vertex 0.362987 -5.53812 0.549999
      vertex 0.436565 -6.66071 0.549999
      vertex 0.72442 -5.50252 0.549999
    endloop
  endfacet
  facet normal -0 0 1
    outer loop
      vertex 0 -5.55 0.549999
      vertex 0.436565 -6.66071 0.549999
      vertex 0.362987 -5.53812 0.549999
    endloop
  endfacet
  facet normal 0 0 1
    outer loop
      vertex 0 -5.55 0.549999
      vertex 0 -6.675 0.549999
      vertex 0.436565 -6.66071 0.549999
    endloop
  endfacet
  facet normal 0 0 1
    outer loop
      vertex -0.362987 -5.53812 0.549999
      vertex 0 -6.675 0.549999
      vertex 0 -5.55 0.549999
    endloop
  endfacet
  facet normal 0 0 1
    outer loop
      vertex -0.362987 -5.53812 0.549999
      vertex -0.436565 -6.66071 0.549999
      vertex 0 -6.675 0.549999
    endloop
  endfacet
  facet normal 0 0 1
    outer loop
      vertex -0.72442 -5.50252 0.549999
      vertex -0.436565 -6.66071 0.549999
      vertex -0.362987 -5.53812 0.549999
    endloop
  endfacet
  facet normal 0 0 1
    outer loop
      vertex -0.72442 -5.50252 0.549999
      vertex -0.871262 -6.61789 0.549999
      vertex -0.436565 -6.66071 0.549999
    endloop
  endfacet
  facet normal 0 0 1
    outer loop
      vertex -1.08275 -5.44336 0.549999
      vertex -0.871262 -6.61789 0.549999
      vertex -0.72442 -5.50252 0.549999
    endloop
  endfacet
  facet normal 0 0 1
    outer loop
      vertex -1.08275 -5.44336 0.549999
      vertex -1.30223 -6.54674 0.549999
      vertex -0.871262 -6.61789 0.549999
    endloop
  endfacet
  facet normal 0 0 1
    outer loop
      vertex -1.43645 -5.36089 0.549999
      vertex -1.30223 -6.54674 0.549999
      vertex -1.08275 -5.44336 0.549999
    endloop
  endfacet
  facet normal 0 0 1
    outer loop
      vertex -1.43645 -5.36089 0.549999
      vertex -1.72762 -6.44755 0.549999
      vertex -1.30223 -6.54674 0.549999
    endloop
  endfacet
  facet normal 0 0 1
    outer loop
      vertex -1.78399 -5.25546 0.549999
      vertex -1.72762 -6.44755 0.549999
      vertex -1.43645 -5.36089 0.549999
    endloop
  endfacet
  facet normal 0 0 1
    outer loop
      vertex -2.14561 -6.32076 0.549999
      vertex -1.78399 -5.25546 0.549999
      vertex -2.12389 -5.12753 0.549999
    endloop
  endfacet
  facet normal 0 0 1
    outer loop
      vertex -1.78399 -5.25546 0.549999
      vertex -2.14561 -6.32076 0.549999
      vertex -1.72762 -6.44755 0.549999
    endloop
  endfacet
  facet normal 0 0 1
    outer loop
      vertex -2.55441 -6.1669 0.549999
      vertex -2.12389 -5.12753 0.549999
      vertex -2.4547 -4.97764 0.549999
    endloop
  endfacet
  facet normal 0 0 1
    outer loop
      vertex -2.12389 -5.12753 0.549999
      vertex -2.55441 -6.1669 0.549999
      vertex -2.14561 -6.32076 0.549999
    endloop
  endfacet
  facet normal 0 0 1
    outer loop
      vertex -2.95228 -5.98662 0.549999
      vertex -2.4547 -4.97764 0.549999
      vertex -2.775 -4.80644 0.549999
    endloop
  endfacet
  facet normal 0 0 1
    outer loop
      vertex -2.4547 -4.97764 0.549999
      vertex -2.95228 -5.98662 0.549999
      vertex -2.55441 -6.1669 0.549999
    endloop
  endfacet
  facet normal 0 0 1
    outer loop
      vertex -3.3375 -5.78072 0.549999
      vertex -2.775 -4.80644 0.549999
      vertex -3.08341 -4.61466 0.549999
    endloop
  endfacet
  facet normal 0 0 1
    outer loop
      vertex -2.775 -4.80644 0.549999
      vertex -3.3375 -5.78072 0.549999
      vertex -2.95228 -5.98662 0.549999
    endloop
  endfacet
  facet normal 0 0 1
    outer loop
      vertex -3.70843 -5.55006 0.549999
      vertex -3.08341 -4.61466 0.549999
      vertex -3.37863 -4.40311 0.549999
    endloop
  endfacet
  facet normal 0 0 1
    outer loop
      vertex -4.06348 -5.29563 0.549999
      vertex -3.37863 -4.40311 0.549999
      vertex -3.65937 -4.17271 0.549999
    endloop
  endfacet
  facet normal 0 0 1
    outer loop
      vertex -3.08341 -4.61466 0.549999
      vertex -3.70843 -5.55006 0.549999
      vertex -3.3375 -5.78072 0.549999
    endloop
  endfacet
  facet normal 0 0 1
    outer loop
      vertex -4.40113 -5.01853 0.549999
      vertex -3.65937 -4.17271 0.549999
      vertex -3.92444 -3.92444 0.549999
    endloop
  endfacet
  facet normal 0 0 1
    outer loop
      vertex -3.37863 -4.40311 0.549999
      vertex -4.06348 -5.29563 0.549999
      vertex -3.70843 -5.55006 0.549999
    endloop
  endfacet
  facet normal 0 0 1
    outer loop
      vertex -4.71994 -4.71994 0.549999
      vertex -3.92444 -3.92444 0.549999
      vertex -4.17271 -3.65937 0.549999
    endloop
  endfacet
  facet normal 0 0 1
    outer loop
      vertex -3.65937 -4.17271 0.549999
      vertex -4.40113 -5.01853 0.549999
      vertex -4.06348 -5.29563 0.549999
    endloop
  endfacet
  facet normal 0 0 1
    outer loop
      vertex -5.01853 -4.40113 0.549999
      vertex -4.17271 -3.65937 0.549999
      vertex -4.40311 -3.37863 0.549999
    endloop
  endfacet
  facet normal 0 0 1
    outer loop
      vertex -5.29563 -4.06348 0.549999
      vertex -4.40311 -3.37863 0.549999
      vertex -4.61466 -3.08341 0.549999
    endloop
  endfacet
  facet normal 0 0 1
    outer loop
      vertex -3.92444 -3.92444 0.549999
      vertex -4.71994 -4.71994 0.549999
      vertex -4.40113 -5.01853 0.549999
    endloop
  endfacet
  facet normal 0 0 1
    outer loop
      vertex -5.55006 -3.70843 0.549999
      vertex -4.61466 -3.08341 0.549999
      vertex -4.80644 -2.775 0.549999
    endloop
  endfacet
  facet normal 0 0 1
    outer loop
      vertex -5.78072 -3.3375 0.549999
      vertex -4.80644 -2.775 0.549999
      vertex -4.97764 -2.4547 0.549999
    endloop
  endfacet
  facet normal 0 0 1
    outer loop
      vertex -4.17271 -3.65937 0.549999
      vertex -5.01853 -4.40113 0.549999
      vertex -4.71994 -4.71994 0.549999
    endloop
  endfacet
  facet normal 0 0 1
    outer loop
      vertex -5.98662 -2.95228 0.549999
      vertex -4.97764 -2.4547 0.549999
      vertex -5.12753 -2.12389 0.549999
    endloop
  endfacet
  facet normal 0 0 1
    outer loop
      vertex -6.1669 -2.55441 0.549999
      vertex -5.12753 -2.12389 0.549999
      vertex -5.25546 -1.78399 0.549999
    endloop
  endfacet
  facet normal 0 0 1
    outer loop
      vertex -4.40311 -3.37863 0.549999
      vertex -5.29563 -4.06348 0.549999
      vertex -5.01853 -4.40113 0.549999
    endloop
  endfacet
  facet normal 0 0 1
    outer loop
      vertex -6.32076 -2.14561 0.549999
      vertex -5.25546 -1.78399 0.549999
      vertex -5.36089 -1.43645 0.549999
    endloop
  endfacet
  facet normal 0 0 1
    outer loop
      vertex -6.44755 -1.72762 0.549999
      vertex -5.36089 -1.43645 0.549999
      vertex -5.44336 -1.08275 0.549999
    endloop
  endfacet
  facet normal 0 0 1
    outer loop
      vertex -6.54674 -1.30223 0.549999
      vertex -5.44336 -1.08275 0.549999
      vertex -5.50252 -0.72442 0.549999
    endloop
  endfacet
  facet normal 0 0 1
    outer loop
      vertex -6.61789 -0.871262 0.549999
      vertex -5.50252 -0.72442 0.549999
      vertex -5.53812 -0.362987 0.549999
    endloop
  endfacet
  facet normal 0 0 1
    outer loop
      vertex -4.61466 -3.08341 0.549999
      vertex -5.55006 -3.70843 0.549999
      vertex -5.29563 -4.06348 0.549999
    endloop
  endfacet
  facet normal 0 0 1
    outer loop
      vertex -6.66071 -0.436565 0.549999
      vertex -5.53812 -0.362987 0.549999
      vertex -5.55 0 0.549999
    endloop
  endfacet
  facet normal -0 0 1
    outer loop
      vertex -6.44755 1.72762 0.549999
      vertex -5.36089 1.43645 0.549999
      vertex -6.32076 2.14561 0.549999
    endloop
  endfacet
  facet normal 0 0 1
    outer loop
      vertex -5.36089 1.43645 0.549999
      vertex -6.44755 1.72762 0.549999
      vertex -5.44336 1.08275 0.549999
    endloop
  endfacet
  facet normal 0 0 1
    outer loop
      vertex -4.80644 -2.775 0.549999
      vertex -5.78072 -3.3375 0.549999
      vertex -5.55006 -3.70843 0.549999
    endloop
  endfacet
  facet normal -0 0 1
    outer loop
      vertex -6.54674 1.30223 0.549999
      vertex -5.44336 1.08275 0.549999
      vertex -6.44755 1.72762 0.549999
    endloop
  endfacet
  facet normal 0 0 1
    outer loop
      vertex -4.97764 -2.4547 0.549999
      vertex -5.98662 -2.95228 0.549999
      vertex -5.78072 -3.3375 0.549999
    endloop
  endfacet
  facet normal 0 0 1
    outer loop
      vertex -5.44336 1.08275 0.549999
      vertex -6.54674 1.30223 0.549999
      vertex -5.50252 0.72442 0.549999
    endloop
  endfacet
  facet normal 0 0 1
    outer loop
      vertex -5.12753 -2.12389 0.549999
      vertex -6.1669 -2.55441 0.549999
      vertex -5.98662 -2.95228 0.549999
    endloop
  endfacet
  facet normal -0 0 1
    outer loop
      vertex -6.61789 0.871262 0.549999
      vertex -5.50252 0.72442 0.549999
      vertex -6.54674 1.30223 0.549999
    endloop
  endfacet
  facet normal 0 0 1
    outer loop
      vertex -5.25546 -1.78399 0.549999
      vertex -6.32076 -2.14561 0.549999
      vertex -6.1669 -2.55441 0.549999
    endloop
  endfacet
  facet normal 0 0 1
    outer loop
      vertex -5.50252 0.72442 0.549999
      vertex -6.61789 0.871262 0.549999
      vertex -5.53812 0.362987 0.549999
    endloop
  endfacet
  facet normal 0 0 1
    outer loop
      vertex -5.36089 -1.43645 0.549999
      vertex -6.44755 -1.72762 0.549999
      vertex -6.32076 -2.14561 0.549999
    endloop
  endfacet
  facet normal -0 0 1
    outer loop
      vertex -6.66071 0.436565 0.549999
      vertex -5.53812 0.362987 0.549999
      vertex -6.61789 0.871262 0.549999
    endloop
  endfacet
  facet normal 0 0 1
    outer loop
      vertex -5.44336 -1.08275 0.549999
      vertex -6.54674 -1.30223 0.549999
      vertex -6.44755 -1.72762 0.549999
    endloop
  endfacet
  facet normal 0 0 1
    outer loop
      vertex -5.53812 0.362987 0.549999
      vertex -6.66071 0.436565 0.549999
      vertex -5.55 0 0.549999
    endloop
  endfacet
  facet normal 0 0 1
    outer loop
      vertex -5.50252 -0.72442 0.549999
      vertex -6.61789 -0.871262 0.549999
      vertex -6.54674 -1.30223 0.549999
    endloop
  endfacet
  facet normal 0 0 1
    outer loop
      vertex -6.675 0 0.549999
      vertex -5.55 0 0.549999
      vertex -6.66071 0.436565 0.549999
    endloop
  endfacet
  facet normal 0 0 1
    outer loop
      vertex -5.53812 -0.362987 0.549999
      vertex -6.66071 -0.436565 0.549999
      vertex -6.61789 -0.871262 0.549999
    endloop
  endfacet
  facet normal 0 0 1
    outer loop
      vertex -5.55 0 0.549999
      vertex -6.675 0 0.549999
      vertex -6.66071 -0.436565 0.549999
    endloop
  endfacet
  facet normal -0.995183 -0.0980309 0
    outer loop
      vertex 6.66071 0.436565 0.549999
      vertex 6.61789 0.871262 1
      vertex 6.61789 0.871262 0.549999
    endloop
  endfacet
  facet normal -0.995183 -0.0980309 0
    outer loop
      vertex 6.61789 0.871262 1
      vertex 6.66071 0.436565 0.549999
      vertex 6.66071 0.436565 1
    endloop
  endfacet
  facet normal -0.935907 -0.352247 0
    outer loop
      vertex 6.32076 2.14561 0.549999
      vertex 6.1669 2.55441 1
      vertex 6.1669 2.55441 0.549999
    endloop
  endfacet
  facet normal -0.935907 -0.352247 0
    outer loop
      vertex 6.1669 2.55441 1
      vertex 6.32076 2.14561 0.549999
      vertex 6.32076 2.14561 1
    endloop
  endfacet
  facet normal -0.956944 -0.290272 0
    outer loop
      vertex 6.44755 1.72762 0.549999
      vertex 6.32076 2.14561 1
      vertex 6.32076 2.14561 0.549999
    endloop
  endfacet
  facet normal -0.956944 -0.290272 0
    outer loop
      vertex 6.32076 2.14561 1
      vertex 6.44755 1.72762 0.549999
      vertex 6.44755 1.72762 1
    endloop
  endfacet
  facet normal -0.729873 -0.683582 0
    outer loop
      vertex 5.01853 4.40113 0.549999
      vertex 4.71994 4.71994 1
      vertex 4.71994 4.71994 0.549999
    endloop
  endfacet
  facet normal -0.729873 -0.683582 0
    outer loop
      vertex 4.71994 4.71994 1
      vertex 5.01853 4.40113 0.549999
      vertex 5.01853 4.40113 1
    endloop
  endfacet
  facet normal -0.812842 -0.582485 0
    outer loop
      vertex 5.55006 3.70843 0.549999
      vertex 5.29563 4.06348 1
      vertex 5.29563 4.06348 0.549999
    endloop
  endfacet
  facet normal -0.812842 -0.582485 0
    outer loop
      vertex 5.29563 4.06348 1
      vertex 5.55006 3.70843 0.549999
      vertex 5.55006 3.70843 1
    endloop
  endfacet
  facet normal -0.910857 -0.412721 0
    outer loop
      vertex 6.1669 2.55441 0.549999
      vertex 5.98662 2.95228 1
      vertex 5.98662 2.95228 0.549999
    endloop
  endfacet
  facet normal -0.910857 -0.412721 0
    outer loop
      vertex 5.98662 2.95228 1
      vertex 6.1669 2.55441 0.549999
      vertex 6.1669 2.55441 1
    endloop
  endfacet
  facet normal -0.0327153 -0.999465 0
    outer loop
      vertex 0 6.675 0.549999
      vertex 0.436565 6.66071 1
      vertex 0 6.675 1
    endloop
  endfacet
  facet normal -0.0327153 -0.999465 -0
    outer loop
      vertex 0.436565 6.66071 1
      vertex 0 6.675 0.549999
      vertex 0.436565 6.66071 0.549999
    endloop
  endfacet
  facet normal -0.352247 -0.935907 0
    outer loop
      vertex 2.14561 6.32076 0.549999
      vertex 2.55441 6.1669 1
      vertex 2.14561 6.32076 1
    endloop
  endfacet
  facet normal -0.352247 -0.935907 -0
    outer loop
      vertex 2.55441 6.1669 1
      vertex 2.14561 6.32076 0.549999
      vertex 2.55441 6.1669 0.549999
    endloop
  endfacet
  facet normal -0.290272 -0.956944 0
    outer loop
      vertex 1.72762 6.44755 0.549999
      vertex 2.14561 6.32076 1
      vertex 1.72762 6.44755 1
    endloop
  endfacet
  facet normal -0.290272 -0.956944 -0
    outer loop
      vertex 2.14561 6.32076 1
      vertex 1.72762 6.44755 0.549999
      vertex 2.14561 6.32076 0.549999
    endloop
  endfacet
  facet normal -0.412721 -0.910857 0
    outer loop
      vertex 2.55441 6.1669 0.549999
      vertex 2.95228 5.98662 1
      vertex 2.55441 6.1669 1
    endloop
  endfacet
  facet normal -0.412721 -0.910857 -0
    outer loop
      vertex 2.95228 5.98662 1
      vertex 2.55441 6.1669 0.549999
      vertex 2.95228 5.98662 0.549999
    endloop
  endfacet
  facet normal -0.683582 -0.729873 0
    outer loop
      vertex 4.40113 5.01853 0.549999
      vertex 4.71994 4.71994 1
      vertex 4.40113 5.01853 1
    endloop
  endfacet
  facet normal -0.683582 -0.729873 -0
    outer loop
      vertex 4.71994 4.71994 1
      vertex 4.40113 5.01853 0.549999
      vertex 4.71994 4.71994 0.549999
    endloop
  endfacet
  facet normal 0.999465 -0.0327153 0
    outer loop
      vertex -6.675 0 1
      vertex -6.66071 0.436565 0.549999
      vertex -6.66071 0.436565 1
    endloop
  endfacet
  facet normal 0.999465 -0.0327153 0
    outer loop
      vertex -6.66071 0.436565 0.549999
      vertex -6.675 0 1
      vertex -6.675 0 0.549999
    endloop
  endfacet
  facet normal 0.729873 -0.683582 0
    outer loop
      vertex -5.01853 4.40113 1
      vertex -4.71994 4.71994 0.549999
      vertex -4.71994 4.71994 1
    endloop
  endfacet
  facet normal 0.729873 -0.683582 0
    outer loop
      vertex -4.71994 4.71994 0.549999
      vertex -5.01853 4.40113 1
      vertex -5.01853 4.40113 0.549999
    endloop
  endfacet
  facet normal 0.773013 -0.63439 0
    outer loop
      vertex -5.29563 4.06348 1
      vertex -5.01853 4.40113 0.549999
      vertex -5.01853 4.40113 1
    endloop
  endfacet
  facet normal 0.773013 -0.63439 0
    outer loop
      vertex -5.01853 4.40113 0.549999
      vertex -5.29563 4.06348 1
      vertex -5.29563 4.06348 0.549999
    endloop
  endfacet
  facet normal 0.910857 -0.412721 0
    outer loop
      vertex -6.1669 2.55441 1
      vertex -5.98662 2.95228 0.549999
      vertex -5.98662 2.95228 1
    endloop
  endfacet
  facet normal 0.910857 -0.412721 0
    outer loop
      vertex -5.98662 2.95228 0.549999
      vertex -6.1669 2.55441 1
      vertex -6.1669 2.55441 0.549999
    endloop
  endfacet
  facet normal 0.881925 -0.471389 0
    outer loop
      vertex -5.98662 2.95228 1
      vertex -5.78072 3.3375 0.549999
      vertex -5.78072 3.3375 1
    endloop
  endfacet
  facet normal 0.881925 -0.471389 0
    outer loop
      vertex -5.78072 3.3375 0.549999
      vertex -5.98662 2.95228 1
      vertex -5.98662 2.95228 0.549999
    endloop
  endfacet
  facet normal 0.935907 -0.352247 0
    outer loop
      vertex -6.32076 2.14561 1
      vertex -6.1669 2.55441 0.549999
      vertex -6.1669 2.55441 1
    endloop
  endfacet
  facet normal 0.935907 -0.352247 0
    outer loop
      vertex -6.1669 2.55441 0.549999
      vertex -6.32076 2.14561 1
      vertex -6.32076 2.14561 0.549999
    endloop
  endfacet
  facet normal 0.956944 -0.290272 0
    outer loop
      vertex -6.44755 1.72762 1
      vertex -6.32076 2.14561 0.549999
      vertex -6.32076 2.14561 1
    endloop
  endfacet
  facet normal 0.956944 -0.290272 0
    outer loop
      vertex -6.32076 2.14561 0.549999
      vertex -6.44755 1.72762 1
      vertex -6.44755 1.72762 0.549999
    endloop
  endfacet
  facet normal 0.683582 -0.729873 0
    outer loop
      vertex -4.71994 4.71994 0.549999
      vertex -4.40113 5.01853 1
      vertex -4.71994 4.71994 1
    endloop
  endfacet
  facet normal 0.683582 -0.729873 0
    outer loop
      vertex -4.40113 5.01853 1
      vertex -4.71994 4.71994 0.549999
      vertex -4.40113 5.01853 0.549999
    endloop
  endfacet
  facet normal 0.412721 -0.910857 0
    outer loop
      vertex -2.95228 5.98662 0.549999
      vertex -2.55441 6.1669 1
      vertex -2.95228 5.98662 1
    endloop
  endfacet
  facet normal 0.412721 -0.910857 0
    outer loop
      vertex -2.55441 6.1669 1
      vertex -2.95228 5.98662 0.549999
      vertex -2.55441 6.1669 0.549999
    endloop
  endfacet
  facet normal 0.471389 -0.881925 0
    outer loop
      vertex -3.3375 5.78072 0.549999
      vertex -2.95228 5.98662 1
      vertex -3.3375 5.78072 1
    endloop
  endfacet
  facet normal 0.471389 -0.881925 0
    outer loop
      vertex -2.95228 5.98662 1
      vertex -3.3375 5.78072 0.549999
      vertex -2.95228 5.98662 0.549999
    endloop
  endfacet
  facet normal 0.352247 -0.935907 0
    outer loop
      vertex -2.55441 6.1669 0.549999
      vertex -2.14561 6.32076 1
      vertex -2.55441 6.1669 1
    endloop
  endfacet
  facet normal 0.352247 -0.935907 0
    outer loop
      vertex -2.14561 6.32076 1
      vertex -2.55441 6.1669 0.549999
      vertex -2.14561 6.32076 0.549999
    endloop
  endfacet
  facet normal 0.0327153 -0.999465 0
    outer loop
      vertex -0.436565 6.66071 0.549999
      vertex 0 6.675 1
      vertex -0.436565 6.66071 1
    endloop
  endfacet
  facet normal 0.0327153 -0.999465 0
    outer loop
      vertex 0 6.675 1
      vertex -0.436565 6.66071 0.549999
      vertex 0 6.675 0.549999
    endloop
  endfacet
  facet normal -0.995183 0.0980309 0
    outer loop
      vertex 6.61789 -0.871262 0.549999
      vertex 6.66071 -0.436565 1
      vertex 6.66071 -0.436565 0.549999
    endloop
  endfacet
  facet normal -0.995183 0.0980309 0
    outer loop
      vertex 6.66071 -0.436565 1
      vertex 6.61789 -0.871262 0.549999
      vertex 6.61789 -0.871262 1
    endloop
  endfacet
  facet normal -0.0327153 0.999465 0
    outer loop
      vertex 0.436565 -6.66071 0.549999
      vertex 0 -6.675 1
      vertex 0.436565 -6.66071 1
    endloop
  endfacet
  facet normal -0.0327153 0.999465 0
    outer loop
      vertex 0 -6.675 1
      vertex 0.436565 -6.66071 0.549999
      vertex 0 -6.675 0.549999
    endloop
  endfacet
  facet normal -0.290272 0.956944 0
    outer loop
      vertex 2.14561 -6.32076 0.549999
      vertex 1.72762 -6.44755 1
      vertex 2.14561 -6.32076 1
    endloop
  endfacet
  facet normal -0.290272 0.956944 0
    outer loop
      vertex 1.72762 -6.44755 1
      vertex 2.14561 -6.32076 0.549999
      vertex 1.72762 -6.44755 0.549999
    endloop
  endfacet
  facet normal -0.528069 0.849201 0
    outer loop
      vertex 3.70843 -5.55006 0.549999
      vertex 3.3375 -5.78072 1
      vertex 3.70843 -5.55006 1
    endloop
  endfacet
  facet normal -0.528069 0.849201 0
    outer loop
      vertex 3.3375 -5.78072 1
      vertex 3.70843 -5.55006 0.549999
      vertex 3.3375 -5.78072 0.549999
    endloop
  endfacet
  facet normal -0.412721 0.910857 0
    outer loop
      vertex 2.95228 -5.98662 0.549999
      vertex 2.55441 -6.1669 1
      vertex 2.95228 -5.98662 1
    endloop
  endfacet
  facet normal -0.412721 0.910857 0
    outer loop
      vertex 2.55441 -6.1669 1
      vertex 2.95228 -5.98662 0.549999
      vertex 2.55441 -6.1669 0.549999
    endloop
  endfacet
  facet normal -0.729873 0.683582 0
    outer loop
      vertex 4.71994 -4.71994 0.549999
      vertex 5.01853 -4.40113 1
      vertex 5.01853 -4.40113 0.549999
    endloop
  endfacet
  facet normal -0.729873 0.683582 0
    outer loop
      vertex 5.01853 -4.40113 1
      vertex 4.71994 -4.71994 0.549999
      vertex 4.71994 -4.71994 1
    endloop
  endfacet
  facet normal -0.881925 0.471389 0
    outer loop
      vertex 5.78072 -3.3375 0.549999
      vertex 5.98662 -2.95228 1
      vertex 5.98662 -2.95228 0.549999
    endloop
  endfacet
  facet normal -0.881925 0.471389 0
    outer loop
      vertex 5.98662 -2.95228 1
      vertex 5.78072 -3.3375 0.549999
      vertex 5.78072 -3.3375 1
    endloop
  endfacet
  facet normal -0.935907 0.352247 0
    outer loop
      vertex 6.1669 -2.55441 0.549999
      vertex 6.32076 -2.14561 1
      vertex 6.32076 -2.14561 0.549999
    endloop
  endfacet
  facet normal -0.935907 0.352247 0
    outer loop
      vertex 6.32076 -2.14561 1
      vertex 6.1669 -2.55441 0.549999
      vertex 6.1669 -2.55441 1
    endloop
  endfacet
  facet normal -0.986644 0.162889 0
    outer loop
      vertex 6.54674 -1.30223 0.549999
      vertex 6.61789 -0.871262 1
      vertex 6.61789 -0.871262 0.549999
    endloop
  endfacet
  facet normal -0.986644 0.162889 0
    outer loop
      vertex 6.61789 -0.871262 1
      vertex 6.54674 -1.30223 0.549999
      vertex 6.54674 -1.30223 1
    endloop
  endfacet
  facet normal 0.683582 0.729873 -0
    outer loop
      vertex -4.40113 -5.01853 0.549999
      vertex -4.71994 -4.71994 1
      vertex -4.40113 -5.01853 1
    endloop
  endfacet
  facet normal 0.683582 0.729873 0
    outer loop
      vertex -4.71994 -4.71994 1
      vertex -4.40113 -5.01853 0.549999
      vertex -4.71994 -4.71994 0.549999
    endloop
  endfacet
  facet normal 0.412721 0.910857 -0
    outer loop
      vertex -2.55441 -6.1669 0.549999
      vertex -2.95228 -5.98662 1
      vertex -2.55441 -6.1669 1
    endloop
  endfacet
  facet normal 0.412721 0.910857 0
    outer loop
      vertex -2.95228 -5.98662 1
      vertex -2.55441 -6.1669 0.549999
      vertex -2.95228 -5.98662 0.549999
    endloop
  endfacet
  facet normal 0.227083 0.973875 -0
    outer loop
      vertex -1.30223 -6.54674 0.549999
      vertex -1.72762 -6.44755 1
      vertex -1.30223 -6.54674 1
    endloop
  endfacet
  facet normal 0.227083 0.973875 0
    outer loop
      vertex -1.72762 -6.44755 1
      vertex -1.30223 -6.54674 0.549999
      vertex -1.72762 -6.44755 0.549999
    endloop
  endfacet
  facet normal 0.471389 0.881925 -0
    outer loop
      vertex -2.95228 -5.98662 0.549999
      vertex -3.3375 -5.78072 1
      vertex -2.95228 -5.98662 1
    endloop
  endfacet
  facet normal 0.471389 0.881925 0
    outer loop
      vertex -3.3375 -5.78072 1
      vertex -2.95228 -5.98662 0.549999
      vertex -3.3375 -5.78072 0.549999
    endloop
  endfacet
  facet normal 0.773013 0.63439 0
    outer loop
      vertex -5.01853 -4.40113 1
      vertex -5.29563 -4.06348 0.549999
      vertex -5.29563 -4.06348 1
    endloop
  endfacet
  facet normal 0.773013 0.63439 0
    outer loop
      vertex -5.29563 -4.06348 0.549999
      vertex -5.01853 -4.40113 1
      vertex -5.01853 -4.40113 0.549999
    endloop
  endfacet
  facet normal 0.849201 0.528069 0
    outer loop
      vertex -5.55006 -3.70843 1
      vertex -5.78072 -3.3375 0.549999
      vertex -5.78072 -3.3375 1
    endloop
  endfacet
  facet normal 0.849201 0.528069 0
    outer loop
      vertex -5.78072 -3.3375 0.549999
      vertex -5.55006 -3.70843 1
      vertex -5.55006 -3.70843 0.549999
    endloop
  endfacet
  facet normal 0.986644 0.162889 0
    outer loop
      vertex -6.54674 -1.30223 1
      vertex -6.61789 -0.871262 0.549999
      vertex -6.61789 -0.871262 1
    endloop
  endfacet
  facet normal 0.986644 0.162889 0
    outer loop
      vertex -6.61789 -0.871262 0.549999
      vertex -6.54674 -1.30223 1
      vertex -6.54674 -1.30223 0.549999
    endloop
  endfacet
  facet normal 0.999465 0.0327153 0
    outer loop
      vertex -6.66071 -0.436565 1
      vertex -6.675 0 0.549999
      vertex -6.675 0 1
    endloop
  endfacet
  facet normal 0.999465 0.0327153 0
    outer loop
      vertex -6.675 0 0.549999
      vertex -6.66071 -0.436565 1
      vertex -6.66071 -0.436565 0.549999
    endloop
  endfacet
  facet normal 0.956944 0.290272 0
    outer loop
      vertex -6.32076 -2.14561 1
      vertex -6.44755 -1.72762 0.549999
      vertex -6.44755 -1.72762 1
    endloop
  endfacet
  facet normal 0.956944 0.290272 0
    outer loop
      vertex -6.44755 -1.72762 0.549999
      vertex -6.32076 -2.14561 1
      vertex -6.32076 -2.14561 0.549999
    endloop
  endfacet
  facet normal 0.935907 0.352247 0
    outer loop
      vertex -6.1669 -2.55441 1
      vertex -6.32076 -2.14561 0.549999
      vertex -6.32076 -2.14561 1
    endloop
  endfacet
  facet normal 0.935907 0.352247 0
    outer loop
      vertex -6.32076 -2.14561 0.549999
      vertex -6.1669 -2.55441 1
      vertex -6.1669 -2.55441 0.549999
    endloop
  endfacet
  facet normal -0.999465 0.0327153 0
    outer loop
      vertex 6.66071 -0.436565 0.549999
      vertex 6.675 0 1
      vertex 6.675 0 0.549999
    endloop
  endfacet
  facet normal -0.999465 0.0327153 0
    outer loop
      vertex 6.675 0 1
      vertex 6.66071 -0.436565 0.549999
      vertex 6.66071 -0.436565 1
    endloop
  endfacet
  facet normal -0.0980309 0.995183 0
    outer loop
      vertex 0.871262 -6.61789 0.549999
      vertex 0.436565 -6.66071 1
      vertex 0.871262 -6.61789 1
    endloop
  endfacet
  facet normal -0.0980309 0.995183 0
    outer loop
      vertex 0.436565 -6.66071 1
      vertex 0.871262 -6.61789 0.549999
      vertex 0.436565 -6.66071 0.549999
    endloop
  endfacet
  facet normal -0.352247 0.935907 0
    outer loop
      vertex 2.55441 -6.1669 0.549999
      vertex 2.14561 -6.32076 1
      vertex 2.55441 -6.1669 1
    endloop
  endfacet
  facet normal -0.352247 0.935907 0
    outer loop
      vertex 2.14561 -6.32076 1
      vertex 2.55441 -6.1669 0.549999
      vertex 2.14561 -6.32076 0.549999
    endloop
  endfacet
  facet normal -0.683582 0.729873 0
    outer loop
      vertex 4.71994 -4.71994 0.549999
      vertex 4.40113 -5.01853 1
      vertex 4.71994 -4.71994 1
    endloop
  endfacet
  facet normal -0.683582 0.729873 0
    outer loop
      vertex 4.40113 -5.01853 1
      vertex 4.71994 -4.71994 0.549999
      vertex 4.40113 -5.01853 0.549999
    endloop
  endfacet
  facet normal -0.471389 0.881925 0
    outer loop
      vertex 3.3375 -5.78072 0.549999
      vertex 2.95228 -5.98662 1
      vertex 3.3375 -5.78072 1
    endloop
  endfacet
  facet normal -0.471389 0.881925 0
    outer loop
      vertex 2.95228 -5.98662 1
      vertex 3.3375 -5.78072 0.549999
      vertex 2.95228 -5.98662 0.549999
    endloop
  endfacet
  facet normal -0.773013 0.63439 0
    outer loop
      vertex 5.01853 -4.40113 0.549999
      vertex 5.29563 -4.06348 1
      vertex 5.29563 -4.06348 0.549999
    endloop
  endfacet
  facet normal -0.773013 0.63439 0
    outer loop
      vertex 5.29563 -4.06348 1
      vertex 5.01853 -4.40113 0.549999
      vertex 5.01853 -4.40113 1
    endloop
  endfacet
  facet normal -0.910857 0.412721 0
    outer loop
      vertex 5.98662 -2.95228 0.549999
      vertex 6.1669 -2.55441 1
      vertex 6.1669 -2.55441 0.549999
    endloop
  endfacet
  facet normal -0.910857 0.412721 0
    outer loop
      vertex 6.1669 -2.55441 1
      vertex 5.98662 -2.95228 0.549999
      vertex 5.98662 -2.95228 1
    endloop
  endfacet
  facet normal -0.956944 0.290272 0
    outer loop
      vertex 6.32076 -2.14561 0.549999
      vertex 6.44755 -1.72762 1
      vertex 6.44755 -1.72762 0.549999
    endloop
  endfacet
  facet normal -0.956944 0.290272 0
    outer loop
      vertex 6.44755 -1.72762 1
      vertex 6.32076 -2.14561 0.549999
      vertex 6.32076 -2.14561 1
    endloop
  endfacet
  facet normal 0.290272 0.956944 -0
    outer loop
      vertex -1.72762 -6.44755 0.549999
      vertex -2.14561 -6.32076 1
      vertex -1.72762 -6.44755 1
    endloop
  endfacet
  facet normal 0.290272 0.956944 0
    outer loop
      vertex -2.14561 -6.32076 1
      vertex -1.72762 -6.44755 0.549999
      vertex -2.14561 -6.32076 0.549999
    endloop
  endfacet
  facet normal 0.0327153 0.999465 -0
    outer loop
      vertex 0 -6.675 0.549999
      vertex -0.436565 -6.66071 1
      vertex 0 -6.675 1
    endloop
  endfacet
  facet normal 0.0327153 0.999465 0
    outer loop
      vertex -0.436565 -6.66071 1
      vertex 0 -6.675 0.549999
      vertex -0.436565 -6.66071 0.549999
    endloop
  endfacet
  facet normal 0.63439 0.773013 -0
    outer loop
      vertex -4.06348 -5.29563 0.549999
      vertex -4.40113 -5.01853 1
      vertex -4.06348 -5.29563 1
    endloop
  endfacet
  facet normal 0.63439 0.773013 0
    outer loop
      vertex -4.40113 -5.01853 1
      vertex -4.06348 -5.29563 0.549999
      vertex -4.40113 -5.01853 0.549999
    endloop
  endfacet
  facet normal 0.881925 0.471389 0
    outer loop
      vertex -5.78072 -3.3375 1
      vertex -5.98662 -2.95228 0.549999
      vertex -5.98662 -2.95228 1
    endloop
  endfacet
  facet normal 0.881925 0.471389 0
    outer loop
      vertex -5.98662 -2.95228 0.549999
      vertex -5.78072 -3.3375 1
      vertex -5.78072 -3.3375 0.549999
    endloop
  endfacet
  facet normal 0.995183 0.0980309 0
    outer loop
      vertex -6.61789 -0.871262 1
      vertex -6.66071 -0.436565 0.549999
      vertex -6.66071 -0.436565 1
    endloop
  endfacet
  facet normal 0.995183 0.0980309 0
    outer loop
      vertex -6.66071 -0.436565 0.549999
      vertex -6.61789 -0.871262 1
      vertex -6.61789 -0.871262 0.549999
    endloop
  endfacet
endsolid OpenSCAD_Model
