solid OpenSCAD_Model
  facet normal 0.999465 -0.0326953 0
    outer loop
      vertex 34.8838 -59.1066 2.6
      vertex 34.92 -58 2
      vertex 34.92 -58 2.6
    endloop
  endfacet
  facet normal 0.999465 -0.0326953 0
    outer loop
      vertex 34.92 -58 2
      vertex 34.8838 -59.1066 2.6
      vertex 34.8838 -59.1066 2
    endloop
  endfacet
  facet normal -0.999464 -0.0327224 0
    outer loop
      vertex 1.11623 -59.1066 2
      vertex 1.08 -58 2.6
      vertex 1.08 -58 2
    endloop
  endfacet
  facet normal -0.999464 -0.0327224 0
    outer loop
      vertex 1.08 -58 2.6
      vertex 1.11623 -59.1066 2
      vertex 1.11623 -59.1066 2.6
    endloop
  endfacet
  facet normal -0.0326953 -0.999465 0
    outer loop
      vertex 16.8934 -74.8838 2
      vertex 18 -74.92 2.6
      vertex 16.8934 -74.8838 2.6
    endloop
  endfacet
  facet normal -0.0326953 -0.999465 -0
    outer loop
      vertex 18 -74.92 2.6
      vertex 16.8934 -74.8838 2
      vertex 18 -74.92 2
    endloop
  endfacet
  facet normal 0.0326953 0.999465 -0
    outer loop
      vertex 19.1066 -41.1162 2
      vertex 18 -41.08 2.6
      vertex 19.1066 -41.1162 2.6
    endloop
  endfacet
  facet normal 0.0326953 0.999465 0
    outer loop
      vertex 18 -41.08 2.6
      vertex 19.1066 -41.1162 2
      vertex 18 -41.08 2
    endloop
  endfacet
  facet normal 0.683608 -0.72985 0
    outer loop
      vertex 29.1561 -70.7211 2
      vertex 29.9642 -69.9642 2.6
      vertex 29.1561 -70.7211 2.6
    endloop
  endfacet
  facet normal 0.683608 -0.72985 0
    outer loop
      vertex 29.9642 -69.9642 2.6
      vertex 29.1561 -70.7211 2
      vertex 29.9642 -69.9642 2
    endloop
  endfacet
  facet normal -0.729859 -0.683598 0
    outer loop
      vertex 6.03575 -69.9642 2
      vertex 5.27887 -69.1561 2.6
      vertex 5.27887 -69.1561 2
    endloop
  endfacet
  facet normal -0.729859 -0.683598 0
    outer loop
      vertex 5.27887 -69.1561 2.6
      vertex 6.03575 -69.9642 2
      vertex 6.03575 -69.9642 2.6
    endloop
  endfacet
  facet normal -0.412673 -0.910879 0
    outer loop
      vertex 10.5165 -73.1751 2
      vertex 11.525 -73.632 2.6
      vertex 10.5165 -73.1751 2.6
    endloop
  endfacet
  facet normal -0.412673 -0.910879 -0
    outer loop
      vertex 11.525 -73.632 2.6
      vertex 10.5165 -73.1751 2
      vertex 11.525 -73.632 2
    endloop
  endfacet
  facet normal 0.910879 -0.412673 0
    outer loop
      vertex 33.1751 -65.4835 2.6
      vertex 33.632 -64.475 2
      vertex 33.632 -64.475 2.6
    endloop
  endfacet
  facet normal 0.910879 -0.412673 0
    outer loop
      vertex 33.632 -64.475 2
      vertex 33.1751 -65.4835 2.6
      vertex 33.1751 -65.4835 2
    endloop
  endfacet
  facet normal 0.352331 -0.935876 0
    outer loop
      vertex 23.4388 -74.0221 2
      vertex 24.475 -73.632 2.6
      vertex 23.4388 -74.0221 2.6
    endloop
  endfacet
  facet normal 0.352331 -0.935876 0
    outer loop
      vertex 24.475 -73.632 2.6
      vertex 23.4388 -74.0221 2
      vertex 24.475 -73.632 2
    endloop
  endfacet
  facet normal 0.528098 -0.849184 0
    outer loop
      vertex 26.46 -72.6532 2
      vertex 27.4002 -72.0685 2.6
      vertex 26.46 -72.6532 2.6
    endloop
  endfacet
  facet normal 0.528098 -0.849184 0
    outer loop
      vertex 27.4002 -72.0685 2.6
      vertex 26.46 -72.6532 2
      vertex 27.4002 -72.0685 2
    endloop
  endfacet
  facet normal -0.935899 -0.352267 0
    outer loop
      vertex 2.36796 -64.475 2
      vertex 1.97794 -63.4388 2.6
      vertex 1.97794 -63.4388 2
    endloop
  endfacet
  facet normal -0.935899 -0.352267 0
    outer loop
      vertex 1.97794 -63.4388 2.6
      vertex 2.36796 -64.475 2
      vertex 2.36796 -64.475 2.6
    endloop
  endfacet
  facet normal -0.227055 -0.973882 0
    outer loop
      vertex 13.6208 -74.3435 2
      vertex 14.6991 -74.5949 2.6
      vertex 13.6208 -74.3435 2.6
    endloop
  endfacet
  facet normal -0.227055 -0.973882 -0
    outer loop
      vertex 14.6991 -74.5949 2.6
      vertex 13.6208 -74.3435 2
      vertex 14.6991 -74.5949 2
    endloop
  endfacet
  facet normal 0.973882 -0.227055 0
    outer loop
      vertex 34.3435 -62.3792 2.6
      vertex 34.5949 -61.3009 2
      vertex 34.5949 -61.3009 2.6
    endloop
  endfacet
  facet normal 0.973882 -0.227055 0
    outer loop
      vertex 34.5949 -61.3009 2
      vertex 34.3435 -62.3792 2.6
      vertex 34.3435 -62.3792 2
    endloop
  endfacet
  facet normal 0.956947 -0.290263 0
    outer loop
      vertex 34.0221 -63.4388 2.6
      vertex 34.3435 -62.3792 2
      vertex 34.3435 -62.3792 2.6
    endloop
  endfacet
  facet normal 0.956947 -0.290263 0
    outer loop
      vertex 34.3435 -62.3792 2
      vertex 34.0221 -63.4388 2.6
      vertex 34.0221 -63.4388 2
    endloop
  endfacet
  facet normal 0.812817 -0.582519 0
    outer loop
      vertex 31.4235 -68.3002 2.6
      vertex 32.0685 -67.4002 2
      vertex 32.0685 -67.4002 2.6
    endloop
  endfacet
  facet normal 0.812817 -0.582519 0
    outer loop
      vertex 32.0685 -67.4002 2
      vertex 31.4235 -68.3002 2.6
      vertex 31.4235 -68.3002 2
    endloop
  endfacet
  facet normal 0.773019 -0.634383 0
    outer loop
      vertex 30.7211 -69.1561 2.6
      vertex 31.4235 -68.3002 2
      vertex 31.4235 -68.3002 2.6
    endloop
  endfacet
  facet normal 0.773019 -0.634383 0
    outer loop
      vertex 31.4235 -68.3002 2
      vertex 30.7211 -69.1561 2.6
      vertex 30.7211 -69.1561 2
    endloop
  endfacet
  facet normal 0.881903 -0.471432 0
    outer loop
      vertex 32.6531 -66.46 2.6
      vertex 33.1751 -65.4835 2
      vertex 33.1751 -65.4835 2.6
    endloop
  endfacet
  facet normal 0.881903 -0.471432 0
    outer loop
      vertex 33.1751 -65.4835 2
      vertex 32.6531 -66.46 2.6
      vertex 32.6531 -66.46 2
    endloop
  endfacet
  facet normal 0.162846 -0.986651 0
    outer loop
      vertex 20.2085 -74.7752 2
      vertex 21.3009 -74.5949 2.6
      vertex 20.2085 -74.7752 2.6
    endloop
  endfacet
  facet normal 0.162846 -0.986651 0
    outer loop
      vertex 21.3009 -74.5949 2.6
      vertex 20.2085 -74.7752 2
      vertex 21.3009 -74.5949 2
    endloop
  endfacet
  facet normal 0.0980818 -0.995178 0
    outer loop
      vertex 19.1066 -74.8838 2
      vertex 20.2085 -74.7752 2.6
      vertex 19.1066 -74.8838 2.6
    endloop
  endfacet
  facet normal 0.0980818 -0.995178 0
    outer loop
      vertex 20.2085 -74.7752 2.6
      vertex 19.1066 -74.8838 2
      vertex 20.2085 -74.7752 2
    endloop
  endfacet
  facet normal 0.471362 -0.88194 0
    outer loop
      vertex 25.4835 -73.1751 2
      vertex 26.46 -72.6532 2.6
      vertex 25.4835 -73.1751 2.6
    endloop
  endfacet
  facet normal 0.471362 -0.88194 0
    outer loop
      vertex 26.46 -72.6532 2.6
      vertex 25.4835 -73.1751 2
      vertex 26.46 -72.6532 2
    endloop
  endfacet
  facet normal 0.634383 -0.773019 0
    outer loop
      vertex 28.3002 -71.4235 2
      vertex 29.1561 -70.7211 2.6
      vertex 28.3002 -71.4235 2.6
    endloop
  endfacet
  facet normal 0.634383 -0.773019 0
    outer loop
      vertex 29.1561 -70.7211 2.6
      vertex 28.3002 -71.4235 2
      vertex 29.1561 -70.7211 2
    endloop
  endfacet
  facet normal -0.973876 -0.227081 0
    outer loop
      vertex 1.65654 -62.3792 2
      vertex 1.40511 -61.3009 2.6
      vertex 1.40511 -61.3009 2
    endloop
  endfacet
  facet normal -0.973876 -0.227081 0
    outer loop
      vertex 1.40511 -61.3009 2.6
      vertex 1.65654 -62.3792 2
      vertex 1.65654 -62.3792 2.6
    endloop
  endfacet
  facet normal -0.849192 -0.528085 0
    outer loop
      vertex 3.93153 -67.4002 2
      vertex 3.34685 -66.46 2.6
      vertex 3.34685 -66.46 2
    endloop
  endfacet
  facet normal -0.849192 -0.528085 0
    outer loop
      vertex 3.34685 -66.46 2.6
      vertex 3.93153 -67.4002 2
      vertex 3.93153 -67.4002 2.6
    endloop
  endfacet
  facet normal -0.773014 -0.634388 0
    outer loop
      vertex 5.27887 -69.1561 2
      vertex 4.57646 -68.3002 2.6
      vertex 4.57646 -68.3002 2
    endloop
  endfacet
  facet normal -0.773014 -0.634388 0
    outer loop
      vertex 4.57646 -68.3002 2.6
      vertex 5.27887 -69.1561 2
      vertex 5.27887 -69.1561 2.6
    endloop
  endfacet
  facet normal -0.881925 -0.47139 0
    outer loop
      vertex 3.34685 -66.46 2
      vertex 2.82491 -65.4835 2.6
      vertex 2.82491 -65.4835 2
    endloop
  endfacet
  facet normal -0.881925 -0.47139 0
    outer loop
      vertex 2.82491 -65.4835 2.6
      vertex 3.34685 -66.46 2
      vertex 3.34685 -66.46 2.6
    endloop
  endfacet
  facet normal -0.956947 -0.290263 0
    outer loop
      vertex 1.97794 -63.4388 2
      vertex 1.65654 -62.3792 2.6
      vertex 1.65654 -62.3792 2
    endloop
  endfacet
  facet normal -0.956947 -0.290263 0
    outer loop
      vertex 1.65654 -62.3792 2.6
      vertex 1.97794 -63.4388 2
      vertex 1.97794 -63.4388 2.6
    endloop
  endfacet
  facet normal 0 0 -1
    outer loop
      vertex 23.76 -58 2
      vertex 34.92 -58 2
      vertex 34.8838 -59.1066 2
    endloop
  endfacet
  facet normal 0 0 -1
    outer loop
      vertex 23.7477 -58.3767 2
      vertex 34.8838 -59.1066 2
      vertex 34.7752 -60.2085 2
    endloop
  endfacet
  facet normal 0 0 -1
    outer loop
      vertex 34.92 -58 2
      vertex 23.76 -58 2
      vertex 34.8838 -56.8934 2
    endloop
  endfacet
  facet normal 0 0 -1
    outer loop
      vertex 23.7107 -58.7518 2
      vertex 34.7752 -60.2085 2
      vertex 34.5949 -61.3009 2
    endloop
  endfacet
  facet normal 0 0 -1
    outer loop
      vertex 23.7477 -57.6233 2
      vertex 34.8838 -56.8934 2
      vertex 23.76 -58 2
    endloop
  endfacet
  facet normal 0 0 -1
    outer loop
      vertex 23.6493 -59.1237 2
      vertex 34.5949 -61.3009 2
      vertex 34.3435 -62.3792 2
    endloop
  endfacet
  facet normal -0 0 -1
    outer loop
      vertex 34.8838 -56.8934 2
      vertex 23.7477 -57.6233 2
      vertex 34.7752 -55.7915 2
    endloop
  endfacet
  facet normal 0 0 -1
    outer loop
      vertex 23.5637 -59.4908 2
      vertex 34.3435 -62.3792 2
      vertex 34.0221 -63.4388 2
    endloop
  endfacet
  facet normal 0 0 -1
    outer loop
      vertex 23.7107 -57.2482 2
      vertex 34.7752 -55.7915 2
      vertex 23.7477 -57.6233 2
    endloop
  endfacet
  facet normal 0 0 -1
    outer loop
      vertex 23.4543 -59.8515 2
      vertex 34.0221 -63.4388 2
      vertex 33.632 -64.475 2
    endloop
  endfacet
  facet normal -0 0 -1
    outer loop
      vertex 34.7752 -55.7915 2
      vertex 23.7107 -57.2482 2
      vertex 34.5949 -54.6991 2
    endloop
  endfacet
  facet normal 0 0 -1
    outer loop
      vertex 23.3215 -60.2043 2
      vertex 33.632 -64.475 2
      vertex 33.1751 -65.4835 2
    endloop
  endfacet
  facet normal 0 0 -1
    outer loop
      vertex 23.6493 -56.8763 2
      vertex 34.5949 -54.6991 2
      vertex 23.7107 -57.2482 2
    endloop
  endfacet
  facet normal 0 0 -1
    outer loop
      vertex 23.166 -60.5476 2
      vertex 33.1751 -65.4835 2
      vertex 32.6531 -66.46 2
    endloop
  endfacet
  facet normal -0 0 -1
    outer loop
      vertex 34.5949 -54.6991 2
      vertex 23.6493 -56.8763 2
      vertex 34.3435 -53.6208 2
    endloop
  endfacet
  facet normal 0 0 -1
    outer loop
      vertex 22.9883 -60.88 2
      vertex 32.6531 -66.46 2
      vertex 32.0685 -67.4002 2
    endloop
  endfacet
  facet normal 0 0 -1
    outer loop
      vertex 23.5637 -56.5092 2
      vertex 34.3435 -53.6208 2
      vertex 23.6493 -56.8763 2
    endloop
  endfacet
  facet normal 0 0 -1
    outer loop
      vertex 22.7893 -61.2001 2
      vertex 32.0685 -67.4002 2
      vertex 31.4235 -68.3002 2
    endloop
  endfacet
  facet normal -0 0 -1
    outer loop
      vertex 34.3435 -53.6208 2
      vertex 23.5637 -56.5092 2
      vertex 34.0221 -52.5612 2
    endloop
  endfacet
  facet normal 0 0 -1
    outer loop
      vertex 22.5697 -61.5065 2
      vertex 31.4235 -68.3002 2
      vertex 30.7211 -69.1561 2
    endloop
  endfacet
  facet normal 0 0 -1
    outer loop
      vertex 23.4543 -56.1485 2
      vertex 34.0221 -52.5612 2
      vertex 23.5637 -56.5092 2
    endloop
  endfacet
  facet normal 0 0 -1
    outer loop
      vertex 22.3306 -61.7978 2
      vertex 30.7211 -69.1561 2
      vertex 29.9642 -69.9642 2
    endloop
  endfacet
  facet normal -0 0 -1
    outer loop
      vertex 34.0221 -52.5612 2
      vertex 23.4543 -56.1485 2
      vertex 33.632 -51.525 2
    endloop
  endfacet
  facet normal 0 0 -1
    outer loop
      vertex 22.0729 -62.0729 2
      vertex 29.9642 -69.9642 2
      vertex 29.1561 -70.7211 2
    endloop
  endfacet
  facet normal 0 0 -1
    outer loop
      vertex 23.3215 -55.7957 2
      vertex 33.632 -51.525 2
      vertex 23.4543 -56.1485 2
    endloop
  endfacet
  facet normal 0 0 -1
    outer loop
      vertex 21.7978 -62.3306 2
      vertex 29.1561 -70.7211 2
      vertex 28.3002 -71.4235 2
    endloop
  endfacet
  facet normal -0 0 -1
    outer loop
      vertex 33.632 -51.525 2
      vertex 23.3215 -55.7957 2
      vertex 33.1751 -50.5165 2
    endloop
  endfacet
  facet normal 0 0 -1
    outer loop
      vertex 21.5065 -62.5697 2
      vertex 28.3002 -71.4235 2
      vertex 27.4002 -72.0685 2
    endloop
  endfacet
  facet normal 0 0 -1
    outer loop
      vertex 23.166 -55.4524 2
      vertex 33.1751 -50.5165 2
      vertex 23.3215 -55.7957 2
    endloop
  endfacet
  facet normal 0 0 -1
    outer loop
      vertex 21.2001 -62.7893 2
      vertex 27.4002 -72.0685 2
      vertex 26.46 -72.6532 2
    endloop
  endfacet
  facet normal -0 0 -1
    outer loop
      vertex 33.1751 -50.5165 2
      vertex 23.166 -55.4524 2
      vertex 32.6531 -49.54 2
    endloop
  endfacet
  facet normal 0 0 -1
    outer loop
      vertex 20.88 -62.9883 2
      vertex 26.46 -72.6532 2
      vertex 25.4835 -73.1751 2
    endloop
  endfacet
  facet normal 0 0 -1
    outer loop
      vertex 22.9883 -55.12 2
      vertex 32.6531 -49.54 2
      vertex 23.166 -55.4524 2
    endloop
  endfacet
  facet normal 0 0 -1
    outer loop
      vertex 20.5476 -63.166 2
      vertex 25.4835 -73.1751 2
      vertex 24.475 -73.632 2
    endloop
  endfacet
  facet normal -0 0 -1
    outer loop
      vertex 32.6531 -49.54 2
      vertex 22.9883 -55.12 2
      vertex 32.0685 -48.5998 2
    endloop
  endfacet
  facet normal 0 0 -1
    outer loop
      vertex 22.7893 -54.7999 2
      vertex 32.0685 -48.5998 2
      vertex 22.9883 -55.12 2
    endloop
  endfacet
  facet normal 0 0 -1
    outer loop
      vertex 34.8838 -59.1066 2
      vertex 23.7477 -58.3767 2
      vertex 23.76 -58 2
    endloop
  endfacet
  facet normal 0 0 -1
    outer loop
      vertex 34.7752 -60.2085 2
      vertex 23.7107 -58.7518 2
      vertex 23.7477 -58.3767 2
    endloop
  endfacet
  facet normal 0 0 -1
    outer loop
      vertex 34.5949 -61.3009 2
      vertex 23.6493 -59.1237 2
      vertex 23.7107 -58.7518 2
    endloop
  endfacet
  facet normal 0 0 -1
    outer loop
      vertex 34.3435 -62.3792 2
      vertex 23.5637 -59.4908 2
      vertex 23.6493 -59.1237 2
    endloop
  endfacet
  facet normal 0 0 -1
    outer loop
      vertex 34.0221 -63.4388 2
      vertex 23.4543 -59.8515 2
      vertex 23.5637 -59.4908 2
    endloop
  endfacet
  facet normal 0 0 -1
    outer loop
      vertex 20.2043 -63.3215 2
      vertex 24.475 -73.632 2
      vertex 23.4388 -74.0221 2
    endloop
  endfacet
  facet normal 0 0 -1
    outer loop
      vertex 33.632 -64.475 2
      vertex 23.3215 -60.2043 2
      vertex 23.4543 -59.8515 2
    endloop
  endfacet
  facet normal 0 0 -1
    outer loop
      vertex 33.1751 -65.4835 2
      vertex 23.166 -60.5476 2
      vertex 23.3215 -60.2043 2
    endloop
  endfacet
  facet normal 0 0 -1
    outer loop
      vertex 32.6531 -66.46 2
      vertex 22.9883 -60.88 2
      vertex 23.166 -60.5476 2
    endloop
  endfacet
  facet normal 0 0 -1
    outer loop
      vertex 32.0685 -67.4002 2
      vertex 22.7893 -61.2001 2
      vertex 22.9883 -60.88 2
    endloop
  endfacet
  facet normal 0 0 -1
    outer loop
      vertex 31.4235 -68.3002 2
      vertex 22.5697 -61.5065 2
      vertex 22.7893 -61.2001 2
    endloop
  endfacet
  facet normal 0 0 -1
    outer loop
      vertex 19.8515 -63.4543 2
      vertex 23.4388 -74.0221 2
      vertex 22.3792 -74.3435 2
    endloop
  endfacet
  facet normal 0 0 -1
    outer loop
      vertex 30.7211 -69.1561 2
      vertex 22.3306 -61.7978 2
      vertex 22.5697 -61.5065 2
    endloop
  endfacet
  facet normal 0 0 -1
    outer loop
      vertex 29.9642 -69.9642 2
      vertex 22.0729 -62.0729 2
      vertex 22.3306 -61.7978 2
    endloop
  endfacet
  facet normal 0 0 -1
    outer loop
      vertex 29.1561 -70.7211 2
      vertex 21.7978 -62.3306 2
      vertex 22.0729 -62.0729 2
    endloop
  endfacet
  facet normal 0 0 -1
    outer loop
      vertex 28.3002 -71.4235 2
      vertex 21.5065 -62.5697 2
      vertex 21.7978 -62.3306 2
    endloop
  endfacet
  facet normal 0 0 -1
    outer loop
      vertex 19.4908 -63.5637 2
      vertex 22.3792 -74.3435 2
      vertex 21.3009 -74.5949 2
    endloop
  endfacet
  facet normal 0 0 -1
    outer loop
      vertex 27.4002 -72.0685 2
      vertex 21.2001 -62.7893 2
      vertex 21.5065 -62.5697 2
    endloop
  endfacet
  facet normal 0 0 -1
    outer loop
      vertex 26.46 -72.6532 2
      vertex 20.88 -62.9883 2
      vertex 21.2001 -62.7893 2
    endloop
  endfacet
  facet normal 0 0 -1
    outer loop
      vertex 25.4835 -73.1751 2
      vertex 20.5476 -63.166 2
      vertex 20.88 -62.9883 2
    endloop
  endfacet
  facet normal 0 0 -1
    outer loop
      vertex 19.1237 -63.6493 2
      vertex 21.3009 -74.5949 2
      vertex 20.2085 -74.7752 2
    endloop
  endfacet
  facet normal 0 0 -1
    outer loop
      vertex 24.475 -73.632 2
      vertex 20.2043 -63.3215 2
      vertex 20.5476 -63.166 2
    endloop
  endfacet
  facet normal 0 0 -1
    outer loop
      vertex 23.4388 -74.0221 2
      vertex 19.8515 -63.4543 2
      vertex 20.2043 -63.3215 2
    endloop
  endfacet
  facet normal 0 0 -1
    outer loop
      vertex 22.3792 -74.3435 2
      vertex 19.4908 -63.5637 2
      vertex 19.8515 -63.4543 2
    endloop
  endfacet
  facet normal 0 0 -1
    outer loop
      vertex 21.3009 -74.5949 2
      vertex 19.1237 -63.6493 2
      vertex 19.4908 -63.5637 2
    endloop
  endfacet
  facet normal 0 0 -1
    outer loop
      vertex 18.7518 -63.7107 2
      vertex 20.2085 -74.7752 2
      vertex 19.1066 -74.8838 2
    endloop
  endfacet
  facet normal 0 0 -1
    outer loop
      vertex 20.2085 -74.7752 2
      vertex 18.7518 -63.7107 2
      vertex 19.1237 -63.6493 2
    endloop
  endfacet
  facet normal 0 0 -1
    outer loop
      vertex 19.1066 -74.8838 2
      vertex 18.3767 -63.7477 2
      vertex 18.7518 -63.7107 2
    endloop
  endfacet
  facet normal 0 0 -1
    outer loop
      vertex 18 -74.92 2
      vertex 18.3767 -63.7477 2
      vertex 19.1066 -74.8838 2
    endloop
  endfacet
  facet normal 0 0 -1
    outer loop
      vertex 18 -74.92 2
      vertex 18 -63.76 2
      vertex 18.3767 -63.7477 2
    endloop
  endfacet
  facet normal 0 0 -1
    outer loop
      vertex 18 -74.92 2
      vertex 17.6233 -63.7477 2
      vertex 18 -63.76 2
    endloop
  endfacet
  facet normal 0 0 -1
    outer loop
      vertex 16.8934 -74.8838 2
      vertex 17.6233 -63.7477 2
      vertex 18 -74.92 2
    endloop
  endfacet
  facet normal -0 0 -1
    outer loop
      vertex 17.6233 -63.7477 2
      vertex 16.8934 -74.8838 2
      vertex 17.2482 -63.7107 2
    endloop
  endfacet
  facet normal 0 0 -1
    outer loop
      vertex 15.7915 -74.7752 2
      vertex 17.2482 -63.7107 2
      vertex 16.8934 -74.8838 2
    endloop
  endfacet
  facet normal -0 0 -1
    outer loop
      vertex 17.2482 -63.7107 2
      vertex 15.7915 -74.7752 2
      vertex 16.8763 -63.6493 2
    endloop
  endfacet
  facet normal 0 0 -1
    outer loop
      vertex 14.6991 -74.5949 2
      vertex 16.8763 -63.6493 2
      vertex 15.7915 -74.7752 2
    endloop
  endfacet
  facet normal -0 0 -1
    outer loop
      vertex 16.8763 -63.6493 2
      vertex 14.6991 -74.5949 2
      vertex 16.5092 -63.5637 2
    endloop
  endfacet
  facet normal 0 0 -1
    outer loop
      vertex 13.6208 -74.3435 2
      vertex 16.5092 -63.5637 2
      vertex 14.6991 -74.5949 2
    endloop
  endfacet
  facet normal -0 0 -1
    outer loop
      vertex 16.5092 -63.5637 2
      vertex 13.6208 -74.3435 2
      vertex 16.1485 -63.4543 2
    endloop
  endfacet
  facet normal 0 0 -1
    outer loop
      vertex 12.5612 -74.0221 2
      vertex 16.1485 -63.4543 2
      vertex 13.6208 -74.3435 2
    endloop
  endfacet
  facet normal -0 0 -1
    outer loop
      vertex 16.1485 -63.4543 2
      vertex 12.5612 -74.0221 2
      vertex 15.7957 -63.3215 2
    endloop
  endfacet
  facet normal 0 0 -1
    outer loop
      vertex 11.525 -73.632 2
      vertex 15.7957 -63.3215 2
      vertex 12.5612 -74.0221 2
    endloop
  endfacet
  facet normal -0 0 -1
    outer loop
      vertex 15.7957 -63.3215 2
      vertex 11.525 -73.632 2
      vertex 15.4524 -63.166 2
    endloop
  endfacet
  facet normal 0 0 -1
    outer loop
      vertex 10.5165 -73.1751 2
      vertex 15.4524 -63.166 2
      vertex 11.525 -73.632 2
    endloop
  endfacet
  facet normal -0 0 -1
    outer loop
      vertex 15.4524 -63.166 2
      vertex 10.5165 -73.1751 2
      vertex 15.12 -62.9883 2
    endloop
  endfacet
  facet normal 0 0 -1
    outer loop
      vertex 9.54 -72.6532 2
      vertex 15.12 -62.9883 2
      vertex 10.5165 -73.1751 2
    endloop
  endfacet
  facet normal -0 0 -1
    outer loop
      vertex 15.12 -62.9883 2
      vertex 9.54 -72.6532 2
      vertex 14.7999 -62.7893 2
    endloop
  endfacet
  facet normal 0 0 -1
    outer loop
      vertex 8.59975 -72.0685 2
      vertex 14.7999 -62.7893 2
      vertex 9.54 -72.6532 2
    endloop
  endfacet
  facet normal -0 0 -1
    outer loop
      vertex 14.7999 -62.7893 2
      vertex 8.59975 -72.0685 2
      vertex 14.4935 -62.5697 2
    endloop
  endfacet
  facet normal 0 0 -1
    outer loop
      vertex 7.69976 -71.4235 2
      vertex 14.4935 -62.5697 2
      vertex 8.59975 -72.0685 2
    endloop
  endfacet
  facet normal -0 0 -1
    outer loop
      vertex 14.4935 -62.5697 2
      vertex 7.69976 -71.4235 2
      vertex 14.2022 -62.3306 2
    endloop
  endfacet
  facet normal 0 0 -1
    outer loop
      vertex 6.84387 -70.7211 2
      vertex 14.2022 -62.3306 2
      vertex 7.69976 -71.4235 2
    endloop
  endfacet
  facet normal -0 0 -1
    outer loop
      vertex 14.2022 -62.3306 2
      vertex 6.84387 -70.7211 2
      vertex 13.9271 -62.0729 2
    endloop
  endfacet
  facet normal 0 0 -1
    outer loop
      vertex 6.03575 -69.9642 2
      vertex 13.9271 -62.0729 2
      vertex 6.84387 -70.7211 2
    endloop
  endfacet
  facet normal -0 0 -1
    outer loop
      vertex 13.9271 -62.0729 2
      vertex 6.03575 -69.9642 2
      vertex 13.6694 -61.7978 2
    endloop
  endfacet
  facet normal 0 0 -1
    outer loop
      vertex 5.27887 -69.1561 2
      vertex 13.6694 -61.7978 2
      vertex 6.03575 -69.9642 2
    endloop
  endfacet
  facet normal -0 0 -1
    outer loop
      vertex 13.6694 -61.7978 2
      vertex 5.27887 -69.1561 2
      vertex 13.4303 -61.5065 2
    endloop
  endfacet
  facet normal 0 0 -1
    outer loop
      vertex 4.57646 -68.3002 2
      vertex 13.4303 -61.5065 2
      vertex 5.27887 -69.1561 2
    endloop
  endfacet
  facet normal -0 0 -1
    outer loop
      vertex 13.4303 -61.5065 2
      vertex 4.57646 -68.3002 2
      vertex 13.2107 -61.2001 2
    endloop
  endfacet
  facet normal 0 0 -1
    outer loop
      vertex 3.93153 -67.4002 2
      vertex 13.2107 -61.2001 2
      vertex 4.57646 -68.3002 2
    endloop
  endfacet
  facet normal -0 0 -1
    outer loop
      vertex 32.0685 -48.5998 2
      vertex 22.7893 -54.7999 2
      vertex 31.4235 -47.6998 2
    endloop
  endfacet
  facet normal 0 0 -1
    outer loop
      vertex 22.5697 -54.4935 2
      vertex 31.4235 -47.6998 2
      vertex 22.7893 -54.7999 2
    endloop
  endfacet
  facet normal -0 0 -1
    outer loop
      vertex 31.4235 -47.6998 2
      vertex 22.5697 -54.4935 2
      vertex 30.7211 -46.8439 2
    endloop
  endfacet
  facet normal 0 0 -1
    outer loop
      vertex 22.3306 -54.2022 2
      vertex 30.7211 -46.8439 2
      vertex 22.5697 -54.4935 2
    endloop
  endfacet
  facet normal -0 0 -1
    outer loop
      vertex 30.7211 -46.8439 2
      vertex 22.3306 -54.2022 2
      vertex 29.9642 -46.0358 2
    endloop
  endfacet
  facet normal 0 0 -1
    outer loop
      vertex 22.0729 -53.9271 2
      vertex 29.9642 -46.0358 2
      vertex 22.3306 -54.2022 2
    endloop
  endfacet
  facet normal -0 0 -1
    outer loop
      vertex 29.9642 -46.0358 2
      vertex 22.0729 -53.9271 2
      vertex 29.1561 -45.2789 2
    endloop
  endfacet
  facet normal 0 0 -1
    outer loop
      vertex 21.7978 -53.6694 2
      vertex 29.1561 -45.2789 2
      vertex 22.0729 -53.9271 2
    endloop
  endfacet
  facet normal -0 0 -1
    outer loop
      vertex 29.1561 -45.2789 2
      vertex 21.7978 -53.6694 2
      vertex 28.3002 -44.5765 2
    endloop
  endfacet
  facet normal 0 0 -1
    outer loop
      vertex 21.5065 -53.4303 2
      vertex 28.3002 -44.5765 2
      vertex 21.7978 -53.6694 2
    endloop
  endfacet
  facet normal -0 0 -1
    outer loop
      vertex 28.3002 -44.5765 2
      vertex 21.5065 -53.4303 2
      vertex 27.4002 -43.9315 2
    endloop
  endfacet
  facet normal 0 0 -1
    outer loop
      vertex 21.2001 -53.2107 2
      vertex 27.4002 -43.9315 2
      vertex 21.5065 -53.4303 2
    endloop
  endfacet
  facet normal -0 0 -1
    outer loop
      vertex 27.4002 -43.9315 2
      vertex 21.2001 -53.2107 2
      vertex 26.46 -43.3469 2
    endloop
  endfacet
  facet normal 0 0 -1
    outer loop
      vertex 20.88 -53.0117 2
      vertex 26.46 -43.3469 2
      vertex 21.2001 -53.2107 2
    endloop
  endfacet
  facet normal -0 0 -1
    outer loop
      vertex 26.46 -43.3469 2
      vertex 20.88 -53.0117 2
      vertex 25.4835 -42.8249 2
    endloop
  endfacet
  facet normal 0 0 -1
    outer loop
      vertex 20.5476 -52.834 2
      vertex 25.4835 -42.8249 2
      vertex 20.88 -53.0117 2
    endloop
  endfacet
  facet normal -0 0 -1
    outer loop
      vertex 25.4835 -42.8249 2
      vertex 20.5476 -52.834 2
      vertex 24.475 -42.368 2
    endloop
  endfacet
  facet normal 0 0 -1
    outer loop
      vertex 20.2043 -52.6785 2
      vertex 24.475 -42.368 2
      vertex 20.5476 -52.834 2
    endloop
  endfacet
  facet normal -0 0 -1
    outer loop
      vertex 24.475 -42.368 2
      vertex 20.2043 -52.6785 2
      vertex 23.4388 -41.9779 2
    endloop
  endfacet
  facet normal 0 0 -1
    outer loop
      vertex 19.8515 -52.5457 2
      vertex 23.4388 -41.9779 2
      vertex 20.2043 -52.6785 2
    endloop
  endfacet
  facet normal -0 0 -1
    outer loop
      vertex 23.4388 -41.9779 2
      vertex 19.8515 -52.5457 2
      vertex 22.3792 -41.6565 2
    endloop
  endfacet
  facet normal 0 0 -1
    outer loop
      vertex 19.4908 -52.4363 2
      vertex 22.3792 -41.6565 2
      vertex 19.8515 -52.5457 2
    endloop
  endfacet
  facet normal -0 0 -1
    outer loop
      vertex 22.3792 -41.6565 2
      vertex 19.4908 -52.4363 2
      vertex 21.3009 -41.4051 2
    endloop
  endfacet
  facet normal 0 0 -1
    outer loop
      vertex 19.1237 -52.3507 2
      vertex 21.3009 -41.4051 2
      vertex 19.4908 -52.4363 2
    endloop
  endfacet
  facet normal -0 0 -1
    outer loop
      vertex 21.3009 -41.4051 2
      vertex 19.1237 -52.3507 2
      vertex 20.2085 -41.2248 2
    endloop
  endfacet
  facet normal 0 0 -1
    outer loop
      vertex 18.7518 -52.2893 2
      vertex 20.2085 -41.2248 2
      vertex 19.1237 -52.3507 2
    endloop
  endfacet
  facet normal -0 0 -1
    outer loop
      vertex 20.2085 -41.2248 2
      vertex 18.7518 -52.2893 2
      vertex 19.1066 -41.1162 2
    endloop
  endfacet
  facet normal 0 0 -1
    outer loop
      vertex 18.3767 -52.2523 2
      vertex 19.1066 -41.1162 2
      vertex 18.7518 -52.2893 2
    endloop
  endfacet
  facet normal 0 0 -1
    outer loop
      vertex 18 -52.24 2
      vertex 19.1066 -41.1162 2
      vertex 18.3767 -52.2523 2
    endloop
  endfacet
  facet normal 0 0 -1
    outer loop
      vertex 18 -52.24 2
      vertex 18 -41.08 2
      vertex 19.1066 -41.1162 2
    endloop
  endfacet
  facet normal 0 0 -1
    outer loop
      vertex 17.6233 -52.2523 2
      vertex 18 -41.08 2
      vertex 18 -52.24 2
    endloop
  endfacet
  facet normal 0 0 -1
    outer loop
      vertex 16.8934 -41.1162 2
      vertex 17.6233 -52.2523 2
      vertex 17.2482 -52.2893 2
    endloop
  endfacet
  facet normal 0 0 -1
    outer loop
      vertex 17.6233 -52.2523 2
      vertex 16.8934 -41.1162 2
      vertex 18 -41.08 2
    endloop
  endfacet
  facet normal 0 0 -1
    outer loop
      vertex 15.7915 -41.2248 2
      vertex 17.2482 -52.2893 2
      vertex 16.8763 -52.3507 2
    endloop
  endfacet
  facet normal 0 0 -1
    outer loop
      vertex 14.6991 -41.4051 2
      vertex 16.8763 -52.3507 2
      vertex 16.5092 -52.4363 2
    endloop
  endfacet
  facet normal 0 0 -1
    outer loop
      vertex 13.6208 -41.6565 2
      vertex 16.5092 -52.4363 2
      vertex 16.1485 -52.5457 2
    endloop
  endfacet
  facet normal 0 0 -1
    outer loop
      vertex 12.5612 -41.9779 2
      vertex 16.1485 -52.5457 2
      vertex 15.7957 -52.6785 2
    endloop
  endfacet
  facet normal 0 0 -1
    outer loop
      vertex 17.2482 -52.2893 2
      vertex 15.7915 -41.2248 2
      vertex 16.8934 -41.1162 2
    endloop
  endfacet
  facet normal 0 0 -1
    outer loop
      vertex 11.525 -42.368 2
      vertex 15.7957 -52.6785 2
      vertex 15.4524 -52.834 2
    endloop
  endfacet
  facet normal 0 0 -1
    outer loop
      vertex 10.5165 -42.8249 2
      vertex 15.4524 -52.834 2
      vertex 15.12 -53.0117 2
    endloop
  endfacet
  facet normal 0 0 -1
    outer loop
      vertex 9.54 -43.3469 2
      vertex 15.12 -53.0117 2
      vertex 14.7999 -53.2107 2
    endloop
  endfacet
  facet normal 0 0 -1
    outer loop
      vertex 16.8763 -52.3507 2
      vertex 14.6991 -41.4051 2
      vertex 15.7915 -41.2248 2
    endloop
  endfacet
  facet normal 0 0 -1
    outer loop
      vertex 8.59975 -43.9315 2
      vertex 14.7999 -53.2107 2
      vertex 14.4935 -53.4303 2
    endloop
  endfacet
  facet normal 0 0 -1
    outer loop
      vertex 7.69976 -44.5765 2
      vertex 14.4935 -53.4303 2
      vertex 14.2022 -53.6694 2
    endloop
  endfacet
  facet normal 0 0 -1
    outer loop
      vertex 6.84387 -45.2789 2
      vertex 14.2022 -53.6694 2
      vertex 13.9271 -53.9271 2
    endloop
  endfacet
  facet normal 0 0 -1
    outer loop
      vertex 6.03575 -46.0358 2
      vertex 13.9271 -53.9271 2
      vertex 13.6694 -54.2022 2
    endloop
  endfacet
  facet normal 0 0 -1
    outer loop
      vertex 16.5092 -52.4363 2
      vertex 13.6208 -41.6565 2
      vertex 14.6991 -41.4051 2
    endloop
  endfacet
  facet normal 0 0 -1
    outer loop
      vertex 5.27887 -46.8439 2
      vertex 13.6694 -54.2022 2
      vertex 13.4303 -54.4935 2
    endloop
  endfacet
  facet normal 0 0 -1
    outer loop
      vertex 4.57646 -47.6998 2
      vertex 13.4303 -54.4935 2
      vertex 13.2107 -54.7999 2
    endloop
  endfacet
  facet normal 0 0 -1
    outer loop
      vertex 3.93153 -48.5998 2
      vertex 13.2107 -54.7999 2
      vertex 13.0117 -55.12 2
    endloop
  endfacet
  facet normal 0 0 -1
    outer loop
      vertex 3.34685 -49.54 2
      vertex 13.0117 -55.12 2
      vertex 12.834 -55.4524 2
    endloop
  endfacet
  facet normal 0 0 -1
    outer loop
      vertex 2.82491 -50.5165 2
      vertex 12.834 -55.4524 2
      vertex 12.6785 -55.7957 2
    endloop
  endfacet
  facet normal 0 0 -1
    outer loop
      vertex 16.1485 -52.5457 2
      vertex 12.5612 -41.9779 2
      vertex 13.6208 -41.6565 2
    endloop
  endfacet
  facet normal 0 0 -1
    outer loop
      vertex 2.36796 -51.525 2
      vertex 12.6785 -55.7957 2
      vertex 12.5457 -56.1485 2
    endloop
  endfacet
  facet normal 0 0 -1
    outer loop
      vertex 1.97794 -52.5612 2
      vertex 12.5457 -56.1485 2
      vertex 12.4363 -56.5092 2
    endloop
  endfacet
  facet normal 0 0 -1
    outer loop
      vertex 1.65654 -53.6208 2
      vertex 12.4363 -56.5092 2
      vertex 12.3507 -56.8763 2
    endloop
  endfacet
  facet normal 0 0 -1
    outer loop
      vertex 1.40511 -54.6991 2
      vertex 12.3507 -56.8763 2
      vertex 12.2893 -57.2482 2
    endloop
  endfacet
  facet normal 0 0 -1
    outer loop
      vertex 1.22475 -55.7915 2
      vertex 12.2893 -57.2482 2
      vertex 12.2523 -57.6233 2
    endloop
  endfacet
  facet normal 0 0 -1
    outer loop
      vertex 1.11623 -56.8934 2
      vertex 12.2523 -57.6233 2
      vertex 12.24 -58 2
    endloop
  endfacet
  facet normal -0 0 -1
    outer loop
      vertex 13.2107 -61.2001 2
      vertex 3.93153 -67.4002 2
      vertex 13.0117 -60.88 2
    endloop
  endfacet
  facet normal 0 0 -1
    outer loop
      vertex 15.7957 -52.6785 2
      vertex 11.525 -42.368 2
      vertex 12.5612 -41.9779 2
    endloop
  endfacet
  facet normal 0 0 -1
    outer loop
      vertex 3.34685 -66.46 2
      vertex 13.0117 -60.88 2
      vertex 3.93153 -67.4002 2
    endloop
  endfacet
  facet normal 0 0 -1
    outer loop
      vertex 15.4524 -52.834 2
      vertex 10.5165 -42.8249 2
      vertex 11.525 -42.368 2
    endloop
  endfacet
  facet normal -0 0 -1
    outer loop
      vertex 13.0117 -60.88 2
      vertex 3.34685 -66.46 2
      vertex 12.834 -60.5476 2
    endloop
  endfacet
  facet normal 0 0 -1
    outer loop
      vertex 15.12 -53.0117 2
      vertex 9.54 -43.3469 2
      vertex 10.5165 -42.8249 2
    endloop
  endfacet
  facet normal 0 0 -1
    outer loop
      vertex 2.82491 -65.4835 2
      vertex 12.834 -60.5476 2
      vertex 3.34685 -66.46 2
    endloop
  endfacet
  facet normal 0 0 -1
    outer loop
      vertex 14.7999 -53.2107 2
      vertex 8.59975 -43.9315 2
      vertex 9.54 -43.3469 2
    endloop
  endfacet
  facet normal -0 0 -1
    outer loop
      vertex 12.834 -60.5476 2
      vertex 2.82491 -65.4835 2
      vertex 12.6785 -60.2043 2
    endloop
  endfacet
  facet normal 0 0 -1
    outer loop
      vertex 14.4935 -53.4303 2
      vertex 7.69976 -44.5765 2
      vertex 8.59975 -43.9315 2
    endloop
  endfacet
  facet normal 0 0 -1
    outer loop
      vertex 2.36796 -64.475 2
      vertex 12.6785 -60.2043 2
      vertex 2.82491 -65.4835 2
    endloop
  endfacet
  facet normal 0 0 -1
    outer loop
      vertex 14.2022 -53.6694 2
      vertex 6.84387 -45.2789 2
      vertex 7.69976 -44.5765 2
    endloop
  endfacet
  facet normal -0 0 -1
    outer loop
      vertex 12.6785 -60.2043 2
      vertex 2.36796 -64.475 2
      vertex 12.5457 -59.8515 2
    endloop
  endfacet
  facet normal 0 0 -1
    outer loop
      vertex 13.9271 -53.9271 2
      vertex 6.03575 -46.0358 2
      vertex 6.84387 -45.2789 2
    endloop
  endfacet
  facet normal 0 0 -1
    outer loop
      vertex 1.97794 -63.4388 2
      vertex 12.5457 -59.8515 2
      vertex 2.36796 -64.475 2
    endloop
  endfacet
  facet normal 0 0 -1
    outer loop
      vertex 13.6694 -54.2022 2
      vertex 5.27887 -46.8439 2
      vertex 6.03575 -46.0358 2
    endloop
  endfacet
  facet normal -0 0 -1
    outer loop
      vertex 12.5457 -59.8515 2
      vertex 1.97794 -63.4388 2
      vertex 12.4363 -59.4908 2
    endloop
  endfacet
  facet normal 0 0 -1
    outer loop
      vertex 13.4303 -54.4935 2
      vertex 4.57646 -47.6998 2
      vertex 5.27887 -46.8439 2
    endloop
  endfacet
  facet normal 0 0 -1
    outer loop
      vertex 1.65654 -62.3792 2
      vertex 12.4363 -59.4908 2
      vertex 1.97794 -63.4388 2
    endloop
  endfacet
  facet normal 0 0 -1
    outer loop
      vertex 13.2107 -54.7999 2
      vertex 3.93153 -48.5998 2
      vertex 4.57646 -47.6998 2
    endloop
  endfacet
  facet normal -0 0 -1
    outer loop
      vertex 12.4363 -59.4908 2
      vertex 1.65654 -62.3792 2
      vertex 12.3507 -59.1237 2
    endloop
  endfacet
  facet normal 0 0 -1
    outer loop
      vertex 13.0117 -55.12 2
      vertex 3.34685 -49.54 2
      vertex 3.93153 -48.5998 2
    endloop
  endfacet
  facet normal 0 0 -1
    outer loop
      vertex 1.40511 -61.3009 2
      vertex 12.3507 -59.1237 2
      vertex 1.65654 -62.3792 2
    endloop
  endfacet
  facet normal 0 0 -1
    outer loop
      vertex 12.834 -55.4524 2
      vertex 2.82491 -50.5165 2
      vertex 3.34685 -49.54 2
    endloop
  endfacet
  facet normal -0 0 -1
    outer loop
      vertex 12.3507 -59.1237 2
      vertex 1.40511 -61.3009 2
      vertex 12.2893 -58.7518 2
    endloop
  endfacet
  facet normal 0 0 -1
    outer loop
      vertex 12.6785 -55.7957 2
      vertex 2.36796 -51.525 2
      vertex 2.82491 -50.5165 2
    endloop
  endfacet
  facet normal 0 0 -1
    outer loop
      vertex 1.22475 -60.2085 2
      vertex 12.2893 -58.7518 2
      vertex 1.40511 -61.3009 2
    endloop
  endfacet
  facet normal 0 0 -1
    outer loop
      vertex 12.5457 -56.1485 2
      vertex 1.97794 -52.5612 2
      vertex 2.36796 -51.525 2
    endloop
  endfacet
  facet normal -0 0 -1
    outer loop
      vertex 12.2893 -58.7518 2
      vertex 1.22475 -60.2085 2
      vertex 12.2523 -58.3767 2
    endloop
  endfacet
  facet normal 0 0 -1
    outer loop
      vertex 12.4363 -56.5092 2
      vertex 1.65654 -53.6208 2
      vertex 1.97794 -52.5612 2
    endloop
  endfacet
  facet normal 0 0 -1
    outer loop
      vertex 1.11623 -59.1066 2
      vertex 12.2523 -58.3767 2
      vertex 1.22475 -60.2085 2
    endloop
  endfacet
  facet normal 0 0 -1
    outer loop
      vertex 12.3507 -56.8763 2
      vertex 1.40511 -54.6991 2
      vertex 1.65654 -53.6208 2
    endloop
  endfacet
  facet normal -0 0 -1
    outer loop
      vertex 12.2523 -58.3767 2
      vertex 1.11623 -59.1066 2
      vertex 12.24 -58 2
    endloop
  endfacet
  facet normal 0 0 -1
    outer loop
      vertex 12.2893 -57.2482 2
      vertex 1.22475 -55.7915 2
      vertex 1.40511 -54.6991 2
    endloop
  endfacet
  facet normal 0 0 -1
    outer loop
      vertex 1.08 -58 2
      vertex 12.24 -58 2
      vertex 1.11623 -59.1066 2
    endloop
  endfacet
  facet normal 0 0 -1
    outer loop
      vertex 12.2523 -57.6233 2
      vertex 1.11623 -56.8934 2
      vertex 1.22475 -55.7915 2
    endloop
  endfacet
  facet normal 0 0 -1
    outer loop
      vertex 12.24 -58 2
      vertex 1.08 -58 2
      vertex 1.11623 -56.8934 2
    endloop
  endfacet
  facet normal -0.582523 -0.812814 0
    outer loop
      vertex 7.69976 -71.4235 2
      vertex 8.59975 -72.0685 2.6
      vertex 7.69976 -71.4235 2.6
    endloop
  endfacet
  facet normal -0.582523 -0.812814 -0
    outer loop
      vertex 8.59975 -72.0685 2.6
      vertex 7.69976 -71.4235 2
      vertex 8.59975 -72.0685 2
    endloop
  endfacet
  facet normal -0.471362 -0.88194 0
    outer loop
      vertex 9.54 -72.6532 2
      vertex 10.5165 -73.1751 2.6
      vertex 9.54 -72.6532 2.6
    endloop
  endfacet
  facet normal -0.471362 -0.88194 -0
    outer loop
      vertex 10.5165 -73.1751 2.6
      vertex 9.54 -72.6532 2
      vertex 10.5165 -73.1751 2
    endloop
  endfacet
  facet normal -0.634387 -0.773015 0
    outer loop
      vertex 6.84387 -70.7211 2
      vertex 7.69976 -71.4235 2.6
      vertex 6.84387 -70.7211 2.6
    endloop
  endfacet
  facet normal -0.634387 -0.773015 -0
    outer loop
      vertex 7.69976 -71.4235 2.6
      vertex 6.84387 -70.7211 2
      vertex 7.69976 -71.4235 2
    endloop
  endfacet
  facet normal -0.290263 -0.956947 0
    outer loop
      vertex 12.5612 -74.0221 2
      vertex 13.6208 -74.3435 2.6
      vertex 12.5612 -74.0221 2.6
    endloop
  endfacet
  facet normal -0.290263 -0.956947 -0
    outer loop
      vertex 13.6208 -74.3435 2.6
      vertex 12.5612 -74.0221 2
      vertex 13.6208 -74.3435 2
    endloop
  endfacet
  facet normal -0.162846 -0.986651 0
    outer loop
      vertex 14.6991 -74.5949 2
      vertex 15.7915 -74.7752 2.6
      vertex 14.6991 -74.5949 2.6
    endloop
  endfacet
  facet normal -0.162846 -0.986651 -0
    outer loop
      vertex 15.7915 -74.7752 2.6
      vertex 14.6991 -74.5949 2
      vertex 15.7915 -74.7752 2
    endloop
  endfacet
  facet normal 0.471432 0.881903 -0
    outer loop
      vertex 26.46 -43.3469 2
      vertex 25.4835 -42.8249 2.6
      vertex 26.46 -43.3469 2.6
    endloop
  endfacet
  facet normal 0.471432 0.881903 0
    outer loop
      vertex 25.4835 -42.8249 2.6
      vertex 26.46 -43.3469 2
      vertex 25.4835 -42.8249 2
    endloop
  endfacet
  facet normal -0.910862 0.41271 0
    outer loop
      vertex 2.36796 -51.525 2
      vertex 2.82491 -50.5165 2.6
      vertex 2.82491 -50.5165 2
    endloop
  endfacet
  facet normal -0.910862 0.41271 0
    outer loop
      vertex 2.82491 -50.5165 2.6
      vertex 2.36796 -51.525 2
      vertex 2.36796 -51.525 2.6
    endloop
  endfacet
  facet normal 0 0 1
    outer loop
      vertex 23.76 -58 2.6
      vertex 34.92 -58 2.6
      vertex 34.8838 -56.8934 2.6
    endloop
  endfacet
  facet normal 0 0 1
    outer loop
      vertex 23.7477 -57.6233 2.6
      vertex 34.8838 -56.8934 2.6
      vertex 34.7752 -55.7915 2.6
    endloop
  endfacet
  facet normal 0 0 1
    outer loop
      vertex 34.92 -58 2.6
      vertex 23.76 -58 2.6
      vertex 34.8838 -59.1066 2.6
    endloop
  endfacet
  facet normal 0 0 1
    outer loop
      vertex 23.7107 -57.2482 2.6
      vertex 34.7752 -55.7915 2.6
      vertex 34.5949 -54.6991 2.6
    endloop
  endfacet
  facet normal -0 0 1
    outer loop
      vertex 23.7477 -58.3767 2.6
      vertex 34.8838 -59.1066 2.6
      vertex 23.76 -58 2.6
    endloop
  endfacet
  facet normal 0 0 1
    outer loop
      vertex 23.6493 -56.8763 2.6
      vertex 34.5949 -54.6991 2.6
      vertex 34.3435 -53.6208 2.6
    endloop
  endfacet
  facet normal 0 0 1
    outer loop
      vertex 34.8838 -59.1066 2.6
      vertex 23.7477 -58.3767 2.6
      vertex 34.7752 -60.2085 2.6
    endloop
  endfacet
  facet normal 0 0 1
    outer loop
      vertex 23.5637 -56.5092 2.6
      vertex 34.3435 -53.6208 2.6
      vertex 34.0221 -52.5612 2.6
    endloop
  endfacet
  facet normal -0 0 1
    outer loop
      vertex 23.7107 -58.7518 2.6
      vertex 34.7752 -60.2085 2.6
      vertex 23.7477 -58.3767 2.6
    endloop
  endfacet
  facet normal 0 0 1
    outer loop
      vertex 23.4543 -56.1485 2.6
      vertex 34.0221 -52.5612 2.6
      vertex 33.632 -51.525 2.6
    endloop
  endfacet
  facet normal 0 0 1
    outer loop
      vertex 34.7752 -60.2085 2.6
      vertex 23.7107 -58.7518 2.6
      vertex 34.5949 -61.3009 2.6
    endloop
  endfacet
  facet normal 0 0 1
    outer loop
      vertex 23.3215 -55.7957 2.6
      vertex 33.632 -51.525 2.6
      vertex 33.1751 -50.5165 2.6
    endloop
  endfacet
  facet normal -0 0 1
    outer loop
      vertex 23.6493 -59.1237 2.6
      vertex 34.5949 -61.3009 2.6
      vertex 23.7107 -58.7518 2.6
    endloop
  endfacet
  facet normal 0 0 1
    outer loop
      vertex 23.166 -55.4524 2.6
      vertex 33.1751 -50.5165 2.6
      vertex 32.6531 -49.54 2.6
    endloop
  endfacet
  facet normal 0 0 1
    outer loop
      vertex 34.5949 -61.3009 2.6
      vertex 23.6493 -59.1237 2.6
      vertex 34.3435 -62.3792 2.6
    endloop
  endfacet
  facet normal 0 0 1
    outer loop
      vertex 22.9883 -55.12 2.6
      vertex 32.6531 -49.54 2.6
      vertex 32.0685 -48.5998 2.6
    endloop
  endfacet
  facet normal -0 0 1
    outer loop
      vertex 23.5637 -59.4908 2.6
      vertex 34.3435 -62.3792 2.6
      vertex 23.6493 -59.1237 2.6
    endloop
  endfacet
  facet normal 0 0 1
    outer loop
      vertex 22.7893 -54.7999 2.6
      vertex 32.0685 -48.5998 2.6
      vertex 31.4235 -47.6998 2.6
    endloop
  endfacet
  facet normal 0 0 1
    outer loop
      vertex 34.3435 -62.3792 2.6
      vertex 23.5637 -59.4908 2.6
      vertex 34.0221 -63.4388 2.6
    endloop
  endfacet
  facet normal 0 0 1
    outer loop
      vertex 22.5697 -54.4935 2.6
      vertex 31.4235 -47.6998 2.6
      vertex 30.7211 -46.8439 2.6
    endloop
  endfacet
  facet normal -0 0 1
    outer loop
      vertex 23.4543 -59.8515 2.6
      vertex 34.0221 -63.4388 2.6
      vertex 23.5637 -59.4908 2.6
    endloop
  endfacet
  facet normal 0 0 1
    outer loop
      vertex 22.3306 -54.2022 2.6
      vertex 30.7211 -46.8439 2.6
      vertex 29.9642 -46.0358 2.6
    endloop
  endfacet
  facet normal 0 0 1
    outer loop
      vertex 34.0221 -63.4388 2.6
      vertex 23.4543 -59.8515 2.6
      vertex 33.632 -64.475 2.6
    endloop
  endfacet
  facet normal 0 0 1
    outer loop
      vertex 22.0729 -53.9271 2.6
      vertex 29.9642 -46.0358 2.6
      vertex 29.1561 -45.2789 2.6
    endloop
  endfacet
  facet normal -0 0 1
    outer loop
      vertex 23.3215 -60.2043 2.6
      vertex 33.632 -64.475 2.6
      vertex 23.4543 -59.8515 2.6
    endloop
  endfacet
  facet normal 0 0 1
    outer loop
      vertex 21.7978 -53.6694 2.6
      vertex 29.1561 -45.2789 2.6
      vertex 28.3002 -44.5765 2.6
    endloop
  endfacet
  facet normal 0 0 1
    outer loop
      vertex 33.632 -64.475 2.6
      vertex 23.3215 -60.2043 2.6
      vertex 33.1751 -65.4835 2.6
    endloop
  endfacet
  facet normal 0 0 1
    outer loop
      vertex 21.5065 -53.4303 2.6
      vertex 28.3002 -44.5765 2.6
      vertex 27.4002 -43.9315 2.6
    endloop
  endfacet
  facet normal -0 0 1
    outer loop
      vertex 23.166 -60.5476 2.6
      vertex 33.1751 -65.4835 2.6
      vertex 23.3215 -60.2043 2.6
    endloop
  endfacet
  facet normal 0 0 1
    outer loop
      vertex 21.2001 -53.2107 2.6
      vertex 27.4002 -43.9315 2.6
      vertex 26.46 -43.3469 2.6
    endloop
  endfacet
  facet normal 0 0 1
    outer loop
      vertex 33.1751 -65.4835 2.6
      vertex 23.166 -60.5476 2.6
      vertex 32.6531 -66.46 2.6
    endloop
  endfacet
  facet normal 0 0 1
    outer loop
      vertex 20.88 -53.0117 2.6
      vertex 26.46 -43.3469 2.6
      vertex 25.4835 -42.8249 2.6
    endloop
  endfacet
  facet normal -0 0 1
    outer loop
      vertex 22.9883 -60.88 2.6
      vertex 32.6531 -66.46 2.6
      vertex 23.166 -60.5476 2.6
    endloop
  endfacet
  facet normal 0 0 1
    outer loop
      vertex 20.5476 -52.834 2.6
      vertex 25.4835 -42.8249 2.6
      vertex 24.475 -42.368 2.6
    endloop
  endfacet
  facet normal 0 0 1
    outer loop
      vertex 32.6531 -66.46 2.6
      vertex 22.9883 -60.88 2.6
      vertex 32.0685 -67.4002 2.6
    endloop
  endfacet
  facet normal -0 0 1
    outer loop
      vertex 22.7893 -61.2001 2.6
      vertex 32.0685 -67.4002 2.6
      vertex 22.9883 -60.88 2.6
    endloop
  endfacet
  facet normal 0 0 1
    outer loop
      vertex 34.8838 -56.8934 2.6
      vertex 23.7477 -57.6233 2.6
      vertex 23.76 -58 2.6
    endloop
  endfacet
  facet normal 0 0 1
    outer loop
      vertex 34.7752 -55.7915 2.6
      vertex 23.7107 -57.2482 2.6
      vertex 23.7477 -57.6233 2.6
    endloop
  endfacet
  facet normal 0 0 1
    outer loop
      vertex 34.5949 -54.6991 2.6
      vertex 23.6493 -56.8763 2.6
      vertex 23.7107 -57.2482 2.6
    endloop
  endfacet
  facet normal 0 0 1
    outer loop
      vertex 34.3435 -53.6208 2.6
      vertex 23.5637 -56.5092 2.6
      vertex 23.6493 -56.8763 2.6
    endloop
  endfacet
  facet normal 0 0 1
    outer loop
      vertex 34.0221 -52.5612 2.6
      vertex 23.4543 -56.1485 2.6
      vertex 23.5637 -56.5092 2.6
    endloop
  endfacet
  facet normal 0 0 1
    outer loop
      vertex 20.2043 -52.6785 2.6
      vertex 24.475 -42.368 2.6
      vertex 23.4388 -41.9779 2.6
    endloop
  endfacet
  facet normal 0 0 1
    outer loop
      vertex 33.632 -51.525 2.6
      vertex 23.3215 -55.7957 2.6
      vertex 23.4543 -56.1485 2.6
    endloop
  endfacet
  facet normal 0 0 1
    outer loop
      vertex 33.1751 -50.5165 2.6
      vertex 23.166 -55.4524 2.6
      vertex 23.3215 -55.7957 2.6
    endloop
  endfacet
  facet normal 0 0 1
    outer loop
      vertex 32.6531 -49.54 2.6
      vertex 22.9883 -55.12 2.6
      vertex 23.166 -55.4524 2.6
    endloop
  endfacet
  facet normal 0 0 1
    outer loop
      vertex 32.0685 -48.5998 2.6
      vertex 22.7893 -54.7999 2.6
      vertex 22.9883 -55.12 2.6
    endloop
  endfacet
  facet normal 0 0 1
    outer loop
      vertex 31.4235 -47.6998 2.6
      vertex 22.5697 -54.4935 2.6
      vertex 22.7893 -54.7999 2.6
    endloop
  endfacet
  facet normal 0 0 1
    outer loop
      vertex 19.8515 -52.5457 2.6
      vertex 23.4388 -41.9779 2.6
      vertex 22.3792 -41.6565 2.6
    endloop
  endfacet
  facet normal 0 0 1
    outer loop
      vertex 30.7211 -46.8439 2.6
      vertex 22.3306 -54.2022 2.6
      vertex 22.5697 -54.4935 2.6
    endloop
  endfacet
  facet normal 0 0 1
    outer loop
      vertex 29.9642 -46.0358 2.6
      vertex 22.0729 -53.9271 2.6
      vertex 22.3306 -54.2022 2.6
    endloop
  endfacet
  facet normal 0 0 1
    outer loop
      vertex 29.1561 -45.2789 2.6
      vertex 21.7978 -53.6694 2.6
      vertex 22.0729 -53.9271 2.6
    endloop
  endfacet
  facet normal 0 0 1
    outer loop
      vertex 28.3002 -44.5765 2.6
      vertex 21.5065 -53.4303 2.6
      vertex 21.7978 -53.6694 2.6
    endloop
  endfacet
  facet normal 0 0 1
    outer loop
      vertex 19.4908 -52.4363 2.6
      vertex 22.3792 -41.6565 2.6
      vertex 21.3009 -41.4051 2.6
    endloop
  endfacet
  facet normal 0 0 1
    outer loop
      vertex 27.4002 -43.9315 2.6
      vertex 21.2001 -53.2107 2.6
      vertex 21.5065 -53.4303 2.6
    endloop
  endfacet
  facet normal 0 0 1
    outer loop
      vertex 26.46 -43.3469 2.6
      vertex 20.88 -53.0117 2.6
      vertex 21.2001 -53.2107 2.6
    endloop
  endfacet
  facet normal 0 0 1
    outer loop
      vertex 25.4835 -42.8249 2.6
      vertex 20.5476 -52.834 2.6
      vertex 20.88 -53.0117 2.6
    endloop
  endfacet
  facet normal 0 0 1
    outer loop
      vertex 19.1237 -52.3507 2.6
      vertex 21.3009 -41.4051 2.6
      vertex 20.2085 -41.2248 2.6
    endloop
  endfacet
  facet normal 0 0 1
    outer loop
      vertex 24.475 -42.368 2.6
      vertex 20.2043 -52.6785 2.6
      vertex 20.5476 -52.834 2.6
    endloop
  endfacet
  facet normal 0 0 1
    outer loop
      vertex 23.4388 -41.9779 2.6
      vertex 19.8515 -52.5457 2.6
      vertex 20.2043 -52.6785 2.6
    endloop
  endfacet
  facet normal 0 0 1
    outer loop
      vertex 22.3792 -41.6565 2.6
      vertex 19.4908 -52.4363 2.6
      vertex 19.8515 -52.5457 2.6
    endloop
  endfacet
  facet normal 0 0 1
    outer loop
      vertex 21.3009 -41.4051 2.6
      vertex 19.1237 -52.3507 2.6
      vertex 19.4908 -52.4363 2.6
    endloop
  endfacet
  facet normal 0 0 1
    outer loop
      vertex 18.7518 -52.2893 2.6
      vertex 20.2085 -41.2248 2.6
      vertex 19.1066 -41.1162 2.6
    endloop
  endfacet
  facet normal 0 0 1
    outer loop
      vertex 20.2085 -41.2248 2.6
      vertex 18.7518 -52.2893 2.6
      vertex 19.1237 -52.3507 2.6
    endloop
  endfacet
  facet normal 0 0 1
    outer loop
      vertex 19.1066 -41.1162 2.6
      vertex 18.3767 -52.2523 2.6
      vertex 18.7518 -52.2893 2.6
    endloop
  endfacet
  facet normal 0 0 1
    outer loop
      vertex 18 -41.08 2.6
      vertex 18.3767 -52.2523 2.6
      vertex 19.1066 -41.1162 2.6
    endloop
  endfacet
  facet normal 0 0 1
    outer loop
      vertex 18 -41.08 2.6
      vertex 18 -52.24 2.6
      vertex 18.3767 -52.2523 2.6
    endloop
  endfacet
  facet normal 0 0 1
    outer loop
      vertex 18 -41.08 2.6
      vertex 17.6233 -52.2523 2.6
      vertex 18 -52.24 2.6
    endloop
  endfacet
  facet normal -0 0 1
    outer loop
      vertex 16.8934 -41.1162 2.6
      vertex 17.6233 -52.2523 2.6
      vertex 18 -41.08 2.6
    endloop
  endfacet
  facet normal 0 0 1
    outer loop
      vertex 17.6233 -52.2523 2.6
      vertex 16.8934 -41.1162 2.6
      vertex 17.2482 -52.2893 2.6
    endloop
  endfacet
  facet normal -0 0 1
    outer loop
      vertex 15.7915 -41.2248 2.6
      vertex 17.2482 -52.2893 2.6
      vertex 16.8934 -41.1162 2.6
    endloop
  endfacet
  facet normal 0 0 1
    outer loop
      vertex 17.2482 -52.2893 2.6
      vertex 15.7915 -41.2248 2.6
      vertex 16.8763 -52.3507 2.6
    endloop
  endfacet
  facet normal -0 0 1
    outer loop
      vertex 14.6991 -41.4051 2.6
      vertex 16.8763 -52.3507 2.6
      vertex 15.7915 -41.2248 2.6
    endloop
  endfacet
  facet normal 0 0 1
    outer loop
      vertex 16.8763 -52.3507 2.6
      vertex 14.6991 -41.4051 2.6
      vertex 16.5092 -52.4363 2.6
    endloop
  endfacet
  facet normal -0 0 1
    outer loop
      vertex 13.6208 -41.6565 2.6
      vertex 16.5092 -52.4363 2.6
      vertex 14.6991 -41.4051 2.6
    endloop
  endfacet
  facet normal 0 0 1
    outer loop
      vertex 16.5092 -52.4363 2.6
      vertex 13.6208 -41.6565 2.6
      vertex 16.1485 -52.5457 2.6
    endloop
  endfacet
  facet normal -0 0 1
    outer loop
      vertex 12.5612 -41.9779 2.6
      vertex 16.1485 -52.5457 2.6
      vertex 13.6208 -41.6565 2.6
    endloop
  endfacet
  facet normal 0 0 1
    outer loop
      vertex 16.1485 -52.5457 2.6
      vertex 12.5612 -41.9779 2.6
      vertex 15.7957 -52.6785 2.6
    endloop
  endfacet
  facet normal -0 0 1
    outer loop
      vertex 11.525 -42.368 2.6
      vertex 15.7957 -52.6785 2.6
      vertex 12.5612 -41.9779 2.6
    endloop
  endfacet
  facet normal 0 0 1
    outer loop
      vertex 15.7957 -52.6785 2.6
      vertex 11.525 -42.368 2.6
      vertex 15.4524 -52.834 2.6
    endloop
  endfacet
  facet normal -0 0 1
    outer loop
      vertex 10.5165 -42.8249 2.6
      vertex 15.4524 -52.834 2.6
      vertex 11.525 -42.368 2.6
    endloop
  endfacet
  facet normal 0 0 1
    outer loop
      vertex 15.4524 -52.834 2.6
      vertex 10.5165 -42.8249 2.6
      vertex 15.12 -53.0117 2.6
    endloop
  endfacet
  facet normal -0 0 1
    outer loop
      vertex 9.54 -43.3469 2.6
      vertex 15.12 -53.0117 2.6
      vertex 10.5165 -42.8249 2.6
    endloop
  endfacet
  facet normal 0 0 1
    outer loop
      vertex 15.12 -53.0117 2.6
      vertex 9.54 -43.3469 2.6
      vertex 14.7999 -53.2107 2.6
    endloop
  endfacet
  facet normal -0 0 1
    outer loop
      vertex 8.59975 -43.9315 2.6
      vertex 14.7999 -53.2107 2.6
      vertex 9.54 -43.3469 2.6
    endloop
  endfacet
  facet normal 0 0 1
    outer loop
      vertex 14.7999 -53.2107 2.6
      vertex 8.59975 -43.9315 2.6
      vertex 14.4935 -53.4303 2.6
    endloop
  endfacet
  facet normal -0 0 1
    outer loop
      vertex 7.69976 -44.5765 2.6
      vertex 14.4935 -53.4303 2.6
      vertex 8.59975 -43.9315 2.6
    endloop
  endfacet
  facet normal 0 0 1
    outer loop
      vertex 14.4935 -53.4303 2.6
      vertex 7.69976 -44.5765 2.6
      vertex 14.2022 -53.6694 2.6
    endloop
  endfacet
  facet normal -0 0 1
    outer loop
      vertex 6.84387 -45.2789 2.6
      vertex 14.2022 -53.6694 2.6
      vertex 7.69976 -44.5765 2.6
    endloop
  endfacet
  facet normal 0 0 1
    outer loop
      vertex 14.2022 -53.6694 2.6
      vertex 6.84387 -45.2789 2.6
      vertex 13.9271 -53.9271 2.6
    endloop
  endfacet
  facet normal -0 0 1
    outer loop
      vertex 6.03575 -46.0358 2.6
      vertex 13.9271 -53.9271 2.6
      vertex 6.84387 -45.2789 2.6
    endloop
  endfacet
  facet normal 0 0 1
    outer loop
      vertex 13.9271 -53.9271 2.6
      vertex 6.03575 -46.0358 2.6
      vertex 13.6694 -54.2022 2.6
    endloop
  endfacet
  facet normal -0 0 1
    outer loop
      vertex 5.27887 -46.8439 2.6
      vertex 13.6694 -54.2022 2.6
      vertex 6.03575 -46.0358 2.6
    endloop
  endfacet
  facet normal 0 0 1
    outer loop
      vertex 13.6694 -54.2022 2.6
      vertex 5.27887 -46.8439 2.6
      vertex 13.4303 -54.4935 2.6
    endloop
  endfacet
  facet normal -0 0 1
    outer loop
      vertex 4.57646 -47.6998 2.6
      vertex 13.4303 -54.4935 2.6
      vertex 5.27887 -46.8439 2.6
    endloop
  endfacet
  facet normal 0 0 1
    outer loop
      vertex 13.4303 -54.4935 2.6
      vertex 4.57646 -47.6998 2.6
      vertex 13.2107 -54.7999 2.6
    endloop
  endfacet
  facet normal -0 0 1
    outer loop
      vertex 3.93153 -48.5998 2.6
      vertex 13.2107 -54.7999 2.6
      vertex 4.57646 -47.6998 2.6
    endloop
  endfacet
  facet normal 0 0 1
    outer loop
      vertex 32.0685 -67.4002 2.6
      vertex 22.7893 -61.2001 2.6
      vertex 31.4235 -68.3002 2.6
    endloop
  endfacet
  facet normal -0 0 1
    outer loop
      vertex 22.5697 -61.5065 2.6
      vertex 31.4235 -68.3002 2.6
      vertex 22.7893 -61.2001 2.6
    endloop
  endfacet
  facet normal 0 0 1
    outer loop
      vertex 31.4235 -68.3002 2.6
      vertex 22.5697 -61.5065 2.6
      vertex 30.7211 -69.1561 2.6
    endloop
  endfacet
  facet normal -0 0 1
    outer loop
      vertex 22.3306 -61.7978 2.6
      vertex 30.7211 -69.1561 2.6
      vertex 22.5697 -61.5065 2.6
    endloop
  endfacet
  facet normal 0 0 1
    outer loop
      vertex 30.7211 -69.1561 2.6
      vertex 22.3306 -61.7978 2.6
      vertex 29.9642 -69.9642 2.6
    endloop
  endfacet
  facet normal -0 0 1
    outer loop
      vertex 22.0729 -62.0729 2.6
      vertex 29.9642 -69.9642 2.6
      vertex 22.3306 -61.7978 2.6
    endloop
  endfacet
  facet normal 0 0 1
    outer loop
      vertex 29.9642 -69.9642 2.6
      vertex 22.0729 -62.0729 2.6
      vertex 29.1561 -70.7211 2.6
    endloop
  endfacet
  facet normal -0 0 1
    outer loop
      vertex 21.7978 -62.3306 2.6
      vertex 29.1561 -70.7211 2.6
      vertex 22.0729 -62.0729 2.6
    endloop
  endfacet
  facet normal 0 0 1
    outer loop
      vertex 29.1561 -70.7211 2.6
      vertex 21.7978 -62.3306 2.6
      vertex 28.3002 -71.4235 2.6
    endloop
  endfacet
  facet normal -0 0 1
    outer loop
      vertex 21.5065 -62.5697 2.6
      vertex 28.3002 -71.4235 2.6
      vertex 21.7978 -62.3306 2.6
    endloop
  endfacet
  facet normal 0 0 1
    outer loop
      vertex 28.3002 -71.4235 2.6
      vertex 21.5065 -62.5697 2.6
      vertex 27.4002 -72.0685 2.6
    endloop
  endfacet
  facet normal -0 0 1
    outer loop
      vertex 21.2001 -62.7893 2.6
      vertex 27.4002 -72.0685 2.6
      vertex 21.5065 -62.5697 2.6
    endloop
  endfacet
  facet normal 0 0 1
    outer loop
      vertex 27.4002 -72.0685 2.6
      vertex 21.2001 -62.7893 2.6
      vertex 26.46 -72.6532 2.6
    endloop
  endfacet
  facet normal -0 0 1
    outer loop
      vertex 20.88 -62.9883 2.6
      vertex 26.46 -72.6532 2.6
      vertex 21.2001 -62.7893 2.6
    endloop
  endfacet
  facet normal 0 0 1
    outer loop
      vertex 26.46 -72.6532 2.6
      vertex 20.88 -62.9883 2.6
      vertex 25.4835 -73.1751 2.6
    endloop
  endfacet
  facet normal -0 0 1
    outer loop
      vertex 20.5476 -63.166 2.6
      vertex 25.4835 -73.1751 2.6
      vertex 20.88 -62.9883 2.6
    endloop
  endfacet
  facet normal 0 0 1
    outer loop
      vertex 25.4835 -73.1751 2.6
      vertex 20.5476 -63.166 2.6
      vertex 24.475 -73.632 2.6
    endloop
  endfacet
  facet normal -0 0 1
    outer loop
      vertex 20.2043 -63.3215 2.6
      vertex 24.475 -73.632 2.6
      vertex 20.5476 -63.166 2.6
    endloop
  endfacet
  facet normal 0 0 1
    outer loop
      vertex 24.475 -73.632 2.6
      vertex 20.2043 -63.3215 2.6
      vertex 23.4388 -74.0221 2.6
    endloop
  endfacet
  facet normal -0 0 1
    outer loop
      vertex 19.8515 -63.4543 2.6
      vertex 23.4388 -74.0221 2.6
      vertex 20.2043 -63.3215 2.6
    endloop
  endfacet
  facet normal 0 0 1
    outer loop
      vertex 23.4388 -74.0221 2.6
      vertex 19.8515 -63.4543 2.6
      vertex 22.3792 -74.3435 2.6
    endloop
  endfacet
  facet normal -0 0 1
    outer loop
      vertex 19.4908 -63.5637 2.6
      vertex 22.3792 -74.3435 2.6
      vertex 19.8515 -63.4543 2.6
    endloop
  endfacet
  facet normal 0 0 1
    outer loop
      vertex 22.3792 -74.3435 2.6
      vertex 19.4908 -63.5637 2.6
      vertex 21.3009 -74.5949 2.6
    endloop
  endfacet
  facet normal -0 0 1
    outer loop
      vertex 19.1237 -63.6493 2.6
      vertex 21.3009 -74.5949 2.6
      vertex 19.4908 -63.5637 2.6
    endloop
  endfacet
  facet normal 0 0 1
    outer loop
      vertex 21.3009 -74.5949 2.6
      vertex 19.1237 -63.6493 2.6
      vertex 20.2085 -74.7752 2.6
    endloop
  endfacet
  facet normal -0 0 1
    outer loop
      vertex 18.7518 -63.7107 2.6
      vertex 20.2085 -74.7752 2.6
      vertex 19.1237 -63.6493 2.6
    endloop
  endfacet
  facet normal 0 0 1
    outer loop
      vertex 20.2085 -74.7752 2.6
      vertex 18.7518 -63.7107 2.6
      vertex 19.1066 -74.8838 2.6
    endloop
  endfacet
  facet normal -0 0 1
    outer loop
      vertex 18.3767 -63.7477 2.6
      vertex 19.1066 -74.8838 2.6
      vertex 18.7518 -63.7107 2.6
    endloop
  endfacet
  facet normal -0 0 1
    outer loop
      vertex 18 -63.76 2.6
      vertex 19.1066 -74.8838 2.6
      vertex 18.3767 -63.7477 2.6
    endloop
  endfacet
  facet normal 0 0 1
    outer loop
      vertex 18 -63.76 2.6
      vertex 18 -74.92 2.6
      vertex 19.1066 -74.8838 2.6
    endloop
  endfacet
  facet normal 0 0 1
    outer loop
      vertex 17.6233 -63.7477 2.6
      vertex 18 -74.92 2.6
      vertex 18 -63.76 2.6
    endloop
  endfacet
  facet normal 0 0 1
    outer loop
      vertex 16.8934 -74.8838 2.6
      vertex 17.6233 -63.7477 2.6
      vertex 17.2482 -63.7107 2.6
    endloop
  endfacet
  facet normal 0 0 1
    outer loop
      vertex 17.6233 -63.7477 2.6
      vertex 16.8934 -74.8838 2.6
      vertex 18 -74.92 2.6
    endloop
  endfacet
  facet normal 0 0 1
    outer loop
      vertex 15.7915 -74.7752 2.6
      vertex 17.2482 -63.7107 2.6
      vertex 16.8763 -63.6493 2.6
    endloop
  endfacet
  facet normal 0 0 1
    outer loop
      vertex 14.6991 -74.5949 2.6
      vertex 16.8763 -63.6493 2.6
      vertex 16.5092 -63.5637 2.6
    endloop
  endfacet
  facet normal 0 0 1
    outer loop
      vertex 13.6208 -74.3435 2.6
      vertex 16.5092 -63.5637 2.6
      vertex 16.1485 -63.4543 2.6
    endloop
  endfacet
  facet normal 0 0 1
    outer loop
      vertex 12.5612 -74.0221 2.6
      vertex 16.1485 -63.4543 2.6
      vertex 15.7957 -63.3215 2.6
    endloop
  endfacet
  facet normal 0 0 1
    outer loop
      vertex 17.2482 -63.7107 2.6
      vertex 15.7915 -74.7752 2.6
      vertex 16.8934 -74.8838 2.6
    endloop
  endfacet
  facet normal 0 0 1
    outer loop
      vertex 11.525 -73.632 2.6
      vertex 15.7957 -63.3215 2.6
      vertex 15.4524 -63.166 2.6
    endloop
  endfacet
  facet normal 0 0 1
    outer loop
      vertex 10.5165 -73.1751 2.6
      vertex 15.4524 -63.166 2.6
      vertex 15.12 -62.9883 2.6
    endloop
  endfacet
  facet normal 0 0 1
    outer loop
      vertex 9.54 -72.6532 2.6
      vertex 15.12 -62.9883 2.6
      vertex 14.7999 -62.7893 2.6
    endloop
  endfacet
  facet normal 0 0 1
    outer loop
      vertex 16.8763 -63.6493 2.6
      vertex 14.6991 -74.5949 2.6
      vertex 15.7915 -74.7752 2.6
    endloop
  endfacet
  facet normal 0 0 1
    outer loop
      vertex 8.59975 -72.0685 2.6
      vertex 14.7999 -62.7893 2.6
      vertex 14.4935 -62.5697 2.6
    endloop
  endfacet
  facet normal 0 0 1
    outer loop
      vertex 7.69976 -71.4235 2.6
      vertex 14.4935 -62.5697 2.6
      vertex 14.2022 -62.3306 2.6
    endloop
  endfacet
  facet normal 0 0 1
    outer loop
      vertex 6.84387 -70.7211 2.6
      vertex 14.2022 -62.3306 2.6
      vertex 13.9271 -62.0729 2.6
    endloop
  endfacet
  facet normal 0 0 1
    outer loop
      vertex 6.03575 -69.9642 2.6
      vertex 13.9271 -62.0729 2.6
      vertex 13.6694 -61.7978 2.6
    endloop
  endfacet
  facet normal 0 0 1
    outer loop
      vertex 16.5092 -63.5637 2.6
      vertex 13.6208 -74.3435 2.6
      vertex 14.6991 -74.5949 2.6
    endloop
  endfacet
  facet normal 0 0 1
    outer loop
      vertex 5.27887 -69.1561 2.6
      vertex 13.6694 -61.7978 2.6
      vertex 13.4303 -61.5065 2.6
    endloop
  endfacet
  facet normal 0 0 1
    outer loop
      vertex 4.57646 -68.3002 2.6
      vertex 13.4303 -61.5065 2.6
      vertex 13.2107 -61.2001 2.6
    endloop
  endfacet
  facet normal 0 0 1
    outer loop
      vertex 3.93153 -67.4002 2.6
      vertex 13.2107 -61.2001 2.6
      vertex 13.0117 -60.88 2.6
    endloop
  endfacet
  facet normal 0 0 1
    outer loop
      vertex 3.34685 -66.46 2.6
      vertex 13.0117 -60.88 2.6
      vertex 12.834 -60.5476 2.6
    endloop
  endfacet
  facet normal 0 0 1
    outer loop
      vertex 2.82491 -65.4835 2.6
      vertex 12.834 -60.5476 2.6
      vertex 12.6785 -60.2043 2.6
    endloop
  endfacet
  facet normal 0 0 1
    outer loop
      vertex 16.1485 -63.4543 2.6
      vertex 12.5612 -74.0221 2.6
      vertex 13.6208 -74.3435 2.6
    endloop
  endfacet
  facet normal 0 0 1
    outer loop
      vertex 2.36796 -64.475 2.6
      vertex 12.6785 -60.2043 2.6
      vertex 12.5457 -59.8515 2.6
    endloop
  endfacet
  facet normal 0 0 1
    outer loop
      vertex 1.97794 -63.4388 2.6
      vertex 12.5457 -59.8515 2.6
      vertex 12.4363 -59.4908 2.6
    endloop
  endfacet
  facet normal 0 0 1
    outer loop
      vertex 1.65654 -62.3792 2.6
      vertex 12.4363 -59.4908 2.6
      vertex 12.3507 -59.1237 2.6
    endloop
  endfacet
  facet normal 0 0 1
    outer loop
      vertex 1.40511 -61.3009 2.6
      vertex 12.3507 -59.1237 2.6
      vertex 12.2893 -58.7518 2.6
    endloop
  endfacet
  facet normal 0 0 1
    outer loop
      vertex 1.22475 -60.2085 2.6
      vertex 12.2893 -58.7518 2.6
      vertex 12.2523 -58.3767 2.6
    endloop
  endfacet
  facet normal 0 0 1
    outer loop
      vertex 1.11623 -59.1066 2.6
      vertex 12.2523 -58.3767 2.6
      vertex 12.24 -58 2.6
    endloop
  endfacet
  facet normal 0 0 1
    outer loop
      vertex 13.2107 -54.7999 2.6
      vertex 3.93153 -48.5998 2.6
      vertex 13.0117 -55.12 2.6
    endloop
  endfacet
  facet normal 0 0 1
    outer loop
      vertex 15.7957 -63.3215 2.6
      vertex 11.525 -73.632 2.6
      vertex 12.5612 -74.0221 2.6
    endloop
  endfacet
  facet normal -0 0 1
    outer loop
      vertex 3.34685 -49.54 2.6
      vertex 13.0117 -55.12 2.6
      vertex 3.93153 -48.5998 2.6
    endloop
  endfacet
  facet normal 0 0 1
    outer loop
      vertex 15.4524 -63.166 2.6
      vertex 10.5165 -73.1751 2.6
      vertex 11.525 -73.632 2.6
    endloop
  endfacet
  facet normal 0 0 1
    outer loop
      vertex 13.0117 -55.12 2.6
      vertex 3.34685 -49.54 2.6
      vertex 12.834 -55.4524 2.6
    endloop
  endfacet
  facet normal 0 0 1
    outer loop
      vertex 15.12 -62.9883 2.6
      vertex 9.54 -72.6532 2.6
      vertex 10.5165 -73.1751 2.6
    endloop
  endfacet
  facet normal -0 0 1
    outer loop
      vertex 2.82491 -50.5165 2.6
      vertex 12.834 -55.4524 2.6
      vertex 3.34685 -49.54 2.6
    endloop
  endfacet
  facet normal 0 0 1
    outer loop
      vertex 14.7999 -62.7893 2.6
      vertex 8.59975 -72.0685 2.6
      vertex 9.54 -72.6532 2.6
    endloop
  endfacet
  facet normal 0 0 1
    outer loop
      vertex 12.834 -55.4524 2.6
      vertex 2.82491 -50.5165 2.6
      vertex 12.6785 -55.7957 2.6
    endloop
  endfacet
  facet normal 0 0 1
    outer loop
      vertex 14.4935 -62.5697 2.6
      vertex 7.69976 -71.4235 2.6
      vertex 8.59975 -72.0685 2.6
    endloop
  endfacet
  facet normal -0 0 1
    outer loop
      vertex 2.36796 -51.525 2.6
      vertex 12.6785 -55.7957 2.6
      vertex 2.82491 -50.5165 2.6
    endloop
  endfacet
  facet normal 0 0 1
    outer loop
      vertex 14.2022 -62.3306 2.6
      vertex 6.84387 -70.7211 2.6
      vertex 7.69976 -71.4235 2.6
    endloop
  endfacet
  facet normal 0 0 1
    outer loop
      vertex 12.6785 -55.7957 2.6
      vertex 2.36796 -51.525 2.6
      vertex 12.5457 -56.1485 2.6
    endloop
  endfacet
  facet normal 0 0 1
    outer loop
      vertex 13.9271 -62.0729 2.6
      vertex 6.03575 -69.9642 2.6
      vertex 6.84387 -70.7211 2.6
    endloop
  endfacet
  facet normal -0 0 1
    outer loop
      vertex 1.97794 -52.5612 2.6
      vertex 12.5457 -56.1485 2.6
      vertex 2.36796 -51.525 2.6
    endloop
  endfacet
  facet normal 0 0 1
    outer loop
      vertex 13.6694 -61.7978 2.6
      vertex 5.27887 -69.1561 2.6
      vertex 6.03575 -69.9642 2.6
    endloop
  endfacet
  facet normal 0 0 1
    outer loop
      vertex 12.5457 -56.1485 2.6
      vertex 1.97794 -52.5612 2.6
      vertex 12.4363 -56.5092 2.6
    endloop
  endfacet
  facet normal 0 0 1
    outer loop
      vertex 13.4303 -61.5065 2.6
      vertex 4.57646 -68.3002 2.6
      vertex 5.27887 -69.1561 2.6
    endloop
  endfacet
  facet normal -0 0 1
    outer loop
      vertex 1.65654 -53.6208 2.6
      vertex 12.4363 -56.5092 2.6
      vertex 1.97794 -52.5612 2.6
    endloop
  endfacet
  facet normal 0 0 1
    outer loop
      vertex 13.2107 -61.2001 2.6
      vertex 3.93153 -67.4002 2.6
      vertex 4.57646 -68.3002 2.6
    endloop
  endfacet
  facet normal 0 0 1
    outer loop
      vertex 12.4363 -56.5092 2.6
      vertex 1.65654 -53.6208 2.6
      vertex 12.3507 -56.8763 2.6
    endloop
  endfacet
  facet normal 0 0 1
    outer loop
      vertex 13.0117 -60.88 2.6
      vertex 3.34685 -66.46 2.6
      vertex 3.93153 -67.4002 2.6
    endloop
  endfacet
  facet normal -0 0 1
    outer loop
      vertex 1.40511 -54.6991 2.6
      vertex 12.3507 -56.8763 2.6
      vertex 1.65654 -53.6208 2.6
    endloop
  endfacet
  facet normal 0 0 1
    outer loop
      vertex 12.834 -60.5476 2.6
      vertex 2.82491 -65.4835 2.6
      vertex 3.34685 -66.46 2.6
    endloop
  endfacet
  facet normal 0 0 1
    outer loop
      vertex 12.3507 -56.8763 2.6
      vertex 1.40511 -54.6991 2.6
      vertex 12.2893 -57.2482 2.6
    endloop
  endfacet
  facet normal 0 0 1
    outer loop
      vertex 12.6785 -60.2043 2.6
      vertex 2.36796 -64.475 2.6
      vertex 2.82491 -65.4835 2.6
    endloop
  endfacet
  facet normal -0 0 1
    outer loop
      vertex 1.22475 -55.7915 2.6
      vertex 12.2893 -57.2482 2.6
      vertex 1.40511 -54.6991 2.6
    endloop
  endfacet
  facet normal 0 0 1
    outer loop
      vertex 12.5457 -59.8515 2.6
      vertex 1.97794 -63.4388 2.6
      vertex 2.36796 -64.475 2.6
    endloop
  endfacet
  facet normal 0 0 1
    outer loop
      vertex 12.2893 -57.2482 2.6
      vertex 1.22475 -55.7915 2.6
      vertex 12.2523 -57.6233 2.6
    endloop
  endfacet
  facet normal 0 0 1
    outer loop
      vertex 12.4363 -59.4908 2.6
      vertex 1.65654 -62.3792 2.6
      vertex 1.97794 -63.4388 2.6
    endloop
  endfacet
  facet normal -0 0 1
    outer loop
      vertex 1.11623 -56.8934 2.6
      vertex 12.2523 -57.6233 2.6
      vertex 1.22475 -55.7915 2.6
    endloop
  endfacet
  facet normal 0 0 1
    outer loop
      vertex 12.3507 -59.1237 2.6
      vertex 1.40511 -61.3009 2.6
      vertex 1.65654 -62.3792 2.6
    endloop
  endfacet
  facet normal 0 0 1
    outer loop
      vertex 12.2523 -57.6233 2.6
      vertex 1.11623 -56.8934 2.6
      vertex 12.24 -58 2.6
    endloop
  endfacet
  facet normal 0 0 1
    outer loop
      vertex 12.2893 -58.7518 2.6
      vertex 1.22475 -60.2085 2.6
      vertex 1.40511 -61.3009 2.6
    endloop
  endfacet
  facet normal 0 0 1
    outer loop
      vertex 1.08 -58 2.6
      vertex 12.24 -58 2.6
      vertex 1.11623 -56.8934 2.6
    endloop
  endfacet
  facet normal 0 0 1
    outer loop
      vertex 12.2523 -58.3767 2.6
      vertex 1.11623 -59.1066 2.6
      vertex 1.22475 -60.2085 2.6
    endloop
  endfacet
  facet normal 0 0 1
    outer loop
      vertex 12.24 -58 2.6
      vertex 1.08 -58 2.6
      vertex 1.11623 -59.1066 2.6
    endloop
  endfacet
  facet normal 0.986651 -0.162846 0
    outer loop
      vertex 34.5949 -61.3009 2.6
      vertex 34.7752 -60.2085 2
      vertex 34.7752 -60.2085 2.6
    endloop
  endfacet
  facet normal 0.986651 -0.162846 0
    outer loop
      vertex 34.7752 -60.2085 2
      vertex 34.5949 -61.3009 2.6
      vertex 34.5949 -61.3009 2
    endloop
  endfacet
  facet normal 0.995178 -0.0980818 0
    outer loop
      vertex 34.7752 -60.2085 2.6
      vertex 34.8838 -59.1066 2
      vertex 34.8838 -59.1066 2.6
    endloop
  endfacet
  facet normal 0.995178 -0.0980818 0
    outer loop
      vertex 34.8838 -59.1066 2
      vertex 34.7752 -60.2085 2.6
      vertex 34.7752 -60.2085 2
    endloop
  endfacet
  facet normal 0.935876 -0.352331 0
    outer loop
      vertex 33.632 -64.475 2.6
      vertex 34.0221 -63.4388 2
      vertex 34.0221 -63.4388 2.6
    endloop
  endfacet
  facet normal 0.935876 -0.352331 0
    outer loop
      vertex 34.0221 -63.4388 2
      vertex 33.632 -64.475 2.6
      vertex 33.632 -64.475 2
    endloop
  endfacet
  facet normal 0.72985 -0.683608 0
    outer loop
      vertex 29.9642 -69.9642 2.6
      vertex 30.7211 -69.1561 2
      vertex 30.7211 -69.1561 2.6
    endloop
  endfacet
  facet normal 0.72985 -0.683608 0
    outer loop
      vertex 30.7211 -69.1561 2
      vertex 29.9642 -69.9642 2.6
      vertex 29.9642 -69.9642 2
    endloop
  endfacet
  facet normal 0.849224 -0.528033 0
    outer loop
      vertex 32.0685 -67.4002 2.6
      vertex 32.6531 -66.46 2
      vertex 32.6531 -66.46 2.6
    endloop
  endfacet
  facet normal 0.849224 -0.528033 0
    outer loop
      vertex 32.6531 -66.46 2
      vertex 32.0685 -67.4002 2.6
      vertex 32.0685 -67.4002 2
    endloop
  endfacet
  facet normal 0.227055 -0.973882 0
    outer loop
      vertex 21.3009 -74.5949 2
      vertex 22.3792 -74.3435 2.6
      vertex 21.3009 -74.5949 2.6
    endloop
  endfacet
  facet normal 0.227055 -0.973882 0
    outer loop
      vertex 22.3792 -74.3435 2.6
      vertex 21.3009 -74.5949 2
      vertex 22.3792 -74.3435 2
    endloop
  endfacet
  facet normal 0.290263 -0.956947 0
    outer loop
      vertex 22.3792 -74.3435 2
      vertex 23.4388 -74.0221 2.6
      vertex 22.3792 -74.3435 2.6
    endloop
  endfacet
  facet normal 0.290263 -0.956947 0
    outer loop
      vertex 23.4388 -74.0221 2.6
      vertex 22.3792 -74.3435 2
      vertex 23.4388 -74.0221 2
    endloop
  endfacet
  facet normal 0.0326953 -0.999465 0
    outer loop
      vertex 18 -74.92 2
      vertex 19.1066 -74.8838 2.6
      vertex 18 -74.92 2.6
    endloop
  endfacet
  facet normal 0.0326953 -0.999465 0
    outer loop
      vertex 19.1066 -74.8838 2.6
      vertex 18 -74.92 2
      vertex 19.1066 -74.8838 2
    endloop
  endfacet
  facet normal 0.412673 -0.910879 0
    outer loop
      vertex 24.475 -73.632 2
      vertex 25.4835 -73.1751 2.6
      vertex 24.475 -73.632 2.6
    endloop
  endfacet
  facet normal 0.412673 -0.910879 0
    outer loop
      vertex 25.4835 -73.1751 2.6
      vertex 24.475 -73.632 2
      vertex 25.4835 -73.1751 2
    endloop
  endfacet
  facet normal 0.582519 -0.812817 0
    outer loop
      vertex 27.4002 -72.0685 2
      vertex 28.3002 -71.4235 2.6
      vertex 27.4002 -72.0685 2.6
    endloop
  endfacet
  facet normal 0.582519 -0.812817 0
    outer loop
      vertex 28.3002 -71.4235 2.6
      vertex 27.4002 -72.0685 2
      vertex 28.3002 -71.4235 2
    endloop
  endfacet
  facet normal -0.812847 -0.582477 0
    outer loop
      vertex 4.57646 -68.3002 2
      vertex 3.93153 -67.4002 2.6
      vertex 3.93153 -67.4002 2
    endloop
  endfacet
  facet normal -0.812847 -0.582477 0
    outer loop
      vertex 3.93153 -67.4002 2.6
      vertex 4.57646 -68.3002 2
      vertex 4.57646 -68.3002 2.6
    endloop
  endfacet
  facet normal -0.910862 -0.41271 0
    outer loop
      vertex 2.82491 -65.4835 2
      vertex 2.36796 -64.475 2.6
      vertex 2.36796 -64.475 2
    endloop
  endfacet
  facet normal -0.910862 -0.41271 0
    outer loop
      vertex 2.36796 -64.475 2.6
      vertex 2.82491 -65.4835 2
      vertex 2.82491 -65.4835 2.6
    endloop
  endfacet
  facet normal -0.986643 -0.162899 0
    outer loop
      vertex 1.40511 -61.3009 2
      vertex 1.22475 -60.2085 2.6
      vertex 1.22475 -60.2085 2
    endloop
  endfacet
  facet normal -0.986643 -0.162899 0
    outer loop
      vertex 1.22475 -60.2085 2.6
      vertex 1.40511 -61.3009 2
      vertex 1.40511 -61.3009 2.6
    endloop
  endfacet
  facet normal -0.995185 -0.0980103 0
    outer loop
      vertex 1.22475 -60.2085 2
      vertex 1.11623 -59.1066 2.6
      vertex 1.11623 -59.1066 2
    endloop
  endfacet
  facet normal -0.995185 -0.0980103 0
    outer loop
      vertex 1.11623 -59.1066 2.6
      vertex 1.22475 -60.2085 2
      vertex 1.22475 -60.2085 2.6
    endloop
  endfacet
  facet normal -0.528078 -0.849196 0
    outer loop
      vertex 8.59975 -72.0685 2
      vertex 9.54 -72.6532 2.6
      vertex 8.59975 -72.0685 2.6
    endloop
  endfacet
  facet normal -0.528078 -0.849196 -0
    outer loop
      vertex 9.54 -72.6532 2.6
      vertex 8.59975 -72.0685 2
      vertex 9.54 -72.6532 2
    endloop
  endfacet
  facet normal -0.683599 -0.729858 0
    outer loop
      vertex 6.03575 -69.9642 2
      vertex 6.84387 -70.7211 2.6
      vertex 6.03575 -69.9642 2.6
    endloop
  endfacet
  facet normal -0.683599 -0.729858 -0
    outer loop
      vertex 6.84387 -70.7211 2.6
      vertex 6.03575 -69.9642 2
      vertex 6.84387 -70.7211 2
    endloop
  endfacet
  facet normal -0.352331 -0.935876 0
    outer loop
      vertex 11.525 -73.632 2
      vertex 12.5612 -74.0221 2.6
      vertex 11.525 -73.632 2.6
    endloop
  endfacet
  facet normal -0.352331 -0.935876 -0
    outer loop
      vertex 12.5612 -74.0221 2.6
      vertex 11.525 -73.632 2
      vertex 12.5612 -74.0221 2
    endloop
  endfacet
  facet normal -0.0980818 -0.995178 0
    outer loop
      vertex 15.7915 -74.7752 2
      vertex 16.8934 -74.8838 2.6
      vertex 15.7915 -74.7752 2.6
    endloop
  endfacet
  facet normal -0.0980818 -0.995178 -0
    outer loop
      vertex 16.8934 -74.8838 2.6
      vertex 15.7915 -74.7752 2
      vertex 16.8934 -74.8838 2
    endloop
  endfacet
  facet normal 0.999465 0.0326953 0
    outer loop
      vertex 34.92 -58 2.6
      vertex 34.8838 -56.8934 2
      vertex 34.8838 -56.8934 2.6
    endloop
  endfacet
  facet normal 0.999465 0.0326953 0
    outer loop
      vertex 34.8838 -56.8934 2
      vertex 34.92 -58 2.6
      vertex 34.92 -58 2
    endloop
  endfacet
  facet normal 0.986651 0.162846 0
    outer loop
      vertex 34.7752 -55.7915 2.6
      vertex 34.5949 -54.6991 2
      vertex 34.5949 -54.6991 2.6
    endloop
  endfacet
  facet normal 0.986651 0.162846 0
    outer loop
      vertex 34.5949 -54.6991 2
      vertex 34.7752 -55.7915 2.6
      vertex 34.7752 -55.7915 2
    endloop
  endfacet
  facet normal 0.995178 0.0980818 0
    outer loop
      vertex 34.8838 -56.8934 2.6
      vertex 34.7752 -55.7915 2
      vertex 34.7752 -55.7915 2.6
    endloop
  endfacet
  facet normal 0.995178 0.0980818 0
    outer loop
      vertex 34.7752 -55.7915 2
      vertex 34.8838 -56.8934 2.6
      vertex 34.8838 -56.8934 2
    endloop
  endfacet
  facet normal 0.773019 0.634383 0
    outer loop
      vertex 31.4235 -47.6998 2.6
      vertex 30.7211 -46.8439 2
      vertex 30.7211 -46.8439 2.6
    endloop
  endfacet
  facet normal 0.773019 0.634383 0
    outer loop
      vertex 30.7211 -46.8439 2
      vertex 31.4235 -47.6998 2.6
      vertex 31.4235 -47.6998 2
    endloop
  endfacet
  facet normal 0.881903 0.471432 0
    outer loop
      vertex 33.1751 -50.5165 2.6
      vertex 32.6531 -49.54 2
      vertex 32.6531 -49.54 2.6
    endloop
  endfacet
  facet normal 0.881903 0.471432 0
    outer loop
      vertex 32.6531 -49.54 2
      vertex 33.1751 -50.5165 2.6
      vertex 33.1751 -50.5165 2
    endloop
  endfacet
  facet normal -0.162846 0.986651 0
    outer loop
      vertex 15.7915 -41.2248 2
      vertex 14.6991 -41.4051 2.6
      vertex 15.7915 -41.2248 2.6
    endloop
  endfacet
  facet normal -0.162846 0.986651 0
    outer loop
      vertex 14.6991 -41.4051 2.6
      vertex 15.7915 -41.2248 2
      vertex 14.6991 -41.4051 2
    endloop
  endfacet
  facet normal -0.973876 0.227081 0
    outer loop
      vertex 1.40511 -54.6991 2
      vertex 1.65654 -53.6208 2.6
      vertex 1.65654 -53.6208 2
    endloop
  endfacet
  facet normal -0.973876 0.227081 0
    outer loop
      vertex 1.65654 -53.6208 2.6
      vertex 1.40511 -54.6991 2
      vertex 1.40511 -54.6991 2.6
    endloop
  endfacet
  facet normal -0.956947 0.290263 0
    outer loop
      vertex 1.65654 -53.6208 2
      vertex 1.97794 -52.5612 2.6
      vertex 1.97794 -52.5612 2
    endloop
  endfacet
  facet normal -0.956947 0.290263 0
    outer loop
      vertex 1.97794 -52.5612 2.6
      vertex 1.65654 -53.6208 2
      vertex 1.65654 -53.6208 2.6
    endloop
  endfacet
  facet normal 0.227055 0.973882 -0
    outer loop
      vertex 22.3792 -41.6565 2
      vertex 21.3009 -41.4051 2.6
      vertex 22.3792 -41.6565 2.6
    endloop
  endfacet
  facet normal 0.227055 0.973882 0
    outer loop
      vertex 21.3009 -41.4051 2.6
      vertex 22.3792 -41.6565 2
      vertex 21.3009 -41.4051 2
    endloop
  endfacet
  facet normal 0.412673 0.910879 -0
    outer loop
      vertex 25.4835 -42.8249 2
      vertex 24.475 -42.368 2.6
      vertex 25.4835 -42.8249 2.6
    endloop
  endfacet
  facet normal 0.412673 0.910879 0
    outer loop
      vertex 24.475 -42.368 2.6
      vertex 25.4835 -42.8249 2
      vertex 24.475 -42.368 2
    endloop
  endfacet
  facet normal 0.352331 0.935876 -0
    outer loop
      vertex 24.475 -42.368 2
      vertex 23.4388 -41.9779 2.6
      vertex 24.475 -42.368 2.6
    endloop
  endfacet
  facet normal 0.352331 0.935876 0
    outer loop
      vertex 23.4388 -41.9779 2.6
      vertex 24.475 -42.368 2
      vertex 23.4388 -41.9779 2
    endloop
  endfacet
  facet normal 0.812817 0.582519 0
    outer loop
      vertex 32.0685 -48.5998 2.6
      vertex 31.4235 -47.6998 2
      vertex 31.4235 -47.6998 2.6
    endloop
  endfacet
  facet normal 0.812817 0.582519 0
    outer loop
      vertex 31.4235 -47.6998 2
      vertex 32.0685 -48.5998 2.6
      vertex 32.0685 -48.5998 2
    endloop
  endfacet
  facet normal 0.849224 0.528033 0
    outer loop
      vertex 32.6531 -49.54 2.6
      vertex 32.0685 -48.5998 2
      vertex 32.0685 -48.5998 2.6
    endloop
  endfacet
  facet normal 0.849224 0.528033 0
    outer loop
      vertex 32.0685 -48.5998 2
      vertex 32.6531 -49.54 2.6
      vertex 32.6531 -49.54 2
    endloop
  endfacet
  facet normal 0.582519 0.812817 -0
    outer loop
      vertex 28.3002 -44.5765 2
      vertex 27.4002 -43.9315 2.6
      vertex 28.3002 -44.5765 2.6
    endloop
  endfacet
  facet normal 0.582519 0.812817 0
    outer loop
      vertex 27.4002 -43.9315 2.6
      vertex 28.3002 -44.5765 2
      vertex 27.4002 -43.9315 2
    endloop
  endfacet
  facet normal 0.683608 0.72985 -0
    outer loop
      vertex 29.9642 -46.0358 2
      vertex 29.1561 -45.2789 2.6
      vertex 29.9642 -46.0358 2.6
    endloop
  endfacet
  facet normal 0.683608 0.72985 0
    outer loop
      vertex 29.1561 -45.2789 2.6
      vertex 29.9642 -46.0358 2
      vertex 29.1561 -45.2789 2
    endloop
  endfacet
  facet normal 0.634383 0.773019 -0
    outer loop
      vertex 29.1561 -45.2789 2
      vertex 28.3002 -44.5765 2.6
      vertex 29.1561 -45.2789 2.6
    endloop
  endfacet
  facet normal 0.634383 0.773019 0
    outer loop
      vertex 28.3002 -44.5765 2.6
      vertex 29.1561 -45.2789 2
      vertex 28.3002 -44.5765 2
    endloop
  endfacet
  facet normal 0.910879 0.412673 0
    outer loop
      vertex 33.632 -51.525 2.6
      vertex 33.1751 -50.5165 2
      vertex 33.1751 -50.5165 2.6
    endloop
  endfacet
  facet normal 0.910879 0.412673 0
    outer loop
      vertex 33.1751 -50.5165 2
      vertex 33.632 -51.525 2.6
      vertex 33.632 -51.525 2
    endloop
  endfacet
  facet normal -0.352331 0.935876 0
    outer loop
      vertex 12.5612 -41.9779 2
      vertex 11.525 -42.368 2.6
      vertex 12.5612 -41.9779 2.6
    endloop
  endfacet
  facet normal -0.352331 0.935876 0
    outer loop
      vertex 11.525 -42.368 2.6
      vertex 12.5612 -41.9779 2
      vertex 11.525 -42.368 2
    endloop
  endfacet
  facet normal -0.773014 0.634388 0
    outer loop
      vertex 4.57646 -47.6998 2
      vertex 5.27887 -46.8439 2.6
      vertex 5.27887 -46.8439 2
    endloop
  endfacet
  facet normal -0.773014 0.634388 0
    outer loop
      vertex 5.27887 -46.8439 2.6
      vertex 4.57646 -47.6998 2
      vertex 4.57646 -47.6998 2.6
    endloop
  endfacet
  facet normal -0.935899 0.352267 0
    outer loop
      vertex 1.97794 -52.5612 2
      vertex 2.36796 -51.525 2.6
      vertex 2.36796 -51.525 2
    endloop
  endfacet
  facet normal -0.935899 0.352267 0
    outer loop
      vertex 2.36796 -51.525 2.6
      vertex 1.97794 -52.5612 2
      vertex 1.97794 -52.5612 2.6
    endloop
  endfacet
  facet normal -0.995185 0.0980103 0
    outer loop
      vertex 1.11623 -56.8934 2
      vertex 1.22475 -55.7915 2.6
      vertex 1.22475 -55.7915 2
    endloop
  endfacet
  facet normal -0.995185 0.0980103 0
    outer loop
      vertex 1.22475 -55.7915 2.6
      vertex 1.11623 -56.8934 2
      vertex 1.11623 -56.8934 2.6
    endloop
  endfacet
  facet normal -0.999464 0.0327224 0
    outer loop
      vertex 1.08 -58 2
      vertex 1.11623 -56.8934 2.6
      vertex 1.11623 -56.8934 2
    endloop
  endfacet
  facet normal -0.999464 0.0327224 0
    outer loop
      vertex 1.11623 -56.8934 2.6
      vertex 1.08 -58 2
      vertex 1.08 -58 2.6
    endloop
  endfacet
  facet normal -0.986643 0.162899 0
    outer loop
      vertex 1.22475 -55.7915 2
      vertex 1.40511 -54.6991 2.6
      vertex 1.40511 -54.6991 2
    endloop
  endfacet
  facet normal -0.986643 0.162899 0
    outer loop
      vertex 1.40511 -54.6991 2.6
      vertex 1.22475 -55.7915 2
      vertex 1.22475 -55.7915 2.6
    endloop
  endfacet
  facet normal 0.973882 0.227055 0
    outer loop
      vertex 34.5949 -54.6991 2.6
      vertex 34.3435 -53.6208 2
      vertex 34.3435 -53.6208 2.6
    endloop
  endfacet
  facet normal 0.973882 0.227055 0
    outer loop
      vertex 34.3435 -53.6208 2
      vertex 34.5949 -54.6991 2.6
      vertex 34.5949 -54.6991 2
    endloop
  endfacet
  facet normal 0.956947 0.290263 0
    outer loop
      vertex 34.3435 -53.6208 2.6
      vertex 34.0221 -52.5612 2
      vertex 34.0221 -52.5612 2.6
    endloop
  endfacet
  facet normal 0.956947 0.290263 0
    outer loop
      vertex 34.0221 -52.5612 2
      vertex 34.3435 -53.6208 2.6
      vertex 34.3435 -53.6208 2
    endloop
  endfacet
  facet normal 0.72985 0.683608 0
    outer loop
      vertex 30.7211 -46.8439 2.6
      vertex 29.9642 -46.0358 2
      vertex 29.9642 -46.0358 2.6
    endloop
  endfacet
  facet normal 0.72985 0.683608 0
    outer loop
      vertex 29.9642 -46.0358 2
      vertex 30.7211 -46.8439 2.6
      vertex 30.7211 -46.8439 2
    endloop
  endfacet
  facet normal 0.528033 0.849224 -0
    outer loop
      vertex 27.4002 -43.9315 2
      vertex 26.46 -43.3469 2.6
      vertex 27.4002 -43.9315 2.6
    endloop
  endfacet
  facet normal 0.528033 0.849224 0
    outer loop
      vertex 26.46 -43.3469 2.6
      vertex 27.4002 -43.9315 2
      vertex 26.46 -43.3469 2
    endloop
  endfacet
  facet normal 0.935876 0.352331 0
    outer loop
      vertex 34.0221 -52.5612 2.6
      vertex 33.632 -51.525 2
      vertex 33.632 -51.525 2.6
    endloop
  endfacet
  facet normal 0.935876 0.352331 0
    outer loop
      vertex 33.632 -51.525 2
      vertex 34.0221 -52.5612 2.6
      vertex 34.0221 -52.5612 2
    endloop
  endfacet
  facet normal -0.0326953 0.999465 0
    outer loop
      vertex 18 -41.08 2
      vertex 16.8934 -41.1162 2.6
      vertex 18 -41.08 2.6
    endloop
  endfacet
  facet normal -0.0326953 0.999465 0
    outer loop
      vertex 16.8934 -41.1162 2.6
      vertex 18 -41.08 2
      vertex 16.8934 -41.1162 2
    endloop
  endfacet
  facet normal -0.290263 0.956947 0
    outer loop
      vertex 13.6208 -41.6565 2
      vertex 12.5612 -41.9779 2.6
      vertex 13.6208 -41.6565 2.6
    endloop
  endfacet
  facet normal -0.290263 0.956947 0
    outer loop
      vertex 12.5612 -41.9779 2.6
      vertex 13.6208 -41.6565 2
      vertex 12.5612 -41.9779 2
    endloop
  endfacet
  facet normal -0.0980818 0.995178 0
    outer loop
      vertex 16.8934 -41.1162 2
      vertex 15.7915 -41.2248 2.6
      vertex 16.8934 -41.1162 2.6
    endloop
  endfacet
  facet normal -0.0980818 0.995178 0
    outer loop
      vertex 15.7915 -41.2248 2.6
      vertex 16.8934 -41.1162 2
      vertex 15.7915 -41.2248 2
    endloop
  endfacet
  facet normal -0.812847 0.582477 0
    outer loop
      vertex 3.93153 -48.5998 2
      vertex 4.57646 -47.6998 2.6
      vertex 4.57646 -47.6998 2
    endloop
  endfacet
  facet normal -0.812847 0.582477 0
    outer loop
      vertex 4.57646 -47.6998 2.6
      vertex 3.93153 -48.5998 2
      vertex 3.93153 -48.5998 2.6
    endloop
  endfacet
  facet normal -0.729859 0.683598 0
    outer loop
      vertex 5.27887 -46.8439 2
      vertex 6.03575 -46.0358 2.6
      vertex 6.03575 -46.0358 2
    endloop
  endfacet
  facet normal -0.729859 0.683598 0
    outer loop
      vertex 6.03575 -46.0358 2.6
      vertex 5.27887 -46.8439 2
      vertex 5.27887 -46.8439 2.6
    endloop
  endfacet
  facet normal -0.683599 0.729858 0
    outer loop
      vertex 6.84387 -45.2789 2
      vertex 6.03575 -46.0358 2.6
      vertex 6.84387 -45.2789 2.6
    endloop
  endfacet
  facet normal -0.683599 0.729858 0
    outer loop
      vertex 6.03575 -46.0358 2.6
      vertex 6.84387 -45.2789 2
      vertex 6.03575 -46.0358 2
    endloop
  endfacet
  facet normal 0.290263 0.956947 -0
    outer loop
      vertex 23.4388 -41.9779 2
      vertex 22.3792 -41.6565 2.6
      vertex 23.4388 -41.9779 2.6
    endloop
  endfacet
  facet normal 0.290263 0.956947 0
    outer loop
      vertex 22.3792 -41.6565 2.6
      vertex 23.4388 -41.9779 2
      vertex 22.3792 -41.6565 2
    endloop
  endfacet
  facet normal 0.162846 0.986651 -0
    outer loop
      vertex 21.3009 -41.4051 2
      vertex 20.2085 -41.2248 2.6
      vertex 21.3009 -41.4051 2.6
    endloop
  endfacet
  facet normal 0.162846 0.986651 0
    outer loop
      vertex 20.2085 -41.2248 2.6
      vertex 21.3009 -41.4051 2
      vertex 20.2085 -41.2248 2
    endloop
  endfacet
  facet normal 0.0980818 0.995178 -0
    outer loop
      vertex 20.2085 -41.2248 2
      vertex 19.1066 -41.1162 2.6
      vertex 20.2085 -41.2248 2.6
    endloop
  endfacet
  facet normal 0.0980818 0.995178 0
    outer loop
      vertex 19.1066 -41.1162 2.6
      vertex 20.2085 -41.2248 2
      vertex 19.1066 -41.1162 2
    endloop
  endfacet
  facet normal -0.471432 0.881903 0
    outer loop
      vertex 10.5165 -42.8249 2
      vertex 9.54 -43.3469 2.6
      vertex 10.5165 -42.8249 2.6
    endloop
  endfacet
  facet normal -0.471432 0.881903 0
    outer loop
      vertex 9.54 -43.3469 2.6
      vertex 10.5165 -42.8249 2
      vertex 9.54 -43.3469 2
    endloop
  endfacet
  facet normal -0.227055 0.973882 0
    outer loop
      vertex 14.6991 -41.4051 2
      vertex 13.6208 -41.6565 2.6
      vertex 14.6991 -41.4051 2.6
    endloop
  endfacet
  facet normal -0.227055 0.973882 0
    outer loop
      vertex 13.6208 -41.6565 2.6
      vertex 14.6991 -41.4051 2
      vertex 13.6208 -41.6565 2
    endloop
  endfacet
  facet normal -0.849192 0.528085 0
    outer loop
      vertex 3.34685 -49.54 2
      vertex 3.93153 -48.5998 2.6
      vertex 3.93153 -48.5998 2
    endloop
  endfacet
  facet normal -0.849192 0.528085 0
    outer loop
      vertex 3.93153 -48.5998 2.6
      vertex 3.34685 -49.54 2
      vertex 3.34685 -49.54 2.6
    endloop
  endfacet
  facet normal -0.582523 0.812814 0
    outer loop
      vertex 8.59975 -43.9315 2
      vertex 7.69976 -44.5765 2.6
      vertex 8.59975 -43.9315 2.6
    endloop
  endfacet
  facet normal -0.582523 0.812814 0
    outer loop
      vertex 7.69976 -44.5765 2.6
      vertex 8.59975 -43.9315 2
      vertex 7.69976 -44.5765 2
    endloop
  endfacet
  facet normal -0.634387 0.773015 0
    outer loop
      vertex 7.69976 -44.5765 2
      vertex 6.84387 -45.2789 2.6
      vertex 7.69976 -44.5765 2.6
    endloop
  endfacet
  facet normal -0.634387 0.773015 0
    outer loop
      vertex 6.84387 -45.2789 2.6
      vertex 7.69976 -44.5765 2
      vertex 6.84387 -45.2789 2
    endloop
  endfacet
  facet normal -0.412673 0.910879 0
    outer loop
      vertex 11.525 -42.368 2
      vertex 10.5165 -42.8249 2.6
      vertex 11.525 -42.368 2.6
    endloop
  endfacet
  facet normal -0.412673 0.910879 0
    outer loop
      vertex 10.5165 -42.8249 2.6
      vertex 11.525 -42.368 2
      vertex 10.5165 -42.8249 2
    endloop
  endfacet
  facet normal -0.881925 0.47139 0
    outer loop
      vertex 2.82491 -50.5165 2
      vertex 3.34685 -49.54 2.6
      vertex 3.34685 -49.54 2
    endloop
  endfacet
  facet normal -0.881925 0.47139 0
    outer loop
      vertex 3.34685 -49.54 2.6
      vertex 2.82491 -50.5165 2
      vertex 2.82491 -50.5165 2.6
    endloop
  endfacet
  facet normal -0.528012 0.849237 0
    outer loop
      vertex 9.54 -43.3469 2
      vertex 8.59975 -43.9315 2.6
      vertex 9.54 -43.3469 2.6
    endloop
  endfacet
  facet normal -0.528012 0.849237 0
    outer loop
      vertex 8.59975 -43.9315 2.6
      vertex 9.54 -43.3469 2
      vertex 8.59975 -43.9315 2
    endloop
  endfacet
  facet normal -0.999467 0.0326346 0
    outer loop
      vertex 23.7477 -58.3767 2
      vertex 23.76 -58 2.6
      vertex 23.76 -58 2
    endloop
  endfacet
  facet normal -0.999467 0.0326346 0
    outer loop
      vertex 23.76 -58 2.6
      vertex 23.7477 -58.3767 2
      vertex 23.7477 -58.3767 2.6
    endloop
  endfacet
  facet normal 0.999467 0.0326346 0
    outer loop
      vertex 12.2523 -58.3767 2.6
      vertex 12.24 -58 2
      vertex 12.24 -58 2.6
    endloop
  endfacet
  facet normal 0.999467 0.0326346 0
    outer loop
      vertex 12.24 -58 2
      vertex 12.2523 -58.3767 2.6
      vertex 12.2523 -58.3767 2
    endloop
  endfacet
  facet normal 0.0326346 0.999467 -0
    outer loop
      vertex 18 -63.76 2
      vertex 17.6233 -63.7477 2.6
      vertex 18 -63.76 2.6
    endloop
  endfacet
  facet normal 0.0326346 0.999467 0
    outer loop
      vertex 17.6233 -63.7477 2.6
      vertex 18 -63.76 2
      vertex 17.6233 -63.7477 2
    endloop
  endfacet
  facet normal -0.0326346 -0.999467 0
    outer loop
      vertex 18 -52.24 2
      vertex 18.3767 -52.2523 2.6
      vertex 18 -52.24 2.6
    endloop
  endfacet
  facet normal -0.0326346 -0.999467 -0
    outer loop
      vertex 18.3767 -52.2523 2.6
      vertex 18 -52.24 2
      vertex 18.3767 -52.2523 2
    endloop
  endfacet
  facet normal -0.68365 0.72981 0
    outer loop
      vertex 22.0729 -62.0729 2
      vertex 21.7978 -62.3306 2.6
      vertex 22.0729 -62.0729 2.6
    endloop
  endfacet
  facet normal -0.68365 0.72981 0
    outer loop
      vertex 21.7978 -62.3306 2.6
      vertex 22.0729 -62.0729 2
      vertex 21.7978 -62.3306 2
    endloop
  endfacet
  facet normal 0.72981 0.68365 0
    outer loop
      vertex 13.9271 -62.0729 2.6
      vertex 13.6694 -61.7978 2
      vertex 13.6694 -61.7978 2.6
    endloop
  endfacet
  facet normal 0.72981 0.68365 0
    outer loop
      vertex 13.6694 -61.7978 2
      vertex 13.9271 -62.0729 2.6
      vertex 13.9271 -62.0729 2
    endloop
  endfacet
  facet normal 0.412603 0.910911 -0
    outer loop
      vertex 15.7957 -63.3215 2
      vertex 15.4524 -63.166 2.6
      vertex 15.7957 -63.3215 2.6
    endloop
  endfacet
  facet normal 0.412603 0.910911 0
    outer loop
      vertex 15.4524 -63.166 2.6
      vertex 15.7957 -63.3215 2
      vertex 15.4524 -63.166 2
    endloop
  endfacet
  facet normal -0.910911 0.412603 0
    outer loop
      vertex 23.166 -60.5476 2
      vertex 23.3215 -60.2043 2.6
      vertex 23.3215 -60.2043 2
    endloop
  endfacet
  facet normal -0.910911 0.412603 0
    outer loop
      vertex 23.3215 -60.2043 2.6
      vertex 23.166 -60.5476 2
      vertex 23.166 -60.5476 2.6
    endloop
  endfacet
  facet normal -0.352286 0.935892 0
    outer loop
      vertex 20.2043 -63.3215 2
      vertex 19.8515 -63.4543 2.6
      vertex 20.2043 -63.3215 2.6
    endloop
  endfacet
  facet normal -0.352286 0.935892 0
    outer loop
      vertex 19.8515 -63.4543 2.6
      vertex 20.2043 -63.3215 2
      vertex 19.8515 -63.4543 2
    endloop
  endfacet
  facet normal -0.52797 0.849263 0
    outer loop
      vertex 21.2001 -62.7893 2
      vertex 20.88 -62.9883 2.6
      vertex 21.2001 -62.7893 2.6
    endloop
  endfacet
  facet normal -0.52797 0.849263 0
    outer loop
      vertex 20.88 -62.9883 2.6
      vertex 21.2001 -62.7893 2
      vertex 20.88 -62.9883 2
    endloop
  endfacet
  facet normal 0.935892 0.352286 0
    outer loop
      vertex 12.6785 -60.2043 2.6
      vertex 12.5457 -59.8515 2
      vertex 12.5457 -59.8515 2.6
    endloop
  endfacet
  facet normal 0.935892 0.352286 0
    outer loop
      vertex 12.5457 -59.8515 2
      vertex 12.6785 -60.2043 2.6
      vertex 12.6785 -60.2043 2
    endloop
  endfacet
  facet normal 0.227087 0.973874 -0
    outer loop
      vertex 16.8763 -63.6493 2
      vertex 16.5092 -63.5637 2.6
      vertex 16.8763 -63.6493 2.6
    endloop
  endfacet
  facet normal 0.227087 0.973874 0
    outer loop
      vertex 16.5092 -63.5637 2.6
      vertex 16.8763 -63.6493 2
      vertex 16.5092 -63.5637 2
    endloop
  endfacet
  facet normal -0.227087 -0.973874 0
    outer loop
      vertex 19.1237 -52.3507 2
      vertex 19.4908 -52.4363 2.6
      vertex 19.1237 -52.3507 2.6
    endloop
  endfacet
  facet normal -0.227087 -0.973874 -0
    outer loop
      vertex 19.4908 -52.4363 2.6
      vertex 19.1237 -52.3507 2
      vertex 19.4908 -52.4363 2
    endloop
  endfacet
  facet normal -0.973874 0.227087 0
    outer loop
      vertex 23.5637 -59.4908 2
      vertex 23.6493 -59.1237 2.6
      vertex 23.6493 -59.1237 2
    endloop
  endfacet
  facet normal -0.973874 0.227087 0
    outer loop
      vertex 23.6493 -59.1237 2.6
      vertex 23.5637 -59.4908 2
      vertex 23.5637 -59.4908 2.6
    endloop
  endfacet
  facet normal -0.956953 0.290243 0
    outer loop
      vertex 23.4543 -59.8515 2
      vertex 23.5637 -59.4908 2.6
      vertex 23.5637 -59.4908 2
    endloop
  endfacet
  facet normal -0.956953 0.290243 0
    outer loop
      vertex 23.5637 -59.4908 2.6
      vertex 23.4543 -59.8515 2
      vertex 23.4543 -59.8515 2.6
    endloop
  endfacet
  facet normal -0.8128 0.582542 0
    outer loop
      vertex 22.5697 -61.5065 2
      vertex 22.7893 -61.2001 2.6
      vertex 22.7893 -61.2001 2
    endloop
  endfacet
  facet normal -0.8128 0.582542 0
    outer loop
      vertex 22.7893 -61.2001 2.6
      vertex 22.5697 -61.5065 2
      vertex 22.5697 -61.5065 2.6
    endloop
  endfacet
  facet normal -0.772963 0.634451 0
    outer loop
      vertex 22.3306 -61.7978 2
      vertex 22.5697 -61.5065 2.6
      vertex 22.5697 -61.5065 2
    endloop
  endfacet
  facet normal -0.772963 0.634451 0
    outer loop
      vertex 22.5697 -61.5065 2.6
      vertex 22.3306 -61.7978 2
      vertex 22.3306 -61.7978 2.6
    endloop
  endfacet
  facet normal -0.849263 0.52797 0
    outer loop
      vertex 22.7893 -61.2001 2
      vertex 22.9883 -60.88 2.6
      vertex 22.9883 -60.88 2
    endloop
  endfacet
  facet normal -0.849263 0.52797 0
    outer loop
      vertex 22.9883 -60.88 2.6
      vertex 22.7893 -61.2001 2
      vertex 22.7893 -61.2001 2.6
    endloop
  endfacet
  facet normal -0.162893 0.986644 0
    outer loop
      vertex 19.1237 -63.6493 2
      vertex 18.7518 -63.7107 2.6
      vertex 19.1237 -63.6493 2.6
    endloop
  endfacet
  facet normal -0.162893 0.986644 0
    outer loop
      vertex 18.7518 -63.7107 2.6
      vertex 19.1237 -63.6493 2
      vertex 18.7518 -63.7107 2
    endloop
  endfacet
  facet normal -0.098164 0.99517 0
    outer loop
      vertex 18.7518 -63.7107 2
      vertex 18.3767 -63.7477 2.6
      vertex 18.7518 -63.7107 2.6
    endloop
  endfacet
  facet normal -0.098164 0.99517 0
    outer loop
      vertex 18.3767 -63.7477 2.6
      vertex 18.7518 -63.7107 2
      vertex 18.3767 -63.7477 2
    endloop
  endfacet
  facet normal -0.582542 0.8128 0
    outer loop
      vertex 21.5065 -62.5697 2
      vertex 21.2001 -62.7893 2.6
      vertex 21.5065 -62.5697 2.6
    endloop
  endfacet
  facet normal -0.582542 0.8128 0
    outer loop
      vertex 21.2001 -62.7893 2.6
      vertex 21.5065 -62.5697 2
      vertex 21.2001 -62.7893 2
    endloop
  endfacet
  facet normal 0.986644 0.162893 0
    outer loop
      vertex 12.3507 -59.1237 2.6
      vertex 12.2893 -58.7518 2
      vertex 12.2893 -58.7518 2.6
    endloop
  endfacet
  facet normal 0.986644 0.162893 0
    outer loop
      vertex 12.2893 -58.7518 2
      vertex 12.3507 -59.1237 2.6
      vertex 12.3507 -59.1237 2
    endloop
  endfacet
  facet normal 0.849263 0.52797 0
    outer loop
      vertex 13.2107 -61.2001 2.6
      vertex 13.0117 -60.88 2
      vertex 13.0117 -60.88 2.6
    endloop
  endfacet
  facet normal 0.849263 0.52797 0
    outer loop
      vertex 13.0117 -60.88 2
      vertex 13.2107 -61.2001 2.6
      vertex 13.2107 -61.2001 2
    endloop
  endfacet
  facet normal 0.99517 0.098164 0
    outer loop
      vertex 12.2893 -58.7518 2.6
      vertex 12.2523 -58.3767 2
      vertex 12.2523 -58.3767 2.6
    endloop
  endfacet
  facet normal 0.99517 0.098164 0
    outer loop
      vertex 12.2523 -58.3767 2
      vertex 12.2893 -58.7518 2.6
      vertex 12.2893 -58.7518 2
    endloop
  endfacet
  facet normal 0.582542 0.8128 -0
    outer loop
      vertex 14.7999 -62.7893 2
      vertex 14.4935 -62.5697 2.6
      vertex 14.7999 -62.7893 2.6
    endloop
  endfacet
  facet normal 0.582542 0.8128 0
    outer loop
      vertex 14.4935 -62.5697 2.6
      vertex 14.7999 -62.7893 2
      vertex 14.4935 -62.5697 2
    endloop
  endfacet
  facet normal 0.634451 0.772963 -0
    outer loop
      vertex 14.4935 -62.5697 2
      vertex 14.2022 -62.3306 2.6
      vertex 14.4935 -62.5697 2.6
    endloop
  endfacet
  facet normal 0.634451 0.772963 0
    outer loop
      vertex 14.2022 -62.3306 2.6
      vertex 14.4935 -62.5697 2
      vertex 14.2022 -62.3306 2
    endloop
  endfacet
  facet normal 0.290243 0.956953 -0
    outer loop
      vertex 16.5092 -63.5637 2
      vertex 16.1485 -63.4543 2.6
      vertex 16.5092 -63.5637 2.6
    endloop
  endfacet
  facet normal 0.290243 0.956953 0
    outer loop
      vertex 16.1485 -63.4543 2.6
      vertex 16.5092 -63.5637 2
      vertex 16.1485 -63.4543 2
    endloop
  endfacet
  facet normal 0.162893 0.986644 -0
    outer loop
      vertex 17.2482 -63.7107 2
      vertex 16.8763 -63.6493 2.6
      vertex 17.2482 -63.7107 2.6
    endloop
  endfacet
  facet normal 0.162893 0.986644 0
    outer loop
      vertex 16.8763 -63.6493 2.6
      vertex 17.2482 -63.7107 2
      vertex 16.8763 -63.6493 2
    endloop
  endfacet
  facet normal 0.910911 -0.412603 0
    outer loop
      vertex 12.6785 -55.7957 2.6
      vertex 12.834 -55.4524 2
      vertex 12.834 -55.4524 2.6
    endloop
  endfacet
  facet normal 0.910911 -0.412603 0
    outer loop
      vertex 12.834 -55.4524 2
      vertex 12.6785 -55.7957 2.6
      vertex 12.6785 -55.7957 2
    endloop
  endfacet
  facet normal -0.986644 0.162893 0
    outer loop
      vertex 23.6493 -59.1237 2
      vertex 23.7107 -58.7518 2.6
      vertex 23.7107 -58.7518 2
    endloop
  endfacet
  facet normal -0.986644 0.162893 0
    outer loop
      vertex 23.7107 -58.7518 2.6
      vertex 23.6493 -59.1237 2
      vertex 23.6493 -59.1237 2.6
    endloop
  endfacet
  facet normal -0.99517 0.098164 0
    outer loop
      vertex 23.7107 -58.7518 2
      vertex 23.7477 -58.3767 2.6
      vertex 23.7477 -58.3767 2
    endloop
  endfacet
  facet normal -0.99517 0.098164 0
    outer loop
      vertex 23.7477 -58.3767 2.6
      vertex 23.7107 -58.7518 2
      vertex 23.7107 -58.7518 2.6
    endloop
  endfacet
  facet normal -0.935892 0.352286 0
    outer loop
      vertex 23.3215 -60.2043 2
      vertex 23.4543 -59.8515 2.6
      vertex 23.4543 -59.8515 2
    endloop
  endfacet
  facet normal -0.935892 0.352286 0
    outer loop
      vertex 23.4543 -59.8515 2.6
      vertex 23.3215 -60.2043 2
      vertex 23.3215 -60.2043 2.6
    endloop
  endfacet
  facet normal -0.72981 0.68365 0
    outer loop
      vertex 22.0729 -62.0729 2
      vertex 22.3306 -61.7978 2.6
      vertex 22.3306 -61.7978 2
    endloop
  endfacet
  facet normal -0.72981 0.68365 0
    outer loop
      vertex 22.3306 -61.7978 2.6
      vertex 22.0729 -62.0729 2
      vertex 22.0729 -62.0729 2.6
    endloop
  endfacet
  facet normal -0.88189 0.471456 0
    outer loop
      vertex 22.9883 -60.88 2
      vertex 23.166 -60.5476 2.6
      vertex 23.166 -60.5476 2
    endloop
  endfacet
  facet normal -0.88189 0.471456 0
    outer loop
      vertex 23.166 -60.5476 2.6
      vertex 22.9883 -60.88 2
      vertex 22.9883 -60.88 2.6
    endloop
  endfacet
  facet normal -0.227087 0.973874 0
    outer loop
      vertex 19.4908 -63.5637 2
      vertex 19.1237 -63.6493 2.6
      vertex 19.4908 -63.5637 2.6
    endloop
  endfacet
  facet normal -0.227087 0.973874 0
    outer loop
      vertex 19.1237 -63.6493 2.6
      vertex 19.4908 -63.5637 2
      vertex 19.1237 -63.6493 2
    endloop
  endfacet
  facet normal -0.290243 0.956953 0
    outer loop
      vertex 19.8515 -63.4543 2
      vertex 19.4908 -63.5637 2.6
      vertex 19.8515 -63.4543 2.6
    endloop
  endfacet
  facet normal -0.290243 0.956953 0
    outer loop
      vertex 19.4908 -63.5637 2.6
      vertex 19.8515 -63.4543 2
      vertex 19.4908 -63.5637 2
    endloop
  endfacet
  facet normal -0.0326346 0.999467 0
    outer loop
      vertex 18.3767 -63.7477 2
      vertex 18 -63.76 2.6
      vertex 18.3767 -63.7477 2.6
    endloop
  endfacet
  facet normal -0.0326346 0.999467 0
    outer loop
      vertex 18 -63.76 2.6
      vertex 18.3767 -63.7477 2
      vertex 18 -63.76 2
    endloop
  endfacet
  facet normal -0.471456 0.88189 0
    outer loop
      vertex 20.88 -62.9883 2
      vertex 20.5476 -63.166 2.6
      vertex 20.88 -62.9883 2.6
    endloop
  endfacet
  facet normal -0.471456 0.88189 0
    outer loop
      vertex 20.5476 -63.166 2.6
      vertex 20.88 -62.9883 2
      vertex 20.5476 -63.166 2
    endloop
  endfacet
  facet normal -0.412603 0.910911 0
    outer loop
      vertex 20.5476 -63.166 2
      vertex 20.2043 -63.3215 2.6
      vertex 20.5476 -63.166 2.6
    endloop
  endfacet
  facet normal -0.412603 0.910911 0
    outer loop
      vertex 20.2043 -63.3215 2.6
      vertex 20.5476 -63.166 2
      vertex 20.2043 -63.3215 2
    endloop
  endfacet
  facet normal -0.634451 0.772963 0
    outer loop
      vertex 21.7978 -62.3306 2
      vertex 21.5065 -62.5697 2.6
      vertex 21.7978 -62.3306 2.6
    endloop
  endfacet
  facet normal -0.634451 0.772963 0
    outer loop
      vertex 21.5065 -62.5697 2.6
      vertex 21.7978 -62.3306 2
      vertex 21.5065 -62.5697 2
    endloop
  endfacet
  facet normal 0.8128 0.582542 0
    outer loop
      vertex 13.4303 -61.5065 2.6
      vertex 13.2107 -61.2001 2
      vertex 13.2107 -61.2001 2.6
    endloop
  endfacet
  facet normal 0.8128 0.582542 0
    outer loop
      vertex 13.2107 -61.2001 2
      vertex 13.4303 -61.5065 2.6
      vertex 13.4303 -61.5065 2
    endloop
  endfacet
  facet normal 0.772963 0.634451 0
    outer loop
      vertex 13.6694 -61.7978 2.6
      vertex 13.4303 -61.5065 2
      vertex 13.4303 -61.5065 2.6
    endloop
  endfacet
  facet normal 0.772963 0.634451 0
    outer loop
      vertex 13.4303 -61.5065 2
      vertex 13.6694 -61.7978 2.6
      vertex 13.6694 -61.7978 2
    endloop
  endfacet
  facet normal 0.910911 0.412603 0
    outer loop
      vertex 12.834 -60.5476 2.6
      vertex 12.6785 -60.2043 2
      vertex 12.6785 -60.2043 2.6
    endloop
  endfacet
  facet normal 0.910911 0.412603 0
    outer loop
      vertex 12.6785 -60.2043 2
      vertex 12.834 -60.5476 2.6
      vertex 12.834 -60.5476 2
    endloop
  endfacet
  facet normal 0.88189 0.471456 0
    outer loop
      vertex 13.0117 -60.88 2.6
      vertex 12.834 -60.5476 2
      vertex 12.834 -60.5476 2.6
    endloop
  endfacet
  facet normal 0.88189 0.471456 0
    outer loop
      vertex 12.834 -60.5476 2
      vertex 13.0117 -60.88 2.6
      vertex 13.0117 -60.88 2
    endloop
  endfacet
  facet normal 0.973874 0.227087 0
    outer loop
      vertex 12.4363 -59.4908 2.6
      vertex 12.3507 -59.1237 2
      vertex 12.3507 -59.1237 2.6
    endloop
  endfacet
  facet normal 0.973874 0.227087 0
    outer loop
      vertex 12.3507 -59.1237 2
      vertex 12.4363 -59.4908 2.6
      vertex 12.4363 -59.4908 2
    endloop
  endfacet
  facet normal 0.956953 0.290243 0
    outer loop
      vertex 12.5457 -59.8515 2.6
      vertex 12.4363 -59.4908 2
      vertex 12.4363 -59.4908 2.6
    endloop
  endfacet
  facet normal 0.956953 0.290243 0
    outer loop
      vertex 12.4363 -59.4908 2
      vertex 12.5457 -59.8515 2.6
      vertex 12.5457 -59.8515 2
    endloop
  endfacet
  facet normal 0.52797 0.849263 -0
    outer loop
      vertex 15.12 -62.9883 2
      vertex 14.7999 -62.7893 2.6
      vertex 15.12 -62.9883 2.6
    endloop
  endfacet
  facet normal 0.52797 0.849263 0
    outer loop
      vertex 14.7999 -62.7893 2.6
      vertex 15.12 -62.9883 2
      vertex 14.7999 -62.7893 2
    endloop
  endfacet
  facet normal 0.471456 0.88189 -0
    outer loop
      vertex 15.4524 -63.166 2
      vertex 15.12 -62.9883 2.6
      vertex 15.4524 -63.166 2.6
    endloop
  endfacet
  facet normal 0.471456 0.88189 0
    outer loop
      vertex 15.12 -62.9883 2.6
      vertex 15.4524 -63.166 2
      vertex 15.12 -62.9883 2
    endloop
  endfacet
  facet normal 0.68365 0.72981 -0
    outer loop
      vertex 14.2022 -62.3306 2
      vertex 13.9271 -62.0729 2.6
      vertex 14.2022 -62.3306 2.6
    endloop
  endfacet
  facet normal 0.68365 0.72981 0
    outer loop
      vertex 13.9271 -62.0729 2.6
      vertex 14.2022 -62.3306 2
      vertex 13.9271 -62.0729 2
    endloop
  endfacet
  facet normal 0.352286 0.935892 -0
    outer loop
      vertex 16.1485 -63.4543 2
      vertex 15.7957 -63.3215 2.6
      vertex 16.1485 -63.4543 2.6
    endloop
  endfacet
  facet normal 0.352286 0.935892 0
    outer loop
      vertex 15.7957 -63.3215 2.6
      vertex 16.1485 -63.4543 2
      vertex 15.7957 -63.3215 2
    endloop
  endfacet
  facet normal 0.098164 0.99517 -0
    outer loop
      vertex 17.6233 -63.7477 2
      vertex 17.2482 -63.7107 2.6
      vertex 17.6233 -63.7477 2.6
    endloop
  endfacet
  facet normal 0.098164 0.99517 0
    outer loop
      vertex 17.2482 -63.7107 2.6
      vertex 17.6233 -63.7477 2
      vertex 17.2482 -63.7107 2
    endloop
  endfacet
  facet normal -0.999467 -0.0326346 0
    outer loop
      vertex 23.76 -58 2
      vertex 23.7477 -57.6233 2.6
      vertex 23.7477 -57.6233 2
    endloop
  endfacet
  facet normal -0.999467 -0.0326346 0
    outer loop
      vertex 23.7477 -57.6233 2.6
      vertex 23.76 -58 2
      vertex 23.76 -58 2.6
    endloop
  endfacet
  facet normal -0.986644 -0.162893 0
    outer loop
      vertex 23.7107 -57.2482 2
      vertex 23.6493 -56.8763 2.6
      vertex 23.6493 -56.8763 2
    endloop
  endfacet
  facet normal -0.986644 -0.162893 0
    outer loop
      vertex 23.6493 -56.8763 2.6
      vertex 23.7107 -57.2482 2
      vertex 23.7107 -57.2482 2.6
    endloop
  endfacet
  facet normal -0.99517 -0.098164 0
    outer loop
      vertex 23.7477 -57.6233 2
      vertex 23.7107 -57.2482 2.6
      vertex 23.7107 -57.2482 2
    endloop
  endfacet
  facet normal -0.99517 -0.098164 0
    outer loop
      vertex 23.7107 -57.2482 2.6
      vertex 23.7477 -57.6233 2
      vertex 23.7477 -57.6233 2.6
    endloop
  endfacet
  facet normal -0.88189 -0.471456 0
    outer loop
      vertex 23.166 -55.4524 2
      vertex 22.9883 -55.12 2.6
      vertex 22.9883 -55.12 2
    endloop
  endfacet
  facet normal -0.88189 -0.471456 0
    outer loop
      vertex 22.9883 -55.12 2.6
      vertex 23.166 -55.4524 2
      vertex 23.166 -55.4524 2.6
    endloop
  endfacet
  facet normal 0.290243 -0.956953 0
    outer loop
      vertex 16.1485 -52.5457 2
      vertex 16.5092 -52.4363 2.6
      vertex 16.1485 -52.5457 2.6
    endloop
  endfacet
  facet normal 0.290243 -0.956953 0
    outer loop
      vertex 16.5092 -52.4363 2.6
      vertex 16.1485 -52.5457 2
      vertex 16.5092 -52.4363 2
    endloop
  endfacet
  facet normal 0.72981 -0.68365 0
    outer loop
      vertex 13.6694 -54.2022 2.6
      vertex 13.9271 -53.9271 2
      vertex 13.9271 -53.9271 2.6
    endloop
  endfacet
  facet normal 0.72981 -0.68365 0
    outer loop
      vertex 13.9271 -53.9271 2
      vertex 13.6694 -54.2022 2.6
      vertex 13.6694 -54.2022 2
    endloop
  endfacet
  facet normal 0.973874 -0.227087 0
    outer loop
      vertex 12.3507 -56.8763 2.6
      vertex 12.4363 -56.5092 2
      vertex 12.4363 -56.5092 2.6
    endloop
  endfacet
  facet normal 0.973874 -0.227087 0
    outer loop
      vertex 12.4363 -56.5092 2
      vertex 12.3507 -56.8763 2.6
      vertex 12.3507 -56.8763 2
    endloop
  endfacet
  facet normal -0.098164 -0.99517 0
    outer loop
      vertex 18.3767 -52.2523 2
      vertex 18.7518 -52.2893 2.6
      vertex 18.3767 -52.2523 2.6
    endloop
  endfacet
  facet normal -0.098164 -0.99517 -0
    outer loop
      vertex 18.7518 -52.2893 2.6
      vertex 18.3767 -52.2523 2
      vertex 18.7518 -52.2893 2
    endloop
  endfacet
  facet normal -0.352286 -0.935892 0
    outer loop
      vertex 19.8515 -52.5457 2
      vertex 20.2043 -52.6785 2.6
      vertex 19.8515 -52.5457 2.6
    endloop
  endfacet
  facet normal -0.352286 -0.935892 -0
    outer loop
      vertex 20.2043 -52.6785 2.6
      vertex 19.8515 -52.5457 2
      vertex 20.2043 -52.6785 2
    endloop
  endfacet
  facet normal -0.68365 -0.72981 0
    outer loop
      vertex 21.7978 -53.6694 2
      vertex 22.0729 -53.9271 2.6
      vertex 21.7978 -53.6694 2.6
    endloop
  endfacet
  facet normal -0.68365 -0.72981 -0
    outer loop
      vertex 22.0729 -53.9271 2.6
      vertex 21.7978 -53.6694 2
      vertex 22.0729 -53.9271 2
    endloop
  endfacet
  facet normal -0.72981 -0.68365 0
    outer loop
      vertex 22.3306 -54.2022 2
      vertex 22.0729 -53.9271 2.6
      vertex 22.0729 -53.9271 2
    endloop
  endfacet
  facet normal -0.72981 -0.68365 0
    outer loop
      vertex 22.0729 -53.9271 2.6
      vertex 22.3306 -54.2022 2
      vertex 22.3306 -54.2022 2.6
    endloop
  endfacet
  facet normal -0.582542 -0.8128 0
    outer loop
      vertex 21.2001 -53.2107 2
      vertex 21.5065 -53.4303 2.6
      vertex 21.2001 -53.2107 2.6
    endloop
  endfacet
  facet normal -0.582542 -0.8128 -0
    outer loop
      vertex 21.5065 -53.4303 2.6
      vertex 21.2001 -53.2107 2
      vertex 21.5065 -53.4303 2
    endloop
  endfacet
  facet normal -0.634451 -0.772963 0
    outer loop
      vertex 21.5065 -53.4303 2
      vertex 21.7978 -53.6694 2.6
      vertex 21.5065 -53.4303 2.6
    endloop
  endfacet
  facet normal -0.634451 -0.772963 -0
    outer loop
      vertex 21.7978 -53.6694 2.6
      vertex 21.5065 -53.4303 2
      vertex 21.7978 -53.6694 2
    endloop
  endfacet
  facet normal -0.935892 -0.352286 0
    outer loop
      vertex 23.4543 -56.1485 2
      vertex 23.3215 -55.7957 2.6
      vertex 23.3215 -55.7957 2
    endloop
  endfacet
  facet normal -0.935892 -0.352286 0
    outer loop
      vertex 23.3215 -55.7957 2.6
      vertex 23.4543 -56.1485 2
      vertex 23.4543 -56.1485 2.6
    endloop
  endfacet
  facet normal -0.849263 -0.52797 0
    outer loop
      vertex 22.9883 -55.12 2
      vertex 22.7893 -54.7999 2.6
      vertex 22.7893 -54.7999 2
    endloop
  endfacet
  facet normal -0.849263 -0.52797 0
    outer loop
      vertex 22.7893 -54.7999 2.6
      vertex 22.9883 -55.12 2
      vertex 22.9883 -55.12 2.6
    endloop
  endfacet
  facet normal -0.772963 -0.634451 0
    outer loop
      vertex 22.5697 -54.4935 2
      vertex 22.3306 -54.2022 2.6
      vertex 22.3306 -54.2022 2
    endloop
  endfacet
  facet normal -0.772963 -0.634451 0
    outer loop
      vertex 22.3306 -54.2022 2.6
      vertex 22.5697 -54.4935 2
      vertex 22.5697 -54.4935 2.6
    endloop
  endfacet
  facet normal 0.772963 -0.634451 0
    outer loop
      vertex 13.4303 -54.4935 2.6
      vertex 13.6694 -54.2022 2
      vertex 13.6694 -54.2022 2.6
    endloop
  endfacet
  facet normal 0.772963 -0.634451 0
    outer loop
      vertex 13.6694 -54.2022 2
      vertex 13.4303 -54.4935 2.6
      vertex 13.4303 -54.4935 2
    endloop
  endfacet
  facet normal 0.935892 -0.352286 0
    outer loop
      vertex 12.5457 -56.1485 2.6
      vertex 12.6785 -55.7957 2
      vertex 12.6785 -55.7957 2.6
    endloop
  endfacet
  facet normal 0.935892 -0.352286 0
    outer loop
      vertex 12.6785 -55.7957 2
      vertex 12.5457 -56.1485 2.6
      vertex 12.5457 -56.1485 2
    endloop
  endfacet
  facet normal 0.999467 -0.0326346 0
    outer loop
      vertex 12.24 -58 2.6
      vertex 12.2523 -57.6233 2
      vertex 12.2523 -57.6233 2.6
    endloop
  endfacet
  facet normal 0.999467 -0.0326346 0
    outer loop
      vertex 12.2523 -57.6233 2
      vertex 12.24 -58 2.6
      vertex 12.24 -58 2
    endloop
  endfacet
  facet normal -0.412603 -0.910911 0
    outer loop
      vertex 20.2043 -52.6785 2
      vertex 20.5476 -52.834 2.6
      vertex 20.2043 -52.6785 2.6
    endloop
  endfacet
  facet normal -0.412603 -0.910911 -0
    outer loop
      vertex 20.5476 -52.834 2.6
      vertex 20.2043 -52.6785 2
      vertex 20.5476 -52.834 2
    endloop
  endfacet
  facet normal -0.162893 -0.986644 0
    outer loop
      vertex 18.7518 -52.2893 2
      vertex 19.1237 -52.3507 2.6
      vertex 18.7518 -52.2893 2.6
    endloop
  endfacet
  facet normal -0.162893 -0.986644 -0
    outer loop
      vertex 19.1237 -52.3507 2.6
      vertex 18.7518 -52.2893 2
      vertex 19.1237 -52.3507 2
    endloop
  endfacet
  facet normal -0.973874 -0.227087 0
    outer loop
      vertex 23.6493 -56.8763 2
      vertex 23.5637 -56.5092 2.6
      vertex 23.5637 -56.5092 2
    endloop
  endfacet
  facet normal -0.973874 -0.227087 0
    outer loop
      vertex 23.5637 -56.5092 2.6
      vertex 23.6493 -56.8763 2
      vertex 23.6493 -56.8763 2.6
    endloop
  endfacet
  facet normal -0.956953 -0.290243 0
    outer loop
      vertex 23.5637 -56.5092 2
      vertex 23.4543 -56.1485 2.6
      vertex 23.4543 -56.1485 2
    endloop
  endfacet
  facet normal -0.956953 -0.290243 0
    outer loop
      vertex 23.4543 -56.1485 2.6
      vertex 23.5637 -56.5092 2
      vertex 23.5637 -56.5092 2.6
    endloop
  endfacet
  facet normal -0.52797 -0.849263 0
    outer loop
      vertex 20.88 -53.0117 2
      vertex 21.2001 -53.2107 2.6
      vertex 20.88 -53.0117 2.6
    endloop
  endfacet
  facet normal -0.52797 -0.849263 -0
    outer loop
      vertex 21.2001 -53.2107 2.6
      vertex 20.88 -53.0117 2
      vertex 21.2001 -53.2107 2
    endloop
  endfacet
  facet normal -0.471456 -0.88189 0
    outer loop
      vertex 20.5476 -52.834 2
      vertex 20.88 -53.0117 2.6
      vertex 20.5476 -52.834 2.6
    endloop
  endfacet
  facet normal -0.471456 -0.88189 -0
    outer loop
      vertex 20.88 -53.0117 2.6
      vertex 20.5476 -52.834 2
      vertex 20.88 -53.0117 2
    endloop
  endfacet
  facet normal -0.910911 -0.412603 0
    outer loop
      vertex 23.3215 -55.7957 2
      vertex 23.166 -55.4524 2.6
      vertex 23.166 -55.4524 2
    endloop
  endfacet
  facet normal -0.910911 -0.412603 0
    outer loop
      vertex 23.166 -55.4524 2.6
      vertex 23.3215 -55.7957 2
      vertex 23.3215 -55.7957 2.6
    endloop
  endfacet
  facet normal -0.8128 -0.582542 0
    outer loop
      vertex 22.7893 -54.7999 2
      vertex 22.5697 -54.4935 2.6
      vertex 22.5697 -54.4935 2
    endloop
  endfacet
  facet normal -0.8128 -0.582542 0
    outer loop
      vertex 22.5697 -54.4935 2.6
      vertex 22.7893 -54.7999 2
      vertex 22.7893 -54.7999 2.6
    endloop
  endfacet
  facet normal 0.634451 -0.772963 0
    outer loop
      vertex 14.2022 -53.6694 2
      vertex 14.4935 -53.4303 2.6
      vertex 14.2022 -53.6694 2.6
    endloop
  endfacet
  facet normal 0.634451 -0.772963 0
    outer loop
      vertex 14.4935 -53.4303 2.6
      vertex 14.2022 -53.6694 2
      vertex 14.4935 -53.4303 2
    endloop
  endfacet
  facet normal 0.52797 -0.849263 0
    outer loop
      vertex 14.7999 -53.2107 2
      vertex 15.12 -53.0117 2.6
      vertex 14.7999 -53.2107 2.6
    endloop
  endfacet
  facet normal 0.52797 -0.849263 0
    outer loop
      vertex 15.12 -53.0117 2.6
      vertex 14.7999 -53.2107 2
      vertex 15.12 -53.0117 2
    endloop
  endfacet
  facet normal 0.162893 -0.986644 0
    outer loop
      vertex 16.8763 -52.3507 2
      vertex 17.2482 -52.2893 2.6
      vertex 16.8763 -52.3507 2.6
    endloop
  endfacet
  facet normal 0.162893 -0.986644 0
    outer loop
      vertex 17.2482 -52.2893 2.6
      vertex 16.8763 -52.3507 2
      vertex 17.2482 -52.2893 2
    endloop
  endfacet
  facet normal 0.227087 -0.973874 0
    outer loop
      vertex 16.5092 -52.4363 2
      vertex 16.8763 -52.3507 2.6
      vertex 16.5092 -52.4363 2.6
    endloop
  endfacet
  facet normal 0.227087 -0.973874 0
    outer loop
      vertex 16.8763 -52.3507 2.6
      vertex 16.5092 -52.4363 2
      vertex 16.8763 -52.3507 2
    endloop
  endfacet
  facet normal 0.098164 -0.99517 0
    outer loop
      vertex 17.2482 -52.2893 2
      vertex 17.6233 -52.2523 2.6
      vertex 17.2482 -52.2893 2.6
    endloop
  endfacet
  facet normal 0.098164 -0.99517 0
    outer loop
      vertex 17.6233 -52.2523 2.6
      vertex 17.2482 -52.2893 2
      vertex 17.6233 -52.2523 2
    endloop
  endfacet
  facet normal 0.849263 -0.52797 0
    outer loop
      vertex 13.0117 -55.12 2.6
      vertex 13.2107 -54.7999 2
      vertex 13.2107 -54.7999 2.6
    endloop
  endfacet
  facet normal 0.849263 -0.52797 0
    outer loop
      vertex 13.2107 -54.7999 2
      vertex 13.0117 -55.12 2.6
      vertex 13.0117 -55.12 2
    endloop
  endfacet
  facet normal 0.88189 -0.471456 0
    outer loop
      vertex 12.834 -55.4524 2.6
      vertex 13.0117 -55.12 2
      vertex 13.0117 -55.12 2.6
    endloop
  endfacet
  facet normal 0.88189 -0.471456 0
    outer loop
      vertex 13.0117 -55.12 2
      vertex 12.834 -55.4524 2.6
      vertex 12.834 -55.4524 2
    endloop
  endfacet
  facet normal 0.8128 -0.582542 0
    outer loop
      vertex 13.2107 -54.7999 2.6
      vertex 13.4303 -54.4935 2
      vertex 13.4303 -54.4935 2.6
    endloop
  endfacet
  facet normal 0.8128 -0.582542 0
    outer loop
      vertex 13.4303 -54.4935 2
      vertex 13.2107 -54.7999 2.6
      vertex 13.2107 -54.7999 2
    endloop
  endfacet
  facet normal 0.68365 -0.72981 0
    outer loop
      vertex 13.9271 -53.9271 2
      vertex 14.2022 -53.6694 2.6
      vertex 13.9271 -53.9271 2.6
    endloop
  endfacet
  facet normal 0.68365 -0.72981 0
    outer loop
      vertex 14.2022 -53.6694 2.6
      vertex 13.9271 -53.9271 2
      vertex 14.2022 -53.6694 2
    endloop
  endfacet
  facet normal 0.956953 -0.290243 0
    outer loop
      vertex 12.4363 -56.5092 2.6
      vertex 12.5457 -56.1485 2
      vertex 12.5457 -56.1485 2.6
    endloop
  endfacet
  facet normal 0.956953 -0.290243 0
    outer loop
      vertex 12.5457 -56.1485 2
      vertex 12.4363 -56.5092 2.6
      vertex 12.4363 -56.5092 2
    endloop
  endfacet
  facet normal 0.986644 -0.162893 0
    outer loop
      vertex 12.2893 -57.2482 2.6
      vertex 12.3507 -56.8763 2
      vertex 12.3507 -56.8763 2.6
    endloop
  endfacet
  facet normal 0.986644 -0.162893 0
    outer loop
      vertex 12.3507 -56.8763 2
      vertex 12.2893 -57.2482 2.6
      vertex 12.2893 -57.2482 2
    endloop
  endfacet
  facet normal 0.99517 -0.098164 0
    outer loop
      vertex 12.2523 -57.6233 2.6
      vertex 12.2893 -57.2482 2
      vertex 12.2893 -57.2482 2.6
    endloop
  endfacet
  facet normal 0.99517 -0.098164 0
    outer loop
      vertex 12.2893 -57.2482 2
      vertex 12.2523 -57.6233 2.6
      vertex 12.2523 -57.6233 2
    endloop
  endfacet
  facet normal -0.290243 -0.956953 0
    outer loop
      vertex 19.4908 -52.4363 2
      vertex 19.8515 -52.5457 2.6
      vertex 19.4908 -52.4363 2.6
    endloop
  endfacet
  facet normal -0.290243 -0.956953 -0
    outer loop
      vertex 19.8515 -52.5457 2.6
      vertex 19.4908 -52.4363 2
      vertex 19.8515 -52.5457 2
    endloop
  endfacet
  facet normal 0.352286 -0.935892 0
    outer loop
      vertex 15.7957 -52.6785 2
      vertex 16.1485 -52.5457 2.6
      vertex 15.7957 -52.6785 2.6
    endloop
  endfacet
  facet normal 0.352286 -0.935892 0
    outer loop
      vertex 16.1485 -52.5457 2.6
      vertex 15.7957 -52.6785 2
      vertex 16.1485 -52.5457 2
    endloop
  endfacet
  facet normal 0.0326346 -0.999467 0
    outer loop
      vertex 17.6233 -52.2523 2
      vertex 18 -52.24 2.6
      vertex 17.6233 -52.2523 2.6
    endloop
  endfacet
  facet normal 0.0326346 -0.999467 0
    outer loop
      vertex 18 -52.24 2.6
      vertex 17.6233 -52.2523 2
      vertex 18 -52.24 2
    endloop
  endfacet
  facet normal 0.471456 -0.88189 0
    outer loop
      vertex 15.12 -53.0117 2
      vertex 15.4524 -52.834 2.6
      vertex 15.12 -53.0117 2.6
    endloop
  endfacet
  facet normal 0.471456 -0.88189 0
    outer loop
      vertex 15.4524 -52.834 2.6
      vertex 15.12 -53.0117 2
      vertex 15.4524 -52.834 2
    endloop
  endfacet
  facet normal 0.582542 -0.8128 0
    outer loop
      vertex 14.4935 -53.4303 2
      vertex 14.7999 -53.2107 2.6
      vertex 14.4935 -53.4303 2.6
    endloop
  endfacet
  facet normal 0.582542 -0.8128 0
    outer loop
      vertex 14.7999 -53.2107 2.6
      vertex 14.4935 -53.4303 2
      vertex 14.7999 -53.2107 2
    endloop
  endfacet
  facet normal 0.412603 -0.910911 0
    outer loop
      vertex 15.4524 -52.834 2
      vertex 15.7957 -52.6785 2.6
      vertex 15.4524 -52.834 2.6
    endloop
  endfacet
  facet normal 0.412603 -0.910911 0
    outer loop
      vertex 15.7957 -52.6785 2.6
      vertex 15.4524 -52.834 2
      vertex 15.7957 -52.6785 2
    endloop
  endfacet
  facet normal -0.882034 0.471186 0
    outer loop
      vertex -20.4752 -24.52 2
      vertex -20.3198 -24.2291 2.6
      vertex -20.3198 -24.2291 2
    endloop
  endfacet
  facet normal -0.882034 0.471186 0
    outer loop
      vertex -20.3198 -24.2291 2.6
      vertex -20.4752 -24.52 2
      vertex -20.4752 -24.52 2.6
    endloop
  endfacet
  facet normal -0.35212 0.935955 0
    outer loop
      vertex -22.9113 -26.6564 2
      vertex -23.2199 -26.7725 2.6
      vertex -22.9113 -26.6564 2.6
    endloop
  endfacet
  facet normal -0.35212 0.935955 0
    outer loop
      vertex -23.2199 -26.7725 2.6
      vertex -22.9113 -26.6564 2
      vertex -23.2199 -26.7725 2
    endloop
  endfacet
  facet normal 0.412935 0.910761 -0
    outer loop
      vertex -26.7687 -26.6564 2
      vertex -27.0691 -26.5202 2.6
      vertex -26.7687 -26.6564 2.6
    endloop
  endfacet
  facet normal 0.412935 0.910761 0
    outer loop
      vertex -27.0691 -26.5202 2.6
      vertex -26.7687 -26.6564 2
      vertex -27.0691 -26.5202 2
    endloop
  endfacet
  facet normal 0.935955 0.35212 0
    outer loop
      vertex -29.4964 -23.9287 2.6
      vertex -29.6125 -23.6201 2
      vertex -29.6125 -23.6201 2.6
    endloop
  endfacet
  facet normal 0.935955 0.35212 0
    outer loop
      vertex -29.6125 -23.6201 2
      vertex -29.4964 -23.9287 2.6
      vertex -29.4964 -23.9287 2
    endloop
  endfacet
  facet normal -0.999464 -0.0327494 0
    outer loop
      vertex -19.8 -22 2
      vertex -19.8108 -21.6704 2.6
      vertex -19.8108 -21.6704 2
    endloop
  endfacet
  facet normal -0.999464 -0.0327494 0
    outer loop
      vertex -19.8108 -21.6704 2.6
      vertex -19.8 -22 2
      vertex -19.8 -22 2.6
    endloop
  endfacet
  facet normal -0.528117 0.849171 0
    outer loop
      vertex -22.0399 -26.1906 2
      vertex -22.32 -26.3648 2.6
      vertex -22.0399 -26.1906 2.6
    endloop
  endfacet
  facet normal -0.528117 0.849171 0
    outer loop
      vertex -22.32 -26.3648 2.6
      vertex -22.0399 -26.1906 2
      vertex -22.32 -26.3648 2
    endloop
  endfacet
  facet normal 0.772997 0.63441 0
    outer loop
      vertex -28.6293 -25.3231 2.6
      vertex -28.8385 -25.0682 2
      vertex -28.8385 -25.0682 2.6
    endloop
  endfacet
  facet normal 0.772997 0.63441 0
    outer loop
      vertex -28.8385 -25.0682 2
      vertex -28.6293 -25.3231 2.6
      vertex -28.6293 -25.3231 2
    endloop
  endfacet
  facet normal 0.227163 0.973857 -0
    outer loop
      vertex -25.8233 -26.9432 2
      vertex -26.1444 -26.8683 2.6
      vertex -25.8233 -26.9432 2.6
    endloop
  endfacet
  facet normal 0.227163 0.973857 0
    outer loop
      vertex -26.1444 -26.8683 2.6
      vertex -25.8233 -26.9432 2
      vertex -26.1444 -26.8683 2
    endloop
  endfacet
  facet normal 0.935955 -0.35212 0
    outer loop
      vertex -29.6125 -20.3799 2.6
      vertex -29.4964 -20.0713 2
      vertex -29.4964 -20.0713 2.6
    endloop
  endfacet
  facet normal 0.935955 -0.35212 0
    outer loop
      vertex -29.4964 -20.0713 2
      vertex -29.6125 -20.3799 2.6
      vertex -29.6125 -20.3799 2
    endloop
  endfacet
  facet normal -0.162825 -0.986655 0
    outer loop
      vertex -24.1821 -17.0031 2
      vertex -23.8567 -17.0568 2.6
      vertex -24.1821 -17.0031 2.6
    endloop
  endfacet
  facet normal -0.162825 -0.986655 -0
    outer loop
      vertex -23.8567 -17.0568 2.6
      vertex -24.1821 -17.0031 2
      vertex -23.8567 -17.0568 2
    endloop
  endfacet
  facet normal -0.995195 0.0979129 0
    outer loop
      vertex -19.8431 -22.6579 2
      vertex -19.8108 -22.3296 2.6
      vertex -19.8108 -22.3296 2
    endloop
  endfacet
  facet normal -0.995195 0.0979129 0
    outer loop
      vertex -19.8108 -22.3296 2.6
      vertex -19.8431 -22.6579 2
      vertex -19.8431 -22.6579 2.6
    endloop
  endfacet
  facet normal -0.812872 0.582442 0
    outer loop
      vertex -20.8415 -25.0682 2
      vertex -20.6494 -24.8001 2.6
      vertex -20.6494 -24.8001 2
    endloop
  endfacet
  facet normal -0.812872 0.582442 0
    outer loop
      vertex -20.6494 -24.8001 2.6
      vertex -20.8415 -25.0682 2
      vertex -20.8415 -25.0682 2.6
    endloop
  endfacet
  facet normal -0.683689 0.729774 0
    outer loop
      vertex -21.2762 -25.5638 2
      vertex -21.5169 -25.7893 2.6
      vertex -21.2762 -25.5638 2.6
    endloop
  endfacet
  facet normal -0.683689 0.729774 0
    outer loop
      vertex -21.5169 -25.7893 2.6
      vertex -21.2762 -25.5638 2
      vertex -21.5169 -25.7893 2
    endloop
  endfacet
  facet normal 0.0327494 0.999464 -0
    outer loop
      vertex -24.84 -27.04 2
      vertex -25.1696 -27.0292 2.6
      vertex -24.84 -27.04 2.6
    endloop
  endfacet
  facet normal 0.0327494 0.999464 0
    outer loop
      vertex -25.1696 -27.0292 2.6
      vertex -24.84 -27.04 2
      vertex -25.1696 -27.0292 2
    endloop
  endfacet
  facet normal -0.290378 0.956912 0
    outer loop
      vertex -23.2199 -26.7725 2
      vertex -23.5356 -26.8683 2.6
      vertex -23.2199 -26.7725 2.6
    endloop
  endfacet
  facet normal -0.290378 0.956912 0
    outer loop
      vertex -23.5356 -26.8683 2.6
      vertex -23.2199 -26.7725 2
      vertex -23.5356 -26.8683 2
    endloop
  endfacet
  facet normal -0.162825 0.986655 0
    outer loop
      vertex -23.8567 -26.9432 2
      vertex -24.1821 -26.9969 2.6
      vertex -23.8567 -26.9432 2.6
    endloop
  endfacet
  facet normal -0.162825 0.986655 0
    outer loop
      vertex -24.1821 -26.9969 2.6
      vertex -23.8567 -26.9432 2
      vertex -24.1821 -26.9969 2
    endloop
  endfacet
  facet normal -0.63441 0.772997 0
    outer loop
      vertex -21.5169 -25.7893 2
      vertex -21.7718 -25.9985 2.6
      vertex -21.5169 -25.7893 2.6
    endloop
  endfacet
  facet normal -0.63441 0.772997 0
    outer loop
      vertex -21.7718 -25.9985 2.6
      vertex -21.5169 -25.7893 2
      vertex -21.7718 -25.9985 2
    endloop
  endfacet
  facet normal 0.999464 0.0327494 0
    outer loop
      vertex -29.8692 -22.3296 2.6
      vertex -29.88 -22 2
      vertex -29.88 -22 2.6
    endloop
  endfacet
  facet normal 0.999464 0.0327494 0
    outer loop
      vertex -29.88 -22 2
      vertex -29.8692 -22.3296 2.6
      vertex -29.8692 -22.3296 2
    endloop
  endfacet
  facet normal 0.986655 0.162825 0
    outer loop
      vertex -29.7832 -22.9833 2.6
      vertex -29.8369 -22.6579 2
      vertex -29.8369 -22.6579 2.6
    endloop
  endfacet
  facet normal 0.986655 0.162825 0
    outer loop
      vertex -29.8369 -22.6579 2
      vertex -29.7832 -22.9833 2.6
      vertex -29.7832 -22.9833 2
    endloop
  endfacet
  facet normal 0.882034 0.471186 0
    outer loop
      vertex -29.2048 -24.52 2.6
      vertex -29.3602 -24.2291 2
      vertex -29.3602 -24.2291 2.6
    endloop
  endfacet
  facet normal 0.882034 0.471186 0
    outer loop
      vertex -29.3602 -24.2291 2
      vertex -29.2048 -24.52 2.6
      vertex -29.2048 -24.52 2
    endloop
  endfacet
  facet normal 0.849171 0.528117 0
    outer loop
      vertex -29.0306 -24.8001 2.6
      vertex -29.2048 -24.52 2
      vertex -29.2048 -24.52 2.6
    endloop
  endfacet
  facet normal 0.849171 0.528117 0
    outer loop
      vertex -29.2048 -24.52 2
      vertex -29.0306 -24.8001 2.6
      vertex -29.0306 -24.8001 2
    endloop
  endfacet
  facet normal 0.812872 0.582442 0
    outer loop
      vertex -28.8385 -25.0682 2.6
      vertex -29.0306 -24.8001 2
      vertex -29.0306 -24.8001 2.6
    endloop
  endfacet
  facet normal 0.812872 0.582442 0
    outer loop
      vertex -29.0306 -24.8001 2
      vertex -28.8385 -25.0682 2.6
      vertex -28.8385 -25.0682 2
    endloop
  endfacet
  facet normal 0.290378 0.956912 -0
    outer loop
      vertex -26.1444 -26.8683 2
      vertex -26.4601 -26.7725 2.6
      vertex -26.1444 -26.8683 2.6
    endloop
  endfacet
  facet normal 0.290378 0.956912 0
    outer loop
      vertex -26.4601 -26.7725 2.6
      vertex -26.1444 -26.8683 2
      vertex -26.4601 -26.7725 2
    endloop
  endfacet
  facet normal 0.0979129 0.995195 -0
    outer loop
      vertex -25.1696 -27.0292 2
      vertex -25.4979 -26.9969 2.6
      vertex -25.1696 -27.0292 2.6
    endloop
  endfacet
  facet normal 0.0979129 0.995195 0
    outer loop
      vertex -25.4979 -26.9969 2.6
      vertex -25.1696 -27.0292 2
      vertex -25.4979 -26.9969 2
    endloop
  endfacet
  facet normal 0.582442 0.812872 -0
    outer loop
      vertex -27.6401 -26.1906 2
      vertex -27.9082 -25.9985 2.6
      vertex -27.6401 -26.1906 2.6
    endloop
  endfacet
  facet normal 0.582442 0.812872 0
    outer loop
      vertex -27.9082 -25.9985 2.6
      vertex -27.6401 -26.1906 2
      vertex -27.9082 -25.9985 2
    endloop
  endfacet
  facet normal 0.471186 0.882034 -0
    outer loop
      vertex -27.0691 -26.5202 2
      vertex -27.36 -26.3648 2.6
      vertex -27.0691 -26.5202 2.6
    endloop
  endfacet
  facet normal 0.471186 0.882034 0
    outer loop
      vertex -27.36 -26.3648 2.6
      vertex -27.0691 -26.5202 2
      vertex -27.36 -26.3648 2
    endloop
  endfacet
  facet normal 0.729774 0.683689 0
    outer loop
      vertex -28.4038 -25.5638 2.6
      vertex -28.6293 -25.3231 2
      vertex -28.6293 -25.3231 2.6
    endloop
  endfacet
  facet normal 0.729774 0.683689 0
    outer loop
      vertex -28.6293 -25.3231 2
      vertex -28.4038 -25.5638 2.6
      vertex -28.4038 -25.5638 2
    endloop
  endfacet
  facet normal -0.999464 0.0327494 0
    outer loop
      vertex -19.8108 -22.3296 2
      vertex -19.8 -22 2.6
      vertex -19.8 -22 2
    endloop
  endfacet
  facet normal -0.999464 0.0327494 0
    outer loop
      vertex -19.8 -22 2.6
      vertex -19.8108 -22.3296 2
      vertex -19.8108 -22.3296 2.6
    endloop
  endfacet
  facet normal -0.973857 -0.227163 0
    outer loop
      vertex -19.8968 -21.0167 2
      vertex -19.9717 -20.6956 2.6
      vertex -19.9717 -20.6956 2
    endloop
  endfacet
  facet normal -0.973857 -0.227163 0
    outer loop
      vertex -19.9717 -20.6956 2.6
      vertex -19.8968 -21.0167 2
      vertex -19.8968 -21.0167 2.6
    endloop
  endfacet
  facet normal -0.227163 -0.973857 0
    outer loop
      vertex -23.8567 -17.0568 2
      vertex -23.5356 -17.1317 2.6
      vertex -23.8567 -17.0568 2.6
    endloop
  endfacet
  facet normal -0.227163 -0.973857 -0
    outer loop
      vertex -23.5356 -17.1317 2.6
      vertex -23.8567 -17.0568 2
      vertex -23.5356 -17.1317 2
    endloop
  endfacet
  facet normal -0.35212 -0.935955 0
    outer loop
      vertex -23.2199 -17.2275 2
      vertex -22.9113 -17.3436 2.6
      vertex -23.2199 -17.2275 2.6
    endloop
  endfacet
  facet normal -0.35212 -0.935955 -0
    outer loop
      vertex -22.9113 -17.3436 2.6
      vertex -23.2199 -17.2275 2
      vertex -22.9113 -17.3436 2
    endloop
  endfacet
  facet normal -0.956912 0.290378 0
    outer loop
      vertex -20.0675 -23.6201 2
      vertex -19.9717 -23.3044 2.6
      vertex -19.9717 -23.3044 2
    endloop
  endfacet
  facet normal -0.956912 0.290378 0
    outer loop
      vertex -19.9717 -23.3044 2.6
      vertex -20.0675 -23.6201 2
      vertex -20.0675 -23.6201 2.6
    endloop
  endfacet
  facet normal -0.849171 0.528117 0
    outer loop
      vertex -20.6494 -24.8001 2
      vertex -20.4752 -24.52 2.6
      vertex -20.4752 -24.52 2
    endloop
  endfacet
  facet normal -0.849171 0.528117 0
    outer loop
      vertex -20.4752 -24.52 2.6
      vertex -20.6494 -24.8001 2
      vertex -20.6494 -24.8001 2.6
    endloop
  endfacet
  facet normal -0.772997 0.63441 0
    outer loop
      vertex -21.0507 -25.3231 2
      vertex -20.8415 -25.0682 2.6
      vertex -20.8415 -25.0682 2
    endloop
  endfacet
  facet normal -0.772997 0.63441 0
    outer loop
      vertex -20.8415 -25.0682 2.6
      vertex -21.0507 -25.3231 2
      vertex -21.0507 -25.3231 2.6
    endloop
  endfacet
  facet normal -0.729774 0.683689 0
    outer loop
      vertex -21.2762 -25.5638 2
      vertex -21.0507 -25.3231 2.6
      vertex -21.0507 -25.3231 2
    endloop
  endfacet
  facet normal -0.729774 0.683689 0
    outer loop
      vertex -21.0507 -25.3231 2.6
      vertex -21.2762 -25.5638 2
      vertex -21.2762 -25.5638 2.6
    endloop
  endfacet
  facet normal -0.0979129 0.995195 0
    outer loop
      vertex -24.1821 -26.9969 2
      vertex -24.5104 -27.0292 2.6
      vertex -24.1821 -26.9969 2.6
    endloop
  endfacet
  facet normal -0.0979129 0.995195 0
    outer loop
      vertex -24.5104 -27.0292 2.6
      vertex -24.1821 -26.9969 2
      vertex -24.5104 -27.0292 2
    endloop
  endfacet
  facet normal -0.0327494 0.999464 0
    outer loop
      vertex -24.5104 -27.0292 2
      vertex -24.84 -27.04 2.6
      vertex -24.5104 -27.0292 2.6
    endloop
  endfacet
  facet normal -0.0327494 0.999464 0
    outer loop
      vertex -24.84 -27.04 2.6
      vertex -24.5104 -27.0292 2
      vertex -24.84 -27.04 2
    endloop
  endfacet
  facet normal -0.227163 0.973857 0
    outer loop
      vertex -23.5356 -26.8683 2
      vertex -23.8567 -26.9432 2.6
      vertex -23.5356 -26.8683 2.6
    endloop
  endfacet
  facet normal -0.227163 0.973857 0
    outer loop
      vertex -23.8567 -26.9432 2.6
      vertex -23.5356 -26.8683 2
      vertex -23.8567 -26.9432 2
    endloop
  endfacet
  facet normal -0.471186 0.882034 0
    outer loop
      vertex -22.32 -26.3648 2
      vertex -22.6109 -26.5202 2.6
      vertex -22.32 -26.3648 2.6
    endloop
  endfacet
  facet normal -0.471186 0.882034 0
    outer loop
      vertex -22.6109 -26.5202 2.6
      vertex -22.32 -26.3648 2
      vertex -22.6109 -26.5202 2
    endloop
  endfacet
  facet normal -0.412935 0.910761 0
    outer loop
      vertex -22.6109 -26.5202 2
      vertex -22.9113 -26.6564 2.6
      vertex -22.6109 -26.5202 2.6
    endloop
  endfacet
  facet normal -0.412935 0.910761 0
    outer loop
      vertex -22.9113 -26.6564 2.6
      vertex -22.6109 -26.5202 2
      vertex -22.9113 -26.6564 2
    endloop
  endfacet
  facet normal -0.582442 0.812872 0
    outer loop
      vertex -21.7718 -25.9985 2
      vertex -22.0399 -26.1906 2.6
      vertex -21.7718 -25.9985 2.6
    endloop
  endfacet
  facet normal -0.582442 0.812872 0
    outer loop
      vertex -22.0399 -26.1906 2.6
      vertex -21.7718 -25.9985 2
      vertex -22.0399 -26.1906 2
    endloop
  endfacet
  facet normal 0.999464 -0.0327494 0
    outer loop
      vertex -29.88 -22 2.6
      vertex -29.8692 -21.6704 2
      vertex -29.8692 -21.6704 2.6
    endloop
  endfacet
  facet normal 0.999464 -0.0327494 0
    outer loop
      vertex -29.8692 -21.6704 2
      vertex -29.88 -22 2.6
      vertex -29.88 -22 2
    endloop
  endfacet
  facet normal 0.973857 0.227163 0
    outer loop
      vertex -29.7083 -23.3044 2.6
      vertex -29.7832 -22.9833 2
      vertex -29.7832 -22.9833 2.6
    endloop
  endfacet
  facet normal 0.973857 0.227163 0
    outer loop
      vertex -29.7832 -22.9833 2
      vertex -29.7083 -23.3044 2.6
      vertex -29.7083 -23.3044 2
    endloop
  endfacet
  facet normal 0.956912 0.290378 0
    outer loop
      vertex -29.6125 -23.6201 2.6
      vertex -29.7083 -23.3044 2
      vertex -29.7083 -23.3044 2.6
    endloop
  endfacet
  facet normal 0.956912 0.290378 0
    outer loop
      vertex -29.7083 -23.3044 2
      vertex -29.6125 -23.6201 2.6
      vertex -29.6125 -23.6201 2
    endloop
  endfacet
  facet normal 0.995195 0.0979129 0
    outer loop
      vertex -29.8369 -22.6579 2.6
      vertex -29.8692 -22.3296 2
      vertex -29.8692 -22.3296 2.6
    endloop
  endfacet
  facet normal 0.995195 0.0979129 0
    outer loop
      vertex -29.8692 -22.3296 2
      vertex -29.8369 -22.6579 2.6
      vertex -29.8369 -22.6579 2
    endloop
  endfacet
  facet normal 0.35212 0.935955 -0
    outer loop
      vertex -26.4601 -26.7725 2
      vertex -26.7687 -26.6564 2.6
      vertex -26.4601 -26.7725 2.6
    endloop
  endfacet
  facet normal 0.35212 0.935955 0
    outer loop
      vertex -26.7687 -26.6564 2.6
      vertex -26.4601 -26.7725 2
      vertex -26.7687 -26.6564 2
    endloop
  endfacet
  facet normal 0.162825 0.986655 -0
    outer loop
      vertex -25.4979 -26.9969 2
      vertex -25.8233 -26.9432 2.6
      vertex -25.4979 -26.9969 2.6
    endloop
  endfacet
  facet normal 0.162825 0.986655 0
    outer loop
      vertex -25.8233 -26.9432 2.6
      vertex -25.4979 -26.9969 2
      vertex -25.8233 -26.9432 2
    endloop
  endfacet
  facet normal 0.528117 0.849171 -0
    outer loop
      vertex -27.36 -26.3648 2
      vertex -27.6401 -26.1906 2.6
      vertex -27.36 -26.3648 2.6
    endloop
  endfacet
  facet normal 0.528117 0.849171 0
    outer loop
      vertex -27.6401 -26.1906 2.6
      vertex -27.36 -26.3648 2
      vertex -27.6401 -26.1906 2
    endloop
  endfacet
  facet normal 0.63441 0.772997 -0
    outer loop
      vertex -27.9082 -25.9985 2
      vertex -28.1631 -25.7893 2.6
      vertex -27.9082 -25.9985 2.6
    endloop
  endfacet
  facet normal 0.63441 0.772997 0
    outer loop
      vertex -28.1631 -25.7893 2.6
      vertex -27.9082 -25.9985 2
      vertex -28.1631 -25.7893 2
    endloop
  endfacet
  facet normal 0.683689 0.729774 -0
    outer loop
      vertex -28.1631 -25.7893 2
      vertex -28.4038 -25.5638 2.6
      vertex -28.1631 -25.7893 2.6
    endloop
  endfacet
  facet normal 0.683689 0.729774 0
    outer loop
      vertex -28.4038 -25.5638 2.6
      vertex -28.1631 -25.7893 2
      vertex -28.4038 -25.5638 2
    endloop
  endfacet
  facet normal -0.995195 -0.0979129 0
    outer loop
      vertex -19.8108 -21.6704 2
      vertex -19.8431 -21.3421 2.6
      vertex -19.8431 -21.3421 2
    endloop
  endfacet
  facet normal -0.995195 -0.0979129 0
    outer loop
      vertex -19.8431 -21.3421 2.6
      vertex -19.8108 -21.6704 2
      vertex -19.8108 -21.6704 2.6
    endloop
  endfacet
  facet normal -0.910761 -0.412935 0
    outer loop
      vertex -20.1836 -20.0713 2
      vertex -20.3198 -19.7709 2.6
      vertex -20.3198 -19.7709 2
    endloop
  endfacet
  facet normal -0.910761 -0.412935 0
    outer loop
      vertex -20.3198 -19.7709 2.6
      vertex -20.1836 -20.0713 2
      vertex -20.1836 -20.0713 2.6
    endloop
  endfacet
  facet normal -0.956912 -0.290378 0
    outer loop
      vertex -19.9717 -20.6956 2
      vertex -20.0675 -20.3799 2.6
      vertex -20.0675 -20.3799 2
    endloop
  endfacet
  facet normal -0.956912 -0.290378 0
    outer loop
      vertex -20.0675 -20.3799 2.6
      vertex -19.9717 -20.6956 2
      vertex -19.9717 -20.6956 2.6
    endloop
  endfacet
  facet normal -0.582442 -0.812872 0
    outer loop
      vertex -22.0399 -17.8094 2
      vertex -21.7718 -18.0015 2.6
      vertex -22.0399 -17.8094 2.6
    endloop
  endfacet
  facet normal -0.582442 -0.812872 -0
    outer loop
      vertex -21.7718 -18.0015 2.6
      vertex -22.0399 -17.8094 2
      vertex -21.7718 -18.0015 2
    endloop
  endfacet
  facet normal -0.772997 -0.63441 0
    outer loop
      vertex -20.8415 -18.9318 2
      vertex -21.0507 -18.6769 2.6
      vertex -21.0507 -18.6769 2
    endloop
  endfacet
  facet normal -0.772997 -0.63441 0
    outer loop
      vertex -21.0507 -18.6769 2.6
      vertex -20.8415 -18.9318 2
      vertex -20.8415 -18.9318 2.6
    endloop
  endfacet
  facet normal -0.812872 -0.582442 0
    outer loop
      vertex -20.6494 -19.1999 2
      vertex -20.8415 -18.9318 2.6
      vertex -20.8415 -18.9318 2
    endloop
  endfacet
  facet normal -0.812872 -0.582442 0
    outer loop
      vertex -20.8415 -18.9318 2.6
      vertex -20.6494 -19.1999 2
      vertex -20.6494 -19.1999 2.6
    endloop
  endfacet
  facet normal -0.935955 -0.35212 0
    outer loop
      vertex -20.0675 -20.3799 2
      vertex -20.1836 -20.0713 2.6
      vertex -20.1836 -20.0713 2
    endloop
  endfacet
  facet normal -0.935955 -0.35212 0
    outer loop
      vertex -20.1836 -20.0713 2.6
      vertex -20.0675 -20.3799 2
      vertex -20.0675 -20.3799 2.6
    endloop
  endfacet
  facet normal 0.995195 -0.0979129 0
    outer loop
      vertex -29.8692 -21.6704 2.6
      vertex -29.8369 -21.3421 2
      vertex -29.8369 -21.3421 2.6
    endloop
  endfacet
  facet normal 0.995195 -0.0979129 0
    outer loop
      vertex -29.8369 -21.3421 2
      vertex -29.8692 -21.6704 2.6
      vertex -29.8692 -21.6704 2
    endloop
  endfacet
  facet normal -0.0979129 -0.995195 0
    outer loop
      vertex -24.5104 -16.9708 2
      vertex -24.1821 -17.0031 2.6
      vertex -24.5104 -16.9708 2.6
    endloop
  endfacet
  facet normal -0.0979129 -0.995195 -0
    outer loop
      vertex -24.1821 -17.0031 2.6
      vertex -24.5104 -16.9708 2
      vertex -24.1821 -17.0031 2
    endloop
  endfacet
  facet normal -0.986655 0.162825 0
    outer loop
      vertex -19.8968 -22.9833 2
      vertex -19.8431 -22.6579 2.6
      vertex -19.8431 -22.6579 2
    endloop
  endfacet
  facet normal -0.986655 0.162825 0
    outer loop
      vertex -19.8431 -22.6579 2.6
      vertex -19.8968 -22.9833 2
      vertex -19.8968 -22.9833 2.6
    endloop
  endfacet
  facet normal -0.973857 0.227163 0
    outer loop
      vertex -19.9717 -23.3044 2
      vertex -19.8968 -22.9833 2.6
      vertex -19.8968 -22.9833 2
    endloop
  endfacet
  facet normal -0.973857 0.227163 0
    outer loop
      vertex -19.8968 -22.9833 2.6
      vertex -19.9717 -23.3044 2
      vertex -19.9717 -23.3044 2.6
    endloop
  endfacet
  facet normal -0.910761 0.412935 0
    outer loop
      vertex -20.3198 -24.2291 2
      vertex -20.1836 -23.9287 2.6
      vertex -20.1836 -23.9287 2
    endloop
  endfacet
  facet normal -0.910761 0.412935 0
    outer loop
      vertex -20.1836 -23.9287 2.6
      vertex -20.3198 -24.2291 2
      vertex -20.3198 -24.2291 2.6
    endloop
  endfacet
  facet normal -0.935955 0.35212 0
    outer loop
      vertex -20.1836 -23.9287 2
      vertex -20.0675 -23.6201 2.6
      vertex -20.0675 -23.6201 2
    endloop
  endfacet
  facet normal -0.935955 0.35212 0
    outer loop
      vertex -20.0675 -23.6201 2.6
      vertex -20.1836 -23.9287 2
      vertex -20.1836 -23.9287 2.6
    endloop
  endfacet
  facet normal 0.910761 0.412935 0
    outer loop
      vertex -29.3602 -24.2291 2.6
      vertex -29.4964 -23.9287 2
      vertex -29.4964 -23.9287 2.6
    endloop
  endfacet
  facet normal 0.910761 0.412935 0
    outer loop
      vertex -29.4964 -23.9287 2
      vertex -29.3602 -24.2291 2.6
      vertex -29.3602 -24.2291 2
    endloop
  endfacet
  facet normal -0.986655 -0.162825 0
    outer loop
      vertex -19.8431 -21.3421 2
      vertex -19.8968 -21.0167 2.6
      vertex -19.8968 -21.0167 2
    endloop
  endfacet
  facet normal -0.986655 -0.162825 0
    outer loop
      vertex -19.8968 -21.0167 2.6
      vertex -19.8431 -21.3421 2
      vertex -19.8431 -21.3421 2.6
    endloop
  endfacet
  facet normal -0.471186 -0.882034 0
    outer loop
      vertex -22.6109 -17.4798 2
      vertex -22.32 -17.6352 2.6
      vertex -22.6109 -17.4798 2.6
    endloop
  endfacet
  facet normal -0.471186 -0.882034 -0
    outer loop
      vertex -22.32 -17.6352 2.6
      vertex -22.6109 -17.4798 2
      vertex -22.32 -17.6352 2
    endloop
  endfacet
  facet normal -0.63441 -0.772997 0
    outer loop
      vertex -21.7718 -18.0015 2
      vertex -21.5169 -18.2107 2.6
      vertex -21.7718 -18.0015 2.6
    endloop
  endfacet
  facet normal -0.63441 -0.772997 -0
    outer loop
      vertex -21.5169 -18.2107 2.6
      vertex -21.7718 -18.0015 2
      vertex -21.5169 -18.2107 2
    endloop
  endfacet
  facet normal -0.683689 -0.729774 0
    outer loop
      vertex -21.5169 -18.2107 2
      vertex -21.2762 -18.4362 2.6
      vertex -21.5169 -18.2107 2.6
    endloop
  endfacet
  facet normal -0.683689 -0.729774 -0
    outer loop
      vertex -21.2762 -18.4362 2.6
      vertex -21.5169 -18.2107 2
      vertex -21.2762 -18.4362 2
    endloop
  endfacet
  facet normal -0.882034 -0.471186 0
    outer loop
      vertex -20.3198 -19.7709 2
      vertex -20.4752 -19.48 2.6
      vertex -20.4752 -19.48 2
    endloop
  endfacet
  facet normal -0.882034 -0.471186 0
    outer loop
      vertex -20.4752 -19.48 2.6
      vertex -20.3198 -19.7709 2
      vertex -20.3198 -19.7709 2.6
    endloop
  endfacet
  facet normal 0.471186 -0.882034 0
    outer loop
      vertex -27.36 -17.6352 2
      vertex -27.0691 -17.4798 2.6
      vertex -27.36 -17.6352 2.6
    endloop
  endfacet
  facet normal 0.471186 -0.882034 0
    outer loop
      vertex -27.0691 -17.4798 2.6
      vertex -27.36 -17.6352 2
      vertex -27.0691 -17.4798 2
    endloop
  endfacet
  facet normal -0.0327494 -0.999464 0
    outer loop
      vertex -24.84 -16.96 2
      vertex -24.5104 -16.9708 2.6
      vertex -24.84 -16.96 2.6
    endloop
  endfacet
  facet normal -0.0327494 -0.999464 -0
    outer loop
      vertex -24.5104 -16.9708 2.6
      vertex -24.84 -16.96 2
      vertex -24.5104 -16.9708 2
    endloop
  endfacet
  facet normal 0.986655 -0.162825 0
    outer loop
      vertex -29.8369 -21.3421 2.6
      vertex -29.7832 -21.0167 2
      vertex -29.7832 -21.0167 2.6
    endloop
  endfacet
  facet normal 0.986655 -0.162825 0
    outer loop
      vertex -29.7832 -21.0167 2
      vertex -29.8369 -21.3421 2.6
      vertex -29.8369 -21.3421 2
    endloop
  endfacet
  facet normal 0.910761 -0.412935 0
    outer loop
      vertex -29.4964 -20.0713 2.6
      vertex -29.3602 -19.7709 2
      vertex -29.3602 -19.7709 2.6
    endloop
  endfacet
  facet normal 0.910761 -0.412935 0
    outer loop
      vertex -29.3602 -19.7709 2
      vertex -29.4964 -20.0713 2.6
      vertex -29.4964 -20.0713 2
    endloop
  endfacet
  facet normal -0.290378 -0.956912 0
    outer loop
      vertex -23.5356 -17.1317 2
      vertex -23.2199 -17.2275 2.6
      vertex -23.5356 -17.1317 2.6
    endloop
  endfacet
  facet normal -0.290378 -0.956912 -0
    outer loop
      vertex -23.2199 -17.2275 2.6
      vertex -23.5356 -17.1317 2
      vertex -23.2199 -17.2275 2
    endloop
  endfacet
  facet normal -0.412935 -0.910761 0
    outer loop
      vertex -22.9113 -17.3436 2
      vertex -22.6109 -17.4798 2.6
      vertex -22.9113 -17.3436 2.6
    endloop
  endfacet
  facet normal -0.412935 -0.910761 -0
    outer loop
      vertex -22.6109 -17.4798 2.6
      vertex -22.9113 -17.3436 2
      vertex -22.6109 -17.4798 2
    endloop
  endfacet
  facet normal -0.528117 -0.849171 0
    outer loop
      vertex -22.32 -17.6352 2
      vertex -22.0399 -17.8094 2.6
      vertex -22.32 -17.6352 2.6
    endloop
  endfacet
  facet normal -0.528117 -0.849171 -0
    outer loop
      vertex -22.0399 -17.8094 2.6
      vertex -22.32 -17.6352 2
      vertex -22.0399 -17.8094 2
    endloop
  endfacet
  facet normal -0.729774 -0.683689 0
    outer loop
      vertex -21.0507 -18.6769 2
      vertex -21.2762 -18.4362 2.6
      vertex -21.2762 -18.4362 2
    endloop
  endfacet
  facet normal -0.729774 -0.683689 0
    outer loop
      vertex -21.2762 -18.4362 2.6
      vertex -21.0507 -18.6769 2
      vertex -21.0507 -18.6769 2.6
    endloop
  endfacet
  facet normal -0.849171 -0.528117 0
    outer loop
      vertex -20.4752 -19.48 2
      vertex -20.6494 -19.1999 2.6
      vertex -20.6494 -19.1999 2
    endloop
  endfacet
  facet normal -0.849171 -0.528117 0
    outer loop
      vertex -20.6494 -19.1999 2.6
      vertex -20.4752 -19.48 2
      vertex -20.4752 -19.48 2.6
    endloop
  endfacet
  facet normal 0.63441 -0.772997 0
    outer loop
      vertex -28.1631 -18.2107 2
      vertex -27.9082 -18.0015 2.6
      vertex -28.1631 -18.2107 2.6
    endloop
  endfacet
  facet normal 0.63441 -0.772997 0
    outer loop
      vertex -27.9082 -18.0015 2.6
      vertex -28.1631 -18.2107 2
      vertex -27.9082 -18.0015 2
    endloop
  endfacet
  facet normal 0.0979129 -0.995195 0
    outer loop
      vertex -25.4979 -17.0031 2
      vertex -25.1696 -16.9708 2.6
      vertex -25.4979 -17.0031 2.6
    endloop
  endfacet
  facet normal 0.0979129 -0.995195 0
    outer loop
      vertex -25.1696 -16.9708 2.6
      vertex -25.4979 -17.0031 2
      vertex -25.1696 -16.9708 2
    endloop
  endfacet
  facet normal 0.882034 -0.471186 0
    outer loop
      vertex -29.3602 -19.7709 2.6
      vertex -29.2048 -19.48 2
      vertex -29.2048 -19.48 2.6
    endloop
  endfacet
  facet normal 0.882034 -0.471186 0
    outer loop
      vertex -29.2048 -19.48 2
      vertex -29.3602 -19.7709 2.6
      vertex -29.3602 -19.7709 2
    endloop
  endfacet
  facet normal 0.812872 -0.582442 0
    outer loop
      vertex -29.0306 -19.1999 2.6
      vertex -28.8385 -18.9318 2
      vertex -28.8385 -18.9318 2.6
    endloop
  endfacet
  facet normal 0.812872 -0.582442 0
    outer loop
      vertex -28.8385 -18.9318 2
      vertex -29.0306 -19.1999 2.6
      vertex -29.0306 -19.1999 2
    endloop
  endfacet
  facet normal 0.683689 -0.729774 0
    outer loop
      vertex -28.4038 -18.4362 2
      vertex -28.1631 -18.2107 2.6
      vertex -28.4038 -18.4362 2.6
    endloop
  endfacet
  facet normal 0.683689 -0.729774 0
    outer loop
      vertex -28.1631 -18.2107 2.6
      vertex -28.4038 -18.4362 2
      vertex -28.1631 -18.2107 2
    endloop
  endfacet
  facet normal 0.973857 -0.227163 0
    outer loop
      vertex -29.7832 -21.0167 2.6
      vertex -29.7083 -20.6956 2
      vertex -29.7083 -20.6956 2.6
    endloop
  endfacet
  facet normal 0.973857 -0.227163 0
    outer loop
      vertex -29.7083 -20.6956 2
      vertex -29.7832 -21.0167 2.6
      vertex -29.7832 -21.0167 2
    endloop
  endfacet
  facet normal 0.956912 -0.290378 0
    outer loop
      vertex -29.7083 -20.6956 2.6
      vertex -29.6125 -20.3799 2
      vertex -29.6125 -20.3799 2.6
    endloop
  endfacet
  facet normal 0.956912 -0.290378 0
    outer loop
      vertex -29.6125 -20.3799 2
      vertex -29.7083 -20.6956 2.6
      vertex -29.7083 -20.6956 2
    endloop
  endfacet
  facet normal 0.528117 -0.849171 0
    outer loop
      vertex -27.6401 -17.8094 2
      vertex -27.36 -17.6352 2.6
      vertex -27.6401 -17.8094 2.6
    endloop
  endfacet
  facet normal 0.528117 -0.849171 0
    outer loop
      vertex -27.36 -17.6352 2.6
      vertex -27.6401 -17.8094 2
      vertex -27.36 -17.6352 2
    endloop
  endfacet
  facet normal 0.582442 -0.812872 0
    outer loop
      vertex -27.9082 -18.0015 2
      vertex -27.6401 -17.8094 2.6
      vertex -27.9082 -18.0015 2.6
    endloop
  endfacet
  facet normal 0.582442 -0.812872 0
    outer loop
      vertex -27.6401 -17.8094 2.6
      vertex -27.9082 -18.0015 2
      vertex -27.6401 -17.8094 2
    endloop
  endfacet
  facet normal 0.35212 -0.935955 0
    outer loop
      vertex -26.7687 -17.3436 2
      vertex -26.4601 -17.2275 2.6
      vertex -26.7687 -17.3436 2.6
    endloop
  endfacet
  facet normal 0.35212 -0.935955 0
    outer loop
      vertex -26.4601 -17.2275 2.6
      vertex -26.7687 -17.3436 2
      vertex -26.4601 -17.2275 2
    endloop
  endfacet
  facet normal 0.227163 -0.973857 0
    outer loop
      vertex -26.1444 -17.1317 2
      vertex -25.8233 -17.0568 2.6
      vertex -26.1444 -17.1317 2.6
    endloop
  endfacet
  facet normal 0.227163 -0.973857 0
    outer loop
      vertex -25.8233 -17.0568 2.6
      vertex -26.1444 -17.1317 2
      vertex -25.8233 -17.0568 2
    endloop
  endfacet
  facet normal 0.0327494 -0.999464 0
    outer loop
      vertex -25.1696 -16.9708 2
      vertex -24.84 -16.96 2.6
      vertex -25.1696 -16.9708 2.6
    endloop
  endfacet
  facet normal 0.0327494 -0.999464 0
    outer loop
      vertex -24.84 -16.96 2.6
      vertex -25.1696 -16.9708 2
      vertex -24.84 -16.96 2
    endloop
  endfacet
  facet normal 0.849171 -0.528117 0
    outer loop
      vertex -29.2048 -19.48 2.6
      vertex -29.0306 -19.1999 2
      vertex -29.0306 -19.1999 2.6
    endloop
  endfacet
  facet normal 0.849171 -0.528117 0
    outer loop
      vertex -29.0306 -19.1999 2
      vertex -29.2048 -19.48 2.6
      vertex -29.2048 -19.48 2
    endloop
  endfacet
  facet normal 0.729774 -0.683689 0
    outer loop
      vertex -28.6293 -18.6769 2.6
      vertex -28.4038 -18.4362 2
      vertex -28.4038 -18.4362 2.6
    endloop
  endfacet
  facet normal 0.729774 -0.683689 0
    outer loop
      vertex -28.4038 -18.4362 2
      vertex -28.6293 -18.6769 2.6
      vertex -28.6293 -18.6769 2
    endloop
  endfacet
  facet normal 0.772997 -0.63441 0
    outer loop
      vertex -28.8385 -18.9318 2.6
      vertex -28.6293 -18.6769 2
      vertex -28.6293 -18.6769 2.6
    endloop
  endfacet
  facet normal 0.772997 -0.63441 0
    outer loop
      vertex -28.6293 -18.6769 2
      vertex -28.8385 -18.9318 2.6
      vertex -28.8385 -18.9318 2
    endloop
  endfacet
  facet normal 0.412935 -0.910761 0
    outer loop
      vertex -27.0691 -17.4798 2
      vertex -26.7687 -17.3436 2.6
      vertex -27.0691 -17.4798 2.6
    endloop
  endfacet
  facet normal 0.412935 -0.910761 0
    outer loop
      vertex -26.7687 -17.3436 2.6
      vertex -27.0691 -17.4798 2
      vertex -26.7687 -17.3436 2
    endloop
  endfacet
  facet normal 0.290378 -0.956912 0
    outer loop
      vertex -26.4601 -17.2275 2
      vertex -26.1444 -17.1317 2.6
      vertex -26.4601 -17.2275 2.6
    endloop
  endfacet
  facet normal 0.290378 -0.956912 0
    outer loop
      vertex -26.1444 -17.1317 2.6
      vertex -26.4601 -17.2275 2
      vertex -26.1444 -17.1317 2
    endloop
  endfacet
  facet normal 0.162825 -0.986655 0
    outer loop
      vertex -25.8233 -17.0568 2
      vertex -25.4979 -17.0031 2.6
      vertex -25.8233 -17.0568 2.6
    endloop
  endfacet
  facet normal 0.162825 -0.986655 0
    outer loop
      vertex -25.4979 -17.0031 2.6
      vertex -25.8233 -17.0568 2
      vertex -25.4979 -17.0031 2
    endloop
  endfacet
  facet normal -0.999465 0.0327191 0
    outer loop
      vertex -6.13079 -22.3296 2
      vertex -6.12 -22 2.6
      vertex -6.12 -22 2
    endloop
  endfacet
  facet normal -0.999465 0.0327191 0
    outer loop
      vertex -6.12 -22 2.6
      vertex -6.13079 -22.3296 2
      vertex -6.13079 -22.3296 2.6
    endloop
  endfacet
  facet normal 0.999464 0.0327494 0
    outer loop
      vertex -16.1892 -22.3296 2.6
      vertex -16.2 -22 2
      vertex -16.2 -22 2.6
    endloop
  endfacet
  facet normal 0.999464 0.0327494 0
    outer loop
      vertex -16.2 -22 2
      vertex -16.1892 -22.3296 2.6
      vertex -16.1892 -22.3296 2
    endloop
  endfacet
  facet normal -0.0327494 0.999464 0
    outer loop
      vertex -10.8304 -27.0292 2
      vertex -11.16 -27.04 2.6
      vertex -10.8304 -27.0292 2.6
    endloop
  endfacet
  facet normal -0.0327494 0.999464 0
    outer loop
      vertex -11.16 -27.04 2.6
      vertex -10.8304 -27.0292 2
      vertex -11.16 -27.04 2
    endloop
  endfacet
  facet normal 0.0327494 -0.999464 0
    outer loop
      vertex -11.4896 -16.9708 2
      vertex -11.16 -16.96 2.6
      vertex -11.4896 -16.9708 2.6
    endloop
  endfacet
  facet normal 0.0327494 -0.999464 0
    outer loop
      vertex -11.16 -16.96 2.6
      vertex -11.4896 -16.9708 2
      vertex -11.16 -16.96 2
    endloop
  endfacet
  facet normal 0.729774 -0.683689 0
    outer loop
      vertex -14.9493 -18.6769 2.6
      vertex -14.7238 -18.4362 2
      vertex -14.7238 -18.4362 2.6
    endloop
  endfacet
  facet normal 0.729774 -0.683689 0
    outer loop
      vertex -14.7238 -18.4362 2
      vertex -14.9493 -18.6769 2.6
      vertex -14.9493 -18.6769 2
    endloop
  endfacet
  facet normal -0.729849 0.683608 0
    outer loop
      vertex -7.59618 -25.5638 2
      vertex -7.37073 -25.3231 2.6
      vertex -7.37073 -25.3231 2
    endloop
  endfacet
  facet normal -0.729849 0.683608 0
    outer loop
      vertex -7.37073 -25.3231 2.6
      vertex -7.59618 -25.5638 2
      vertex -7.59618 -25.5638 2.6
    endloop
  endfacet
  facet normal 0.683689 0.729774 -0
    outer loop
      vertex -14.4831 -25.7893 2
      vertex -14.7238 -25.5638 2.6
      vertex -14.4831 -25.7893 2.6
    endloop
  endfacet
  facet normal 0.683689 0.729774 0
    outer loop
      vertex -14.7238 -25.5638 2.6
      vertex -14.4831 -25.7893 2
      vertex -14.7238 -25.5638 2
    endloop
  endfacet
  facet normal 0.973857 -0.227163 0
    outer loop
      vertex -16.1032 -21.0167 2.6
      vertex -16.0283 -20.6956 2
      vertex -16.0283 -20.6956 2.6
    endloop
  endfacet
  facet normal 0.973857 -0.227163 0
    outer loop
      vertex -16.0283 -20.6956 2
      vertex -16.1032 -21.0167 2.6
      vertex -16.1032 -21.0167 2
    endloop
  endfacet
  facet normal -0.935875 0.352333 0
    outer loop
      vertex -6.50365 -23.9287 2
      vertex -6.38747 -23.6201 2.6
      vertex -6.38747 -23.6201 2
    endloop
  endfacet
  facet normal -0.935875 0.352333 0
    outer loop
      vertex -6.38747 -23.6201 2.6
      vertex -6.50365 -23.9287 2
      vertex -6.50365 -23.9287 2.6
    endloop
  endfacet
  facet normal -0.471224 0.882014 0
    outer loop
      vertex -8.64 -26.3648 2
      vertex -8.93087 -26.5202 2.6
      vertex -8.64 -26.3648 2.6
    endloop
  endfacet
  facet normal -0.471224 0.882014 0
    outer loop
      vertex -8.93087 -26.5202 2.6
      vertex -8.64 -26.3648 2
      vertex -8.93087 -26.5202 2
    endloop
  endfacet
  facet normal 0.849171 0.528117 0
    outer loop
      vertex -15.3506 -24.8001 2.6
      vertex -15.5248 -24.52 2
      vertex -15.5248 -24.52 2.6
    endloop
  endfacet
  facet normal 0.849171 0.528117 0
    outer loop
      vertex -15.5248 -24.52 2
      vertex -15.3506 -24.8001 2.6
      vertex -15.3506 -24.8001 2
    endloop
  endfacet
  facet normal 0.812872 0.582442 0
    outer loop
      vertex -15.1585 -25.0682 2.6
      vertex -15.3506 -24.8001 2
      vertex -15.3506 -24.8001 2.6
    endloop
  endfacet
  facet normal 0.812872 0.582442 0
    outer loop
      vertex -15.3506 -24.8001 2
      vertex -15.1585 -25.0682 2.6
      vertex -15.1585 -25.0682 2
    endloop
  endfacet
  facet normal 0.63441 0.772997 -0
    outer loop
      vertex -14.2282 -25.9985 2
      vertex -14.4831 -25.7893 2.6
      vertex -14.2282 -25.9985 2.6
    endloop
  endfacet
  facet normal 0.63441 0.772997 0
    outer loop
      vertex -14.4831 -25.7893 2.6
      vertex -14.2282 -25.9985 2
      vertex -14.4831 -25.7893 2
    endloop
  endfacet
  facet normal 0.162825 0.986655 -0
    outer loop
      vertex -11.8179 -26.9969 2
      vertex -12.1433 -26.9432 2.6
      vertex -11.8179 -26.9969 2.6
    endloop
  endfacet
  facet normal 0.162825 0.986655 0
    outer loop
      vertex -12.1433 -26.9432 2.6
      vertex -11.8179 -26.9969 2
      vertex -12.1433 -26.9432 2
    endloop
  endfacet
  facet normal -0.849226 -0.52803 0
    outer loop
      vertex -6.79523 -19.48 2
      vertex -6.96939 -19.1999 2.6
      vertex -6.96939 -19.1999 2
    endloop
  endfacet
  facet normal -0.849226 -0.52803 0
    outer loop
      vertex -6.96939 -19.1999 2.6
      vertex -6.79523 -19.48 2
      vertex -6.79523 -19.48 2.6
    endloop
  endfacet
  facet normal -0.227129 -0.973865 0
    outer loop
      vertex -10.1767 -17.0568 2
      vertex -9.85555 -17.1317 2.6
      vertex -10.1767 -17.0568 2.6
    endloop
  endfacet
  facet normal -0.227129 -0.973865 -0
    outer loop
      vertex -9.85555 -17.1317 2.6
      vertex -10.1767 -17.0568 2
      vertex -9.85555 -17.1317 2
    endloop
  endfacet
  facet normal -0.63435 -0.773046 0
    outer loop
      vertex -8.09184 -18.0015 2
      vertex -7.8369 -18.2107 2.6
      vertex -8.09184 -18.0015 2.6
    endloop
  endfacet
  facet normal -0.63435 -0.773046 -0
    outer loop
      vertex -7.8369 -18.2107 2.6
      vertex -8.09184 -18.0015 2
      vertex -7.8369 -18.2107 2
    endloop
  endfacet
  facet normal 0.35212 -0.935955 0
    outer loop
      vertex -13.0887 -17.3436 2
      vertex -12.7801 -17.2275 2.6
      vertex -13.0887 -17.3436 2.6
    endloop
  endfacet
  facet normal 0.35212 -0.935955 0
    outer loop
      vertex -12.7801 -17.2275 2.6
      vertex -13.0887 -17.3436 2
      vertex -12.7801 -17.2275 2
    endloop
  endfacet
  facet normal 0.772997 -0.63441 0
    outer loop
      vertex -15.1585 -18.9318 2.6
      vertex -14.9493 -18.6769 2
      vertex -14.9493 -18.6769 2.6
    endloop
  endfacet
  facet normal 0.772997 -0.63441 0
    outer loop
      vertex -14.9493 -18.6769 2
      vertex -15.1585 -18.9318 2.6
      vertex -15.1585 -18.9318 2
    endloop
  endfacet
  facet normal 0.812872 -0.582442 0
    outer loop
      vertex -15.3506 -19.1999 2.6
      vertex -15.1585 -18.9318 2
      vertex -15.1585 -18.9318 2.6
    endloop
  endfacet
  facet normal 0.812872 -0.582442 0
    outer loop
      vertex -15.1585 -18.9318 2
      vertex -15.3506 -19.1999 2.6
      vertex -15.3506 -19.1999 2
    endloop
  endfacet
  facet normal -0.986645 0.162884 0
    outer loop
      vertex -6.21684 -22.9833 2
      vertex -6.16312 -22.6579 2.6
      vertex -6.16312 -22.6579 2
    endloop
  endfacet
  facet normal -0.986645 0.162884 0
    outer loop
      vertex -6.16312 -22.6579 2.6
      vertex -6.21684 -22.9833 2
      vertex -6.21684 -22.9833 2.6
    endloop
  endfacet
  facet normal -0.995186 0.0980029 0
    outer loop
      vertex -6.16312 -22.6579 2
      vertex -6.13079 -22.3296 2.6
      vertex -6.13079 -22.3296 2
    endloop
  endfacet
  facet normal -0.995186 0.0980029 0
    outer loop
      vertex -6.13079 -22.3296 2.6
      vertex -6.16312 -22.6579 2
      vertex -6.16312 -22.6579 2.6
    endloop
  endfacet
  facet normal -0.973864 0.227134 0
    outer loop
      vertex -6.29173 -23.3044 2
      vertex -6.21684 -22.9833 2.6
      vertex -6.21684 -22.9833 2
    endloop
  endfacet
  facet normal -0.973864 0.227134 0
    outer loop
      vertex -6.21684 -22.9833 2.6
      vertex -6.29173 -23.3044 2
      vertex -6.29173 -23.3044 2.6
    endloop
  endfacet
  facet normal -0.772952 0.634464 0
    outer loop
      vertex -7.37073 -25.3231 2
      vertex -7.1615 -25.0682 2.6
      vertex -7.1615 -25.0682 2
    endloop
  endfacet
  facet normal -0.772952 0.634464 0
    outer loop
      vertex -7.1615 -25.0682 2.6
      vertex -7.37073 -25.3231 2
      vertex -7.37073 -25.3231 2.6
    endloop
  endfacet
  facet normal -0.910863 0.412708 0
    outer loop
      vertex -6.63976 -24.2291 2
      vertex -6.50365 -23.9287 2.6
      vertex -6.50365 -23.9287 2
    endloop
  endfacet
  facet normal -0.910863 0.412708 0
    outer loop
      vertex -6.50365 -23.9287 2.6
      vertex -6.63976 -24.2291 2
      vertex -6.63976 -24.2291 2.6
    endloop
  endfacet
  facet normal -0.227129 0.973865 0
    outer loop
      vertex -9.85555 -26.8683 2
      vertex -10.1767 -26.9432 2.6
      vertex -9.85555 -26.8683 2.6
    endloop
  endfacet
  facet normal -0.227129 0.973865 0
    outer loop
      vertex -10.1767 -26.9432 2.6
      vertex -9.85555 -26.8683 2
      vertex -10.1767 -26.9432 2
    endloop
  endfacet
  facet normal -0.162825 0.986655 0
    outer loop
      vertex -10.1767 -26.9432 2
      vertex -10.5021 -26.9969 2.6
      vertex -10.1767 -26.9432 2.6
    endloop
  endfacet
  facet normal -0.162825 0.986655 0
    outer loop
      vertex -10.5021 -26.9969 2.6
      vertex -10.1767 -26.9432 2
      vertex -10.5021 -26.9969 2
    endloop
  endfacet
  facet normal -0.582457 0.812862 0
    outer loop
      vertex -8.09184 -25.9985 2
      vertex -8.35993 -26.1906 2.6
      vertex -8.09184 -25.9985 2.6
    endloop
  endfacet
  facet normal -0.582457 0.812862 0
    outer loop
      vertex -8.35993 -26.1906 2.6
      vertex -8.09184 -25.9985 2
      vertex -8.35993 -26.1906 2
    endloop
  endfacet
  facet normal -0.528158 0.849146 0
    outer loop
      vertex -8.35993 -26.1906 2
      vertex -8.64 -26.3648 2.6
      vertex -8.35993 -26.1906 2.6
    endloop
  endfacet
  facet normal -0.528158 0.849146 0
    outer loop
      vertex -8.64 -26.3648 2.6
      vertex -8.35993 -26.1906 2
      vertex -8.64 -26.3648 2
    endloop
  endfacet
  facet normal 0.973857 0.227163 0
    outer loop
      vertex -16.0283 -23.3044 2.6
      vertex -16.1032 -22.9833 2
      vertex -16.1032 -22.9833 2.6
    endloop
  endfacet
  facet normal 0.973857 0.227163 0
    outer loop
      vertex -16.1032 -22.9833 2
      vertex -16.0283 -23.3044 2.6
      vertex -16.0283 -23.3044 2
    endloop
  endfacet
  facet normal 0.986655 0.162825 0
    outer loop
      vertex -16.1032 -22.9833 2.6
      vertex -16.1569 -22.6579 2
      vertex -16.1569 -22.6579 2.6
    endloop
  endfacet
  facet normal 0.986655 0.162825 0
    outer loop
      vertex -16.1569 -22.6579 2
      vertex -16.1032 -22.9833 2.6
      vertex -16.1032 -22.9833 2
    endloop
  endfacet
  facet normal 0.528117 0.849171 -0
    outer loop
      vertex -13.68 -26.3648 2
      vertex -13.9601 -26.1906 2.6
      vertex -13.68 -26.3648 2.6
    endloop
  endfacet
  facet normal 0.528117 0.849171 0
    outer loop
      vertex -13.9601 -26.1906 2.6
      vertex -13.68 -26.3648 2
      vertex -13.9601 -26.1906 2
    endloop
  endfacet
  facet normal 0.227163 0.973857 -0
    outer loop
      vertex -12.1433 -26.9432 2
      vertex -12.4644 -26.8683 2.6
      vertex -12.1433 -26.9432 2.6
    endloop
  endfacet
  facet normal 0.227163 0.973857 0
    outer loop
      vertex -12.4644 -26.8683 2.6
      vertex -12.1433 -26.9432 2
      vertex -12.4644 -26.8683 2
    endloop
  endfacet
  facet normal 0.290378 0.956912 -0
    outer loop
      vertex -12.4644 -26.8683 2
      vertex -12.7801 -26.7725 2.6
      vertex -12.4644 -26.8683 2.6
    endloop
  endfacet
  facet normal 0.290378 0.956912 0
    outer loop
      vertex -12.7801 -26.7725 2.6
      vertex -12.4644 -26.8683 2
      vertex -12.7801 -26.7725 2
    endloop
  endfacet
  facet normal 0.0979129 0.995195 -0
    outer loop
      vertex -11.4896 -27.0292 2
      vertex -11.8179 -26.9969 2.6
      vertex -11.4896 -27.0292 2.6
    endloop
  endfacet
  facet normal 0.0979129 0.995195 0
    outer loop
      vertex -11.8179 -26.9969 2.6
      vertex -11.4896 -27.0292 2
      vertex -11.8179 -26.9969 2
    endloop
  endfacet
  facet normal -0.582457 -0.812862 0
    outer loop
      vertex -8.35993 -17.8094 2
      vertex -8.09184 -18.0015 2.6
      vertex -8.35993 -17.8094 2.6
    endloop
  endfacet
  facet normal -0.582457 -0.812862 -0
    outer loop
      vertex -8.09184 -18.0015 2.6
      vertex -8.35993 -17.8094 2
      vertex -8.09184 -18.0015 2
    endloop
  endfacet
  facet normal -0.729849 -0.683608 0
    outer loop
      vertex -7.37073 -18.6769 2
      vertex -7.59618 -18.4362 2.6
      vertex -7.59618 -18.4362 2
    endloop
  endfacet
  facet normal -0.729849 -0.683608 0
    outer loop
      vertex -7.59618 -18.4362 2.6
      vertex -7.37073 -18.6769 2
      vertex -7.37073 -18.6769 2.6
    endloop
  endfacet
  facet normal -0.986645 -0.162884 0
    outer loop
      vertex -6.16312 -21.3421 2
      vertex -6.21684 -21.0167 2.6
      vertex -6.21684 -21.0167 2
    endloop
  endfacet
  facet normal -0.986645 -0.162884 0
    outer loop
      vertex -6.21684 -21.0167 2.6
      vertex -6.16312 -21.3421 2
      vertex -6.16312 -21.3421 2.6
    endloop
  endfacet
  facet normal -0.995186 -0.0980029 0
    outer loop
      vertex -6.13079 -21.6704 2
      vertex -6.16312 -21.3421 2.6
      vertex -6.16312 -21.3421 2
    endloop
  endfacet
  facet normal -0.995186 -0.0980029 0
    outer loop
      vertex -6.16312 -21.3421 2.6
      vertex -6.13079 -21.6704 2
      vertex -6.13079 -21.6704 2.6
    endloop
  endfacet
  facet normal 0.582442 -0.812872 0
    outer loop
      vertex -14.2282 -18.0015 2
      vertex -13.9601 -17.8094 2.6
      vertex -14.2282 -18.0015 2.6
    endloop
  endfacet
  facet normal 0.582442 -0.812872 0
    outer loop
      vertex -13.9601 -17.8094 2.6
      vertex -14.2282 -18.0015 2
      vertex -13.9601 -17.8094 2
    endloop
  endfacet
  facet normal 0.528117 -0.849171 0
    outer loop
      vertex -13.9601 -17.8094 2
      vertex -13.68 -17.6352 2.6
      vertex -13.9601 -17.8094 2.6
    endloop
  endfacet
  facet normal 0.528117 -0.849171 0
    outer loop
      vertex -13.68 -17.6352 2.6
      vertex -13.9601 -17.8094 2
      vertex -13.68 -17.6352 2
    endloop
  endfacet
  facet normal 0.162825 -0.986655 0
    outer loop
      vertex -12.1433 -17.0568 2
      vertex -11.8179 -17.0031 2.6
      vertex -12.1433 -17.0568 2.6
    endloop
  endfacet
  facet normal 0.162825 -0.986655 0
    outer loop
      vertex -11.8179 -17.0031 2.6
      vertex -12.1433 -17.0568 2
      vertex -11.8179 -17.0031 2
    endloop
  endfacet
  facet normal 0.910761 -0.412935 0
    outer loop
      vertex -15.8164 -20.0713 2.6
      vertex -15.6802 -19.7709 2
      vertex -15.6802 -19.7709 2.6
    endloop
  endfacet
  facet normal 0.910761 -0.412935 0
    outer loop
      vertex -15.6802 -19.7709 2
      vertex -15.8164 -20.0713 2.6
      vertex -15.8164 -20.0713 2
    endloop
  endfacet
  facet normal -0.956963 0.290211 0
    outer loop
      vertex -6.38747 -23.6201 2
      vertex -6.29173 -23.3044 2.6
      vertex -6.29173 -23.3044 2
    endloop
  endfacet
  facet normal -0.956963 0.290211 0
    outer loop
      vertex -6.29173 -23.3044 2.6
      vertex -6.38747 -23.6201 2
      vertex -6.38747 -23.6201 2.6
    endloop
  endfacet
  facet normal -0.812858 0.582462 0
    outer loop
      vertex -7.1615 -25.0682 2
      vertex -6.96939 -24.8001 2.6
      vertex -6.96939 -24.8001 2
    endloop
  endfacet
  facet normal -0.812858 0.582462 0
    outer loop
      vertex -6.96939 -24.8001 2.6
      vertex -7.1615 -25.0682 2
      vertex -7.1615 -25.0682 2.6
    endloop
  endfacet
  facet normal -0.849226 0.52803 0
    outer loop
      vertex -6.96939 -24.8001 2
      vertex -6.79523 -24.52 2.6
      vertex -6.79523 -24.52 2
    endloop
  endfacet
  facet normal -0.849226 0.52803 0
    outer loop
      vertex -6.79523 -24.52 2.6
      vertex -6.96939 -24.8001 2
      vertex -6.96939 -24.8001 2.6
    endloop
  endfacet
  facet normal -0.881946 0.471351 0
    outer loop
      vertex -6.79523 -24.52 2
      vertex -6.63976 -24.2291 2.6
      vertex -6.63976 -24.2291 2
    endloop
  endfacet
  facet normal -0.881946 0.471351 0
    outer loop
      vertex -6.63976 -24.2291 2.6
      vertex -6.79523 -24.52 2
      vertex -6.79523 -24.52 2.6
    endloop
  endfacet
  facet normal -0.35205 0.935981 0
    outer loop
      vertex -9.23128 -26.6564 2
      vertex -9.53995 -26.7725 2.6
      vertex -9.23128 -26.6564 2.6
    endloop
  endfacet
  facet normal -0.35205 0.935981 0
    outer loop
      vertex -9.53995 -26.7725 2.6
      vertex -9.23128 -26.6564 2
      vertex -9.53995 -26.7725 2
    endloop
  endfacet
  facet normal -0.290462 0.956887 0
    outer loop
      vertex -9.53995 -26.7725 2
      vertex -9.85555 -26.8683 2.6
      vertex -9.53995 -26.7725 2.6
    endloop
  endfacet
  facet normal -0.290462 0.956887 0
    outer loop
      vertex -9.85555 -26.8683 2.6
      vertex -9.53995 -26.7725 2
      vertex -9.85555 -26.8683 2
    endloop
  endfacet
  facet normal -0.0979129 0.995195 0
    outer loop
      vertex -10.5021 -26.9969 2
      vertex -10.8304 -27.0292 2.6
      vertex -10.5021 -26.9969 2.6
    endloop
  endfacet
  facet normal -0.0979129 0.995195 0
    outer loop
      vertex -10.8304 -27.0292 2.6
      vertex -10.5021 -26.9969 2
      vertex -10.8304 -27.0292 2
    endloop
  endfacet
  facet normal -0.412923 0.910766 0
    outer loop
      vertex -8.93087 -26.5202 2
      vertex -9.23128 -26.6564 2.6
      vertex -8.93087 -26.5202 2.6
    endloop
  endfacet
  facet normal -0.412923 0.910766 0
    outer loop
      vertex -9.23128 -26.6564 2.6
      vertex -8.93087 -26.5202 2
      vertex -9.23128 -26.6564 2
    endloop
  endfacet
  facet normal -0.63435 0.773046 0
    outer loop
      vertex -7.8369 -25.7893 2
      vertex -8.09184 -25.9985 2.6
      vertex -7.8369 -25.7893 2.6
    endloop
  endfacet
  facet normal -0.63435 0.773046 0
    outer loop
      vertex -8.09184 -25.9985 2.6
      vertex -7.8369 -25.7893 2
      vertex -8.09184 -25.9985 2
    endloop
  endfacet
  facet normal -0.683659 0.729802 0
    outer loop
      vertex -7.59618 -25.5638 2
      vertex -7.8369 -25.7893 2.6
      vertex -7.59618 -25.5638 2.6
    endloop
  endfacet
  facet normal -0.683659 0.729802 0
    outer loop
      vertex -7.8369 -25.7893 2.6
      vertex -7.59618 -25.5638 2
      vertex -7.8369 -25.7893 2
    endloop
  endfacet
  facet normal 0.772997 0.63441 0
    outer loop
      vertex -14.9493 -25.3231 2.6
      vertex -15.1585 -25.0682 2
      vertex -15.1585 -25.0682 2.6
    endloop
  endfacet
  facet normal 0.772997 0.63441 0
    outer loop
      vertex -15.1585 -25.0682 2
      vertex -14.9493 -25.3231 2.6
      vertex -14.9493 -25.3231 2
    endloop
  endfacet
  facet normal 0.910761 0.412935 0
    outer loop
      vertex -15.6802 -24.2291 2.6
      vertex -15.8164 -23.9287 2
      vertex -15.8164 -23.9287 2.6
    endloop
  endfacet
  facet normal 0.910761 0.412935 0
    outer loop
      vertex -15.8164 -23.9287 2
      vertex -15.6802 -24.2291 2.6
      vertex -15.6802 -24.2291 2
    endloop
  endfacet
  facet normal 0.882034 0.471186 0
    outer loop
      vertex -15.5248 -24.52 2.6
      vertex -15.6802 -24.2291 2
      vertex -15.6802 -24.2291 2.6
    endloop
  endfacet
  facet normal 0.882034 0.471186 0
    outer loop
      vertex -15.6802 -24.2291 2
      vertex -15.5248 -24.52 2.6
      vertex -15.5248 -24.52 2
    endloop
  endfacet
  facet normal 0.935955 0.35212 0
    outer loop
      vertex -15.8164 -23.9287 2.6
      vertex -15.9325 -23.6201 2
      vertex -15.9325 -23.6201 2.6
    endloop
  endfacet
  facet normal 0.935955 0.35212 0
    outer loop
      vertex -15.9325 -23.6201 2
      vertex -15.8164 -23.9287 2.6
      vertex -15.8164 -23.9287 2
    endloop
  endfacet
  facet normal 0.956912 0.290378 0
    outer loop
      vertex -15.9325 -23.6201 2.6
      vertex -16.0283 -23.3044 2
      vertex -16.0283 -23.3044 2.6
    endloop
  endfacet
  facet normal 0.956912 0.290378 0
    outer loop
      vertex -16.0283 -23.3044 2
      vertex -15.9325 -23.6201 2.6
      vertex -15.9325 -23.6201 2
    endloop
  endfacet
  facet normal 0.995195 0.0979129 0
    outer loop
      vertex -16.1569 -22.6579 2.6
      vertex -16.1892 -22.3296 2
      vertex -16.1892 -22.3296 2.6
    endloop
  endfacet
  facet normal 0.995195 0.0979129 0
    outer loop
      vertex -16.1892 -22.3296 2
      vertex -16.1569 -22.6579 2.6
      vertex -16.1569 -22.6579 2
    endloop
  endfacet
  facet normal 0.582442 0.812872 -0
    outer loop
      vertex -13.9601 -26.1906 2
      vertex -14.2282 -25.9985 2.6
      vertex -13.9601 -26.1906 2.6
    endloop
  endfacet
  facet normal 0.582442 0.812872 0
    outer loop
      vertex -14.2282 -25.9985 2.6
      vertex -13.9601 -26.1906 2
      vertex -14.2282 -25.9985 2
    endloop
  endfacet
  facet normal 0.471186 0.882034 -0
    outer loop
      vertex -13.3891 -26.5202 2
      vertex -13.68 -26.3648 2.6
      vertex -13.3891 -26.5202 2.6
    endloop
  endfacet
  facet normal 0.471186 0.882034 0
    outer loop
      vertex -13.68 -26.3648 2.6
      vertex -13.3891 -26.5202 2
      vertex -13.68 -26.3648 2
    endloop
  endfacet
  facet normal 0.35212 0.935955 -0
    outer loop
      vertex -12.7801 -26.7725 2
      vertex -13.0887 -26.6564 2.6
      vertex -12.7801 -26.7725 2.6
    endloop
  endfacet
  facet normal 0.35212 0.935955 0
    outer loop
      vertex -13.0887 -26.6564 2.6
      vertex -12.7801 -26.7725 2
      vertex -13.0887 -26.6564 2
    endloop
  endfacet
  facet normal 0.0327494 0.999464 -0
    outer loop
      vertex -11.16 -27.04 2
      vertex -11.4896 -27.0292 2.6
      vertex -11.16 -27.04 2.6
    endloop
  endfacet
  facet normal 0.0327494 0.999464 0
    outer loop
      vertex -11.4896 -27.0292 2.6
      vertex -11.16 -27.04 2
      vertex -11.4896 -27.0292 2
    endloop
  endfacet
  facet normal -0.0327494 -0.999464 0
    outer loop
      vertex -11.16 -16.96 2
      vertex -10.8304 -16.9708 2.6
      vertex -11.16 -16.96 2.6
    endloop
  endfacet
  facet normal -0.0327494 -0.999464 -0
    outer loop
      vertex -10.8304 -16.9708 2.6
      vertex -11.16 -16.96 2
      vertex -10.8304 -16.9708 2
    endloop
  endfacet
  facet normal -0.162825 -0.986655 0
    outer loop
      vertex -10.5021 -17.0031 2
      vertex -10.1767 -17.0568 2.6
      vertex -10.5021 -17.0031 2.6
    endloop
  endfacet
  facet normal -0.162825 -0.986655 -0
    outer loop
      vertex -10.1767 -17.0568 2.6
      vertex -10.5021 -17.0031 2
      vertex -10.1767 -17.0568 2
    endloop
  endfacet
  facet normal -0.290462 -0.956887 0
    outer loop
      vertex -9.85555 -17.1317 2
      vertex -9.53995 -17.2275 2.6
      vertex -9.85555 -17.1317 2.6
    endloop
  endfacet
  facet normal -0.290462 -0.956887 -0
    outer loop
      vertex -9.53995 -17.2275 2.6
      vertex -9.85555 -17.1317 2
      vertex -9.53995 -17.2275 2
    endloop
  endfacet
  facet normal -0.35205 -0.935981 0
    outer loop
      vertex -9.53995 -17.2275 2
      vertex -9.23128 -17.3436 2.6
      vertex -9.53995 -17.2275 2.6
    endloop
  endfacet
  facet normal -0.35205 -0.935981 -0
    outer loop
      vertex -9.23128 -17.3436 2.6
      vertex -9.53995 -17.2275 2
      vertex -9.23128 -17.3436 2
    endloop
  endfacet
  facet normal -0.683659 -0.729802 0
    outer loop
      vertex -7.8369 -18.2107 2
      vertex -7.59618 -18.4362 2.6
      vertex -7.8369 -18.2107 2.6
    endloop
  endfacet
  facet normal -0.683659 -0.729802 -0
    outer loop
      vertex -7.59618 -18.4362 2.6
      vertex -7.8369 -18.2107 2
      vertex -7.59618 -18.4362 2
    endloop
  endfacet
  facet normal -0.528158 -0.849146 0
    outer loop
      vertex -8.64 -17.6352 2
      vertex -8.35993 -17.8094 2.6
      vertex -8.64 -17.6352 2.6
    endloop
  endfacet
  facet normal -0.528158 -0.849146 -0
    outer loop
      vertex -8.35993 -17.8094 2.6
      vertex -8.64 -17.6352 2
      vertex -8.35993 -17.8094 2
    endloop
  endfacet
  facet normal -0.412923 -0.910766 0
    outer loop
      vertex -9.23128 -17.3436 2
      vertex -8.93087 -17.4798 2.6
      vertex -9.23128 -17.3436 2.6
    endloop
  endfacet
  facet normal -0.412923 -0.910766 -0
    outer loop
      vertex -8.93087 -17.4798 2.6
      vertex -9.23128 -17.3436 2
      vertex -8.93087 -17.4798 2
    endloop
  endfacet
  facet normal -0.772952 -0.634464 0
    outer loop
      vertex -7.1615 -18.9318 2
      vertex -7.37073 -18.6769 2.6
      vertex -7.37073 -18.6769 2
    endloop
  endfacet
  facet normal -0.772952 -0.634464 0
    outer loop
      vertex -7.37073 -18.6769 2.6
      vertex -7.1615 -18.9318 2
      vertex -7.1615 -18.9318 2.6
    endloop
  endfacet
  facet normal -0.910863 -0.412708 0
    outer loop
      vertex -6.50365 -20.0713 2
      vertex -6.63976 -19.7709 2.6
      vertex -6.63976 -19.7709 2
    endloop
  endfacet
  facet normal -0.910863 -0.412708 0
    outer loop
      vertex -6.63976 -19.7709 2.6
      vertex -6.50365 -20.0713 2
      vertex -6.50365 -20.0713 2.6
    endloop
  endfacet
  facet normal -0.935875 -0.352333 0
    outer loop
      vertex -6.38747 -20.3799 2
      vertex -6.50365 -20.0713 2.6
      vertex -6.50365 -20.0713 2
    endloop
  endfacet
  facet normal -0.935875 -0.352333 0
    outer loop
      vertex -6.50365 -20.0713 2.6
      vertex -6.38747 -20.3799 2
      vertex -6.38747 -20.3799 2.6
    endloop
  endfacet
  facet normal -0.956963 -0.290211 0
    outer loop
      vertex -6.29173 -20.6956 2
      vertex -6.38747 -20.3799 2.6
      vertex -6.38747 -20.3799 2
    endloop
  endfacet
  facet normal -0.956963 -0.290211 0
    outer loop
      vertex -6.38747 -20.3799 2.6
      vertex -6.29173 -20.6956 2
      vertex -6.29173 -20.6956 2.6
    endloop
  endfacet
  facet normal -0.973864 -0.227134 0
    outer loop
      vertex -6.21684 -21.0167 2
      vertex -6.29173 -20.6956 2.6
      vertex -6.29173 -20.6956 2
    endloop
  endfacet
  facet normal -0.973864 -0.227134 0
    outer loop
      vertex -6.29173 -20.6956 2.6
      vertex -6.21684 -21.0167 2
      vertex -6.21684 -21.0167 2.6
    endloop
  endfacet
  facet normal -0.999465 -0.0327191 0
    outer loop
      vertex -6.12 -22 2
      vertex -6.13079 -21.6704 2.6
      vertex -6.13079 -21.6704 2
    endloop
  endfacet
  facet normal -0.999465 -0.0327191 0
    outer loop
      vertex -6.13079 -21.6704 2.6
      vertex -6.12 -22 2
      vertex -6.12 -22 2.6
    endloop
  endfacet
  facet normal 0.683689 -0.729774 0
    outer loop
      vertex -14.7238 -18.4362 2
      vertex -14.4831 -18.2107 2.6
      vertex -14.7238 -18.4362 2.6
    endloop
  endfacet
  facet normal 0.683689 -0.729774 0
    outer loop
      vertex -14.4831 -18.2107 2.6
      vertex -14.7238 -18.4362 2
      vertex -14.4831 -18.2107 2
    endloop
  endfacet
  facet normal 0.63441 -0.772997 0
    outer loop
      vertex -14.4831 -18.2107 2
      vertex -14.2282 -18.0015 2.6
      vertex -14.4831 -18.2107 2.6
    endloop
  endfacet
  facet normal 0.63441 -0.772997 0
    outer loop
      vertex -14.2282 -18.0015 2.6
      vertex -14.4831 -18.2107 2
      vertex -14.2282 -18.0015 2
    endloop
  endfacet
  facet normal 0.471186 -0.882034 0
    outer loop
      vertex -13.68 -17.6352 2
      vertex -13.3891 -17.4798 2.6
      vertex -13.68 -17.6352 2.6
    endloop
  endfacet
  facet normal 0.471186 -0.882034 0
    outer loop
      vertex -13.3891 -17.4798 2.6
      vertex -13.68 -17.6352 2
      vertex -13.3891 -17.4798 2
    endloop
  endfacet
  facet normal 0.227163 -0.973857 0
    outer loop
      vertex -12.4644 -17.1317 2
      vertex -12.1433 -17.0568 2.6
      vertex -12.4644 -17.1317 2.6
    endloop
  endfacet
  facet normal 0.227163 -0.973857 0
    outer loop
      vertex -12.1433 -17.0568 2.6
      vertex -12.4644 -17.1317 2
      vertex -12.1433 -17.0568 2
    endloop
  endfacet
  facet normal 0.0979129 -0.995195 0
    outer loop
      vertex -11.8179 -17.0031 2
      vertex -11.4896 -16.9708 2.6
      vertex -11.8179 -17.0031 2.6
    endloop
  endfacet
  facet normal 0.0979129 -0.995195 0
    outer loop
      vertex -11.4896 -16.9708 2.6
      vertex -11.8179 -17.0031 2
      vertex -11.4896 -16.9708 2
    endloop
  endfacet
  facet normal 0.849171 -0.528117 0
    outer loop
      vertex -15.5248 -19.48 2.6
      vertex -15.3506 -19.1999 2
      vertex -15.3506 -19.1999 2.6
    endloop
  endfacet
  facet normal 0.849171 -0.528117 0
    outer loop
      vertex -15.3506 -19.1999 2
      vertex -15.5248 -19.48 2.6
      vertex -15.5248 -19.48 2
    endloop
  endfacet
  facet normal 0.935955 -0.35212 0
    outer loop
      vertex -15.9325 -20.3799 2.6
      vertex -15.8164 -20.0713 2
      vertex -15.8164 -20.0713 2.6
    endloop
  endfacet
  facet normal 0.935955 -0.35212 0
    outer loop
      vertex -15.8164 -20.0713 2
      vertex -15.9325 -20.3799 2.6
      vertex -15.9325 -20.3799 2
    endloop
  endfacet
  facet normal 0.956912 -0.290378 0
    outer loop
      vertex -16.0283 -20.6956 2.6
      vertex -15.9325 -20.3799 2
      vertex -15.9325 -20.3799 2.6
    endloop
  endfacet
  facet normal 0.956912 -0.290378 0
    outer loop
      vertex -15.9325 -20.3799 2
      vertex -16.0283 -20.6956 2.6
      vertex -16.0283 -20.6956 2
    endloop
  endfacet
  facet normal 0.986655 -0.162825 0
    outer loop
      vertex -16.1569 -21.3421 2.6
      vertex -16.1032 -21.0167 2
      vertex -16.1032 -21.0167 2.6
    endloop
  endfacet
  facet normal 0.986655 -0.162825 0
    outer loop
      vertex -16.1032 -21.0167 2
      vertex -16.1569 -21.3421 2.6
      vertex -16.1569 -21.3421 2
    endloop
  endfacet
  facet normal 0.999464 -0.0327494 0
    outer loop
      vertex -16.2 -22 2.6
      vertex -16.1892 -21.6704 2
      vertex -16.1892 -21.6704 2.6
    endloop
  endfacet
  facet normal 0.999464 -0.0327494 0
    outer loop
      vertex -16.1892 -21.6704 2
      vertex -16.2 -22 2.6
      vertex -16.2 -22 2
    endloop
  endfacet
  facet normal 0.729774 0.683689 0
    outer loop
      vertex -14.7238 -25.5638 2.6
      vertex -14.9493 -25.3231 2
      vertex -14.9493 -25.3231 2.6
    endloop
  endfacet
  facet normal 0.729774 0.683689 0
    outer loop
      vertex -14.9493 -25.3231 2
      vertex -14.7238 -25.5638 2.6
      vertex -14.7238 -25.5638 2
    endloop
  endfacet
  facet normal 0.412935 0.910761 -0
    outer loop
      vertex -13.0887 -26.6564 2
      vertex -13.3891 -26.5202 2.6
      vertex -13.0887 -26.6564 2.6
    endloop
  endfacet
  facet normal 0.412935 0.910761 0
    outer loop
      vertex -13.3891 -26.5202 2.6
      vertex -13.0887 -26.6564 2
      vertex -13.3891 -26.5202 2
    endloop
  endfacet
  facet normal -0.0979129 -0.995195 0
    outer loop
      vertex -10.8304 -16.9708 2
      vertex -10.5021 -17.0031 2.6
      vertex -10.8304 -16.9708 2.6
    endloop
  endfacet
  facet normal -0.0979129 -0.995195 -0
    outer loop
      vertex -10.5021 -17.0031 2.6
      vertex -10.8304 -16.9708 2
      vertex -10.5021 -17.0031 2
    endloop
  endfacet
  facet normal -0.471224 -0.882014 0
    outer loop
      vertex -8.93087 -17.4798 2
      vertex -8.64 -17.6352 2.6
      vertex -8.93087 -17.4798 2.6
    endloop
  endfacet
  facet normal -0.471224 -0.882014 -0
    outer loop
      vertex -8.64 -17.6352 2.6
      vertex -8.93087 -17.4798 2
      vertex -8.64 -17.6352 2
    endloop
  endfacet
  facet normal -0.812858 -0.582462 0
    outer loop
      vertex -6.96939 -19.1999 2
      vertex -7.1615 -18.9318 2.6
      vertex -7.1615 -18.9318 2
    endloop
  endfacet
  facet normal -0.812858 -0.582462 0
    outer loop
      vertex -7.1615 -18.9318 2.6
      vertex -6.96939 -19.1999 2
      vertex -6.96939 -19.1999 2.6
    endloop
  endfacet
  facet normal -0.881946 -0.471351 0
    outer loop
      vertex -6.63976 -19.7709 2
      vertex -6.79523 -19.48 2.6
      vertex -6.79523 -19.48 2
    endloop
  endfacet
  facet normal -0.881946 -0.471351 0
    outer loop
      vertex -6.79523 -19.48 2.6
      vertex -6.63976 -19.7709 2
      vertex -6.63976 -19.7709 2.6
    endloop
  endfacet
  facet normal 0.412935 -0.910761 0
    outer loop
      vertex -13.3891 -17.4798 2
      vertex -13.0887 -17.3436 2.6
      vertex -13.3891 -17.4798 2.6
    endloop
  endfacet
  facet normal 0.412935 -0.910761 0
    outer loop
      vertex -13.0887 -17.3436 2.6
      vertex -13.3891 -17.4798 2
      vertex -13.0887 -17.3436 2
    endloop
  endfacet
  facet normal 0.290378 -0.956912 0
    outer loop
      vertex -12.7801 -17.2275 2
      vertex -12.4644 -17.1317 2.6
      vertex -12.7801 -17.2275 2.6
    endloop
  endfacet
  facet normal 0.290378 -0.956912 0
    outer loop
      vertex -12.4644 -17.1317 2.6
      vertex -12.7801 -17.2275 2
      vertex -12.4644 -17.1317 2
    endloop
  endfacet
  facet normal 0.882034 -0.471186 0
    outer loop
      vertex -15.6802 -19.7709 2.6
      vertex -15.5248 -19.48 2
      vertex -15.5248 -19.48 2.6
    endloop
  endfacet
  facet normal 0.882034 -0.471186 0
    outer loop
      vertex -15.5248 -19.48 2
      vertex -15.6802 -19.7709 2.6
      vertex -15.6802 -19.7709 2
    endloop
  endfacet
  facet normal 0.995195 -0.0979129 0
    outer loop
      vertex -16.1892 -21.6704 2.6
      vertex -16.1569 -21.3421 2
      vertex -16.1569 -21.3421 2.6
    endloop
  endfacet
  facet normal 0.995195 -0.0979129 0
    outer loop
      vertex -16.1569 -21.3421 2
      vertex -16.1892 -21.6704 2.6
      vertex -16.1892 -21.6704 2
    endloop
  endfacet
  facet normal 0.999464 -0.0327224 0
    outer loop
      vertex -1.11623 -23.1066 2.6
      vertex -1.08 -22 2
      vertex -1.08 -22 2.6
    endloop
  endfacet
  facet normal 0.999464 -0.0327224 0
    outer loop
      vertex -1.08 -22 2
      vertex -1.11623 -23.1066 2.6
      vertex -1.11623 -23.1066 2
    endloop
  endfacet
  facet normal -0.999465 -0.0326953 0
    outer loop
      vertex -34.8838 -23.1066 2
      vertex -34.92 -22 2.6
      vertex -34.92 -22 2
    endloop
  endfacet
  facet normal -0.999465 -0.0326953 0
    outer loop
      vertex -34.92 -22 2.6
      vertex -34.8838 -23.1066 2
      vertex -34.8838 -23.1066 2.6
    endloop
  endfacet
  facet normal -0.0326953 -0.999465 0
    outer loop
      vertex -19.1066 -38.8838 2
      vertex -18 -38.92 2.6
      vertex -19.1066 -38.8838 2.6
    endloop
  endfacet
  facet normal -0.0326953 -0.999465 -0
    outer loop
      vertex -18 -38.92 2.6
      vertex -19.1066 -38.8838 2
      vertex -18 -38.92 2
    endloop
  endfacet
  facet normal 0.0327224 0.999464 -0
    outer loop
      vertex -16.8934 -5.11623 2
      vertex -18 -5.08 2.6
      vertex -16.8934 -5.11623 2.6
    endloop
  endfacet
  facet normal 0.0327224 0.999464 0
    outer loop
      vertex -18 -5.08 2.6
      vertex -16.8934 -5.11623 2
      vertex -18 -5.08 2
    endloop
  endfacet
  facet normal 0.683599 -0.729858 0
    outer loop
      vertex -6.84387 -34.7211 2
      vertex -6.03575 -33.9642 2.6
      vertex -6.84387 -34.7211 2.6
    endloop
  endfacet
  facet normal 0.683599 -0.729858 0
    outer loop
      vertex -6.03575 -33.9642 2.6
      vertex -6.84387 -34.7211 2
      vertex -6.03575 -33.9642 2
    endloop
  endfacet
  facet normal -0.72985 -0.683608 0
    outer loop
      vertex -29.9642 -33.9642 2
      vertex -30.7211 -33.1561 2.6
      vertex -30.7211 -33.1561 2
    endloop
  endfacet
  facet normal -0.72985 -0.683608 0
    outer loop
      vertex -30.7211 -33.1561 2.6
      vertex -29.9642 -33.9642 2
      vertex -29.9642 -33.9642 2.6
    endloop
  endfacet
  facet normal 0.910862 -0.41271 0
    outer loop
      vertex -2.82491 -29.4835 2.6
      vertex -2.36796 -28.475 2
      vertex -2.36796 -28.475 2.6
    endloop
  endfacet
  facet normal 0.910862 -0.41271 0
    outer loop
      vertex -2.36796 -28.475 2
      vertex -2.82491 -29.4835 2.6
      vertex -2.82491 -29.4835 2
    endloop
  endfacet
  facet normal 0.582523 -0.812814 0
    outer loop
      vertex -8.59975 -36.0685 2
      vertex -7.69976 -35.4235 2.6
      vertex -8.59975 -36.0685 2.6
    endloop
  endfacet
  facet normal 0.582523 -0.812814 0
    outer loop
      vertex -7.69976 -35.4235 2.6
      vertex -8.59975 -36.0685 2
      vertex -7.69976 -35.4235 2
    endloop
  endfacet
  facet normal -0.881903 -0.471432 0
    outer loop
      vertex -32.6531 -30.46 2
      vertex -33.1751 -29.4835 2.6
      vertex -33.1751 -29.4835 2
    endloop
  endfacet
  facet normal -0.881903 -0.471432 0
    outer loop
      vertex -33.1751 -29.4835 2.6
      vertex -32.6531 -30.46 2
      vertex -32.6531 -30.46 2.6
    endloop
  endfacet
  facet normal -0.227055 -0.973882 0
    outer loop
      vertex -22.3792 -38.3435 2
      vertex -21.3009 -38.5949 2.6
      vertex -22.3792 -38.3435 2.6
    endloop
  endfacet
  facet normal -0.227055 -0.973882 -0
    outer loop
      vertex -21.3009 -38.5949 2.6
      vertex -22.3792 -38.3435 2
      vertex -21.3009 -38.5949 2
    endloop
  endfacet
  facet normal 0.956947 0.290263 0
    outer loop
      vertex -1.65654 -17.6208 2.6
      vertex -1.97794 -16.5612 2
      vertex -1.97794 -16.5612 2.6
    endloop
  endfacet
  facet normal 0.956947 0.290263 0
    outer loop
      vertex -1.97794 -16.5612 2
      vertex -1.65654 -17.6208 2.6
      vertex -1.65654 -17.6208 2
    endloop
  endfacet
  facet normal 0.973876 -0.227081 0
    outer loop
      vertex -1.65654 -26.3792 2.6
      vertex -1.40511 -25.3009 2
      vertex -1.40511 -25.3009 2.6
    endloop
  endfacet
  facet normal 0.973876 -0.227081 0
    outer loop
      vertex -1.40511 -25.3009 2
      vertex -1.65654 -26.3792 2.6
      vertex -1.65654 -26.3792 2
    endloop
  endfacet
  facet normal 0.956947 -0.290263 0
    outer loop
      vertex -1.97794 -27.4388 2.6
      vertex -1.65654 -26.3792 2
      vertex -1.65654 -26.3792 2.6
    endloop
  endfacet
  facet normal 0.956947 -0.290263 0
    outer loop
      vertex -1.65654 -26.3792 2
      vertex -1.97794 -27.4388 2.6
      vertex -1.97794 -27.4388 2
    endloop
  endfacet
  facet normal 0.773014 -0.634388 0
    outer loop
      vertex -5.27887 -33.1561 2.6
      vertex -4.57646 -32.3002 2
      vertex -4.57646 -32.3002 2.6
    endloop
  endfacet
  facet normal 0.773014 -0.634388 0
    outer loop
      vertex -4.57646 -32.3002 2
      vertex -5.27887 -33.1561 2.6
      vertex -5.27887 -33.1561 2
    endloop
  endfacet
  facet normal 0.162846 -0.986651 0
    outer loop
      vertex -15.7915 -38.7752 2
      vertex -14.6991 -38.5949 2.6
      vertex -15.7915 -38.7752 2.6
    endloop
  endfacet
  facet normal 0.162846 -0.986651 0
    outer loop
      vertex -14.6991 -38.5949 2.6
      vertex -15.7915 -38.7752 2
      vertex -14.6991 -38.5949 2
    endloop
  endfacet
  facet normal 0.0980818 -0.995178 0
    outer loop
      vertex -16.8934 -38.8838 2
      vertex -15.7915 -38.7752 2.6
      vertex -16.8934 -38.8838 2.6
    endloop
  endfacet
  facet normal 0.0980818 -0.995178 0
    outer loop
      vertex -15.7915 -38.7752 2.6
      vertex -16.8934 -38.8838 2
      vertex -15.7915 -38.7752 2
    endloop
  endfacet
  facet normal 0.634387 -0.773015 0
    outer loop
      vertex -7.69976 -35.4235 2
      vertex -6.84387 -34.7211 2.6
      vertex -7.69976 -35.4235 2.6
    endloop
  endfacet
  facet normal 0.634387 -0.773015 0
    outer loop
      vertex -6.84387 -34.7211 2.6
      vertex -7.69976 -35.4235 2
      vertex -6.84387 -34.7211 2
    endloop
  endfacet
  facet normal -0.973882 -0.227055 0
    outer loop
      vertex -34.3435 -26.3792 2
      vertex -34.5949 -25.3009 2.6
      vertex -34.5949 -25.3009 2
    endloop
  endfacet
  facet normal -0.973882 -0.227055 0
    outer loop
      vertex -34.5949 -25.3009 2.6
      vertex -34.3435 -26.3792 2
      vertex -34.3435 -26.3792 2.6
    endloop
  endfacet
  facet normal 0 0 -1
    outer loop
      vertex -15.8164 -20.0713 2
      vertex -20.1836 -20.0713 2
      vertex -15.6802 -19.7709 2
    endloop
  endfacet
  facet normal 0 0 -1
    outer loop
      vertex -20.3198 -19.7709 2
      vertex -15.6802 -19.7709 2
      vertex -20.1836 -20.0713 2
    endloop
  endfacet
  facet normal 0 0 -1
    outer loop
      vertex -15.6802 -19.7709 2
      vertex -20.3198 -19.7709 2
      vertex -15.5248 -19.48 2
    endloop
  endfacet
  facet normal 0 0 -1
    outer loop
      vertex -20.4752 -19.48 2
      vertex -15.5248 -19.48 2
      vertex -20.3198 -19.7709 2
    endloop
  endfacet
  facet normal 0 0 -1
    outer loop
      vertex -15.5248 -19.48 2
      vertex -20.4752 -19.48 2
      vertex -15.3506 -19.1999 2
    endloop
  endfacet
  facet normal 0 0 -1
    outer loop
      vertex -20.6494 -19.1999 2
      vertex -15.3506 -19.1999 2
      vertex -20.4752 -19.48 2
    endloop
  endfacet
  facet normal 0 0 -1
    outer loop
      vertex -15.3506 -19.1999 2
      vertex -20.6494 -19.1999 2
      vertex -15.1585 -18.9318 2
    endloop
  endfacet
  facet normal 0 0 -1
    outer loop
      vertex -20.8415 -18.9318 2
      vertex -15.1585 -18.9318 2
      vertex -20.6494 -19.1999 2
    endloop
  endfacet
  facet normal 0 0 -1
    outer loop
      vertex -15.1585 -18.9318 2
      vertex -20.8415 -18.9318 2
      vertex -14.9493 -18.6769 2
    endloop
  endfacet
  facet normal 0 0 -1
    outer loop
      vertex -21.0507 -18.6769 2
      vertex -14.9493 -18.6769 2
      vertex -20.8415 -18.9318 2
    endloop
  endfacet
  facet normal 0 0 -1
    outer loop
      vertex -21.2762 -18.4362 2
      vertex -14.9493 -18.6769 2
      vertex -21.0507 -18.6769 2
    endloop
  endfacet
  facet normal 0 0 -1
    outer loop
      vertex -21.5169 -18.2107 2
      vertex -14.9493 -18.6769 2
      vertex -21.2762 -18.4362 2
    endloop
  endfacet
  facet normal 0 0 -1
    outer loop
      vertex -21.7718 -18.0015 2
      vertex -14.9493 -18.6769 2
      vertex -21.5169 -18.2107 2
    endloop
  endfacet
  facet normal 0 0 -1
    outer loop
      vertex -14.9493 -18.6769 2
      vertex -21.7718 -18.0015 2
      vertex -19.1066 -5.11623 2
    endloop
  endfacet
  facet normal 0 0 -1
    outer loop
      vertex -22.0399 -17.8094 2
      vertex -19.1066 -5.11623 2
      vertex -21.7718 -18.0015 2
    endloop
  endfacet
  facet normal 0 0 -1
    outer loop
      vertex -22.32 -17.6352 2
      vertex -19.1066 -5.11623 2
      vertex -22.0399 -17.8094 2
    endloop
  endfacet
  facet normal 0 0 -1
    outer loop
      vertex -19.1066 -5.11623 2
      vertex -22.32 -17.6352 2
      vertex -20.2085 -5.22475 2
    endloop
  endfacet
  facet normal 0 0 -1
    outer loop
      vertex -22.6109 -17.4798 2
      vertex -20.2085 -5.22475 2
      vertex -22.32 -17.6352 2
    endloop
  endfacet
  facet normal 0 0 -1
    outer loop
      vertex -20.2085 -5.22475 2
      vertex -22.6109 -17.4798 2
      vertex -21.3009 -5.40511 2
    endloop
  endfacet
  facet normal 0 0 -1
    outer loop
      vertex -22.9113 -17.3436 2
      vertex -21.3009 -5.40511 2
      vertex -22.6109 -17.4798 2
    endloop
  endfacet
  facet normal 0 0 -1
    outer loop
      vertex -21.3009 -5.40511 2
      vertex -22.9113 -17.3436 2
      vertex -22.3792 -5.65654 2
    endloop
  endfacet
  facet normal 0 0 -1
    outer loop
      vertex -23.2199 -17.2275 2
      vertex -22.3792 -5.65654 2
      vertex -22.9113 -17.3436 2
    endloop
  endfacet
  facet normal 0 0 -1
    outer loop
      vertex -23.2199 -17.2275 2
      vertex -23.4388 -5.97794 2
      vertex -22.3792 -5.65654 2
    endloop
  endfacet
  facet normal 0 0 -1
    outer loop
      vertex -23.5356 -17.1317 2
      vertex -23.4388 -5.97794 2
      vertex -23.2199 -17.2275 2
    endloop
  endfacet
  facet normal 0 0 -1
    outer loop
      vertex -24.475 -6.36796 2
      vertex -23.5356 -17.1317 2
      vertex -23.8567 -17.0568 2
    endloop
  endfacet
  facet normal 0 0 -1
    outer loop
      vertex -25.4835 -6.82491 2
      vertex -23.8567 -17.0568 2
      vertex -24.1821 -17.0031 2
    endloop
  endfacet
  facet normal 0 0 -1
    outer loop
      vertex -23.5356 -17.1317 2
      vertex -24.475 -6.36796 2
      vertex -23.4388 -5.97794 2
    endloop
  endfacet
  facet normal 0 0 -1
    outer loop
      vertex -26.46 -7.34685 2
      vertex -24.1821 -17.0031 2
      vertex -24.5104 -16.9708 2
    endloop
  endfacet
  facet normal 0 0 -1
    outer loop
      vertex -27.4002 -7.93153 2
      vertex -24.5104 -16.9708 2
      vertex -24.84 -16.96 2
    endloop
  endfacet
  facet normal 0 0 -1
    outer loop
      vertex -28.3002 -8.57646 2
      vertex -24.84 -16.96 2
      vertex -25.1696 -16.9708 2
    endloop
  endfacet
  facet normal 0 0 -1
    outer loop
      vertex -23.8567 -17.0568 2
      vertex -25.4835 -6.82491 2
      vertex -24.475 -6.36796 2
    endloop
  endfacet
  facet normal 0 0 -1
    outer loop
      vertex -28.3002 -8.57646 2
      vertex -25.1696 -16.9708 2
      vertex -25.4979 -17.0031 2
    endloop
  endfacet
  facet normal 0 0 -1
    outer loop
      vertex -29.1561 -9.27887 2
      vertex -25.4979 -17.0031 2
      vertex -25.8233 -17.0568 2
    endloop
  endfacet
  facet normal 0 0 -1
    outer loop
      vertex -29.9642 -10.0358 2
      vertex -25.8233 -17.0568 2
      vertex -26.1444 -17.1317 2
    endloop
  endfacet
  facet normal 0 0 -1
    outer loop
      vertex -24.1821 -17.0031 2
      vertex -26.46 -7.34685 2
      vertex -25.4835 -6.82491 2
    endloop
  endfacet
  facet normal 0 0 -1
    outer loop
      vertex -30.7211 -10.8439 2
      vertex -26.1444 -17.1317 2
      vertex -26.4601 -17.2275 2
    endloop
  endfacet
  facet normal 0 0 -1
    outer loop
      vertex -30.7211 -10.8439 2
      vertex -26.4601 -17.2275 2
      vertex -26.7687 -17.3436 2
    endloop
  endfacet
  facet normal 0 0 -1
    outer loop
      vertex -31.4235 -11.6998 2
      vertex -26.7687 -17.3436 2
      vertex -27.0691 -17.4798 2
    endloop
  endfacet
  facet normal 0 0 -1
    outer loop
      vertex -32.0685 -12.5998 2
      vertex -27.0691 -17.4798 2
      vertex -27.36 -17.6352 2
    endloop
  endfacet
  facet normal 0 0 -1
    outer loop
      vertex -24.5104 -16.9708 2
      vertex -27.4002 -7.93153 2
      vertex -26.46 -7.34685 2
    endloop
  endfacet
  facet normal 0 0 -1
    outer loop
      vertex -32.0685 -12.5998 2
      vertex -27.36 -17.6352 2
      vertex -27.6401 -17.8094 2
    endloop
  endfacet
  facet normal 0 0 -1
    outer loop
      vertex -32.6531 -13.54 2
      vertex -27.6401 -17.8094 2
      vertex -27.9082 -18.0015 2
    endloop
  endfacet
  facet normal 0 0 -1
    outer loop
      vertex -33.1751 -14.5165 2
      vertex -27.9082 -18.0015 2
      vertex -28.1631 -18.2107 2
    endloop
  endfacet
  facet normal 0 0 -1
    outer loop
      vertex -24.84 -16.96 2
      vertex -28.3002 -8.57646 2
      vertex -27.4002 -7.93153 2
    endloop
  endfacet
  facet normal 0 0 -1
    outer loop
      vertex -33.1751 -14.5165 2
      vertex -28.1631 -18.2107 2
      vertex -28.4038 -18.4362 2
    endloop
  endfacet
  facet normal 0 0 -1
    outer loop
      vertex -33.632 -15.525 2
      vertex -28.4038 -18.4362 2
      vertex -28.6293 -18.6769 2
    endloop
  endfacet
  facet normal 0 0 -1
    outer loop
      vertex -33.632 -15.525 2
      vertex -28.6293 -18.6769 2
      vertex -28.8385 -18.9318 2
    endloop
  endfacet
  facet normal 0 0 -1
    outer loop
      vertex -34.0221 -16.5612 2
      vertex -28.8385 -18.9318 2
      vertex -29.0306 -19.1999 2
    endloop
  endfacet
  facet normal 0 0 -1
    outer loop
      vertex -25.4979 -17.0031 2
      vertex -29.1561 -9.27887 2
      vertex -28.3002 -8.57646 2
    endloop
  endfacet
  facet normal 0 0 -1
    outer loop
      vertex -34.0221 -16.5612 2
      vertex -29.0306 -19.1999 2
      vertex -29.2048 -19.48 2
    endloop
  endfacet
  facet normal 0 0 -1
    outer loop
      vertex -34.3435 -17.6208 2
      vertex -29.2048 -19.48 2
      vertex -29.3602 -19.7709 2
    endloop
  endfacet
  facet normal 0 0 -1
    outer loop
      vertex -34.5949 -18.6991 2
      vertex -29.3602 -19.7709 2
      vertex -29.4964 -20.0713 2
    endloop
  endfacet
  facet normal 0 0 -1
    outer loop
      vertex -34.5949 -18.6991 2
      vertex -29.4964 -20.0713 2
      vertex -29.6125 -20.3799 2
    endloop
  endfacet
  facet normal 0 0 -1
    outer loop
      vertex -34.7752 -19.7915 2
      vertex -29.6125 -20.3799 2
      vertex -29.7083 -20.6956 2
    endloop
  endfacet
  facet normal 0 0 -1
    outer loop
      vertex -34.7752 -19.7915 2
      vertex -29.7083 -20.6956 2
      vertex -29.7832 -21.0167 2
    endloop
  endfacet
  facet normal 0 0 -1
    outer loop
      vertex -34.8838 -20.8934 2
      vertex -29.7832 -21.0167 2
      vertex -29.8369 -21.3421 2
    endloop
  endfacet
  facet normal 0 0 -1
    outer loop
      vertex -34.8838 -20.8934 2
      vertex -29.8369 -21.3421 2
      vertex -29.8692 -21.6704 2
    endloop
  endfacet
  facet normal 0 0 -1
    outer loop
      vertex -25.8233 -17.0568 2
      vertex -29.9642 -10.0358 2
      vertex -29.1561 -9.27887 2
    endloop
  endfacet
  facet normal 0 0 -1
    outer loop
      vertex -34.92 -22 2
      vertex -29.8692 -21.6704 2
      vertex -29.88 -22 2
    endloop
  endfacet
  facet normal -0 0 -1
    outer loop
      vertex -29.2048 -24.52 2
      vertex -34.3435 -26.3792 2
      vertex -29.3602 -24.2291 2
    endloop
  endfacet
  facet normal 0 0 -1
    outer loop
      vertex -34.5949 -25.3009 2
      vertex -29.3602 -24.2291 2
      vertex -34.3435 -26.3792 2
    endloop
  endfacet
  facet normal 0 0 -1
    outer loop
      vertex -26.1444 -17.1317 2
      vertex -30.7211 -10.8439 2
      vertex -29.9642 -10.0358 2
    endloop
  endfacet
  facet normal -0 0 -1
    outer loop
      vertex -29.3602 -24.2291 2
      vertex -34.5949 -25.3009 2
      vertex -29.4964 -23.9287 2
    endloop
  endfacet
  facet normal 0 0 -1
    outer loop
      vertex -26.7687 -17.3436 2
      vertex -31.4235 -11.6998 2
      vertex -30.7211 -10.8439 2
    endloop
  endfacet
  facet normal -0 0 -1
    outer loop
      vertex -29.4964 -23.9287 2
      vertex -34.5949 -25.3009 2
      vertex -29.6125 -23.6201 2
    endloop
  endfacet
  facet normal 0 0 -1
    outer loop
      vertex -27.0691 -17.4798 2
      vertex -32.0685 -12.5998 2
      vertex -31.4235 -11.6998 2
    endloop
  endfacet
  facet normal 0 0 -1
    outer loop
      vertex -34.7752 -24.2085 2
      vertex -29.6125 -23.6201 2
      vertex -34.5949 -25.3009 2
    endloop
  endfacet
  facet normal 0 0 -1
    outer loop
      vertex -27.6401 -17.8094 2
      vertex -32.6531 -13.54 2
      vertex -32.0685 -12.5998 2
    endloop
  endfacet
  facet normal -0 0 -1
    outer loop
      vertex -29.6125 -23.6201 2
      vertex -34.7752 -24.2085 2
      vertex -29.7083 -23.3044 2
    endloop
  endfacet
  facet normal 0 0 -1
    outer loop
      vertex -27.9082 -18.0015 2
      vertex -33.1751 -14.5165 2
      vertex -32.6531 -13.54 2
    endloop
  endfacet
  facet normal -0 0 -1
    outer loop
      vertex -29.7083 -23.3044 2
      vertex -34.7752 -24.2085 2
      vertex -29.7832 -22.9833 2
    endloop
  endfacet
  facet normal 0 0 -1
    outer loop
      vertex -28.4038 -18.4362 2
      vertex -33.632 -15.525 2
      vertex -33.1751 -14.5165 2
    endloop
  endfacet
  facet normal 0 0 -1
    outer loop
      vertex -34.8838 -23.1066 2
      vertex -29.7832 -22.9833 2
      vertex -34.7752 -24.2085 2
    endloop
  endfacet
  facet normal 0 0 -1
    outer loop
      vertex -28.8385 -18.9318 2
      vertex -34.0221 -16.5612 2
      vertex -33.632 -15.525 2
    endloop
  endfacet
  facet normal -0 0 -1
    outer loop
      vertex -29.7832 -22.9833 2
      vertex -34.8838 -23.1066 2
      vertex -29.8369 -22.6579 2
    endloop
  endfacet
  facet normal 0 0 -1
    outer loop
      vertex -29.2048 -19.48 2
      vertex -34.3435 -17.6208 2
      vertex -34.0221 -16.5612 2
    endloop
  endfacet
  facet normal -0 0 -1
    outer loop
      vertex -29.8369 -22.6579 2
      vertex -34.8838 -23.1066 2
      vertex -29.8692 -22.3296 2
    endloop
  endfacet
  facet normal 0 0 -1
    outer loop
      vertex -29.3602 -19.7709 2
      vertex -34.5949 -18.6991 2
      vertex -34.3435 -17.6208 2
    endloop
  endfacet
  facet normal 0 0 -1
    outer loop
      vertex -34.92 -22 2
      vertex -29.8692 -22.3296 2
      vertex -34.8838 -23.1066 2
    endloop
  endfacet
  facet normal 0 0 -1
    outer loop
      vertex -29.6125 -20.3799 2
      vertex -34.7752 -19.7915 2
      vertex -34.5949 -18.6991 2
    endloop
  endfacet
  facet normal 0 0 -1
    outer loop
      vertex -29.8692 -22.3296 2
      vertex -34.92 -22 2
      vertex -29.88 -22 2
    endloop
  endfacet
  facet normal 0 0 -1
    outer loop
      vertex -29.7832 -21.0167 2
      vertex -34.8838 -20.8934 2
      vertex -34.7752 -19.7915 2
    endloop
  endfacet
  facet normal -0 0 -1
    outer loop
      vertex -29.8692 -21.6704 2
      vertex -34.92 -22 2
      vertex -34.8838 -20.8934 2
    endloop
  endfacet
  facet normal 0 0 -1
    outer loop
      vertex -6.13079 -22.3296 2
      vertex -1.08 -22 2
      vertex -1.11623 -23.1066 2
    endloop
  endfacet
  facet normal 0 0 -1
    outer loop
      vertex -6.21684 -22.9833 2
      vertex -1.11623 -23.1066 2
      vertex -1.22475 -24.2085 2
    endloop
  endfacet
  facet normal -0 0 -1
    outer loop
      vertex -1.08 -22 2
      vertex -6.13079 -22.3296 2
      vertex -6.12 -22 2
    endloop
  endfacet
  facet normal 0 0 -1
    outer loop
      vertex -6.38747 -23.6201 2
      vertex -1.22475 -24.2085 2
      vertex -1.40511 -25.3009 2
    endloop
  endfacet
  facet normal 0 0 -1
    outer loop
      vertex -6.13079 -21.6704 2
      vertex -1.08 -22 2
      vertex -6.12 -22 2
    endloop
  endfacet
  facet normal 0 0 -1
    outer loop
      vertex -6.63976 -24.2291 2
      vertex -1.40511 -25.3009 2
      vertex -1.65654 -26.3792 2
    endloop
  endfacet
  facet normal 0 0 -1
    outer loop
      vertex -1.08 -22 2
      vertex -6.13079 -21.6704 2
      vertex -1.11623 -20.8934 2
    endloop
  endfacet
  facet normal 0 0 -1
    outer loop
      vertex -6.79523 -24.52 2
      vertex -1.65654 -26.3792 2
      vertex -1.97794 -27.4388 2
    endloop
  endfacet
  facet normal 0 0 -1
    outer loop
      vertex -6.16312 -21.3421 2
      vertex -1.11623 -20.8934 2
      vertex -6.13079 -21.6704 2
    endloop
  endfacet
  facet normal 0 0 -1
    outer loop
      vertex -7.1615 -25.0682 2
      vertex -1.97794 -27.4388 2
      vertex -2.36796 -28.475 2
    endloop
  endfacet
  facet normal 0 0 -1
    outer loop
      vertex -6.21684 -21.0167 2
      vertex -1.11623 -20.8934 2
      vertex -6.16312 -21.3421 2
    endloop
  endfacet
  facet normal 0 0 -1
    outer loop
      vertex -7.59618 -25.5638 2
      vertex -2.36796 -28.475 2
      vertex -2.82491 -29.4835 2
    endloop
  endfacet
  facet normal -0 0 -1
    outer loop
      vertex -1.11623 -20.8934 2
      vertex -6.21684 -21.0167 2
      vertex -1.22475 -19.7915 2
    endloop
  endfacet
  facet normal 0 0 -1
    outer loop
      vertex -8.09184 -25.9985 2
      vertex -2.82491 -29.4835 2
      vertex -3.34685 -30.46 2
    endloop
  endfacet
  facet normal 0 0 -1
    outer loop
      vertex -6.29173 -20.6956 2
      vertex -1.22475 -19.7915 2
      vertex -6.21684 -21.0167 2
    endloop
  endfacet
  facet normal 0 0 -1
    outer loop
      vertex -8.35993 -26.1906 2
      vertex -3.34685 -30.46 2
      vertex -3.93153 -31.4002 2
    endloop
  endfacet
  facet normal 0 0 -1
    outer loop
      vertex -6.38747 -20.3799 2
      vertex -1.22475 -19.7915 2
      vertex -6.29173 -20.6956 2
    endloop
  endfacet
  facet normal 0 0 -1
    outer loop
      vertex -8.93087 -26.5202 2
      vertex -3.93153 -31.4002 2
      vertex -4.57646 -32.3002 2
    endloop
  endfacet
  facet normal 0 0 -1
    outer loop
      vertex -6.50365 -20.0713 2
      vertex -1.40511 -18.6991 2
      vertex -6.38747 -20.3799 2
    endloop
  endfacet
  facet normal 0 0 -1
    outer loop
      vertex -9.23128 -26.6564 2
      vertex -4.57646 -32.3002 2
      vertex -5.27887 -33.1561 2
    endloop
  endfacet
  facet normal 0 0 -1
    outer loop
      vertex -6.63976 -19.7709 2
      vertex -1.40511 -18.6991 2
      vertex -6.50365 -20.0713 2
    endloop
  endfacet
  facet normal 0 0 -1
    outer loop
      vertex -9.85555 -26.8683 2
      vertex -5.27887 -33.1561 2
      vertex -6.03575 -33.9642 2
    endloop
  endfacet
  facet normal -0 0 -1
    outer loop
      vertex -1.40511 -18.6991 2
      vertex -6.63976 -19.7709 2
      vertex -1.65654 -17.6208 2
    endloop
  endfacet
  facet normal 0 0 -1
    outer loop
      vertex -6.79523 -19.48 2
      vertex -1.65654 -17.6208 2
      vertex -6.63976 -19.7709 2
    endloop
  endfacet
  facet normal -0 0 -1
    outer loop
      vertex -1.22475 -19.7915 2
      vertex -6.38747 -20.3799 2
      vertex -1.40511 -18.6991 2
    endloop
  endfacet
  facet normal 0 0 -1
    outer loop
      vertex -1.11623 -23.1066 2
      vertex -6.16312 -22.6579 2
      vertex -6.13079 -22.3296 2
    endloop
  endfacet
  facet normal 0 0 -1
    outer loop
      vertex -1.11623 -23.1066 2
      vertex -6.21684 -22.9833 2
      vertex -6.16312 -22.6579 2
    endloop
  endfacet
  facet normal 0 0 -1
    outer loop
      vertex -1.22475 -24.2085 2
      vertex -6.29173 -23.3044 2
      vertex -6.21684 -22.9833 2
    endloop
  endfacet
  facet normal 0 0 -1
    outer loop
      vertex -1.22475 -24.2085 2
      vertex -6.38747 -23.6201 2
      vertex -6.29173 -23.3044 2
    endloop
  endfacet
  facet normal 0 0 -1
    outer loop
      vertex -1.40511 -25.3009 2
      vertex -6.50365 -23.9287 2
      vertex -6.38747 -23.6201 2
    endloop
  endfacet
  facet normal 0 0 -1
    outer loop
      vertex -1.40511 -25.3009 2
      vertex -6.63976 -24.2291 2
      vertex -6.50365 -23.9287 2
    endloop
  endfacet
  facet normal 0 0 -1
    outer loop
      vertex -1.65654 -26.3792 2
      vertex -6.79523 -24.52 2
      vertex -6.63976 -24.2291 2
    endloop
  endfacet
  facet normal 0 0 -1
    outer loop
      vertex -10.1767 -26.9432 2
      vertex -6.03575 -33.9642 2
      vertex -6.84387 -34.7211 2
    endloop
  endfacet
  facet normal 0 0 -1
    outer loop
      vertex -1.97794 -27.4388 2
      vertex -6.96939 -24.8001 2
      vertex -6.79523 -24.52 2
    endloop
  endfacet
  facet normal 0 0 -1
    outer loop
      vertex -1.97794 -27.4388 2
      vertex -7.1615 -25.0682 2
      vertex -6.96939 -24.8001 2
    endloop
  endfacet
  facet normal 0 0 -1
    outer loop
      vertex -2.36796 -28.475 2
      vertex -7.37073 -25.3231 2
      vertex -7.1615 -25.0682 2
    endloop
  endfacet
  facet normal 0 0 -1
    outer loop
      vertex -2.36796 -28.475 2
      vertex -7.59618 -25.5638 2
      vertex -7.37073 -25.3231 2
    endloop
  endfacet
  facet normal 0 0 -1
    outer loop
      vertex -10.5021 -26.9969 2
      vertex -6.84387 -34.7211 2
      vertex -7.69976 -35.4235 2
    endloop
  endfacet
  facet normal 0 0 -1
    outer loop
      vertex -2.82491 -29.4835 2
      vertex -7.8369 -25.7893 2
      vertex -7.59618 -25.5638 2
    endloop
  endfacet
  facet normal 0 0 -1
    outer loop
      vertex -2.82491 -29.4835 2
      vertex -8.09184 -25.9985 2
      vertex -7.8369 -25.7893 2
    endloop
  endfacet
  facet normal 0 0 -1
    outer loop
      vertex -3.34685 -30.46 2
      vertex -8.35993 -26.1906 2
      vertex -8.09184 -25.9985 2
    endloop
  endfacet
  facet normal 0 0 -1
    outer loop
      vertex -11.16 -27.04 2
      vertex -7.69976 -35.4235 2
      vertex -8.59975 -36.0685 2
    endloop
  endfacet
  facet normal 0 0 -1
    outer loop
      vertex -3.93153 -31.4002 2
      vertex -8.64 -26.3648 2
      vertex -8.35993 -26.1906 2
    endloop
  endfacet
  facet normal 0 0 -1
    outer loop
      vertex -3.93153 -31.4002 2
      vertex -8.93087 -26.5202 2
      vertex -8.64 -26.3648 2
    endloop
  endfacet
  facet normal 0 0 -1
    outer loop
      vertex -4.57646 -32.3002 2
      vertex -9.23128 -26.6564 2
      vertex -8.93087 -26.5202 2
    endloop
  endfacet
  facet normal 0 0 -1
    outer loop
      vertex -5.27887 -33.1561 2
      vertex -9.53995 -26.7725 2
      vertex -9.23128 -26.6564 2
    endloop
  endfacet
  facet normal 0 0 -1
    outer loop
      vertex -11.4896 -27.0292 2
      vertex -8.59975 -36.0685 2
      vertex -9.54 -36.6531 2
    endloop
  endfacet
  facet normal 0 0 -1
    outer loop
      vertex -5.27887 -33.1561 2
      vertex -9.85555 -26.8683 2
      vertex -9.53995 -26.7725 2
    endloop
  endfacet
  facet normal 0 0 -1
    outer loop
      vertex -6.03575 -33.9642 2
      vertex -10.1767 -26.9432 2
      vertex -9.85555 -26.8683 2
    endloop
  endfacet
  facet normal 0 0 -1
    outer loop
      vertex -6.84387 -34.7211 2
      vertex -10.5021 -26.9969 2
      vertex -10.1767 -26.9432 2
    endloop
  endfacet
  facet normal 0 0 -1
    outer loop
      vertex -11.8179 -26.9969 2
      vertex -9.54 -36.6531 2
      vertex -10.5165 -37.1751 2
    endloop
  endfacet
  facet normal 0 0 -1
    outer loop
      vertex -7.69976 -35.4235 2
      vertex -10.8304 -27.0292 2
      vertex -10.5021 -26.9969 2
    endloop
  endfacet
  facet normal 0 0 -1
    outer loop
      vertex -7.69976 -35.4235 2
      vertex -11.16 -27.04 2
      vertex -10.8304 -27.0292 2
    endloop
  endfacet
  facet normal 0 0 -1
    outer loop
      vertex -8.59975 -36.0685 2
      vertex -11.4896 -27.0292 2
      vertex -11.16 -27.04 2
    endloop
  endfacet
  facet normal 0 0 -1
    outer loop
      vertex -12.1433 -26.9432 2
      vertex -10.5165 -37.1751 2
      vertex -11.525 -37.632 2
    endloop
  endfacet
  facet normal 0 0 -1
    outer loop
      vertex -9.54 -36.6531 2
      vertex -11.8179 -26.9969 2
      vertex -11.4896 -27.0292 2
    endloop
  endfacet
  facet normal 0 0 -1
    outer loop
      vertex -10.5165 -37.1751 2
      vertex -12.1433 -26.9432 2
      vertex -11.8179 -26.9969 2
    endloop
  endfacet
  facet normal 0 0 -1
    outer loop
      vertex -11.525 -37.632 2
      vertex -12.4644 -26.8683 2
      vertex -12.1433 -26.9432 2
    endloop
  endfacet
  facet normal 0 0 -1
    outer loop
      vertex -12.5612 -38.0221 2
      vertex -12.4644 -26.8683 2
      vertex -11.525 -37.632 2
    endloop
  endfacet
  facet normal 0 0 -1
    outer loop
      vertex -12.5612 -38.0221 2
      vertex -12.7801 -26.7725 2
      vertex -12.4644 -26.8683 2
    endloop
  endfacet
  facet normal 0 0 -1
    outer loop
      vertex -13.6208 -38.3435 2
      vertex -12.7801 -26.7725 2
      vertex -12.5612 -38.0221 2
    endloop
  endfacet
  facet normal -0 0 -1
    outer loop
      vertex -12.7801 -26.7725 2
      vertex -13.6208 -38.3435 2
      vertex -13.0887 -26.6564 2
    endloop
  endfacet
  facet normal 0 0 -1
    outer loop
      vertex -14.6991 -38.5949 2
      vertex -13.0887 -26.6564 2
      vertex -13.6208 -38.3435 2
    endloop
  endfacet
  facet normal -0 0 -1
    outer loop
      vertex -13.0887 -26.6564 2
      vertex -14.6991 -38.5949 2
      vertex -13.3891 -26.5202 2
    endloop
  endfacet
  facet normal 0 0 -1
    outer loop
      vertex -15.7915 -38.7752 2
      vertex -13.3891 -26.5202 2
      vertex -14.6991 -38.5949 2
    endloop
  endfacet
  facet normal -0 0 -1
    outer loop
      vertex -13.3891 -26.5202 2
      vertex -15.7915 -38.7752 2
      vertex -13.68 -26.3648 2
    endloop
  endfacet
  facet normal 0 0 -1
    outer loop
      vertex -16.8934 -38.8838 2
      vertex -13.68 -26.3648 2
      vertex -15.7915 -38.7752 2
    endloop
  endfacet
  facet normal -0 0 -1
    outer loop
      vertex -13.68 -26.3648 2
      vertex -16.8934 -38.8838 2
      vertex -13.9601 -26.1906 2
    endloop
  endfacet
  facet normal 0 0 -1
    outer loop
      vertex -18 -38.92 2
      vertex -13.9601 -26.1906 2
      vertex -16.8934 -38.8838 2
    endloop
  endfacet
  facet normal 0 0 -1
    outer loop
      vertex -22.0399 -26.1906 2
      vertex -13.9601 -26.1906 2
      vertex -18 -38.92 2
    endloop
  endfacet
  facet normal 0 0 -1
    outer loop
      vertex -13.9601 -26.1906 2
      vertex -22.0399 -26.1906 2
      vertex -14.2282 -25.9985 2
    endloop
  endfacet
  facet normal 0 -0 -1
    outer loop
      vertex -21.7718 -25.9985 2
      vertex -14.2282 -25.9985 2
      vertex -22.0399 -26.1906 2
    endloop
  endfacet
  facet normal 0 0 -1
    outer loop
      vertex -14.2282 -25.9985 2
      vertex -21.7718 -25.9985 2
      vertex -14.4831 -25.7893 2
    endloop
  endfacet
  facet normal 0 -0 -1
    outer loop
      vertex -21.2762 -25.5638 2
      vertex -14.7238 -25.5638 2
      vertex -21.5169 -25.7893 2
    endloop
  endfacet
  facet normal 0 0 -1
    outer loop
      vertex -14.7238 -25.5638 2
      vertex -21.2762 -25.5638 2
      vertex -14.9493 -25.3231 2
    endloop
  endfacet
  facet normal 0 -0 -1
    outer loop
      vertex -20.8415 -25.0682 2
      vertex -15.1585 -25.0682 2
      vertex -21.0507 -25.3231 2
    endloop
  endfacet
  facet normal 0 0 -1
    outer loop
      vertex -15.1585 -25.0682 2
      vertex -20.8415 -25.0682 2
      vertex -15.3506 -24.8001 2
    endloop
  endfacet
  facet normal 0 0 -1
    outer loop
      vertex -15.3506 -24.8001 2
      vertex -20.6494 -24.8001 2
      vertex -15.5248 -24.52 2
    endloop
  endfacet
  facet normal 0 -0 -1
    outer loop
      vertex -20.4752 -24.52 2
      vertex -15.5248 -24.52 2
      vertex -20.6494 -24.8001 2
    endloop
  endfacet
  facet normal 0 -0 -1
    outer loop
      vertex -20.3198 -24.2291 2
      vertex -15.6802 -24.2291 2
      vertex -20.4752 -24.52 2
    endloop
  endfacet
  facet normal 0 0 -1
    outer loop
      vertex -15.6802 -24.2291 2
      vertex -20.3198 -24.2291 2
      vertex -15.8164 -23.9287 2
    endloop
  endfacet
  facet normal 0 0 -1
    outer loop
      vertex -15.8164 -23.9287 2
      vertex -20.1836 -23.9287 2
      vertex -15.9325 -23.6201 2
    endloop
  endfacet
  facet normal 0 -0 -1
    outer loop
      vertex -21.0507 -25.3231 2
      vertex -14.9493 -25.3231 2
      vertex -21.2762 -25.5638 2
    endloop
  endfacet
  facet normal -0 0 -1
    outer loop
      vertex -1.65654 -17.6208 2
      vertex -6.79523 -19.48 2
      vertex -1.97794 -16.5612 2
    endloop
  endfacet
  facet normal 0 0 -1
    outer loop
      vertex -6.96939 -19.1999 2
      vertex -1.97794 -16.5612 2
      vertex -6.79523 -19.48 2
    endloop
  endfacet
  facet normal 0 0 -1
    outer loop
      vertex -7.1615 -18.9318 2
      vertex -1.97794 -16.5612 2
      vertex -6.96939 -19.1999 2
    endloop
  endfacet
  facet normal -0 0 -1
    outer loop
      vertex -1.97794 -16.5612 2
      vertex -7.1615 -18.9318 2
      vertex -2.36796 -15.525 2
    endloop
  endfacet
  facet normal 0 0 -1
    outer loop
      vertex -7.37073 -18.6769 2
      vertex -2.36796 -15.525 2
      vertex -7.1615 -18.9318 2
    endloop
  endfacet
  facet normal 0 0 -1
    outer loop
      vertex -7.59618 -18.4362 2
      vertex -2.36796 -15.525 2
      vertex -7.37073 -18.6769 2
    endloop
  endfacet
  facet normal -0 0 -1
    outer loop
      vertex -2.36796 -15.525 2
      vertex -7.59618 -18.4362 2
      vertex -2.82491 -14.5165 2
    endloop
  endfacet
  facet normal 0 0 -1
    outer loop
      vertex -7.8369 -18.2107 2
      vertex -2.82491 -14.5165 2
      vertex -7.59618 -18.4362 2
    endloop
  endfacet
  facet normal 0 0 -1
    outer loop
      vertex -8.09184 -18.0015 2
      vertex -2.82491 -14.5165 2
      vertex -7.8369 -18.2107 2
    endloop
  endfacet
  facet normal -0 0 -1
    outer loop
      vertex -2.82491 -14.5165 2
      vertex -8.09184 -18.0015 2
      vertex -3.34685 -13.54 2
    endloop
  endfacet
  facet normal 0 0 -1
    outer loop
      vertex -8.35993 -17.8094 2
      vertex -3.34685 -13.54 2
      vertex -8.09184 -18.0015 2
    endloop
  endfacet
  facet normal -0 0 -1
    outer loop
      vertex -3.34685 -13.54 2
      vertex -8.35993 -17.8094 2
      vertex -3.93153 -12.5998 2
    endloop
  endfacet
  facet normal 0 0 -1
    outer loop
      vertex -8.64 -17.6352 2
      vertex -3.93153 -12.5998 2
      vertex -8.35993 -17.8094 2
    endloop
  endfacet
  facet normal 0 0 -1
    outer loop
      vertex -8.93087 -17.4798 2
      vertex -3.93153 -12.5998 2
      vertex -8.64 -17.6352 2
    endloop
  endfacet
  facet normal -0 0 -1
    outer loop
      vertex -3.93153 -12.5998 2
      vertex -8.93087 -17.4798 2
      vertex -4.57646 -11.6998 2
    endloop
  endfacet
  facet normal 0 0 -1
    outer loop
      vertex -9.23128 -17.3436 2
      vertex -4.57646 -11.6998 2
      vertex -8.93087 -17.4798 2
    endloop
  endfacet
  facet normal -0 0 -1
    outer loop
      vertex -4.57646 -11.6998 2
      vertex -9.23128 -17.3436 2
      vertex -5.27887 -10.8439 2
    endloop
  endfacet
  facet normal 0 0 -1
    outer loop
      vertex -9.53995 -17.2275 2
      vertex -5.27887 -10.8439 2
      vertex -9.23128 -17.3436 2
    endloop
  endfacet
  facet normal 0 0 -1
    outer loop
      vertex -9.85555 -17.1317 2
      vertex -5.27887 -10.8439 2
      vertex -9.53995 -17.2275 2
    endloop
  endfacet
  facet normal -0 0 -1
    outer loop
      vertex -5.27887 -10.8439 2
      vertex -9.85555 -17.1317 2
      vertex -6.03575 -10.0358 2
    endloop
  endfacet
  facet normal 0 0 -1
    outer loop
      vertex -10.1767 -17.0568 2
      vertex -6.03575 -10.0358 2
      vertex -9.85555 -17.1317 2
    endloop
  endfacet
  facet normal -0 0 -1
    outer loop
      vertex -6.03575 -10.0358 2
      vertex -10.1767 -17.0568 2
      vertex -6.84387 -9.27887 2
    endloop
  endfacet
  facet normal 0 0 -1
    outer loop
      vertex -10.5021 -17.0031 2
      vertex -6.84387 -9.27887 2
      vertex -10.1767 -17.0568 2
    endloop
  endfacet
  facet normal -0 0 -1
    outer loop
      vertex -6.84387 -9.27887 2
      vertex -10.5021 -17.0031 2
      vertex -7.69976 -8.57646 2
    endloop
  endfacet
  facet normal 0 0 -1
    outer loop
      vertex -10.8304 -16.9708 2
      vertex -7.69976 -8.57646 2
      vertex -10.5021 -17.0031 2
    endloop
  endfacet
  facet normal 0 0 -1
    outer loop
      vertex -11.16 -16.96 2
      vertex -7.69976 -8.57646 2
      vertex -10.8304 -16.9708 2
    endloop
  endfacet
  facet normal -0 0 -1
    outer loop
      vertex -7.69976 -8.57646 2
      vertex -11.16 -16.96 2
      vertex -8.59975 -7.93153 2
    endloop
  endfacet
  facet normal 0 0 -1
    outer loop
      vertex -11.4896 -16.9708 2
      vertex -8.59975 -7.93153 2
      vertex -11.16 -16.96 2
    endloop
  endfacet
  facet normal -0 0 -1
    outer loop
      vertex -8.59975 -7.93153 2
      vertex -11.4896 -16.9708 2
      vertex -9.54 -7.34685 2
    endloop
  endfacet
  facet normal 0 0 -1
    outer loop
      vertex -11.8179 -17.0031 2
      vertex -9.54 -7.34685 2
      vertex -11.4896 -16.9708 2
    endloop
  endfacet
  facet normal -0 0 -1
    outer loop
      vertex -9.54 -7.34685 2
      vertex -11.8179 -17.0031 2
      vertex -10.5165 -6.82491 2
    endloop
  endfacet
  facet normal 0 0 -1
    outer loop
      vertex -12.1433 -17.0568 2
      vertex -10.5165 -6.82491 2
      vertex -11.8179 -17.0031 2
    endloop
  endfacet
  facet normal -0 0 -1
    outer loop
      vertex -10.5165 -6.82491 2
      vertex -12.1433 -17.0568 2
      vertex -11.525 -6.36796 2
    endloop
  endfacet
  facet normal 0 0 -1
    outer loop
      vertex -12.4644 -17.1317 2
      vertex -11.525 -6.36796 2
      vertex -12.1433 -17.0568 2
    endloop
  endfacet
  facet normal 0 0 -1
    outer loop
      vertex -12.4644 -17.1317 2
      vertex -12.5612 -5.97794 2
      vertex -11.525 -6.36796 2
    endloop
  endfacet
  facet normal 0 0 -1
    outer loop
      vertex -12.7801 -17.2275 2
      vertex -12.5612 -5.97794 2
      vertex -12.4644 -17.1317 2
    endloop
  endfacet
  facet normal 0 0 -1
    outer loop
      vertex -13.6208 -5.65654 2
      vertex -12.7801 -17.2275 2
      vertex -13.0887 -17.3436 2
    endloop
  endfacet
  facet normal 0 0 -1
    outer loop
      vertex -14.6991 -5.40511 2
      vertex -13.0887 -17.3436 2
      vertex -13.3891 -17.4798 2
    endloop
  endfacet
  facet normal 0 0 -1
    outer loop
      vertex -12.7801 -17.2275 2
      vertex -13.6208 -5.65654 2
      vertex -12.5612 -5.97794 2
    endloop
  endfacet
  facet normal 0 0 -1
    outer loop
      vertex -15.7915 -5.22475 2
      vertex -13.3891 -17.4798 2
      vertex -13.68 -17.6352 2
    endloop
  endfacet
  facet normal 0 0 -1
    outer loop
      vertex -16.8934 -5.11623 2
      vertex -13.68 -17.6352 2
      vertex -13.9601 -17.8094 2
    endloop
  endfacet
  facet normal 0 0 -1
    outer loop
      vertex -18 -5.08 2
      vertex -13.9601 -17.8094 2
      vertex -14.2282 -18.0015 2
    endloop
  endfacet
  facet normal 0 0 -1
    outer loop
      vertex -19.1066 -5.11623 2
      vertex -14.2282 -18.0015 2
      vertex -14.4831 -18.2107 2
    endloop
  endfacet
  facet normal 0 0 -1
    outer loop
      vertex -13.0887 -17.3436 2
      vertex -14.6991 -5.40511 2
      vertex -13.6208 -5.65654 2
    endloop
  endfacet
  facet normal 0 0 -1
    outer loop
      vertex -19.1066 -5.11623 2
      vertex -14.4831 -18.2107 2
      vertex -14.7238 -18.4362 2
    endloop
  endfacet
  facet normal 0 0 -1
    outer loop
      vertex -19.1066 -5.11623 2
      vertex -14.7238 -18.4362 2
      vertex -14.9493 -18.6769 2
    endloop
  endfacet
  facet normal 0 0 -1
    outer loop
      vertex -20.1836 -20.0713 2
      vertex -15.8164 -20.0713 2
      vertex -20.0675 -20.3799 2
    endloop
  endfacet
  facet normal 0 0 -1
    outer loop
      vertex -20.0675 -20.3799 2
      vertex -15.9325 -20.3799 2
      vertex -19.9717 -20.6956 2
    endloop
  endfacet
  facet normal 0 0 -1
    outer loop
      vertex -16.0283 -20.6956 2
      vertex -19.9717 -20.6956 2
      vertex -15.9325 -20.3799 2
    endloop
  endfacet
  facet normal 0 0 -1
    outer loop
      vertex -19.9717 -20.6956 2
      vertex -16.0283 -20.6956 2
      vertex -19.8968 -21.0167 2
    endloop
  endfacet
  facet normal 0 0 -1
    outer loop
      vertex -13.3891 -17.4798 2
      vertex -15.7915 -5.22475 2
      vertex -14.6991 -5.40511 2
    endloop
  endfacet
  facet normal 0 0 -1
    outer loop
      vertex -16.1032 -21.0167 2
      vertex -19.8968 -21.0167 2
      vertex -16.0283 -20.6956 2
    endloop
  endfacet
  facet normal 0 0 -1
    outer loop
      vertex -19.8968 -21.0167 2
      vertex -16.1032 -21.0167 2
      vertex -19.8431 -21.3421 2
    endloop
  endfacet
  facet normal 0 0 -1
    outer loop
      vertex -16.1569 -21.3421 2
      vertex -19.8431 -21.3421 2
      vertex -16.1032 -21.0167 2
    endloop
  endfacet
  facet normal 0 0 -1
    outer loop
      vertex -19.8431 -21.3421 2
      vertex -16.1569 -21.3421 2
      vertex -19.8108 -21.6704 2
    endloop
  endfacet
  facet normal 0 0 -1
    outer loop
      vertex -16.1892 -21.6704 2
      vertex -19.8108 -21.6704 2
      vertex -16.1569 -21.3421 2
    endloop
  endfacet
  facet normal 0 0 -1
    outer loop
      vertex -19.8108 -21.6704 2
      vertex -16.1892 -21.6704 2
      vertex -19.8 -22 2
    endloop
  endfacet
  facet normal 0 0 -1
    outer loop
      vertex -19.8 -22 2
      vertex -16.1892 -21.6704 2
      vertex -16.2 -22 2
    endloop
  endfacet
  facet normal 0 -0 -1
    outer loop
      vertex -20.0675 -23.6201 2
      vertex -15.9325 -23.6201 2
      vertex -20.1836 -23.9287 2
    endloop
  endfacet
  facet normal 0 0 -1
    outer loop
      vertex -15.9325 -20.3799 2
      vertex -20.0675 -20.3799 2
      vertex -15.8164 -20.0713 2
    endloop
  endfacet
  facet normal 0 0 -1
    outer loop
      vertex -14.4831 -25.7893 2
      vertex -21.5169 -25.7893 2
      vertex -14.7238 -25.5638 2
    endloop
  endfacet
  facet normal 0 0 -1
    outer loop
      vertex -13.68 -17.6352 2
      vertex -16.8934 -5.11623 2
      vertex -15.7915 -5.22475 2
    endloop
  endfacet
  facet normal 0 0 -1
    outer loop
      vertex -22.0399 -26.1906 2
      vertex -18 -38.92 2
      vertex -19.1066 -38.8838 2
    endloop
  endfacet
  facet normal 0 0 -1
    outer loop
      vertex -13.9601 -17.8094 2
      vertex -18 -5.08 2
      vertex -16.8934 -5.11623 2
    endloop
  endfacet
  facet normal 0 0 -1
    outer loop
      vertex -14.2282 -18.0015 2
      vertex -19.1066 -5.11623 2
      vertex -18 -5.08 2
    endloop
  endfacet
  facet normal -0 0 -1
    outer loop
      vertex -16.2 -22 2
      vertex -19.8108 -22.3296 2
      vertex -19.8 -22 2
    endloop
  endfacet
  facet normal 0 0 -1
    outer loop
      vertex -16.1892 -22.3296 2
      vertex -19.8108 -22.3296 2
      vertex -16.2 -22 2
    endloop
  endfacet
  facet normal 0 -0 -1
    outer loop
      vertex -19.8108 -22.3296 2
      vertex -16.1892 -22.3296 2
      vertex -19.8431 -22.6579 2
    endloop
  endfacet
  facet normal 0 0 -1
    outer loop
      vertex -16.1569 -22.6579 2
      vertex -19.8431 -22.6579 2
      vertex -16.1892 -22.3296 2
    endloop
  endfacet
  facet normal 0 -0 -1
    outer loop
      vertex -19.8431 -22.6579 2
      vertex -16.1569 -22.6579 2
      vertex -19.8968 -22.9833 2
    endloop
  endfacet
  facet normal 0 0 -1
    outer loop
      vertex -16.1032 -22.9833 2
      vertex -19.8968 -22.9833 2
      vertex -16.1569 -22.6579 2
    endloop
  endfacet
  facet normal 0 0 -1
    outer loop
      vertex -22.32 -26.3648 2
      vertex -19.1066 -38.8838 2
      vertex -20.2085 -38.7752 2
    endloop
  endfacet
  facet normal 0 -0 -1
    outer loop
      vertex -19.8968 -22.9833 2
      vertex -16.1032 -22.9833 2
      vertex -19.9717 -23.3044 2
    endloop
  endfacet
  facet normal 0 0 -1
    outer loop
      vertex -16.0283 -23.3044 2
      vertex -19.9717 -23.3044 2
      vertex -16.1032 -22.9833 2
    endloop
  endfacet
  facet normal 0 -0 -1
    outer loop
      vertex -19.9717 -23.3044 2
      vertex -16.0283 -23.3044 2
      vertex -20.0675 -23.6201 2
    endloop
  endfacet
  facet normal 0 0 -1
    outer loop
      vertex -15.9325 -23.6201 2
      vertex -20.0675 -23.6201 2
      vertex -16.0283 -23.3044 2
    endloop
  endfacet
  facet normal 0 -0 -1
    outer loop
      vertex -20.1836 -23.9287 2
      vertex -15.8164 -23.9287 2
      vertex -20.3198 -24.2291 2
    endloop
  endfacet
  facet normal 0 0 -1
    outer loop
      vertex -15.5248 -24.52 2
      vertex -20.4752 -24.52 2
      vertex -15.6802 -24.2291 2
    endloop
  endfacet
  facet normal 0 0 -1
    outer loop
      vertex -22.6109 -26.5202 2
      vertex -20.2085 -38.7752 2
      vertex -21.3009 -38.5949 2
    endloop
  endfacet
  facet normal 0 -0 -1
    outer loop
      vertex -20.6494 -24.8001 2
      vertex -15.3506 -24.8001 2
      vertex -20.8415 -25.0682 2
    endloop
  endfacet
  facet normal 0 0 -1
    outer loop
      vertex -14.9493 -25.3231 2
      vertex -21.0507 -25.3231 2
      vertex -15.1585 -25.0682 2
    endloop
  endfacet
  facet normal 0 -0 -1
    outer loop
      vertex -21.5169 -25.7893 2
      vertex -14.4831 -25.7893 2
      vertex -21.7718 -25.9985 2
    endloop
  endfacet
  facet normal 0 0 -1
    outer loop
      vertex -19.1066 -38.8838 2
      vertex -22.32 -26.3648 2
      vertex -22.0399 -26.1906 2
    endloop
  endfacet
  facet normal 0 0 -1
    outer loop
      vertex -22.9113 -26.6564 2
      vertex -21.3009 -38.5949 2
      vertex -22.3792 -38.3435 2
    endloop
  endfacet
  facet normal 0 0 -1
    outer loop
      vertex -20.2085 -38.7752 2
      vertex -22.6109 -26.5202 2
      vertex -22.32 -26.3648 2
    endloop
  endfacet
  facet normal 0 0 -1
    outer loop
      vertex -21.3009 -38.5949 2
      vertex -22.9113 -26.6564 2
      vertex -22.6109 -26.5202 2
    endloop
  endfacet
  facet normal 0 0 -1
    outer loop
      vertex -22.3792 -38.3435 2
      vertex -23.2199 -26.7725 2
      vertex -22.9113 -26.6564 2
    endloop
  endfacet
  facet normal 0 0 -1
    outer loop
      vertex -23.4388 -38.0221 2
      vertex -23.2199 -26.7725 2
      vertex -22.3792 -38.3435 2
    endloop
  endfacet
  facet normal 0 0 -1
    outer loop
      vertex -23.4388 -38.0221 2
      vertex -23.5356 -26.8683 2
      vertex -23.2199 -26.7725 2
    endloop
  endfacet
  facet normal 0 0 -1
    outer loop
      vertex -24.475 -37.632 2
      vertex -23.5356 -26.8683 2
      vertex -23.4388 -38.0221 2
    endloop
  endfacet
  facet normal 0 0 -1
    outer loop
      vertex -23.5356 -26.8683 2
      vertex -24.475 -37.632 2
      vertex -23.8567 -26.9432 2
    endloop
  endfacet
  facet normal 0 0 -1
    outer loop
      vertex -25.4835 -37.1751 2
      vertex -23.8567 -26.9432 2
      vertex -24.475 -37.632 2
    endloop
  endfacet
  facet normal 0 0 -1
    outer loop
      vertex -23.8567 -26.9432 2
      vertex -25.4835 -37.1751 2
      vertex -24.1821 -26.9969 2
    endloop
  endfacet
  facet normal 0 0 -1
    outer loop
      vertex -26.46 -36.6531 2
      vertex -24.1821 -26.9969 2
      vertex -25.4835 -37.1751 2
    endloop
  endfacet
  facet normal 0 0 -1
    outer loop
      vertex -24.1821 -26.9969 2
      vertex -26.46 -36.6531 2
      vertex -24.5104 -27.0292 2
    endloop
  endfacet
  facet normal 0 0 -1
    outer loop
      vertex -27.4002 -36.0685 2
      vertex -24.5104 -27.0292 2
      vertex -26.46 -36.6531 2
    endloop
  endfacet
  facet normal 0 0 -1
    outer loop
      vertex -24.5104 -27.0292 2
      vertex -27.4002 -36.0685 2
      vertex -24.84 -27.04 2
    endloop
  endfacet
  facet normal 0 0 -1
    outer loop
      vertex -28.3002 -35.4235 2
      vertex -24.84 -27.04 2
      vertex -27.4002 -36.0685 2
    endloop
  endfacet
  facet normal -0 0 -1
    outer loop
      vertex -24.84 -27.04 2
      vertex -28.3002 -35.4235 2
      vertex -25.1696 -27.0292 2
    endloop
  endfacet
  facet normal -0 0 -1
    outer loop
      vertex -25.1696 -27.0292 2
      vertex -28.3002 -35.4235 2
      vertex -25.4979 -26.9969 2
    endloop
  endfacet
  facet normal 0 0 -1
    outer loop
      vertex -29.1561 -34.7211 2
      vertex -25.4979 -26.9969 2
      vertex -28.3002 -35.4235 2
    endloop
  endfacet
  facet normal -0 0 -1
    outer loop
      vertex -25.4979 -26.9969 2
      vertex -29.1561 -34.7211 2
      vertex -25.8233 -26.9432 2
    endloop
  endfacet
  facet normal 0 0 -1
    outer loop
      vertex -29.9642 -33.9642 2
      vertex -25.8233 -26.9432 2
      vertex -29.1561 -34.7211 2
    endloop
  endfacet
  facet normal -0 0 -1
    outer loop
      vertex -25.8233 -26.9432 2
      vertex -29.9642 -33.9642 2
      vertex -26.1444 -26.8683 2
    endloop
  endfacet
  facet normal 0 0 -1
    outer loop
      vertex -30.7211 -33.1561 2
      vertex -26.1444 -26.8683 2
      vertex -29.9642 -33.9642 2
    endloop
  endfacet
  facet normal -0 0 -1
    outer loop
      vertex -26.1444 -26.8683 2
      vertex -30.7211 -33.1561 2
      vertex -26.4601 -26.7725 2
    endloop
  endfacet
  facet normal -0 0 -1
    outer loop
      vertex -26.4601 -26.7725 2
      vertex -30.7211 -33.1561 2
      vertex -26.7687 -26.6564 2
    endloop
  endfacet
  facet normal 0 0 -1
    outer loop
      vertex -31.4235 -32.3002 2
      vertex -26.7687 -26.6564 2
      vertex -30.7211 -33.1561 2
    endloop
  endfacet
  facet normal -0 0 -1
    outer loop
      vertex -26.7687 -26.6564 2
      vertex -31.4235 -32.3002 2
      vertex -27.0691 -26.5202 2
    endloop
  endfacet
  facet normal 0 0 -1
    outer loop
      vertex -32.0685 -31.4002 2
      vertex -27.0691 -26.5202 2
      vertex -31.4235 -32.3002 2
    endloop
  endfacet
  facet normal -0 0 -1
    outer loop
      vertex -27.0691 -26.5202 2
      vertex -32.0685 -31.4002 2
      vertex -27.36 -26.3648 2
    endloop
  endfacet
  facet normal -0 0 -1
    outer loop
      vertex -27.36 -26.3648 2
      vertex -32.0685 -31.4002 2
      vertex -27.6401 -26.1906 2
    endloop
  endfacet
  facet normal 0 0 -1
    outer loop
      vertex -32.6531 -30.46 2
      vertex -27.6401 -26.1906 2
      vertex -32.0685 -31.4002 2
    endloop
  endfacet
  facet normal -0 0 -1
    outer loop
      vertex -27.6401 -26.1906 2
      vertex -32.6531 -30.46 2
      vertex -27.9082 -25.9985 2
    endloop
  endfacet
  facet normal 0 0 -1
    outer loop
      vertex -33.1751 -29.4835 2
      vertex -27.9082 -25.9985 2
      vertex -32.6531 -30.46 2
    endloop
  endfacet
  facet normal -0 0 -1
    outer loop
      vertex -27.9082 -25.9985 2
      vertex -33.1751 -29.4835 2
      vertex -28.1631 -25.7893 2
    endloop
  endfacet
  facet normal -0 0 -1
    outer loop
      vertex -28.1631 -25.7893 2
      vertex -33.1751 -29.4835 2
      vertex -28.4038 -25.5638 2
    endloop
  endfacet
  facet normal 0 0 -1
    outer loop
      vertex -33.632 -28.475 2
      vertex -28.4038 -25.5638 2
      vertex -33.1751 -29.4835 2
    endloop
  endfacet
  facet normal -0 0 -1
    outer loop
      vertex -28.4038 -25.5638 2
      vertex -33.632 -28.475 2
      vertex -28.6293 -25.3231 2
    endloop
  endfacet
  facet normal -0 0 -1
    outer loop
      vertex -28.6293 -25.3231 2
      vertex -33.632 -28.475 2
      vertex -28.8385 -25.0682 2
    endloop
  endfacet
  facet normal 0 0 -1
    outer loop
      vertex -34.0221 -27.4388 2
      vertex -28.8385 -25.0682 2
      vertex -33.632 -28.475 2
    endloop
  endfacet
  facet normal -0 0 -1
    outer loop
      vertex -28.8385 -25.0682 2
      vertex -34.0221 -27.4388 2
      vertex -29.0306 -24.8001 2
    endloop
  endfacet
  facet normal 0 0 -1
    outer loop
      vertex -34.3435 -26.3792 2
      vertex -29.2048 -24.52 2
      vertex -34.0221 -27.4388 2
    endloop
  endfacet
  facet normal -0 0 -1
    outer loop
      vertex -29.0306 -24.8001 2
      vertex -34.0221 -27.4388 2
      vertex -29.2048 -24.52 2
    endloop
  endfacet
  facet normal -0.582519 -0.812817 0
    outer loop
      vertex -28.3002 -35.4235 2
      vertex -27.4002 -36.0685 2.6
      vertex -28.3002 -35.4235 2.6
    endloop
  endfacet
  facet normal -0.582519 -0.812817 -0
    outer loop
      vertex -27.4002 -36.0685 2.6
      vertex -28.3002 -35.4235 2
      vertex -27.4002 -36.0685 2
    endloop
  endfacet
  facet normal -0.471432 -0.881903 0
    outer loop
      vertex -26.46 -36.6531 2
      vertex -25.4835 -37.1751 2.6
      vertex -26.46 -36.6531 2.6
    endloop
  endfacet
  facet normal -0.471432 -0.881903 -0
    outer loop
      vertex -25.4835 -37.1751 2.6
      vertex -26.46 -36.6531 2
      vertex -25.4835 -37.1751 2
    endloop
  endfacet
  facet normal -0.162846 -0.986651 0
    outer loop
      vertex -21.3009 -38.5949 2
      vertex -20.2085 -38.7752 2.6
      vertex -21.3009 -38.5949 2.6
    endloop
  endfacet
  facet normal -0.162846 -0.986651 -0
    outer loop
      vertex -20.2085 -38.7752 2.6
      vertex -21.3009 -38.5949 2
      vertex -20.2085 -38.7752 2
    endloop
  endfacet
  facet normal -0.352267 0.935899 0
    outer loop
      vertex -23.4388 -5.97794 2
      vertex -24.475 -6.36796 2.6
      vertex -23.4388 -5.97794 2.6
    endloop
  endfacet
  facet normal -0.352267 0.935899 0
    outer loop
      vertex -24.475 -6.36796 2.6
      vertex -23.4388 -5.97794 2
      vertex -24.475 -6.36796 2
    endloop
  endfacet
  facet normal 0 0 1
    outer loop
      vertex -15.8164 -23.9287 2.6
      vertex -20.1836 -23.9287 2.6
      vertex -15.6802 -24.2291 2.6
    endloop
  endfacet
  facet normal 0 0 1
    outer loop
      vertex -20.3198 -24.2291 2.6
      vertex -15.6802 -24.2291 2.6
      vertex -20.1836 -23.9287 2.6
    endloop
  endfacet
  facet normal 0 0 1
    outer loop
      vertex -15.6802 -24.2291 2.6
      vertex -20.3198 -24.2291 2.6
      vertex -15.5248 -24.52 2.6
    endloop
  endfacet
  facet normal 0 0 1
    outer loop
      vertex -20.4752 -24.52 2.6
      vertex -15.5248 -24.52 2.6
      vertex -20.3198 -24.2291 2.6
    endloop
  endfacet
  facet normal 0 0 1
    outer loop
      vertex -15.5248 -24.52 2.6
      vertex -20.4752 -24.52 2.6
      vertex -15.3506 -24.8001 2.6
    endloop
  endfacet
  facet normal 0 0 1
    outer loop
      vertex -20.6494 -24.8001 2.6
      vertex -15.3506 -24.8001 2.6
      vertex -20.4752 -24.52 2.6
    endloop
  endfacet
  facet normal 0 0 1
    outer loop
      vertex -15.3506 -24.8001 2.6
      vertex -20.6494 -24.8001 2.6
      vertex -15.1585 -25.0682 2.6
    endloop
  endfacet
  facet normal 0 0 1
    outer loop
      vertex -20.8415 -25.0682 2.6
      vertex -15.1585 -25.0682 2.6
      vertex -20.6494 -24.8001 2.6
    endloop
  endfacet
  facet normal 0 0 1
    outer loop
      vertex -15.1585 -25.0682 2.6
      vertex -20.8415 -25.0682 2.6
      vertex -14.9493 -25.3231 2.6
    endloop
  endfacet
  facet normal 0 0 1
    outer loop
      vertex -21.0507 -25.3231 2.6
      vertex -14.9493 -25.3231 2.6
      vertex -20.8415 -25.0682 2.6
    endloop
  endfacet
  facet normal 0 0 1
    outer loop
      vertex -21.2762 -25.5638 2.6
      vertex -14.9493 -25.3231 2.6
      vertex -21.0507 -25.3231 2.6
    endloop
  endfacet
  facet normal 0 0 1
    outer loop
      vertex -21.5169 -25.7893 2.6
      vertex -14.9493 -25.3231 2.6
      vertex -21.2762 -25.5638 2.6
    endloop
  endfacet
  facet normal 0 0 1
    outer loop
      vertex -21.7718 -25.9985 2.6
      vertex -14.9493 -25.3231 2.6
      vertex -21.5169 -25.7893 2.6
    endloop
  endfacet
  facet normal 0 0 1
    outer loop
      vertex -14.9493 -25.3231 2.6
      vertex -21.7718 -25.9985 2.6
      vertex -19.1066 -38.8838 2.6
    endloop
  endfacet
  facet normal -0 0 1
    outer loop
      vertex -22.0399 -26.1906 2.6
      vertex -19.1066 -38.8838 2.6
      vertex -21.7718 -25.9985 2.6
    endloop
  endfacet
  facet normal -0 0 1
    outer loop
      vertex -22.32 -26.3648 2.6
      vertex -19.1066 -38.8838 2.6
      vertex -22.0399 -26.1906 2.6
    endloop
  endfacet
  facet normal 0 0 1
    outer loop
      vertex -19.1066 -38.8838 2.6
      vertex -22.32 -26.3648 2.6
      vertex -20.2085 -38.7752 2.6
    endloop
  endfacet
  facet normal -0 0 1
    outer loop
      vertex -22.6109 -26.5202 2.6
      vertex -20.2085 -38.7752 2.6
      vertex -22.32 -26.3648 2.6
    endloop
  endfacet
  facet normal 0 0 1
    outer loop
      vertex -20.2085 -38.7752 2.6
      vertex -22.6109 -26.5202 2.6
      vertex -21.3009 -38.5949 2.6
    endloop
  endfacet
  facet normal -0 0 1
    outer loop
      vertex -22.9113 -26.6564 2.6
      vertex -21.3009 -38.5949 2.6
      vertex -22.6109 -26.5202 2.6
    endloop
  endfacet
  facet normal 0 0 1
    outer loop
      vertex -21.3009 -38.5949 2.6
      vertex -22.9113 -26.6564 2.6
      vertex -22.3792 -38.3435 2.6
    endloop
  endfacet
  facet normal -0 0 1
    outer loop
      vertex -23.2199 -26.7725 2.6
      vertex -22.3792 -38.3435 2.6
      vertex -22.9113 -26.6564 2.6
    endloop
  endfacet
  facet normal 0 0 1
    outer loop
      vertex -23.2199 -26.7725 2.6
      vertex -23.4388 -38.0221 2.6
      vertex -22.3792 -38.3435 2.6
    endloop
  endfacet
  facet normal -0 0 1
    outer loop
      vertex -23.5356 -26.8683 2.6
      vertex -23.4388 -38.0221 2.6
      vertex -23.2199 -26.7725 2.6
    endloop
  endfacet
  facet normal 0 0 1
    outer loop
      vertex -24.475 -37.632 2.6
      vertex -23.5356 -26.8683 2.6
      vertex -23.8567 -26.9432 2.6
    endloop
  endfacet
  facet normal 0 0 1
    outer loop
      vertex -25.4835 -37.1751 2.6
      vertex -23.8567 -26.9432 2.6
      vertex -24.1821 -26.9969 2.6
    endloop
  endfacet
  facet normal 0 0 1
    outer loop
      vertex -23.5356 -26.8683 2.6
      vertex -24.475 -37.632 2.6
      vertex -23.4388 -38.0221 2.6
    endloop
  endfacet
  facet normal 0 0 1
    outer loop
      vertex -26.46 -36.6531 2.6
      vertex -24.1821 -26.9969 2.6
      vertex -24.5104 -27.0292 2.6
    endloop
  endfacet
  facet normal 0 0 1
    outer loop
      vertex -27.4002 -36.0685 2.6
      vertex -24.5104 -27.0292 2.6
      vertex -24.84 -27.04 2.6
    endloop
  endfacet
  facet normal 0 0 1
    outer loop
      vertex -28.3002 -35.4235 2.6
      vertex -24.84 -27.04 2.6
      vertex -25.1696 -27.0292 2.6
    endloop
  endfacet
  facet normal 0 0 1
    outer loop
      vertex -23.8567 -26.9432 2.6
      vertex -25.4835 -37.1751 2.6
      vertex -24.475 -37.632 2.6
    endloop
  endfacet
  facet normal 0 0 1
    outer loop
      vertex -28.3002 -35.4235 2.6
      vertex -25.1696 -27.0292 2.6
      vertex -25.4979 -26.9969 2.6
    endloop
  endfacet
  facet normal 0 0 1
    outer loop
      vertex -29.1561 -34.7211 2.6
      vertex -25.4979 -26.9969 2.6
      vertex -25.8233 -26.9432 2.6
    endloop
  endfacet
  facet normal 0 0 1
    outer loop
      vertex -29.9642 -33.9642 2.6
      vertex -25.8233 -26.9432 2.6
      vertex -26.1444 -26.8683 2.6
    endloop
  endfacet
  facet normal 0 0 1
    outer loop
      vertex -24.1821 -26.9969 2.6
      vertex -26.46 -36.6531 2.6
      vertex -25.4835 -37.1751 2.6
    endloop
  endfacet
  facet normal 0 0 1
    outer loop
      vertex -30.7211 -33.1561 2.6
      vertex -26.1444 -26.8683 2.6
      vertex -26.4601 -26.7725 2.6
    endloop
  endfacet
  facet normal 0 0 1
    outer loop
      vertex -30.7211 -33.1561 2.6
      vertex -26.4601 -26.7725 2.6
      vertex -26.7687 -26.6564 2.6
    endloop
  endfacet
  facet normal 0 0 1
    outer loop
      vertex -31.4235 -32.3002 2.6
      vertex -26.7687 -26.6564 2.6
      vertex -27.0691 -26.5202 2.6
    endloop
  endfacet
  facet normal 0 0 1
    outer loop
      vertex -32.0685 -31.4002 2.6
      vertex -27.0691 -26.5202 2.6
      vertex -27.36 -26.3648 2.6
    endloop
  endfacet
  facet normal 0 0 1
    outer loop
      vertex -24.5104 -27.0292 2.6
      vertex -27.4002 -36.0685 2.6
      vertex -26.46 -36.6531 2.6
    endloop
  endfacet
  facet normal 0 0 1
    outer loop
      vertex -32.0685 -31.4002 2.6
      vertex -27.36 -26.3648 2.6
      vertex -27.6401 -26.1906 2.6
    endloop
  endfacet
  facet normal 0 0 1
    outer loop
      vertex -32.6531 -30.46 2.6
      vertex -27.6401 -26.1906 2.6
      vertex -27.9082 -25.9985 2.6
    endloop
  endfacet
  facet normal 0 0 1
    outer loop
      vertex -33.1751 -29.4835 2.6
      vertex -27.9082 -25.9985 2.6
      vertex -28.1631 -25.7893 2.6
    endloop
  endfacet
  facet normal 0 0 1
    outer loop
      vertex -24.84 -27.04 2.6
      vertex -28.3002 -35.4235 2.6
      vertex -27.4002 -36.0685 2.6
    endloop
  endfacet
  facet normal 0 0 1
    outer loop
      vertex -33.1751 -29.4835 2.6
      vertex -28.1631 -25.7893 2.6
      vertex -28.4038 -25.5638 2.6
    endloop
  endfacet
  facet normal 0 0 1
    outer loop
      vertex -33.632 -28.475 2.6
      vertex -28.4038 -25.5638 2.6
      vertex -28.6293 -25.3231 2.6
    endloop
  endfacet
  facet normal 0 0 1
    outer loop
      vertex -33.632 -28.475 2.6
      vertex -28.6293 -25.3231 2.6
      vertex -28.8385 -25.0682 2.6
    endloop
  endfacet
  facet normal 0 0 1
    outer loop
      vertex -34.0221 -27.4388 2.6
      vertex -28.8385 -25.0682 2.6
      vertex -29.0306 -24.8001 2.6
    endloop
  endfacet
  facet normal 0 0 1
    outer loop
      vertex -25.4979 -26.9969 2.6
      vertex -29.1561 -34.7211 2.6
      vertex -28.3002 -35.4235 2.6
    endloop
  endfacet
  facet normal 0 0 1
    outer loop
      vertex -34.0221 -27.4388 2.6
      vertex -29.0306 -24.8001 2.6
      vertex -29.2048 -24.52 2.6
    endloop
  endfacet
  facet normal 0 0 1
    outer loop
      vertex -34.3435 -26.3792 2.6
      vertex -29.2048 -24.52 2.6
      vertex -29.3602 -24.2291 2.6
    endloop
  endfacet
  facet normal 0 0 1
    outer loop
      vertex -34.5949 -25.3009 2.6
      vertex -29.3602 -24.2291 2.6
      vertex -29.4964 -23.9287 2.6
    endloop
  endfacet
  facet normal 0 0 1
    outer loop
      vertex -34.5949 -25.3009 2.6
      vertex -29.4964 -23.9287 2.6
      vertex -29.6125 -23.6201 2.6
    endloop
  endfacet
  facet normal 0 0 1
    outer loop
      vertex -34.7752 -24.2085 2.6
      vertex -29.6125 -23.6201 2.6
      vertex -29.7083 -23.3044 2.6
    endloop
  endfacet
  facet normal 0 0 1
    outer loop
      vertex -34.7752 -24.2085 2.6
      vertex -29.7083 -23.3044 2.6
      vertex -29.7832 -22.9833 2.6
    endloop
  endfacet
  facet normal 0 0 1
    outer loop
      vertex -34.8838 -23.1066 2.6
      vertex -29.7832 -22.9833 2.6
      vertex -29.8369 -22.6579 2.6
    endloop
  endfacet
  facet normal 0 0 1
    outer loop
      vertex -34.8838 -23.1066 2.6
      vertex -29.8369 -22.6579 2.6
      vertex -29.8692 -22.3296 2.6
    endloop
  endfacet
  facet normal 0 0 1
    outer loop
      vertex -25.8233 -26.9432 2.6
      vertex -29.9642 -33.9642 2.6
      vertex -29.1561 -34.7211 2.6
    endloop
  endfacet
  facet normal -0 0 1
    outer loop
      vertex -34.92 -22 2.6
      vertex -29.8692 -22.3296 2.6
      vertex -29.88 -22 2.6
    endloop
  endfacet
  facet normal 0 0 1
    outer loop
      vertex -29.2048 -19.48 2.6
      vertex -34.3435 -17.6208 2.6
      vertex -29.3602 -19.7709 2.6
    endloop
  endfacet
  facet normal -0 0 1
    outer loop
      vertex -34.5949 -18.6991 2.6
      vertex -29.3602 -19.7709 2.6
      vertex -34.3435 -17.6208 2.6
    endloop
  endfacet
  facet normal 0 0 1
    outer loop
      vertex -26.1444 -26.8683 2.6
      vertex -30.7211 -33.1561 2.6
      vertex -29.9642 -33.9642 2.6
    endloop
  endfacet
  facet normal 0 0 1
    outer loop
      vertex -29.3602 -19.7709 2.6
      vertex -34.5949 -18.6991 2.6
      vertex -29.4964 -20.0713 2.6
    endloop
  endfacet
  facet normal 0 0 1
    outer loop
      vertex -26.7687 -26.6564 2.6
      vertex -31.4235 -32.3002 2.6
      vertex -30.7211 -33.1561 2.6
    endloop
  endfacet
  facet normal 0 0 1
    outer loop
      vertex -29.4964 -20.0713 2.6
      vertex -34.5949 -18.6991 2.6
      vertex -29.6125 -20.3799 2.6
    endloop
  endfacet
  facet normal 0 0 1
    outer loop
      vertex -27.0691 -26.5202 2.6
      vertex -32.0685 -31.4002 2.6
      vertex -31.4235 -32.3002 2.6
    endloop
  endfacet
  facet normal -0 0 1
    outer loop
      vertex -34.7752 -19.7915 2.6
      vertex -29.6125 -20.3799 2.6
      vertex -34.5949 -18.6991 2.6
    endloop
  endfacet
  facet normal 0 0 1
    outer loop
      vertex -27.6401 -26.1906 2.6
      vertex -32.6531 -30.46 2.6
      vertex -32.0685 -31.4002 2.6
    endloop
  endfacet
  facet normal 0 0 1
    outer loop
      vertex -29.6125 -20.3799 2.6
      vertex -34.7752 -19.7915 2.6
      vertex -29.7083 -20.6956 2.6
    endloop
  endfacet
  facet normal 0 0 1
    outer loop
      vertex -27.9082 -25.9985 2.6
      vertex -33.1751 -29.4835 2.6
      vertex -32.6531 -30.46 2.6
    endloop
  endfacet
  facet normal 0 0 1
    outer loop
      vertex -29.7083 -20.6956 2.6
      vertex -34.7752 -19.7915 2.6
      vertex -29.7832 -21.0167 2.6
    endloop
  endfacet
  facet normal 0 0 1
    outer loop
      vertex -28.4038 -25.5638 2.6
      vertex -33.632 -28.475 2.6
      vertex -33.1751 -29.4835 2.6
    endloop
  endfacet
  facet normal -0 0 1
    outer loop
      vertex -34.8838 -20.8934 2.6
      vertex -29.7832 -21.0167 2.6
      vertex -34.7752 -19.7915 2.6
    endloop
  endfacet
  facet normal 0 0 1
    outer loop
      vertex -28.8385 -25.0682 2.6
      vertex -34.0221 -27.4388 2.6
      vertex -33.632 -28.475 2.6
    endloop
  endfacet
  facet normal 0 0 1
    outer loop
      vertex -29.7832 -21.0167 2.6
      vertex -34.8838 -20.8934 2.6
      vertex -29.8369 -21.3421 2.6
    endloop
  endfacet
  facet normal 0 0 1
    outer loop
      vertex -29.2048 -24.52 2.6
      vertex -34.3435 -26.3792 2.6
      vertex -34.0221 -27.4388 2.6
    endloop
  endfacet
  facet normal 0 0 1
    outer loop
      vertex -29.8369 -21.3421 2.6
      vertex -34.8838 -20.8934 2.6
      vertex -29.8692 -21.6704 2.6
    endloop
  endfacet
  facet normal 0 0 1
    outer loop
      vertex -29.3602 -24.2291 2.6
      vertex -34.5949 -25.3009 2.6
      vertex -34.3435 -26.3792 2.6
    endloop
  endfacet
  facet normal 0 0 1
    outer loop
      vertex -34.92 -22 2.6
      vertex -29.8692 -21.6704 2.6
      vertex -34.8838 -20.8934 2.6
    endloop
  endfacet
  facet normal 0 0 1
    outer loop
      vertex -29.6125 -23.6201 2.6
      vertex -34.7752 -24.2085 2.6
      vertex -34.5949 -25.3009 2.6
    endloop
  endfacet
  facet normal 0 0 1
    outer loop
      vertex -29.8692 -21.6704 2.6
      vertex -34.92 -22 2.6
      vertex -29.88 -22 2.6
    endloop
  endfacet
  facet normal 0 0 1
    outer loop
      vertex -29.7832 -22.9833 2.6
      vertex -34.8838 -23.1066 2.6
      vertex -34.7752 -24.2085 2.6
    endloop
  endfacet
  facet normal 0 0 1
    outer loop
      vertex -29.8692 -22.3296 2.6
      vertex -34.92 -22 2.6
      vertex -34.8838 -23.1066 2.6
    endloop
  endfacet
  facet normal -0 0 1
    outer loop
      vertex -6.13079 -21.6704 2.6
      vertex -1.08 -22 2.6
      vertex -1.11623 -20.8934 2.6
    endloop
  endfacet
  facet normal 0 0 1
    outer loop
      vertex -6.21684 -21.0167 2.6
      vertex -1.11623 -20.8934 2.6
      vertex -1.22475 -19.7915 2.6
    endloop
  endfacet
  facet normal 0 0 1
    outer loop
      vertex -1.08 -22 2.6
      vertex -6.13079 -21.6704 2.6
      vertex -6.12 -22 2.6
    endloop
  endfacet
  facet normal 0 0 1
    outer loop
      vertex -6.38747 -20.3799 2.6
      vertex -1.22475 -19.7915 2.6
      vertex -1.40511 -18.6991 2.6
    endloop
  endfacet
  facet normal 0 0 1
    outer loop
      vertex -6.13079 -22.3296 2.6
      vertex -1.08 -22 2.6
      vertex -6.12 -22 2.6
    endloop
  endfacet
  facet normal 0 0 1
    outer loop
      vertex -6.63976 -19.7709 2.6
      vertex -1.40511 -18.6991 2.6
      vertex -1.65654 -17.6208 2.6
    endloop
  endfacet
  facet normal 0 0 1
    outer loop
      vertex -1.08 -22 2.6
      vertex -6.13079 -22.3296 2.6
      vertex -1.11623 -23.1066 2.6
    endloop
  endfacet
  facet normal 0 0 1
    outer loop
      vertex -6.79523 -19.48 2.6
      vertex -1.65654 -17.6208 2.6
      vertex -1.97794 -16.5612 2.6
    endloop
  endfacet
  facet normal -0 0 1
    outer loop
      vertex -6.16312 -22.6579 2.6
      vertex -1.11623 -23.1066 2.6
      vertex -6.13079 -22.3296 2.6
    endloop
  endfacet
  facet normal 0 0 1
    outer loop
      vertex -7.1615 -18.9318 2.6
      vertex -1.97794 -16.5612 2.6
      vertex -2.36796 -15.525 2.6
    endloop
  endfacet
  facet normal -0 0 1
    outer loop
      vertex -6.21684 -22.9833 2.6
      vertex -1.11623 -23.1066 2.6
      vertex -6.16312 -22.6579 2.6
    endloop
  endfacet
  facet normal 0 0 1
    outer loop
      vertex -7.59618 -18.4362 2.6
      vertex -2.36796 -15.525 2.6
      vertex -2.82491 -14.5165 2.6
    endloop
  endfacet
  facet normal 0 0 1
    outer loop
      vertex -1.11623 -23.1066 2.6
      vertex -6.21684 -22.9833 2.6
      vertex -1.22475 -24.2085 2.6
    endloop
  endfacet
  facet normal 0 0 1
    outer loop
      vertex -8.09184 -18.0015 2.6
      vertex -2.82491 -14.5165 2.6
      vertex -3.34685 -13.54 2.6
    endloop
  endfacet
  facet normal -0 0 1
    outer loop
      vertex -6.29173 -23.3044 2.6
      vertex -1.22475 -24.2085 2.6
      vertex -6.21684 -22.9833 2.6
    endloop
  endfacet
  facet normal 0 0 1
    outer loop
      vertex -8.35993 -17.8094 2.6
      vertex -3.34685 -13.54 2.6
      vertex -3.93153 -12.5998 2.6
    endloop
  endfacet
  facet normal -0 0 1
    outer loop
      vertex -6.38747 -23.6201 2.6
      vertex -1.22475 -24.2085 2.6
      vertex -6.29173 -23.3044 2.6
    endloop
  endfacet
  facet normal 0 0 1
    outer loop
      vertex -8.93087 -17.4798 2.6
      vertex -3.93153 -12.5998 2.6
      vertex -4.57646 -11.6998 2.6
    endloop
  endfacet
  facet normal -0 0 1
    outer loop
      vertex -6.50365 -23.9287 2.6
      vertex -1.40511 -25.3009 2.6
      vertex -6.38747 -23.6201 2.6
    endloop
  endfacet
  facet normal 0 0 1
    outer loop
      vertex -9.23128 -17.3436 2.6
      vertex -4.57646 -11.6998 2.6
      vertex -5.27887 -10.8439 2.6
    endloop
  endfacet
  facet normal -0 0 1
    outer loop
      vertex -6.63976 -24.2291 2.6
      vertex -1.40511 -25.3009 2.6
      vertex -6.50365 -23.9287 2.6
    endloop
  endfacet
  facet normal 0 0 1
    outer loop
      vertex -9.85555 -17.1317 2.6
      vertex -5.27887 -10.8439 2.6
      vertex -6.03575 -10.0358 2.6
    endloop
  endfacet
  facet normal 0 0 1
    outer loop
      vertex -1.40511 -25.3009 2.6
      vertex -6.63976 -24.2291 2.6
      vertex -1.65654 -26.3792 2.6
    endloop
  endfacet
  facet normal -0 0 1
    outer loop
      vertex -6.79523 -24.52 2.6
      vertex -1.65654 -26.3792 2.6
      vertex -6.63976 -24.2291 2.6
    endloop
  endfacet
  facet normal 0 0 1
    outer loop
      vertex -1.22475 -24.2085 2.6
      vertex -6.38747 -23.6201 2.6
      vertex -1.40511 -25.3009 2.6
    endloop
  endfacet
  facet normal 0 0 1
    outer loop
      vertex -1.11623 -20.8934 2.6
      vertex -6.16312 -21.3421 2.6
      vertex -6.13079 -21.6704 2.6
    endloop
  endfacet
  facet normal 0 0 1
    outer loop
      vertex -1.11623 -20.8934 2.6
      vertex -6.21684 -21.0167 2.6
      vertex -6.16312 -21.3421 2.6
    endloop
  endfacet
  facet normal 0 0 1
    outer loop
      vertex -1.22475 -19.7915 2.6
      vertex -6.29173 -20.6956 2.6
      vertex -6.21684 -21.0167 2.6
    endloop
  endfacet
  facet normal 0 0 1
    outer loop
      vertex -1.22475 -19.7915 2.6
      vertex -6.38747 -20.3799 2.6
      vertex -6.29173 -20.6956 2.6
    endloop
  endfacet
  facet normal 0 0 1
    outer loop
      vertex -1.40511 -18.6991 2.6
      vertex -6.50365 -20.0713 2.6
      vertex -6.38747 -20.3799 2.6
    endloop
  endfacet
  facet normal 0 0 1
    outer loop
      vertex -1.40511 -18.6991 2.6
      vertex -6.63976 -19.7709 2.6
      vertex -6.50365 -20.0713 2.6
    endloop
  endfacet
  facet normal 0 0 1
    outer loop
      vertex -1.65654 -17.6208 2.6
      vertex -6.79523 -19.48 2.6
      vertex -6.63976 -19.7709 2.6
    endloop
  endfacet
  facet normal 0 0 1
    outer loop
      vertex -10.1767 -17.0568 2.6
      vertex -6.03575 -10.0358 2.6
      vertex -6.84387 -9.27887 2.6
    endloop
  endfacet
  facet normal 0 0 1
    outer loop
      vertex -1.97794 -16.5612 2.6
      vertex -6.96939 -19.1999 2.6
      vertex -6.79523 -19.48 2.6
    endloop
  endfacet
  facet normal 0 0 1
    outer loop
      vertex -1.97794 -16.5612 2.6
      vertex -7.1615 -18.9318 2.6
      vertex -6.96939 -19.1999 2.6
    endloop
  endfacet
  facet normal 0 0 1
    outer loop
      vertex -2.36796 -15.525 2.6
      vertex -7.37073 -18.6769 2.6
      vertex -7.1615 -18.9318 2.6
    endloop
  endfacet
  facet normal 0 0 1
    outer loop
      vertex -2.36796 -15.525 2.6
      vertex -7.59618 -18.4362 2.6
      vertex -7.37073 -18.6769 2.6
    endloop
  endfacet
  facet normal 0 0 1
    outer loop
      vertex -10.5021 -17.0031 2.6
      vertex -6.84387 -9.27887 2.6
      vertex -7.69976 -8.57646 2.6
    endloop
  endfacet
  facet normal 0 0 1
    outer loop
      vertex -2.82491 -14.5165 2.6
      vertex -7.8369 -18.2107 2.6
      vertex -7.59618 -18.4362 2.6
    endloop
  endfacet
  facet normal 0 0 1
    outer loop
      vertex -2.82491 -14.5165 2.6
      vertex -8.09184 -18.0015 2.6
      vertex -7.8369 -18.2107 2.6
    endloop
  endfacet
  facet normal 0 0 1
    outer loop
      vertex -3.34685 -13.54 2.6
      vertex -8.35993 -17.8094 2.6
      vertex -8.09184 -18.0015 2.6
    endloop
  endfacet
  facet normal 0 0 1
    outer loop
      vertex -11.16 -16.96 2.6
      vertex -7.69976 -8.57646 2.6
      vertex -8.59975 -7.93153 2.6
    endloop
  endfacet
  facet normal 0 0 1
    outer loop
      vertex -3.93153 -12.5998 2.6
      vertex -8.64 -17.6352 2.6
      vertex -8.35993 -17.8094 2.6
    endloop
  endfacet
  facet normal 0 0 1
    outer loop
      vertex -3.93153 -12.5998 2.6
      vertex -8.93087 -17.4798 2.6
      vertex -8.64 -17.6352 2.6
    endloop
  endfacet
  facet normal 0 0 1
    outer loop
      vertex -4.57646 -11.6998 2.6
      vertex -9.23128 -17.3436 2.6
      vertex -8.93087 -17.4798 2.6
    endloop
  endfacet
  facet normal 0 0 1
    outer loop
      vertex -5.27887 -10.8439 2.6
      vertex -9.53995 -17.2275 2.6
      vertex -9.23128 -17.3436 2.6
    endloop
  endfacet
  facet normal 0 0 1
    outer loop
      vertex -11.4896 -16.9708 2.6
      vertex -8.59975 -7.93153 2.6
      vertex -9.54 -7.34685 2.6
    endloop
  endfacet
  facet normal 0 0 1
    outer loop
      vertex -5.27887 -10.8439 2.6
      vertex -9.85555 -17.1317 2.6
      vertex -9.53995 -17.2275 2.6
    endloop
  endfacet
  facet normal 0 0 1
    outer loop
      vertex -6.03575 -10.0358 2.6
      vertex -10.1767 -17.0568 2.6
      vertex -9.85555 -17.1317 2.6
    endloop
  endfacet
  facet normal 0 0 1
    outer loop
      vertex -6.84387 -9.27887 2.6
      vertex -10.5021 -17.0031 2.6
      vertex -10.1767 -17.0568 2.6
    endloop
  endfacet
  facet normal 0 0 1
    outer loop
      vertex -11.8179 -17.0031 2.6
      vertex -9.54 -7.34685 2.6
      vertex -10.5165 -6.82491 2.6
    endloop
  endfacet
  facet normal 0 0 1
    outer loop
      vertex -7.69976 -8.57646 2.6
      vertex -10.8304 -16.9708 2.6
      vertex -10.5021 -17.0031 2.6
    endloop
  endfacet
  facet normal 0 0 1
    outer loop
      vertex -7.69976 -8.57646 2.6
      vertex -11.16 -16.96 2.6
      vertex -10.8304 -16.9708 2.6
    endloop
  endfacet
  facet normal 0 0 1
    outer loop
      vertex -8.59975 -7.93153 2.6
      vertex -11.4896 -16.9708 2.6
      vertex -11.16 -16.96 2.6
    endloop
  endfacet
  facet normal 0 0 1
    outer loop
      vertex -12.1433 -17.0568 2.6
      vertex -10.5165 -6.82491 2.6
      vertex -11.525 -6.36796 2.6
    endloop
  endfacet
  facet normal 0 0 1
    outer loop
      vertex -9.54 -7.34685 2.6
      vertex -11.8179 -17.0031 2.6
      vertex -11.4896 -16.9708 2.6
    endloop
  endfacet
  facet normal 0 0 1
    outer loop
      vertex -10.5165 -6.82491 2.6
      vertex -12.1433 -17.0568 2.6
      vertex -11.8179 -17.0031 2.6
    endloop
  endfacet
  facet normal 0 0 1
    outer loop
      vertex -11.525 -6.36796 2.6
      vertex -12.4644 -17.1317 2.6
      vertex -12.1433 -17.0568 2.6
    endloop
  endfacet
  facet normal 0 0 1
    outer loop
      vertex -12.5612 -5.97794 2.6
      vertex -12.4644 -17.1317 2.6
      vertex -11.525 -6.36796 2.6
    endloop
  endfacet
  facet normal 0 0 1
    outer loop
      vertex -12.5612 -5.97794 2.6
      vertex -12.7801 -17.2275 2.6
      vertex -12.4644 -17.1317 2.6
    endloop
  endfacet
  facet normal 0 0 1
    outer loop
      vertex -13.6208 -5.65654 2.6
      vertex -12.7801 -17.2275 2.6
      vertex -12.5612 -5.97794 2.6
    endloop
  endfacet
  facet normal 0 0 1
    outer loop
      vertex -12.7801 -17.2275 2.6
      vertex -13.6208 -5.65654 2.6
      vertex -13.0887 -17.3436 2.6
    endloop
  endfacet
  facet normal 0 0 1
    outer loop
      vertex -14.6991 -5.40511 2.6
      vertex -13.0887 -17.3436 2.6
      vertex -13.6208 -5.65654 2.6
    endloop
  endfacet
  facet normal 0 0 1
    outer loop
      vertex -13.0887 -17.3436 2.6
      vertex -14.6991 -5.40511 2.6
      vertex -13.3891 -17.4798 2.6
    endloop
  endfacet
  facet normal 0 0 1
    outer loop
      vertex -15.7915 -5.22475 2.6
      vertex -13.3891 -17.4798 2.6
      vertex -14.6991 -5.40511 2.6
    endloop
  endfacet
  facet normal 0 0 1
    outer loop
      vertex -13.3891 -17.4798 2.6
      vertex -15.7915 -5.22475 2.6
      vertex -13.68 -17.6352 2.6
    endloop
  endfacet
  facet normal 0 0 1
    outer loop
      vertex -16.8934 -5.11623 2.6
      vertex -13.68 -17.6352 2.6
      vertex -15.7915 -5.22475 2.6
    endloop
  endfacet
  facet normal 0 0 1
    outer loop
      vertex -13.68 -17.6352 2.6
      vertex -16.8934 -5.11623 2.6
      vertex -13.9601 -17.8094 2.6
    endloop
  endfacet
  facet normal 0 0 1
    outer loop
      vertex -18 -5.08 2.6
      vertex -13.9601 -17.8094 2.6
      vertex -16.8934 -5.11623 2.6
    endloop
  endfacet
  facet normal 0 0 1
    outer loop
      vertex -22.0399 -17.8094 2.6
      vertex -13.9601 -17.8094 2.6
      vertex -18 -5.08 2.6
    endloop
  endfacet
  facet normal 0 0 1
    outer loop
      vertex -13.9601 -17.8094 2.6
      vertex -22.0399 -17.8094 2.6
      vertex -14.2282 -18.0015 2.6
    endloop
  endfacet
  facet normal 0 -0 1
    outer loop
      vertex -21.7718 -18.0015 2.6
      vertex -14.2282 -18.0015 2.6
      vertex -22.0399 -17.8094 2.6
    endloop
  endfacet
  facet normal 0 0 1
    outer loop
      vertex -14.2282 -18.0015 2.6
      vertex -21.7718 -18.0015 2.6
      vertex -14.4831 -18.2107 2.6
    endloop
  endfacet
  facet normal 0 -0 1
    outer loop
      vertex -21.2762 -18.4362 2.6
      vertex -14.7238 -18.4362 2.6
      vertex -21.5169 -18.2107 2.6
    endloop
  endfacet
  facet normal 0 0 1
    outer loop
      vertex -14.7238 -18.4362 2.6
      vertex -21.2762 -18.4362 2.6
      vertex -14.9493 -18.6769 2.6
    endloop
  endfacet
  facet normal 0 -0 1
    outer loop
      vertex -20.8415 -18.9318 2.6
      vertex -15.1585 -18.9318 2.6
      vertex -21.0507 -18.6769 2.6
    endloop
  endfacet
  facet normal 0 0 1
    outer loop
      vertex -15.1585 -18.9318 2.6
      vertex -20.8415 -18.9318 2.6
      vertex -15.3506 -19.1999 2.6
    endloop
  endfacet
  facet normal 0 0 1
    outer loop
      vertex -15.3506 -19.1999 2.6
      vertex -20.6494 -19.1999 2.6
      vertex -15.5248 -19.48 2.6
    endloop
  endfacet
  facet normal 0 -0 1
    outer loop
      vertex -20.4752 -19.48 2.6
      vertex -15.5248 -19.48 2.6
      vertex -20.6494 -19.1999 2.6
    endloop
  endfacet
  facet normal 0 -0 1
    outer loop
      vertex -20.3198 -19.7709 2.6
      vertex -15.6802 -19.7709 2.6
      vertex -20.4752 -19.48 2.6
    endloop
  endfacet
  facet normal 0 0 1
    outer loop
      vertex -15.6802 -19.7709 2.6
      vertex -20.3198 -19.7709 2.6
      vertex -15.8164 -20.0713 2.6
    endloop
  endfacet
  facet normal 0 0 1
    outer loop
      vertex -15.8164 -20.0713 2.6
      vertex -20.1836 -20.0713 2.6
      vertex -15.9325 -20.3799 2.6
    endloop
  endfacet
  facet normal 0 -0 1
    outer loop
      vertex -21.0507 -18.6769 2.6
      vertex -14.9493 -18.6769 2.6
      vertex -21.2762 -18.4362 2.6
    endloop
  endfacet
  facet normal 0 0 1
    outer loop
      vertex -1.65654 -26.3792 2.6
      vertex -6.79523 -24.52 2.6
      vertex -1.97794 -27.4388 2.6
    endloop
  endfacet
  facet normal -0 0 1
    outer loop
      vertex -6.96939 -24.8001 2.6
      vertex -1.97794 -27.4388 2.6
      vertex -6.79523 -24.52 2.6
    endloop
  endfacet
  facet normal -0 0 1
    outer loop
      vertex -7.1615 -25.0682 2.6
      vertex -1.97794 -27.4388 2.6
      vertex -6.96939 -24.8001 2.6
    endloop
  endfacet
  facet normal 0 0 1
    outer loop
      vertex -1.97794 -27.4388 2.6
      vertex -7.1615 -25.0682 2.6
      vertex -2.36796 -28.475 2.6
    endloop
  endfacet
  facet normal -0 0 1
    outer loop
      vertex -7.37073 -25.3231 2.6
      vertex -2.36796 -28.475 2.6
      vertex -7.1615 -25.0682 2.6
    endloop
  endfacet
  facet normal -0 0 1
    outer loop
      vertex -7.59618 -25.5638 2.6
      vertex -2.36796 -28.475 2.6
      vertex -7.37073 -25.3231 2.6
    endloop
  endfacet
  facet normal 0 0 1
    outer loop
      vertex -2.36796 -28.475 2.6
      vertex -7.59618 -25.5638 2.6
      vertex -2.82491 -29.4835 2.6
    endloop
  endfacet
  facet normal -0 0 1
    outer loop
      vertex -7.8369 -25.7893 2.6
      vertex -2.82491 -29.4835 2.6
      vertex -7.59618 -25.5638 2.6
    endloop
  endfacet
  facet normal -0 0 1
    outer loop
      vertex -8.09184 -25.9985 2.6
      vertex -2.82491 -29.4835 2.6
      vertex -7.8369 -25.7893 2.6
    endloop
  endfacet
  facet normal 0 0 1
    outer loop
      vertex -2.82491 -29.4835 2.6
      vertex -8.09184 -25.9985 2.6
      vertex -3.34685 -30.46 2.6
    endloop
  endfacet
  facet normal -0 0 1
    outer loop
      vertex -8.35993 -26.1906 2.6
      vertex -3.34685 -30.46 2.6
      vertex -8.09184 -25.9985 2.6
    endloop
  endfacet
  facet normal 0 0 1
    outer loop
      vertex -3.34685 -30.46 2.6
      vertex -8.35993 -26.1906 2.6
      vertex -3.93153 -31.4002 2.6
    endloop
  endfacet
  facet normal -0 0 1
    outer loop
      vertex -8.64 -26.3648 2.6
      vertex -3.93153 -31.4002 2.6
      vertex -8.35993 -26.1906 2.6
    endloop
  endfacet
  facet normal -0 0 1
    outer loop
      vertex -8.93087 -26.5202 2.6
      vertex -3.93153 -31.4002 2.6
      vertex -8.64 -26.3648 2.6
    endloop
  endfacet
  facet normal 0 0 1
    outer loop
      vertex -3.93153 -31.4002 2.6
      vertex -8.93087 -26.5202 2.6
      vertex -4.57646 -32.3002 2.6
    endloop
  endfacet
  facet normal -0 0 1
    outer loop
      vertex -9.23128 -26.6564 2.6
      vertex -4.57646 -32.3002 2.6
      vertex -8.93087 -26.5202 2.6
    endloop
  endfacet
  facet normal 0 0 1
    outer loop
      vertex -4.57646 -32.3002 2.6
      vertex -9.23128 -26.6564 2.6
      vertex -5.27887 -33.1561 2.6
    endloop
  endfacet
  facet normal -0 0 1
    outer loop
      vertex -9.53995 -26.7725 2.6
      vertex -5.27887 -33.1561 2.6
      vertex -9.23128 -26.6564 2.6
    endloop
  endfacet
  facet normal -0 0 1
    outer loop
      vertex -9.85555 -26.8683 2.6
      vertex -5.27887 -33.1561 2.6
      vertex -9.53995 -26.7725 2.6
    endloop
  endfacet
  facet normal 0 0 1
    outer loop
      vertex -5.27887 -33.1561 2.6
      vertex -9.85555 -26.8683 2.6
      vertex -6.03575 -33.9642 2.6
    endloop
  endfacet
  facet normal -0 0 1
    outer loop
      vertex -10.1767 -26.9432 2.6
      vertex -6.03575 -33.9642 2.6
      vertex -9.85555 -26.8683 2.6
    endloop
  endfacet
  facet normal 0 0 1
    outer loop
      vertex -6.03575 -33.9642 2.6
      vertex -10.1767 -26.9432 2.6
      vertex -6.84387 -34.7211 2.6
    endloop
  endfacet
  facet normal -0 0 1
    outer loop
      vertex -10.5021 -26.9969 2.6
      vertex -6.84387 -34.7211 2.6
      vertex -10.1767 -26.9432 2.6
    endloop
  endfacet
  facet normal 0 0 1
    outer loop
      vertex -6.84387 -34.7211 2.6
      vertex -10.5021 -26.9969 2.6
      vertex -7.69976 -35.4235 2.6
    endloop
  endfacet
  facet normal -0 0 1
    outer loop
      vertex -10.8304 -27.0292 2.6
      vertex -7.69976 -35.4235 2.6
      vertex -10.5021 -26.9969 2.6
    endloop
  endfacet
  facet normal -0 0 1
    outer loop
      vertex -11.16 -27.04 2.6
      vertex -7.69976 -35.4235 2.6
      vertex -10.8304 -27.0292 2.6
    endloop
  endfacet
  facet normal 0 0 1
    outer loop
      vertex -7.69976 -35.4235 2.6
      vertex -11.16 -27.04 2.6
      vertex -8.59975 -36.0685 2.6
    endloop
  endfacet
  facet normal 0 0 1
    outer loop
      vertex -11.4896 -27.0292 2.6
      vertex -8.59975 -36.0685 2.6
      vertex -11.16 -27.04 2.6
    endloop
  endfacet
  facet normal 0 0 1
    outer loop
      vertex -8.59975 -36.0685 2.6
      vertex -11.4896 -27.0292 2.6
      vertex -9.54 -36.6531 2.6
    endloop
  endfacet
  facet normal 0 0 1
    outer loop
      vertex -11.8179 -26.9969 2.6
      vertex -9.54 -36.6531 2.6
      vertex -11.4896 -27.0292 2.6
    endloop
  endfacet
  facet normal 0 0 1
    outer loop
      vertex -9.54 -36.6531 2.6
      vertex -11.8179 -26.9969 2.6
      vertex -10.5165 -37.1751 2.6
    endloop
  endfacet
  facet normal 0 0 1
    outer loop
      vertex -12.1433 -26.9432 2.6
      vertex -10.5165 -37.1751 2.6
      vertex -11.8179 -26.9969 2.6
    endloop
  endfacet
  facet normal 0 0 1
    outer loop
      vertex -10.5165 -37.1751 2.6
      vertex -12.1433 -26.9432 2.6
      vertex -11.525 -37.632 2.6
    endloop
  endfacet
  facet normal 0 0 1
    outer loop
      vertex -12.4644 -26.8683 2.6
      vertex -11.525 -37.632 2.6
      vertex -12.1433 -26.9432 2.6
    endloop
  endfacet
  facet normal 0 0 1
    outer loop
      vertex -12.4644 -26.8683 2.6
      vertex -12.5612 -38.0221 2.6
      vertex -11.525 -37.632 2.6
    endloop
  endfacet
  facet normal 0 0 1
    outer loop
      vertex -12.7801 -26.7725 2.6
      vertex -12.5612 -38.0221 2.6
      vertex -12.4644 -26.8683 2.6
    endloop
  endfacet
  facet normal 0 0 1
    outer loop
      vertex -13.6208 -38.3435 2.6
      vertex -12.7801 -26.7725 2.6
      vertex -13.0887 -26.6564 2.6
    endloop
  endfacet
  facet normal 0 0 1
    outer loop
      vertex -14.6991 -38.5949 2.6
      vertex -13.0887 -26.6564 2.6
      vertex -13.3891 -26.5202 2.6
    endloop
  endfacet
  facet normal 0 0 1
    outer loop
      vertex -12.7801 -26.7725 2.6
      vertex -13.6208 -38.3435 2.6
      vertex -12.5612 -38.0221 2.6
    endloop
  endfacet
  facet normal 0 0 1
    outer loop
      vertex -15.7915 -38.7752 2.6
      vertex -13.3891 -26.5202 2.6
      vertex -13.68 -26.3648 2.6
    endloop
  endfacet
  facet normal 0 0 1
    outer loop
      vertex -16.8934 -38.8838 2.6
      vertex -13.68 -26.3648 2.6
      vertex -13.9601 -26.1906 2.6
    endloop
  endfacet
  facet normal 0 0 1
    outer loop
      vertex -18 -38.92 2.6
      vertex -13.9601 -26.1906 2.6
      vertex -14.2282 -25.9985 2.6
    endloop
  endfacet
  facet normal 0 0 1
    outer loop
      vertex -19.1066 -38.8838 2.6
      vertex -14.2282 -25.9985 2.6
      vertex -14.4831 -25.7893 2.6
    endloop
  endfacet
  facet normal 0 0 1
    outer loop
      vertex -13.0887 -26.6564 2.6
      vertex -14.6991 -38.5949 2.6
      vertex -13.6208 -38.3435 2.6
    endloop
  endfacet
  facet normal 0 0 1
    outer loop
      vertex -19.1066 -38.8838 2.6
      vertex -14.4831 -25.7893 2.6
      vertex -14.7238 -25.5638 2.6
    endloop
  endfacet
  facet normal 0 0 1
    outer loop
      vertex -19.1066 -38.8838 2.6
      vertex -14.7238 -25.5638 2.6
      vertex -14.9493 -25.3231 2.6
    endloop
  endfacet
  facet normal 0 0 1
    outer loop
      vertex -20.1836 -23.9287 2.6
      vertex -15.8164 -23.9287 2.6
      vertex -20.0675 -23.6201 2.6
    endloop
  endfacet
  facet normal 0 0 1
    outer loop
      vertex -20.0675 -23.6201 2.6
      vertex -15.9325 -23.6201 2.6
      vertex -19.9717 -23.3044 2.6
    endloop
  endfacet
  facet normal 0 0 1
    outer loop
      vertex -16.0283 -23.3044 2.6
      vertex -19.9717 -23.3044 2.6
      vertex -15.9325 -23.6201 2.6
    endloop
  endfacet
  facet normal 0 0 1
    outer loop
      vertex -19.9717 -23.3044 2.6
      vertex -16.0283 -23.3044 2.6
      vertex -19.8968 -22.9833 2.6
    endloop
  endfacet
  facet normal 0 0 1
    outer loop
      vertex -13.3891 -26.5202 2.6
      vertex -15.7915 -38.7752 2.6
      vertex -14.6991 -38.5949 2.6
    endloop
  endfacet
  facet normal 0 0 1
    outer loop
      vertex -16.1032 -22.9833 2.6
      vertex -19.8968 -22.9833 2.6
      vertex -16.0283 -23.3044 2.6
    endloop
  endfacet
  facet normal 0 0 1
    outer loop
      vertex -19.8968 -22.9833 2.6
      vertex -16.1032 -22.9833 2.6
      vertex -19.8431 -22.6579 2.6
    endloop
  endfacet
  facet normal 0 0 1
    outer loop
      vertex -16.1569 -22.6579 2.6
      vertex -19.8431 -22.6579 2.6
      vertex -16.1032 -22.9833 2.6
    endloop
  endfacet
  facet normal 0 0 1
    outer loop
      vertex -19.8431 -22.6579 2.6
      vertex -16.1569 -22.6579 2.6
      vertex -19.8108 -22.3296 2.6
    endloop
  endfacet
  facet normal 0 0 1
    outer loop
      vertex -16.1892 -22.3296 2.6
      vertex -19.8108 -22.3296 2.6
      vertex -16.1569 -22.6579 2.6
    endloop
  endfacet
  facet normal 0 0 1
    outer loop
      vertex -19.8108 -22.3296 2.6
      vertex -16.1892 -22.3296 2.6
      vertex -19.8 -22 2.6
    endloop
  endfacet
  facet normal -0 0 1
    outer loop
      vertex -19.8 -22 2.6
      vertex -16.1892 -22.3296 2.6
      vertex -16.2 -22 2.6
    endloop
  endfacet
  facet normal 0 -0 1
    outer loop
      vertex -20.0675 -20.3799 2.6
      vertex -15.9325 -20.3799 2.6
      vertex -20.1836 -20.0713 2.6
    endloop
  endfacet
  facet normal 0 0 1
    outer loop
      vertex -15.9325 -23.6201 2.6
      vertex -20.0675 -23.6201 2.6
      vertex -15.8164 -23.9287 2.6
    endloop
  endfacet
  facet normal 0 0 1
    outer loop
      vertex -14.4831 -18.2107 2.6
      vertex -21.5169 -18.2107 2.6
      vertex -14.7238 -18.4362 2.6
    endloop
  endfacet
  facet normal 0 0 1
    outer loop
      vertex -13.68 -26.3648 2.6
      vertex -16.8934 -38.8838 2.6
      vertex -15.7915 -38.7752 2.6
    endloop
  endfacet
  facet normal 0 0 1
    outer loop
      vertex -22.0399 -17.8094 2.6
      vertex -18 -5.08 2.6
      vertex -19.1066 -5.11623 2.6
    endloop
  endfacet
  facet normal 0 0 1
    outer loop
      vertex -13.9601 -26.1906 2.6
      vertex -18 -38.92 2.6
      vertex -16.8934 -38.8838 2.6
    endloop
  endfacet
  facet normal 0 0 1
    outer loop
      vertex -14.2282 -25.9985 2.6
      vertex -19.1066 -38.8838 2.6
      vertex -18 -38.92 2.6
    endloop
  endfacet
  facet normal 0 0 1
    outer loop
      vertex -16.2 -22 2.6
      vertex -19.8108 -21.6704 2.6
      vertex -19.8 -22 2.6
    endloop
  endfacet
  facet normal 0 0 1
    outer loop
      vertex -16.1892 -21.6704 2.6
      vertex -19.8108 -21.6704 2.6
      vertex -16.2 -22 2.6
    endloop
  endfacet
  facet normal 0 -0 1
    outer loop
      vertex -19.8108 -21.6704 2.6
      vertex -16.1892 -21.6704 2.6
      vertex -19.8431 -21.3421 2.6
    endloop
  endfacet
  facet normal 0 0 1
    outer loop
      vertex -16.1569 -21.3421 2.6
      vertex -19.8431 -21.3421 2.6
      vertex -16.1892 -21.6704 2.6
    endloop
  endfacet
  facet normal 0 -0 1
    outer loop
      vertex -19.8431 -21.3421 2.6
      vertex -16.1569 -21.3421 2.6
      vertex -19.8968 -21.0167 2.6
    endloop
  endfacet
  facet normal 0 0 1
    outer loop
      vertex -16.1032 -21.0167 2.6
      vertex -19.8968 -21.0167 2.6
      vertex -16.1569 -21.3421 2.6
    endloop
  endfacet
  facet normal 0 0 1
    outer loop
      vertex -22.32 -17.6352 2.6
      vertex -19.1066 -5.11623 2.6
      vertex -20.2085 -5.22475 2.6
    endloop
  endfacet
  facet normal 0 -0 1
    outer loop
      vertex -19.8968 -21.0167 2.6
      vertex -16.1032 -21.0167 2.6
      vertex -19.9717 -20.6956 2.6
    endloop
  endfacet
  facet normal 0 0 1
    outer loop
      vertex -16.0283 -20.6956 2.6
      vertex -19.9717 -20.6956 2.6
      vertex -16.1032 -21.0167 2.6
    endloop
  endfacet
  facet normal 0 -0 1
    outer loop
      vertex -19.9717 -20.6956 2.6
      vertex -16.0283 -20.6956 2.6
      vertex -20.0675 -20.3799 2.6
    endloop
  endfacet
  facet normal 0 0 1
    outer loop
      vertex -15.9325 -20.3799 2.6
      vertex -20.0675 -20.3799 2.6
      vertex -16.0283 -20.6956 2.6
    endloop
  endfacet
  facet normal 0 -0 1
    outer loop
      vertex -20.1836 -20.0713 2.6
      vertex -15.8164 -20.0713 2.6
      vertex -20.3198 -19.7709 2.6
    endloop
  endfacet
  facet normal 0 0 1
    outer loop
      vertex -15.5248 -19.48 2.6
      vertex -20.4752 -19.48 2.6
      vertex -15.6802 -19.7709 2.6
    endloop
  endfacet
  facet normal 0 0 1
    outer loop
      vertex -22.6109 -17.4798 2.6
      vertex -20.2085 -5.22475 2.6
      vertex -21.3009 -5.40511 2.6
    endloop
  endfacet
  facet normal 0 -0 1
    outer loop
      vertex -20.6494 -19.1999 2.6
      vertex -15.3506 -19.1999 2.6
      vertex -20.8415 -18.9318 2.6
    endloop
  endfacet
  facet normal 0 0 1
    outer loop
      vertex -14.9493 -18.6769 2.6
      vertex -21.0507 -18.6769 2.6
      vertex -15.1585 -18.9318 2.6
    endloop
  endfacet
  facet normal 0 -0 1
    outer loop
      vertex -21.5169 -18.2107 2.6
      vertex -14.4831 -18.2107 2.6
      vertex -21.7718 -18.0015 2.6
    endloop
  endfacet
  facet normal 0 0 1
    outer loop
      vertex -19.1066 -5.11623 2.6
      vertex -22.32 -17.6352 2.6
      vertex -22.0399 -17.8094 2.6
    endloop
  endfacet
  facet normal 0 0 1
    outer loop
      vertex -22.9113 -17.3436 2.6
      vertex -21.3009 -5.40511 2.6
      vertex -22.3792 -5.65654 2.6
    endloop
  endfacet
  facet normal 0 0 1
    outer loop
      vertex -20.2085 -5.22475 2.6
      vertex -22.6109 -17.4798 2.6
      vertex -22.32 -17.6352 2.6
    endloop
  endfacet
  facet normal 0 0 1
    outer loop
      vertex -21.3009 -5.40511 2.6
      vertex -22.9113 -17.3436 2.6
      vertex -22.6109 -17.4798 2.6
    endloop
  endfacet
  facet normal 0 0 1
    outer loop
      vertex -22.3792 -5.65654 2.6
      vertex -23.2199 -17.2275 2.6
      vertex -22.9113 -17.3436 2.6
    endloop
  endfacet
  facet normal -0 0 1
    outer loop
      vertex -23.4388 -5.97794 2.6
      vertex -23.2199 -17.2275 2.6
      vertex -22.3792 -5.65654 2.6
    endloop
  endfacet
  facet normal 0 0 1
    outer loop
      vertex -23.4388 -5.97794 2.6
      vertex -23.5356 -17.1317 2.6
      vertex -23.2199 -17.2275 2.6
    endloop
  endfacet
  facet normal -0 0 1
    outer loop
      vertex -24.475 -6.36796 2.6
      vertex -23.5356 -17.1317 2.6
      vertex -23.4388 -5.97794 2.6
    endloop
  endfacet
  facet normal 0 0 1
    outer loop
      vertex -23.5356 -17.1317 2.6
      vertex -24.475 -6.36796 2.6
      vertex -23.8567 -17.0568 2.6
    endloop
  endfacet
  facet normal -0 0 1
    outer loop
      vertex -25.4835 -6.82491 2.6
      vertex -23.8567 -17.0568 2.6
      vertex -24.475 -6.36796 2.6
    endloop
  endfacet
  facet normal 0 0 1
    outer loop
      vertex -23.8567 -17.0568 2.6
      vertex -25.4835 -6.82491 2.6
      vertex -24.1821 -17.0031 2.6
    endloop
  endfacet
  facet normal -0 0 1
    outer loop
      vertex -26.46 -7.34685 2.6
      vertex -24.1821 -17.0031 2.6
      vertex -25.4835 -6.82491 2.6
    endloop
  endfacet
  facet normal 0 0 1
    outer loop
      vertex -24.1821 -17.0031 2.6
      vertex -26.46 -7.34685 2.6
      vertex -24.5104 -16.9708 2.6
    endloop
  endfacet
  facet normal -0 0 1
    outer loop
      vertex -27.4002 -7.93153 2.6
      vertex -24.5104 -16.9708 2.6
      vertex -26.46 -7.34685 2.6
    endloop
  endfacet
  facet normal 0 0 1
    outer loop
      vertex -24.5104 -16.9708 2.6
      vertex -27.4002 -7.93153 2.6
      vertex -24.84 -16.96 2.6
    endloop
  endfacet
  facet normal -0 0 1
    outer loop
      vertex -28.3002 -8.57646 2.6
      vertex -24.84 -16.96 2.6
      vertex -27.4002 -7.93153 2.6
    endloop
  endfacet
  facet normal 0 0 1
    outer loop
      vertex -24.84 -16.96 2.6
      vertex -28.3002 -8.57646 2.6
      vertex -25.1696 -16.9708 2.6
    endloop
  endfacet
  facet normal 0 0 1
    outer loop
      vertex -25.1696 -16.9708 2.6
      vertex -28.3002 -8.57646 2.6
      vertex -25.4979 -17.0031 2.6
    endloop
  endfacet
  facet normal -0 0 1
    outer loop
      vertex -29.1561 -9.27887 2.6
      vertex -25.4979 -17.0031 2.6
      vertex -28.3002 -8.57646 2.6
    endloop
  endfacet
  facet normal 0 0 1
    outer loop
      vertex -25.4979 -17.0031 2.6
      vertex -29.1561 -9.27887 2.6
      vertex -25.8233 -17.0568 2.6
    endloop
  endfacet
  facet normal -0 0 1
    outer loop
      vertex -29.9642 -10.0358 2.6
      vertex -25.8233 -17.0568 2.6
      vertex -29.1561 -9.27887 2.6
    endloop
  endfacet
  facet normal 0 0 1
    outer loop
      vertex -25.8233 -17.0568 2.6
      vertex -29.9642 -10.0358 2.6
      vertex -26.1444 -17.1317 2.6
    endloop
  endfacet
  facet normal -0 0 1
    outer loop
      vertex -30.7211 -10.8439 2.6
      vertex -26.1444 -17.1317 2.6
      vertex -29.9642 -10.0358 2.6
    endloop
  endfacet
  facet normal 0 0 1
    outer loop
      vertex -26.1444 -17.1317 2.6
      vertex -30.7211 -10.8439 2.6
      vertex -26.4601 -17.2275 2.6
    endloop
  endfacet
  facet normal 0 0 1
    outer loop
      vertex -26.4601 -17.2275 2.6
      vertex -30.7211 -10.8439 2.6
      vertex -26.7687 -17.3436 2.6
    endloop
  endfacet
  facet normal -0 0 1
    outer loop
      vertex -31.4235 -11.6998 2.6
      vertex -26.7687 -17.3436 2.6
      vertex -30.7211 -10.8439 2.6
    endloop
  endfacet
  facet normal 0 0 1
    outer loop
      vertex -26.7687 -17.3436 2.6
      vertex -31.4235 -11.6998 2.6
      vertex -27.0691 -17.4798 2.6
    endloop
  endfacet
  facet normal -0 0 1
    outer loop
      vertex -32.0685 -12.5998 2.6
      vertex -27.0691 -17.4798 2.6
      vertex -31.4235 -11.6998 2.6
    endloop
  endfacet
  facet normal 0 0 1
    outer loop
      vertex -27.0691 -17.4798 2.6
      vertex -32.0685 -12.5998 2.6
      vertex -27.36 -17.6352 2.6
    endloop
  endfacet
  facet normal 0 0 1
    outer loop
      vertex -27.36 -17.6352 2.6
      vertex -32.0685 -12.5998 2.6
      vertex -27.6401 -17.8094 2.6
    endloop
  endfacet
  facet normal -0 0 1
    outer loop
      vertex -32.6531 -13.54 2.6
      vertex -27.6401 -17.8094 2.6
      vertex -32.0685 -12.5998 2.6
    endloop
  endfacet
  facet normal 0 0 1
    outer loop
      vertex -27.6401 -17.8094 2.6
      vertex -32.6531 -13.54 2.6
      vertex -27.9082 -18.0015 2.6
    endloop
  endfacet
  facet normal -0 0 1
    outer loop
      vertex -33.1751 -14.5165 2.6
      vertex -27.9082 -18.0015 2.6
      vertex -32.6531 -13.54 2.6
    endloop
  endfacet
  facet normal 0 0 1
    outer loop
      vertex -27.9082 -18.0015 2.6
      vertex -33.1751 -14.5165 2.6
      vertex -28.1631 -18.2107 2.6
    endloop
  endfacet
  facet normal 0 0 1
    outer loop
      vertex -28.1631 -18.2107 2.6
      vertex -33.1751 -14.5165 2.6
      vertex -28.4038 -18.4362 2.6
    endloop
  endfacet
  facet normal -0 0 1
    outer loop
      vertex -33.632 -15.525 2.6
      vertex -28.4038 -18.4362 2.6
      vertex -33.1751 -14.5165 2.6
    endloop
  endfacet
  facet normal 0 0 1
    outer loop
      vertex -28.4038 -18.4362 2.6
      vertex -33.632 -15.525 2.6
      vertex -28.6293 -18.6769 2.6
    endloop
  endfacet
  facet normal 0 0 1
    outer loop
      vertex -28.6293 -18.6769 2.6
      vertex -33.632 -15.525 2.6
      vertex -28.8385 -18.9318 2.6
    endloop
  endfacet
  facet normal -0 0 1
    outer loop
      vertex -34.0221 -16.5612 2.6
      vertex -28.8385 -18.9318 2.6
      vertex -33.632 -15.525 2.6
    endloop
  endfacet
  facet normal 0 0 1
    outer loop
      vertex -28.8385 -18.9318 2.6
      vertex -34.0221 -16.5612 2.6
      vertex -29.0306 -19.1999 2.6
    endloop
  endfacet
  facet normal -0 0 1
    outer loop
      vertex -34.3435 -17.6208 2.6
      vertex -29.2048 -19.48 2.6
      vertex -34.0221 -16.5612 2.6
    endloop
  endfacet
  facet normal 0 0 1
    outer loop
      vertex -29.0306 -19.1999 2.6
      vertex -34.0221 -16.5612 2.6
      vertex -29.2048 -19.48 2.6
    endloop
  endfacet
  facet normal 0.352267 0.935899 -0
    outer loop
      vertex -11.525 -6.36796 2
      vertex -12.5612 -5.97794 2.6
      vertex -11.525 -6.36796 2.6
    endloop
  endfacet
  facet normal 0.352267 0.935899 0
    outer loop
      vertex -12.5612 -5.97794 2.6
      vertex -11.525 -6.36796 2
      vertex -12.5612 -5.97794 2
    endloop
  endfacet
  facet normal 0.290263 0.956947 -0
    outer loop
      vertex -12.5612 -5.97794 2
      vertex -13.6208 -5.65654 2.6
      vertex -12.5612 -5.97794 2.6
    endloop
  endfacet
  facet normal 0.290263 0.956947 0
    outer loop
      vertex -13.6208 -5.65654 2.6
      vertex -12.5612 -5.97794 2
      vertex -13.6208 -5.65654 2
    endloop
  endfacet
  facet normal 0.986643 -0.162899 0
    outer loop
      vertex -1.40511 -25.3009 2.6
      vertex -1.22475 -24.2085 2
      vertex -1.22475 -24.2085 2.6
    endloop
  endfacet
  facet normal 0.986643 -0.162899 0
    outer loop
      vertex -1.22475 -24.2085 2
      vertex -1.40511 -25.3009 2.6
      vertex -1.40511 -25.3009 2
    endloop
  endfacet
  facet normal 0.995185 -0.0980103 0
    outer loop
      vertex -1.22475 -24.2085 2.6
      vertex -1.11623 -23.1066 2
      vertex -1.11623 -23.1066 2.6
    endloop
  endfacet
  facet normal 0.995185 -0.0980103 0
    outer loop
      vertex -1.11623 -23.1066 2
      vertex -1.22475 -24.2085 2.6
      vertex -1.22475 -24.2085 2
    endloop
  endfacet
  facet normal 0.729859 -0.683598 0
    outer loop
      vertex -6.03575 -33.9642 2.6
      vertex -5.27887 -33.1561 2
      vertex -5.27887 -33.1561 2.6
    endloop
  endfacet
  facet normal 0.729859 -0.683598 0
    outer loop
      vertex -5.27887 -33.1561 2
      vertex -6.03575 -33.9642 2.6
      vertex -6.03575 -33.9642 2
    endloop
  endfacet
  facet normal 0.812847 -0.582477 0
    outer loop
      vertex -4.57646 -32.3002 2.6
      vertex -3.93153 -31.4002 2
      vertex -3.93153 -31.4002 2.6
    endloop
  endfacet
  facet normal 0.812847 -0.582477 0
    outer loop
      vertex -3.93153 -31.4002 2
      vertex -4.57646 -32.3002 2.6
      vertex -4.57646 -32.3002 2
    endloop
  endfacet
  facet normal 0.881925 -0.47139 0
    outer loop
      vertex -3.34685 -30.46 2.6
      vertex -2.82491 -29.4835 2
      vertex -2.82491 -29.4835 2.6
    endloop
  endfacet
  facet normal 0.881925 -0.47139 0
    outer loop
      vertex -2.82491 -29.4835 2
      vertex -3.34685 -30.46 2.6
      vertex -3.34685 -30.46 2
    endloop
  endfacet
  facet normal 0.227055 -0.973882 0
    outer loop
      vertex -14.6991 -38.5949 2
      vertex -13.6208 -38.3435 2.6
      vertex -14.6991 -38.5949 2.6
    endloop
  endfacet
  facet normal 0.227055 -0.973882 0
    outer loop
      vertex -13.6208 -38.3435 2.6
      vertex -14.6991 -38.5949 2
      vertex -13.6208 -38.3435 2
    endloop
  endfacet
  facet normal 0.0326953 -0.999465 0
    outer loop
      vertex -18 -38.92 2
      vertex -16.8934 -38.8838 2.6
      vertex -18 -38.92 2.6
    endloop
  endfacet
  facet normal 0.0326953 -0.999465 0
    outer loop
      vertex -16.8934 -38.8838 2.6
      vertex -18 -38.92 2
      vertex -16.8934 -38.8838 2
    endloop
  endfacet
  facet normal 0.352331 -0.935876 0
    outer loop
      vertex -12.5612 -38.0221 2
      vertex -11.525 -37.632 2.6
      vertex -12.5612 -38.0221 2.6
    endloop
  endfacet
  facet normal 0.352331 -0.935876 0
    outer loop
      vertex -11.525 -37.632 2.6
      vertex -12.5612 -38.0221 2
      vertex -11.525 -37.632 2
    endloop
  endfacet
  facet normal 0.471432 -0.881903 0
    outer loop
      vertex -10.5165 -37.1751 2
      vertex -9.54 -36.6531 2.6
      vertex -10.5165 -37.1751 2.6
    endloop
  endfacet
  facet normal 0.471432 -0.881903 0
    outer loop
      vertex -9.54 -36.6531 2.6
      vertex -10.5165 -37.1751 2
      vertex -9.54 -36.6531 2
    endloop
  endfacet
  facet normal 0.528012 -0.849237 0
    outer loop
      vertex -9.54 -36.6531 2
      vertex -8.59975 -36.0685 2.6
      vertex -9.54 -36.6531 2.6
    endloop
  endfacet
  facet normal 0.528012 -0.849237 0
    outer loop
      vertex -8.59975 -36.0685 2.6
      vertex -9.54 -36.6531 2
      vertex -8.59975 -36.0685 2
    endloop
  endfacet
  facet normal -0.935876 -0.352331 0
    outer loop
      vertex -33.632 -28.475 2
      vertex -34.0221 -27.4388 2.6
      vertex -34.0221 -27.4388 2
    endloop
  endfacet
  facet normal -0.935876 -0.352331 0
    outer loop
      vertex -34.0221 -27.4388 2.6
      vertex -33.632 -28.475 2
      vertex -33.632 -28.475 2.6
    endloop
  endfacet
  facet normal -0.956947 -0.290263 0
    outer loop
      vertex -34.0221 -27.4388 2
      vertex -34.3435 -26.3792 2.6
      vertex -34.3435 -26.3792 2
    endloop
  endfacet
  facet normal -0.956947 -0.290263 0
    outer loop
      vertex -34.3435 -26.3792 2.6
      vertex -34.0221 -27.4388 2
      vertex -34.0221 -27.4388 2.6
    endloop
  endfacet
  facet normal -0.986651 -0.162846 0
    outer loop
      vertex -34.5949 -25.3009 2
      vertex -34.7752 -24.2085 2.6
      vertex -34.7752 -24.2085 2
    endloop
  endfacet
  facet normal -0.986651 -0.162846 0
    outer loop
      vertex -34.7752 -24.2085 2.6
      vertex -34.5949 -25.3009 2
      vertex -34.5949 -25.3009 2.6
    endloop
  endfacet
  facet normal -0.995178 -0.0980818 0
    outer loop
      vertex -34.7752 -24.2085 2
      vertex -34.8838 -23.1066 2.6
      vertex -34.8838 -23.1066 2
    endloop
  endfacet
  facet normal -0.995178 -0.0980818 0
    outer loop
      vertex -34.8838 -23.1066 2.6
      vertex -34.7752 -24.2085 2
      vertex -34.7752 -24.2085 2.6
    endloop
  endfacet
  facet normal -0.634383 -0.773019 0
    outer loop
      vertex -29.1561 -34.7211 2
      vertex -28.3002 -35.4235 2.6
      vertex -29.1561 -34.7211 2.6
    endloop
  endfacet
  facet normal -0.634383 -0.773019 -0
    outer loop
      vertex -28.3002 -35.4235 2.6
      vertex -29.1561 -34.7211 2
      vertex -28.3002 -35.4235 2
    endloop
  endfacet
  facet normal -0.528033 -0.849224 0
    outer loop
      vertex -27.4002 -36.0685 2
      vertex -26.46 -36.6531 2.6
      vertex -27.4002 -36.0685 2.6
    endloop
  endfacet
  facet normal -0.528033 -0.849224 -0
    outer loop
      vertex -26.46 -36.6531 2.6
      vertex -27.4002 -36.0685 2
      vertex -26.46 -36.6531 2
    endloop
  endfacet
  facet normal -0.412673 -0.910879 0
    outer loop
      vertex -25.4835 -37.1751 2
      vertex -24.475 -37.632 2.6
      vertex -25.4835 -37.1751 2.6
    endloop
  endfacet
  facet normal -0.412673 -0.910879 -0
    outer loop
      vertex -24.475 -37.632 2.6
      vertex -25.4835 -37.1751 2
      vertex -24.475 -37.632 2
    endloop
  endfacet
  facet normal -0.290263 -0.956947 0
    outer loop
      vertex -23.4388 -38.0221 2
      vertex -22.3792 -38.3435 2.6
      vertex -23.4388 -38.0221 2.6
    endloop
  endfacet
  facet normal -0.290263 -0.956947 -0
    outer loop
      vertex -22.3792 -38.3435 2.6
      vertex -23.4388 -38.0221 2
      vertex -22.3792 -38.3435 2
    endloop
  endfacet
  facet normal -0.0980818 -0.995178 0
    outer loop
      vertex -20.2085 -38.7752 2
      vertex -19.1066 -38.8838 2.6
      vertex -20.2085 -38.7752 2.6
    endloop
  endfacet
  facet normal -0.0980818 -0.995178 -0
    outer loop
      vertex -19.1066 -38.8838 2.6
      vertex -20.2085 -38.7752 2
      vertex -19.1066 -38.8838 2
    endloop
  endfacet
  facet normal 0.999464 0.0327224 0
    outer loop
      vertex -1.08 -22 2.6
      vertex -1.11623 -20.8934 2
      vertex -1.11623 -20.8934 2.6
    endloop
  endfacet
  facet normal 0.999464 0.0327224 0
    outer loop
      vertex -1.11623 -20.8934 2
      vertex -1.08 -22 2.6
      vertex -1.08 -22 2
    endloop
  endfacet
  facet normal 0.986643 0.162899 0
    outer loop
      vertex -1.22475 -19.7915 2.6
      vertex -1.40511 -18.6991 2
      vertex -1.40511 -18.6991 2.6
    endloop
  endfacet
  facet normal 0.986643 0.162899 0
    outer loop
      vertex -1.40511 -18.6991 2
      vertex -1.22475 -19.7915 2.6
      vertex -1.22475 -19.7915 2
    endloop
  endfacet
  facet normal 0.995185 0.0980103 0
    outer loop
      vertex -1.11623 -20.8934 2.6
      vertex -1.22475 -19.7915 2
      vertex -1.22475 -19.7915 2.6
    endloop
  endfacet
  facet normal 0.995185 0.0980103 0
    outer loop
      vertex -1.22475 -19.7915 2
      vertex -1.11623 -20.8934 2.6
      vertex -1.11623 -20.8934 2
    endloop
  endfacet
  facet normal 0.773014 0.634388 0
    outer loop
      vertex -4.57646 -11.6998 2.6
      vertex -5.27887 -10.8439 2
      vertex -5.27887 -10.8439 2.6
    endloop
  endfacet
  facet normal 0.773014 0.634388 0
    outer loop
      vertex -5.27887 -10.8439 2
      vertex -4.57646 -11.6998 2.6
      vertex -4.57646 -11.6998 2
    endloop
  endfacet
  facet normal 0.881925 0.47139 0
    outer loop
      vertex -2.82491 -14.5165 2.6
      vertex -3.34685 -13.54 2
      vertex -3.34685 -13.54 2.6
    endloop
  endfacet
  facet normal 0.881925 0.47139 0
    outer loop
      vertex -3.34685 -13.54 2
      vertex -2.82491 -14.5165 2.6
      vertex -2.82491 -14.5165 2
    endloop
  endfacet
  facet normal -0.162899 0.986643 0
    outer loop
      vertex -20.2085 -5.22475 2
      vertex -21.3009 -5.40511 2.6
      vertex -20.2085 -5.22475 2.6
    endloop
  endfacet
  facet normal -0.162899 0.986643 0
    outer loop
      vertex -21.3009 -5.40511 2.6
      vertex -20.2085 -5.22475 2
      vertex -21.3009 -5.40511 2
    endloop
  endfacet
  facet normal -0.773019 0.634383 0
    outer loop
      vertex -31.4235 -11.6998 2
      vertex -30.7211 -10.8439 2.6
      vertex -30.7211 -10.8439 2
    endloop
  endfacet
  facet normal -0.773019 0.634383 0
    outer loop
      vertex -30.7211 -10.8439 2.6
      vertex -31.4235 -11.6998 2
      vertex -31.4235 -11.6998 2.6
    endloop
  endfacet
  facet normal -0.973882 0.227055 0
    outer loop
      vertex -34.5949 -18.6991 2
      vertex -34.3435 -17.6208 2.6
      vertex -34.3435 -17.6208 2
    endloop
  endfacet
  facet normal -0.973882 0.227055 0
    outer loop
      vertex -34.3435 -17.6208 2.6
      vertex -34.5949 -18.6991 2
      vertex -34.5949 -18.6991 2.6
    endloop
  endfacet
  facet normal -0.935876 0.352331 0
    outer loop
      vertex -34.0221 -16.5612 2
      vertex -33.632 -15.525 2.6
      vertex -33.632 -15.525 2
    endloop
  endfacet
  facet normal -0.935876 0.352331 0
    outer loop
      vertex -33.632 -15.525 2.6
      vertex -34.0221 -16.5612 2
      vertex -34.0221 -16.5612 2.6
    endloop
  endfacet
  facet normal 0.227081 0.973876 -0
    outer loop
      vertex -13.6208 -5.65654 2
      vertex -14.6991 -5.40511 2.6
      vertex -13.6208 -5.65654 2.6
    endloop
  endfacet
  facet normal 0.227081 0.973876 0
    outer loop
      vertex -14.6991 -5.40511 2.6
      vertex -13.6208 -5.65654 2
      vertex -14.6991 -5.40511 2
    endloop
  endfacet
  facet normal 0.41271 0.910862 -0
    outer loop
      vertex -10.5165 -6.82491 2
      vertex -11.525 -6.36796 2.6
      vertex -10.5165 -6.82491 2.6
    endloop
  endfacet
  facet normal 0.41271 0.910862 0
    outer loop
      vertex -11.525 -6.36796 2.6
      vertex -10.5165 -6.82491 2
      vertex -11.525 -6.36796 2
    endloop
  endfacet
  facet normal 0.935899 -0.352267 0
    outer loop
      vertex -2.36796 -28.475 2.6
      vertex -1.97794 -27.4388 2
      vertex -1.97794 -27.4388 2.6
    endloop
  endfacet
  facet normal 0.935899 -0.352267 0
    outer loop
      vertex -1.97794 -27.4388 2
      vertex -2.36796 -28.475 2.6
      vertex -2.36796 -28.475 2
    endloop
  endfacet
  facet normal 0.849192 -0.528085 0
    outer loop
      vertex -3.93153 -31.4002 2.6
      vertex -3.34685 -30.46 2
      vertex -3.34685 -30.46 2.6
    endloop
  endfacet
  facet normal 0.849192 -0.528085 0
    outer loop
      vertex -3.34685 -30.46 2
      vertex -3.93153 -31.4002 2.6
      vertex -3.93153 -31.4002 2
    endloop
  endfacet
  facet normal 0.290263 -0.956947 0
    outer loop
      vertex -13.6208 -38.3435 2
      vertex -12.5612 -38.0221 2.6
      vertex -13.6208 -38.3435 2.6
    endloop
  endfacet
  facet normal 0.290263 -0.956947 0
    outer loop
      vertex -12.5612 -38.0221 2.6
      vertex -13.6208 -38.3435 2
      vertex -12.5612 -38.0221 2
    endloop
  endfacet
  facet normal 0.412673 -0.910879 0
    outer loop
      vertex -11.525 -37.632 2
      vertex -10.5165 -37.1751 2.6
      vertex -11.525 -37.632 2.6
    endloop
  endfacet
  facet normal 0.412673 -0.910879 0
    outer loop
      vertex -10.5165 -37.1751 2.6
      vertex -11.525 -37.632 2
      vertex -10.5165 -37.1751 2
    endloop
  endfacet
  facet normal -0.849224 -0.528033 0
    outer loop
      vertex -32.0685 -31.4002 2
      vertex -32.6531 -30.46 2.6
      vertex -32.6531 -30.46 2
    endloop
  endfacet
  facet normal -0.849224 -0.528033 0
    outer loop
      vertex -32.6531 -30.46 2.6
      vertex -32.0685 -31.4002 2
      vertex -32.0685 -31.4002 2.6
    endloop
  endfacet
  facet normal -0.812817 -0.582519 0
    outer loop
      vertex -31.4235 -32.3002 2
      vertex -32.0685 -31.4002 2.6
      vertex -32.0685 -31.4002 2
    endloop
  endfacet
  facet normal -0.812817 -0.582519 0
    outer loop
      vertex -32.0685 -31.4002 2.6
      vertex -31.4235 -32.3002 2
      vertex -31.4235 -32.3002 2.6
    endloop
  endfacet
  facet normal -0.773019 -0.634383 0
    outer loop
      vertex -30.7211 -33.1561 2
      vertex -31.4235 -32.3002 2.6
      vertex -31.4235 -32.3002 2
    endloop
  endfacet
  facet normal -0.773019 -0.634383 0
    outer loop
      vertex -31.4235 -32.3002 2.6
      vertex -30.7211 -33.1561 2
      vertex -30.7211 -33.1561 2.6
    endloop
  endfacet
  facet normal -0.910879 -0.412673 0
    outer loop
      vertex -33.1751 -29.4835 2
      vertex -33.632 -28.475 2.6
      vertex -33.632 -28.475 2
    endloop
  endfacet
  facet normal -0.910879 -0.412673 0
    outer loop
      vertex -33.632 -28.475 2.6
      vertex -33.1751 -29.4835 2
      vertex -33.1751 -29.4835 2.6
    endloop
  endfacet
  facet normal -0.683608 -0.72985 0
    outer loop
      vertex -29.9642 -33.9642 2
      vertex -29.1561 -34.7211 2.6
      vertex -29.9642 -33.9642 2.6
    endloop
  endfacet
  facet normal -0.683608 -0.72985 -0
    outer loop
      vertex -29.1561 -34.7211 2.6
      vertex -29.9642 -33.9642 2
      vertex -29.1561 -34.7211 2
    endloop
  endfacet
  facet normal -0.352331 -0.935876 0
    outer loop
      vertex -24.475 -37.632 2
      vertex -23.4388 -38.0221 2.6
      vertex -24.475 -37.632 2.6
    endloop
  endfacet
  facet normal -0.352331 -0.935876 -0
    outer loop
      vertex -23.4388 -38.0221 2.6
      vertex -24.475 -37.632 2
      vertex -23.4388 -38.0221 2
    endloop
  endfacet
  facet normal 0.973876 0.227081 0
    outer loop
      vertex -1.40511 -18.6991 2.6
      vertex -1.65654 -17.6208 2
      vertex -1.65654 -17.6208 2.6
    endloop
  endfacet
  facet normal 0.973876 0.227081 0
    outer loop
      vertex -1.65654 -17.6208 2
      vertex -1.40511 -18.6991 2.6
      vertex -1.40511 -18.6991 2
    endloop
  endfacet
  facet normal 0.812847 0.582477 0
    outer loop
      vertex -3.93153 -12.5998 2.6
      vertex -4.57646 -11.6998 2
      vertex -4.57646 -11.6998 2.6
    endloop
  endfacet
  facet normal 0.812847 0.582477 0
    outer loop
      vertex -4.57646 -11.6998 2
      vertex -3.93153 -12.5998 2.6
      vertex -3.93153 -12.5998 2
    endloop
  endfacet
  facet normal 0.849192 0.528085 0
    outer loop
      vertex -3.34685 -13.54 2.6
      vertex -3.93153 -12.5998 2
      vertex -3.93153 -12.5998 2.6
    endloop
  endfacet
  facet normal 0.849192 0.528085 0
    outer loop
      vertex -3.93153 -12.5998 2
      vertex -3.34685 -13.54 2.6
      vertex -3.34685 -13.54 2
    endloop
  endfacet
  facet normal 0.47139 0.881925 -0
    outer loop
      vertex -9.54 -7.34685 2
      vertex -10.5165 -6.82491 2.6
      vertex -9.54 -7.34685 2.6
    endloop
  endfacet
  facet normal 0.47139 0.881925 0
    outer loop
      vertex -10.5165 -6.82491 2.6
      vertex -9.54 -7.34685 2
      vertex -10.5165 -6.82491 2
    endloop
  endfacet
  facet normal 0.683613 0.729845 -0
    outer loop
      vertex -6.03575 -10.0358 2
      vertex -6.84387 -9.27887 2.6
      vertex -6.03575 -10.0358 2.6
    endloop
  endfacet
  facet normal 0.683613 0.729845 0
    outer loop
      vertex -6.84387 -9.27887 2.6
      vertex -6.03575 -10.0358 2
      vertex -6.84387 -9.27887 2
    endloop
  endfacet
  facet normal 0.634393 0.773011 -0
    outer loop
      vertex -6.84387 -9.27887 2
      vertex -7.69976 -8.57646 2.6
      vertex -6.84387 -9.27887 2.6
    endloop
  endfacet
  facet normal 0.634393 0.773011 0
    outer loop
      vertex -7.69976 -8.57646 2.6
      vertex -6.84387 -9.27887 2
      vertex -7.69976 -8.57646 2
    endloop
  endfacet
  facet normal 0.582481 0.812844 -0
    outer loop
      vertex -7.69976 -8.57646 2
      vertex -8.59975 -7.93153 2.6
      vertex -7.69976 -8.57646 2.6
    endloop
  endfacet
  facet normal 0.582481 0.812844 0
    outer loop
      vertex -8.59975 -7.93153 2.6
      vertex -7.69976 -8.57646 2
      vertex -8.59975 -7.93153 2
    endloop
  endfacet
  facet normal 0.935899 0.352267 0
    outer loop
      vertex -1.97794 -16.5612 2.6
      vertex -2.36796 -15.525 2
      vertex -2.36796 -15.525 2.6
    endloop
  endfacet
  facet normal 0.935899 0.352267 0
    outer loop
      vertex -2.36796 -15.525 2
      vertex -1.97794 -16.5612 2.6
      vertex -1.97794 -16.5612 2
    endloop
  endfacet
  facet normal 0.910862 0.41271 0
    outer loop
      vertex -2.36796 -15.525 2.6
      vertex -2.82491 -14.5165 2
      vertex -2.82491 -14.5165 2.6
    endloop
  endfacet
  facet normal 0.910862 0.41271 0
    outer loop
      vertex -2.82491 -14.5165 2
      vertex -2.36796 -15.525 2.6
      vertex -2.36796 -15.525 2
    endloop
  endfacet
  facet normal -0.72985 0.683608 0
    outer loop
      vertex -30.7211 -10.8439 2
      vertex -29.9642 -10.0358 2.6
      vertex -29.9642 -10.0358 2
    endloop
  endfacet
  facet normal -0.72985 0.683608 0
    outer loop
      vertex -29.9642 -10.0358 2.6
      vertex -30.7211 -10.8439 2
      vertex -30.7211 -10.8439 2.6
    endloop
  endfacet
  facet normal -0.812817 0.582519 0
    outer loop
      vertex -32.0685 -12.5998 2
      vertex -31.4235 -11.6998 2.6
      vertex -31.4235 -11.6998 2
    endloop
  endfacet
  facet normal -0.812817 0.582519 0
    outer loop
      vertex -31.4235 -11.6998 2.6
      vertex -32.0685 -12.5998 2
      vertex -32.0685 -12.5998 2.6
    endloop
  endfacet
  facet normal -0.956947 0.290263 0
    outer loop
      vertex -34.3435 -17.6208 2
      vertex -34.0221 -16.5612 2.6
      vertex -34.0221 -16.5612 2
    endloop
  endfacet
  facet normal -0.956947 0.290263 0
    outer loop
      vertex -34.0221 -16.5612 2.6
      vertex -34.3435 -17.6208 2
      vertex -34.3435 -17.6208 2.6
    endloop
  endfacet
  facet normal -0.995178 0.0980818 0
    outer loop
      vertex -34.8838 -20.8934 2
      vertex -34.7752 -19.7915 2.6
      vertex -34.7752 -19.7915 2
    endloop
  endfacet
  facet normal -0.995178 0.0980818 0
    outer loop
      vertex -34.7752 -19.7915 2.6
      vertex -34.8838 -20.8934 2
      vertex -34.8838 -20.8934 2.6
    endloop
  endfacet
  facet normal -0.999465 0.0326953 0
    outer loop
      vertex -34.92 -22 2
      vertex -34.8838 -20.8934 2.6
      vertex -34.8838 -20.8934 2
    endloop
  endfacet
  facet normal -0.999465 0.0326953 0
    outer loop
      vertex -34.8838 -20.8934 2.6
      vertex -34.92 -22 2
      vertex -34.92 -22 2.6
    endloop
  endfacet
  facet normal -0.986651 0.162846 0
    outer loop
      vertex -34.7752 -19.7915 2
      vertex -34.5949 -18.6991 2.6
      vertex -34.5949 -18.6991 2
    endloop
  endfacet
  facet normal -0.986651 0.162846 0
    outer loop
      vertex -34.5949 -18.6991 2.6
      vertex -34.7752 -19.7915 2
      vertex -34.7752 -19.7915 2.6
    endloop
  endfacet
  facet normal 0.729859 0.683598 0
    outer loop
      vertex -5.27887 -10.8439 2.6
      vertex -6.03575 -10.0358 2
      vertex -6.03575 -10.0358 2.6
    endloop
  endfacet
  facet normal 0.729859 0.683598 0
    outer loop
      vertex -6.03575 -10.0358 2
      vertex -5.27887 -10.8439 2.6
      vertex -5.27887 -10.8439 2
    endloop
  endfacet
  facet normal 0.528065 0.849204 -0
    outer loop
      vertex -8.59975 -7.93153 2
      vertex -9.54 -7.34685 2.6
      vertex -8.59975 -7.93153 2.6
    endloop
  endfacet
  facet normal 0.528065 0.849204 0
    outer loop
      vertex -9.54 -7.34685 2.6
      vertex -8.59975 -7.93153 2
      vertex -9.54 -7.34685 2
    endloop
  endfacet
  facet normal -0.634388 0.773014 0
    outer loop
      vertex -28.3002 -8.57646 2
      vertex -29.1561 -9.27887 2.6
      vertex -28.3002 -8.57646 2.6
    endloop
  endfacet
  facet normal -0.634388 0.773014 0
    outer loop
      vertex -29.1561 -9.27887 2.6
      vertex -28.3002 -8.57646 2
      vertex -29.1561 -9.27887 2
    endloop
  endfacet
  facet normal -0.290263 0.956947 0
    outer loop
      vertex -22.3792 -5.65654 2
      vertex -23.4388 -5.97794 2.6
      vertex -22.3792 -5.65654 2.6
    endloop
  endfacet
  facet normal -0.290263 0.956947 0
    outer loop
      vertex -23.4388 -5.97794 2.6
      vertex -22.3792 -5.65654 2
      vertex -23.4388 -5.97794 2
    endloop
  endfacet
  facet normal -0.0980103 0.995185 0
    outer loop
      vertex -19.1066 -5.11623 2
      vertex -20.2085 -5.22475 2.6
      vertex -19.1066 -5.11623 2.6
    endloop
  endfacet
  facet normal -0.0980103 0.995185 0
    outer loop
      vertex -20.2085 -5.22475 2.6
      vertex -19.1066 -5.11623 2
      vertex -20.2085 -5.22475 2
    endloop
  endfacet
  facet normal -0.683622 0.729836 0
    outer loop
      vertex -29.1561 -9.27887 2
      vertex -29.9642 -10.0358 2.6
      vertex -29.1561 -9.27887 2.6
    endloop
  endfacet
  facet normal -0.683622 0.729836 0
    outer loop
      vertex -29.9642 -10.0358 2.6
      vertex -29.1561 -9.27887 2
      vertex -29.9642 -10.0358 2
    endloop
  endfacet
  facet normal 0.162899 0.986643 -0
    outer loop
      vertex -14.6991 -5.40511 2
      vertex -15.7915 -5.22475 2.6
      vertex -14.6991 -5.40511 2.6
    endloop
  endfacet
  facet normal 0.162899 0.986643 0
    outer loop
      vertex -15.7915 -5.22475 2.6
      vertex -14.6991 -5.40511 2
      vertex -15.7915 -5.22475 2
    endloop
  endfacet
  facet normal 0.0980103 0.995185 -0
    outer loop
      vertex -15.7915 -5.22475 2
      vertex -16.8934 -5.11623 2.6
      vertex -15.7915 -5.22475 2.6
    endloop
  endfacet
  facet normal 0.0980103 0.995185 0
    outer loop
      vertex -16.8934 -5.11623 2.6
      vertex -15.7915 -5.22475 2
      vertex -16.8934 -5.11623 2
    endloop
  endfacet
  facet normal -0.47139 0.881925 0
    outer loop
      vertex -25.4835 -6.82491 2
      vertex -26.46 -7.34685 2.6
      vertex -25.4835 -6.82491 2.6
    endloop
  endfacet
  facet normal -0.47139 0.881925 0
    outer loop
      vertex -26.46 -7.34685 2.6
      vertex -25.4835 -6.82491 2
      vertex -26.46 -7.34685 2
    endloop
  endfacet
  facet normal -0.227081 0.973876 0
    outer loop
      vertex -21.3009 -5.40511 2
      vertex -22.3792 -5.65654 2.6
      vertex -21.3009 -5.40511 2.6
    endloop
  endfacet
  facet normal -0.227081 0.973876 0
    outer loop
      vertex -22.3792 -5.65654 2.6
      vertex -21.3009 -5.40511 2
      vertex -22.3792 -5.65654 2
    endloop
  endfacet
  facet normal -0.0327224 0.999464 0
    outer loop
      vertex -18 -5.08 2
      vertex -19.1066 -5.11623 2.6
      vertex -18 -5.08 2.6
    endloop
  endfacet
  facet normal -0.0327224 0.999464 0
    outer loop
      vertex -19.1066 -5.11623 2.6
      vertex -18 -5.08 2
      vertex -19.1066 -5.11623 2
    endloop
  endfacet
  facet normal -0.849224 0.528033 0
    outer loop
      vertex -32.6531 -13.54 2
      vertex -32.0685 -12.5998 2.6
      vertex -32.0685 -12.5998 2
    endloop
  endfacet
  facet normal -0.849224 0.528033 0
    outer loop
      vertex -32.0685 -12.5998 2.6
      vertex -32.6531 -13.54 2
      vertex -32.6531 -13.54 2.6
    endloop
  endfacet
  facet normal -0.910879 0.412673 0
    outer loop
      vertex -33.632 -15.525 2
      vertex -33.1751 -14.5165 2.6
      vertex -33.1751 -14.5165 2
    endloop
  endfacet
  facet normal -0.910879 0.412673 0
    outer loop
      vertex -33.1751 -14.5165 2.6
      vertex -33.632 -15.525 2
      vertex -33.632 -15.525 2.6
    endloop
  endfacet
  facet normal -0.41271 0.910862 0
    outer loop
      vertex -24.475 -6.36796 2
      vertex -25.4835 -6.82491 2.6
      vertex -24.475 -6.36796 2.6
    endloop
  endfacet
  facet normal -0.41271 0.910862 0
    outer loop
      vertex -25.4835 -6.82491 2.6
      vertex -24.475 -6.36796 2
      vertex -25.4835 -6.82491 2
    endloop
  endfacet
  facet normal -0.582477 0.812847 0
    outer loop
      vertex -27.4002 -7.93153 2
      vertex -28.3002 -8.57646 2.6
      vertex -27.4002 -7.93153 2.6
    endloop
  endfacet
  facet normal -0.582477 0.812847 0
    outer loop
      vertex -28.3002 -8.57646 2.6
      vertex -27.4002 -7.93153 2
      vertex -28.3002 -8.57646 2
    endloop
  endfacet
  facet normal -0.528085 0.849192 0
    outer loop
      vertex -26.46 -7.34685 2
      vertex -27.4002 -7.93153 2.6
      vertex -26.46 -7.34685 2.6
    endloop
  endfacet
  facet normal -0.528085 0.849192 0
    outer loop
      vertex -27.4002 -7.93153 2.6
      vertex -26.46 -7.34685 2
      vertex -27.4002 -7.93153 2
    endloop
  endfacet
  facet normal -0.881903 0.471432 0
    outer loop
      vertex -33.1751 -14.5165 2
      vertex -32.6531 -13.54 2.6
      vertex -32.6531 -13.54 2
    endloop
  endfacet
  facet normal -0.881903 0.471432 0
    outer loop
      vertex -32.6531 -13.54 2.6
      vertex -33.1751 -14.5165 2
      vertex -33.1751 -14.5165 2.6
    endloop
  endfacet
  facet normal 0.999464 -0.0327319 0
    outer loop
      vertex 2.87383 -72.5884 2.6
      vertex 2.88 -72.4 2
      vertex 2.88 -72.4 2.6
    endloop
  endfacet
  facet normal 0.999464 -0.0327319 0
    outer loop
      vertex 2.88 -72.4 2
      vertex 2.87383 -72.5884 2.6
      vertex 2.87383 -72.5884 2
    endloop
  endfacet
  facet normal 0.995183 -0.0980322 0
    outer loop
      vertex 2.85536 -72.7759 2.6
      vertex 2.87383 -72.5884 2
      vertex 2.87383 -72.5884 2.6
    endloop
  endfacet
  facet normal 0.995183 -0.0980322 0
    outer loop
      vertex 2.87383 -72.5884 2
      vertex 2.85536 -72.7759 2.6
      vertex 2.85536 -72.7759 2
    endloop
  endfacet
  facet normal -0.999464 -0.0327319 0
    outer loop
      vertex -2.87383 -72.5884 2
      vertex -2.88 -72.4 2.6
      vertex -2.88 -72.4 2
    endloop
  endfacet
  facet normal -0.999464 -0.0327319 0
    outer loop
      vertex -2.88 -72.4 2.6
      vertex -2.87383 -72.5884 2
      vertex -2.87383 -72.5884 2.6
    endloop
  endfacet
  facet normal 0.0328979 -0.999459 0
    outer loop
      vertex 0 -75.28 2
      vertex 0.18836 -75.2738 2.6
      vertex 0 -75.28 2.6
    endloop
  endfacet
  facet normal 0.0328979 -0.999459 0
    outer loop
      vertex 0.18836 -75.2738 2.6
      vertex 0 -75.28 2
      vertex 0.18836 -75.2738 2
    endloop
  endfacet
  facet normal 0.683509 -0.729943 0
    outer loop
      vertex 1.89892 -74.5653 2
      vertex 2.03647 -74.4365 2.6
      vertex 1.89892 -74.5653 2.6
    endloop
  endfacet
  facet normal 0.683509 -0.729943 0
    outer loop
      vertex 2.03647 -74.4365 2.6
      vertex 1.89892 -74.5653 2
      vertex 2.03647 -74.4365 2
    endloop
  endfacet
  facet normal -0.683509 -0.729943 0
    outer loop
      vertex -2.03647 -74.4365 2
      vertex -1.89892 -74.5653 2.6
      vertex -2.03647 -74.4365 2.6
    endloop
  endfacet
  facet normal -0.683509 -0.729943 -0
    outer loop
      vertex -1.89892 -74.5653 2.6
      vertex -2.03647 -74.4365 2
      vertex -1.89892 -74.5653 2
    endloop
  endfacet
  facet normal -0.352312 -0.935883 0
    outer loop
      vertex -1.10213 -75.0608 2
      vertex -0.925745 -75.1272 2.6
      vertex -1.10213 -75.0608 2.6
    endloop
  endfacet
  facet normal -0.352312 -0.935883 -0
    outer loop
      vertex -0.925745 -75.1272 2.6
      vertex -1.10213 -75.0608 2
      vertex -0.925745 -75.1272 2
    endloop
  endfacet
  facet normal 0.0328979 0.999459 -0
    outer loop
      vertex 0.18836 -69.5262 2
      vertex 0 -69.52 2.6
      vertex 0.18836 -69.5262 2.6
    endloop
  endfacet
  facet normal 0.0328979 0.999459 0
    outer loop
      vertex 0 -69.52 2.6
      vertex 0.18836 -69.5262 2
      vertex 0 -69.52 2
    endloop
  endfacet
  facet normal 0.910896 -0.412635 0
    outer loop
      vertex 2.58299 -73.6738 2.6
      vertex 2.66077 -73.5021 2
      vertex 2.66077 -73.5021 2.6
    endloop
  endfacet
  facet normal 0.910896 -0.412635 0
    outer loop
      vertex 2.66077 -73.5021 2
      vertex 2.58299 -73.6738 2.6
      vertex 2.58299 -73.6738 2
    endloop
  endfacet
  facet normal 0.412803 -0.91082 0
    outer loop
      vertex 1.10213 -75.0608 2
      vertex 1.27379 -74.983 2.6
      vertex 1.10213 -75.0608 2.6
    endloop
  endfacet
  facet normal 0.412803 -0.91082 0
    outer loop
      vertex 1.27379 -74.983 2.6
      vertex 1.10213 -75.0608 2
      vertex 1.27379 -74.983 2
    endloop
  endfacet
  facet normal 0.527994 -0.849248 0
    outer loop
      vertex 1.44 -74.8941 2
      vertex 1.60004 -74.7946 2.6
      vertex 1.44 -74.8941 2.6
    endloop
  endfacet
  facet normal 0.527994 -0.849248 0
    outer loop
      vertex 1.60004 -74.7946 2.6
      vertex 1.44 -74.8941 2
      vertex 1.60004 -74.7946 2
    endloop
  endfacet
  facet normal -0.910896 -0.412635 0
    outer loop
      vertex -2.58299 -73.6738 2
      vertex -2.66077 -73.5021 2.6
      vertex -2.66077 -73.5021 2
    endloop
  endfacet
  facet normal -0.910896 -0.412635 0
    outer loop
      vertex -2.66077 -73.5021 2.6
      vertex -2.58299 -73.6738 2
      vertex -2.58299 -73.6738 2.6
    endloop
  endfacet
  facet normal -0.729987 -0.683461 0
    outer loop
      vertex -2.03647 -74.4365 2
      vertex -2.1653 -74.2989 2.6
      vertex -2.1653 -74.2989 2
    endloop
  endfacet
  facet normal -0.729987 -0.683461 0
    outer loop
      vertex -2.1653 -74.2989 2.6
      vertex -2.03647 -74.4365 2
      vertex -2.03647 -74.4365 2.6
    endloop
  endfacet
  facet normal -0.162897 -0.986643 0
    outer loop
      vertex -0.56186 -75.2247 2
      vertex -0.375915 -75.2554 2.6
      vertex -0.56186 -75.2247 2.6
    endloop
  endfacet
  facet normal -0.162897 -0.986643 -0
    outer loop
      vertex -0.375915 -75.2554 2.6
      vertex -0.56186 -75.2247 2
      vertex -0.375915 -75.2554 2
    endloop
  endfacet
  facet normal -0.729987 0.683461 0
    outer loop
      vertex -2.1653 -70.5011 2
      vertex -2.03647 -70.3635 2.6
      vertex -2.03647 -70.3635 2
    endloop
  endfacet
  facet normal -0.729987 0.683461 0
    outer loop
      vertex -2.03647 -70.3635 2.6
      vertex -2.1653 -70.5011 2
      vertex -2.1653 -70.5011 2.6
    endloop
  endfacet
  facet normal 0 0 1
    outer loop
      vertex 2.87383 -72.2116 2.6
      vertex 2.87383 -72.5884 2.6
      vertex 2.88 -72.4 2.6
    endloop
  endfacet
  facet normal 0 0 1
    outer loop
      vertex 2.85536 -72.0241 2.6
      vertex 2.87383 -72.5884 2.6
      vertex 2.87383 -72.2116 2.6
    endloop
  endfacet
  facet normal 0 0 1
    outer loop
      vertex 2.85536 -72.0241 2.6
      vertex 2.85536 -72.7759 2.6
      vertex 2.87383 -72.5884 2.6
    endloop
  endfacet
  facet normal 0 0 1
    outer loop
      vertex 2.82466 -71.8381 2.6
      vertex 2.85536 -72.7759 2.6
      vertex 2.85536 -72.0241 2.6
    endloop
  endfacet
  facet normal 0 0 1
    outer loop
      vertex 2.82466 -71.8381 2.6
      vertex 2.82466 -72.9619 2.6
      vertex 2.85536 -72.7759 2.6
    endloop
  endfacet
  facet normal 0 0 1
    outer loop
      vertex 2.78187 -71.6546 2.6
      vertex 2.82466 -72.9619 2.6
      vertex 2.82466 -71.8381 2.6
    endloop
  endfacet
  facet normal 0 0 1
    outer loop
      vertex 2.78187 -71.6546 2.6
      vertex 2.78187 -73.1454 2.6
      vertex 2.82466 -72.9619 2.6
    endloop
  endfacet
  facet normal 0 0 1
    outer loop
      vertex 2.72716 -71.4743 2.6
      vertex 2.78187 -73.1454 2.6
      vertex 2.78187 -71.6546 2.6
    endloop
  endfacet
  facet normal 0 0 1
    outer loop
      vertex 2.72716 -71.4743 2.6
      vertex 2.72716 -73.3257 2.6
      vertex 2.78187 -73.1454 2.6
    endloop
  endfacet
  facet normal 0 0 1
    outer loop
      vertex 2.66077 -71.2979 2.6
      vertex 2.72716 -73.3257 2.6
      vertex 2.72716 -71.4743 2.6
    endloop
  endfacet
  facet normal 0 0 1
    outer loop
      vertex 2.66077 -71.2979 2.6
      vertex 2.66077 -73.5021 2.6
      vertex 2.72716 -73.3257 2.6
    endloop
  endfacet
  facet normal 0 0 1
    outer loop
      vertex 2.58299 -71.1262 2.6
      vertex 2.66077 -73.5021 2.6
      vertex 2.66077 -71.2979 2.6
    endloop
  endfacet
  facet normal 0 0 1
    outer loop
      vertex 2.58299 -71.1262 2.6
      vertex 2.58299 -73.6738 2.6
      vertex 2.66077 -73.5021 2.6
    endloop
  endfacet
  facet normal 0 0 1
    outer loop
      vertex 2.49415 -70.96 2.6
      vertex 2.58299 -73.6738 2.6
      vertex 2.58299 -71.1262 2.6
    endloop
  endfacet
  facet normal 0 0 1
    outer loop
      vertex 2.49415 -70.96 2.6
      vertex 2.49415 -73.84 2.6
      vertex 2.58299 -73.6738 2.6
    endloop
  endfacet
  facet normal 0 0 1
    outer loop
      vertex 2.39463 -70.8 2.6
      vertex 2.49415 -73.84 2.6
      vertex 2.49415 -70.96 2.6
    endloop
  endfacet
  facet normal 0 0 1
    outer loop
      vertex 2.39463 -70.8 2.6
      vertex 2.39463 -74 2.6
      vertex 2.49415 -73.84 2.6
    endloop
  endfacet
  facet normal 0 0 1
    outer loop
      vertex 2.28486 -70.6468 2.6
      vertex 2.39463 -74 2.6
      vertex 2.39463 -70.8 2.6
    endloop
  endfacet
  facet normal 0 0 1
    outer loop
      vertex 2.28486 -70.6468 2.6
      vertex 2.28486 -74.1532 2.6
      vertex 2.39463 -74 2.6
    endloop
  endfacet
  facet normal 0 0 1
    outer loop
      vertex 2.1653 -70.5011 2.6
      vertex 2.28486 -74.1532 2.6
      vertex 2.28486 -70.6468 2.6
    endloop
  endfacet
  facet normal 0 0 1
    outer loop
      vertex 2.1653 -70.5011 2.6
      vertex 2.1653 -74.2989 2.6
      vertex 2.28486 -74.1532 2.6
    endloop
  endfacet
  facet normal 0 0 1
    outer loop
      vertex 2.03647 -70.3635 2.6
      vertex 2.1653 -74.2989 2.6
      vertex 2.1653 -70.5011 2.6
    endloop
  endfacet
  facet normal 0 0 1
    outer loop
      vertex 2.03647 -70.3635 2.6
      vertex 2.03647 -74.4365 2.6
      vertex 2.1653 -74.2989 2.6
    endloop
  endfacet
  facet normal 0 0 1
    outer loop
      vertex 1.89892 -70.2347 2.6
      vertex 2.03647 -74.4365 2.6
      vertex 2.03647 -70.3635 2.6
    endloop
  endfacet
  facet normal 0 0 1
    outer loop
      vertex 1.89892 -70.2347 2.6
      vertex 1.89892 -74.5653 2.6
      vertex 2.03647 -74.4365 2.6
    endloop
  endfacet
  facet normal 0 0 1
    outer loop
      vertex 1.75323 -70.1151 2.6
      vertex 1.89892 -74.5653 2.6
      vertex 1.89892 -70.2347 2.6
    endloop
  endfacet
  facet normal 0 0 1
    outer loop
      vertex 1.75323 -70.1151 2.6
      vertex 1.75323 -74.6849 2.6
      vertex 1.89892 -74.5653 2.6
    endloop
  endfacet
  facet normal 0 0 1
    outer loop
      vertex 1.60004 -70.0054 2.6
      vertex 1.75323 -74.6849 2.6
      vertex 1.75323 -70.1151 2.6
    endloop
  endfacet
  facet normal 0 0 1
    outer loop
      vertex 1.60004 -70.0054 2.6
      vertex 1.60004 -74.7946 2.6
      vertex 1.75323 -74.6849 2.6
    endloop
  endfacet
  facet normal 0 0 1
    outer loop
      vertex 1.44 -69.9058 2.6
      vertex 1.60004 -74.7946 2.6
      vertex 1.60004 -70.0054 2.6
    endloop
  endfacet
  facet normal 0 0 1
    outer loop
      vertex 1.44 -69.9058 2.6
      vertex 1.44 -74.8941 2.6
      vertex 1.60004 -74.7946 2.6
    endloop
  endfacet
  facet normal 0 0 1
    outer loop
      vertex 1.27379 -69.817 2.6
      vertex 1.44 -74.8941 2.6
      vertex 1.44 -69.9058 2.6
    endloop
  endfacet
  facet normal 0 0 1
    outer loop
      vertex 1.27379 -69.817 2.6
      vertex 1.27379 -74.983 2.6
      vertex 1.44 -74.8941 2.6
    endloop
  endfacet
  facet normal 0 0 1
    outer loop
      vertex 1.10213 -69.7392 2.6
      vertex 1.27379 -74.983 2.6
      vertex 1.27379 -69.817 2.6
    endloop
  endfacet
  facet normal 0 0 1
    outer loop
      vertex 1.10213 -69.7392 2.6
      vertex 1.10213 -75.0608 2.6
      vertex 1.27379 -74.983 2.6
    endloop
  endfacet
  facet normal 0 0 1
    outer loop
      vertex 0.925745 -69.6728 2.6
      vertex 1.10213 -75.0608 2.6
      vertex 1.10213 -69.7392 2.6
    endloop
  endfacet
  facet normal 0 0 1
    outer loop
      vertex 0.925745 -69.6728 2.6
      vertex 0.925745 -75.1272 2.6
      vertex 1.10213 -75.0608 2.6
    endloop
  endfacet
  facet normal 0 0 1
    outer loop
      vertex 0.745399 -69.6181 2.6
      vertex 0.925745 -75.1272 2.6
      vertex 0.925745 -69.6728 2.6
    endloop
  endfacet
  facet normal 0 0 1
    outer loop
      vertex 0.745399 -69.6181 2.6
      vertex 0.745399 -75.1819 2.6
      vertex 0.925745 -75.1272 2.6
    endloop
  endfacet
  facet normal 0 0 1
    outer loop
      vertex 0.56186 -69.5753 2.6
      vertex 0.745399 -75.1819 2.6
      vertex 0.745399 -69.6181 2.6
    endloop
  endfacet
  facet normal 0 0 1
    outer loop
      vertex 0.56186 -69.5753 2.6
      vertex 0.56186 -75.2247 2.6
      vertex 0.745399 -75.1819 2.6
    endloop
  endfacet
  facet normal 0 0 1
    outer loop
      vertex 0.375915 -69.5446 2.6
      vertex 0.56186 -75.2247 2.6
      vertex 0.56186 -69.5753 2.6
    endloop
  endfacet
  facet normal 0 0 1
    outer loop
      vertex 0.375915 -69.5446 2.6
      vertex 0.375915 -75.2554 2.6
      vertex 0.56186 -75.2247 2.6
    endloop
  endfacet
  facet normal 0 0 1
    outer loop
      vertex 0.18836 -69.5262 2.6
      vertex 0.375915 -75.2554 2.6
      vertex 0.375915 -69.5446 2.6
    endloop
  endfacet
  facet normal 0 0 1
    outer loop
      vertex 0.18836 -69.5262 2.6
      vertex 0.18836 -75.2738 2.6
      vertex 0.375915 -75.2554 2.6
    endloop
  endfacet
  facet normal 0 0 1
    outer loop
      vertex 0 -69.52 2.6
      vertex 0.18836 -75.2738 2.6
      vertex 0.18836 -69.5262 2.6
    endloop
  endfacet
  facet normal 0 0 1
    outer loop
      vertex 0 -69.52 2.6
      vertex 0 -75.28 2.6
      vertex 0.18836 -75.2738 2.6
    endloop
  endfacet
  facet normal -0 0 1
    outer loop
      vertex -0.18836 -69.5262 2.6
      vertex 0 -75.28 2.6
      vertex 0 -69.52 2.6
    endloop
  endfacet
  facet normal 0 0 1
    outer loop
      vertex -0.18836 -69.5262 2.6
      vertex -0.18836 -75.2738 2.6
      vertex 0 -75.28 2.6
    endloop
  endfacet
  facet normal -0 0 1
    outer loop
      vertex -0.375915 -69.5446 2.6
      vertex -0.18836 -75.2738 2.6
      vertex -0.18836 -69.5262 2.6
    endloop
  endfacet
  facet normal 0 0 1
    outer loop
      vertex -0.375915 -69.5446 2.6
      vertex -0.375915 -75.2554 2.6
      vertex -0.18836 -75.2738 2.6
    endloop
  endfacet
  facet normal -0 0 1
    outer loop
      vertex -0.56186 -69.5753 2.6
      vertex -0.375915 -75.2554 2.6
      vertex -0.375915 -69.5446 2.6
    endloop
  endfacet
  facet normal 0 0 1
    outer loop
      vertex -0.56186 -69.5753 2.6
      vertex -0.56186 -75.2247 2.6
      vertex -0.375915 -75.2554 2.6
    endloop
  endfacet
  facet normal -0 0 1
    outer loop
      vertex -0.745399 -69.6181 2.6
      vertex -0.56186 -75.2247 2.6
      vertex -0.56186 -69.5753 2.6
    endloop
  endfacet
  facet normal 0 0 1
    outer loop
      vertex -0.745399 -69.6181 2.6
      vertex -0.745399 -75.1819 2.6
      vertex -0.56186 -75.2247 2.6
    endloop
  endfacet
  facet normal -0 0 1
    outer loop
      vertex -0.925745 -69.6728 2.6
      vertex -0.745399 -75.1819 2.6
      vertex -0.745399 -69.6181 2.6
    endloop
  endfacet
  facet normal 0 0 1
    outer loop
      vertex -0.925745 -69.6728 2.6
      vertex -0.925745 -75.1272 2.6
      vertex -0.745399 -75.1819 2.6
    endloop
  endfacet
  facet normal -0 0 1
    outer loop
      vertex -1.10213 -69.7392 2.6
      vertex -0.925745 -75.1272 2.6
      vertex -0.925745 -69.6728 2.6
    endloop
  endfacet
  facet normal 0 0 1
    outer loop
      vertex -1.10213 -69.7392 2.6
      vertex -1.10213 -75.0608 2.6
      vertex -0.925745 -75.1272 2.6
    endloop
  endfacet
  facet normal -0 0 1
    outer loop
      vertex -1.27379 -69.817 2.6
      vertex -1.10213 -75.0608 2.6
      vertex -1.10213 -69.7392 2.6
    endloop
  endfacet
  facet normal 0 0 1
    outer loop
      vertex -1.27379 -69.817 2.6
      vertex -1.27379 -74.983 2.6
      vertex -1.10213 -75.0608 2.6
    endloop
  endfacet
  facet normal -0 0 1
    outer loop
      vertex -1.44 -69.9058 2.6
      vertex -1.27379 -74.983 2.6
      vertex -1.27379 -69.817 2.6
    endloop
  endfacet
  facet normal 0 0 1
    outer loop
      vertex -1.44 -69.9058 2.6
      vertex -1.44 -74.8941 2.6
      vertex -1.27379 -74.983 2.6
    endloop
  endfacet
  facet normal -0 0 1
    outer loop
      vertex -1.60004 -70.0054 2.6
      vertex -1.44 -74.8941 2.6
      vertex -1.44 -69.9058 2.6
    endloop
  endfacet
  facet normal 0 0 1
    outer loop
      vertex -1.60004 -70.0054 2.6
      vertex -1.60004 -74.7946 2.6
      vertex -1.44 -74.8941 2.6
    endloop
  endfacet
  facet normal -0 0 1
    outer loop
      vertex -1.75323 -70.1151 2.6
      vertex -1.60004 -74.7946 2.6
      vertex -1.60004 -70.0054 2.6
    endloop
  endfacet
  facet normal 0 0 1
    outer loop
      vertex -1.75323 -70.1151 2.6
      vertex -1.75323 -74.6849 2.6
      vertex -1.60004 -74.7946 2.6
    endloop
  endfacet
  facet normal -0 0 1
    outer loop
      vertex -1.89892 -70.2347 2.6
      vertex -1.75323 -74.6849 2.6
      vertex -1.75323 -70.1151 2.6
    endloop
  endfacet
  facet normal 0 0 1
    outer loop
      vertex -1.89892 -70.2347 2.6
      vertex -1.89892 -74.5653 2.6
      vertex -1.75323 -74.6849 2.6
    endloop
  endfacet
  facet normal -0 0 1
    outer loop
      vertex -2.03647 -70.3635 2.6
      vertex -1.89892 -74.5653 2.6
      vertex -1.89892 -70.2347 2.6
    endloop
  endfacet
  facet normal 0 0 1
    outer loop
      vertex -2.03647 -70.3635 2.6
      vertex -2.03647 -74.4365 2.6
      vertex -1.89892 -74.5653 2.6
    endloop
  endfacet
  facet normal -0 0 1
    outer loop
      vertex -2.1653 -70.5011 2.6
      vertex -2.03647 -74.4365 2.6
      vertex -2.03647 -70.3635 2.6
    endloop
  endfacet
  facet normal 0 0 1
    outer loop
      vertex -2.1653 -70.5011 2.6
      vertex -2.1653 -74.2989 2.6
      vertex -2.03647 -74.4365 2.6
    endloop
  endfacet
  facet normal -0 0 1
    outer loop
      vertex -2.28486 -70.6468 2.6
      vertex -2.1653 -74.2989 2.6
      vertex -2.1653 -70.5011 2.6
    endloop
  endfacet
  facet normal 0 0 1
    outer loop
      vertex -2.28486 -70.6468 2.6
      vertex -2.28486 -74.1532 2.6
      vertex -2.1653 -74.2989 2.6
    endloop
  endfacet
  facet normal -0 0 1
    outer loop
      vertex -2.39463 -70.8 2.6
      vertex -2.28486 -74.1532 2.6
      vertex -2.28486 -70.6468 2.6
    endloop
  endfacet
  facet normal 0 0 1
    outer loop
      vertex -2.39463 -70.8 2.6
      vertex -2.39463 -74 2.6
      vertex -2.28486 -74.1532 2.6
    endloop
  endfacet
  facet normal -0 0 1
    outer loop
      vertex -2.49415 -70.96 2.6
      vertex -2.39463 -74 2.6
      vertex -2.39463 -70.8 2.6
    endloop
  endfacet
  facet normal 0 0 1
    outer loop
      vertex -2.49415 -70.96 2.6
      vertex -2.49415 -73.84 2.6
      vertex -2.39463 -74 2.6
    endloop
  endfacet
  facet normal -0 0 1
    outer loop
      vertex -2.58299 -71.1262 2.6
      vertex -2.49415 -73.84 2.6
      vertex -2.49415 -70.96 2.6
    endloop
  endfacet
  facet normal 0 0 1
    outer loop
      vertex -2.58299 -71.1262 2.6
      vertex -2.58299 -73.6738 2.6
      vertex -2.49415 -73.84 2.6
    endloop
  endfacet
  facet normal -0 0 1
    outer loop
      vertex -2.66077 -71.2979 2.6
      vertex -2.58299 -73.6738 2.6
      vertex -2.58299 -71.1262 2.6
    endloop
  endfacet
  facet normal 0 0 1
    outer loop
      vertex -2.66077 -71.2979 2.6
      vertex -2.66077 -73.5021 2.6
      vertex -2.58299 -73.6738 2.6
    endloop
  endfacet
  facet normal -0 0 1
    outer loop
      vertex -2.72716 -71.4743 2.6
      vertex -2.66077 -73.5021 2.6
      vertex -2.66077 -71.2979 2.6
    endloop
  endfacet
  facet normal 0 0 1
    outer loop
      vertex -2.72716 -71.4743 2.6
      vertex -2.72716 -73.3257 2.6
      vertex -2.66077 -73.5021 2.6
    endloop
  endfacet
  facet normal -0 0 1
    outer loop
      vertex -2.78187 -71.6546 2.6
      vertex -2.72716 -73.3257 2.6
      vertex -2.72716 -71.4743 2.6
    endloop
  endfacet
  facet normal 0 0 1
    outer loop
      vertex -2.78187 -71.6546 2.6
      vertex -2.78187 -73.1454 2.6
      vertex -2.72716 -73.3257 2.6
    endloop
  endfacet
  facet normal -0 0 1
    outer loop
      vertex -2.82466 -71.8381 2.6
      vertex -2.78187 -73.1454 2.6
      vertex -2.78187 -71.6546 2.6
    endloop
  endfacet
  facet normal 0 0 1
    outer loop
      vertex -2.82466 -71.8381 2.6
      vertex -2.82466 -72.9619 2.6
      vertex -2.78187 -73.1454 2.6
    endloop
  endfacet
  facet normal -0 0 1
    outer loop
      vertex -2.85536 -72.0241 2.6
      vertex -2.82466 -72.9619 2.6
      vertex -2.82466 -71.8381 2.6
    endloop
  endfacet
  facet normal 0 0 1
    outer loop
      vertex -2.85536 -72.0241 2.6
      vertex -2.85536 -72.7759 2.6
      vertex -2.82466 -72.9619 2.6
    endloop
  endfacet
  facet normal -0 0 1
    outer loop
      vertex -2.87383 -72.2116 2.6
      vertex -2.85536 -72.7759 2.6
      vertex -2.85536 -72.0241 2.6
    endloop
  endfacet
  facet normal 0 0 1
    outer loop
      vertex -2.87383 -72.2116 2.6
      vertex -2.87383 -72.5884 2.6
      vertex -2.85536 -72.7759 2.6
    endloop
  endfacet
  facet normal 0 -0 1
    outer loop
      vertex -2.87383 -72.5884 2.6
      vertex -2.87383 -72.2116 2.6
      vertex -2.88 -72.4 2.6
    endloop
  endfacet
  facet normal 0.812876 -0.582437 0
    outer loop
      vertex 2.28486 -74.1532 2.6
      vertex 2.39463 -74 2
      vertex 2.39463 -74 2.6
    endloop
  endfacet
  facet normal 0.812876 -0.582437 0
    outer loop
      vertex 2.39463 -74 2
      vertex 2.28486 -74.1532 2.6
      vertex 2.28486 -74.1532 2
    endloop
  endfacet
  facet normal 0.849141 -0.528166 0
    outer loop
      vertex 2.39463 -74 2.6
      vertex 2.49415 -73.84 2
      vertex 2.49415 -73.84 2.6
    endloop
  endfacet
  facet normal 0.849141 -0.528166 0
    outer loop
      vertex 2.49415 -73.84 2
      vertex 2.39463 -74 2.6
      vertex 2.39463 -74 2
    endloop
  endfacet
  facet normal 0.2271 -0.973871 0
    outer loop
      vertex 0.56186 -75.2247 2
      vertex 0.745399 -75.1819 2.6
      vertex 0.56186 -75.2247 2.6
    endloop
  endfacet
  facet normal 0.2271 -0.973871 0
    outer loop
      vertex 0.745399 -75.1819 2.6
      vertex 0.56186 -75.2247 2
      vertex 0.745399 -75.1819 2
    endloop
  endfacet
  facet normal 0.290249 -0.956951 0
    outer loop
      vertex 0.745399 -75.1819 2
      vertex 0.925745 -75.1272 2.6
      vertex 0.745399 -75.1819 2.6
    endloop
  endfacet
  facet normal 0.290249 -0.956951 0
    outer loop
      vertex 0.925745 -75.1272 2.6
      vertex 0.745399 -75.1819 2
      vertex 0.925745 -75.1272 2
    endloop
  endfacet
  facet normal -0.93591 -0.35224 0
    outer loop
      vertex -2.66077 -73.5021 2
      vertex -2.72716 -73.3257 2.6
      vertex -2.72716 -73.3257 2
    endloop
  endfacet
  facet normal -0.93591 -0.35224 0
    outer loop
      vertex -2.72716 -73.3257 2.6
      vertex -2.66077 -73.5021 2
      vertex -2.66077 -73.5021 2.6
    endloop
  endfacet
  facet normal 0 0 -1
    outer loop
      vertex 2.87383 -72.5884 2
      vertex 2.87383 -72.2116 2
      vertex 2.88 -72.4 2
    endloop
  endfacet
  facet normal 0 0 -1
    outer loop
      vertex 2.85536 -72.7759 2
      vertex 2.87383 -72.2116 2
      vertex 2.87383 -72.5884 2
    endloop
  endfacet
  facet normal 0 0 -1
    outer loop
      vertex 2.85536 -72.7759 2
      vertex 2.85536 -72.0241 2
      vertex 2.87383 -72.2116 2
    endloop
  endfacet
  facet normal 0 0 -1
    outer loop
      vertex 2.82466 -72.9619 2
      vertex 2.85536 -72.0241 2
      vertex 2.85536 -72.7759 2
    endloop
  endfacet
  facet normal 0 0 -1
    outer loop
      vertex 2.82466 -72.9619 2
      vertex 2.82466 -71.8381 2
      vertex 2.85536 -72.0241 2
    endloop
  endfacet
  facet normal 0 0 -1
    outer loop
      vertex 2.78187 -73.1454 2
      vertex 2.82466 -71.8381 2
      vertex 2.82466 -72.9619 2
    endloop
  endfacet
  facet normal 0 0 -1
    outer loop
      vertex 2.78187 -73.1454 2
      vertex 2.78187 -71.6546 2
      vertex 2.82466 -71.8381 2
    endloop
  endfacet
  facet normal 0 0 -1
    outer loop
      vertex 2.72716 -73.3257 2
      vertex 2.78187 -71.6546 2
      vertex 2.78187 -73.1454 2
    endloop
  endfacet
  facet normal 0 0 -1
    outer loop
      vertex 2.72716 -73.3257 2
      vertex 2.72716 -71.4743 2
      vertex 2.78187 -71.6546 2
    endloop
  endfacet
  facet normal 0 0 -1
    outer loop
      vertex 2.66077 -73.5021 2
      vertex 2.72716 -71.4743 2
      vertex 2.72716 -73.3257 2
    endloop
  endfacet
  facet normal 0 0 -1
    outer loop
      vertex 2.66077 -73.5021 2
      vertex 2.66077 -71.2979 2
      vertex 2.72716 -71.4743 2
    endloop
  endfacet
  facet normal 0 0 -1
    outer loop
      vertex 2.58299 -73.6738 2
      vertex 2.66077 -71.2979 2
      vertex 2.66077 -73.5021 2
    endloop
  endfacet
  facet normal 0 0 -1
    outer loop
      vertex 2.58299 -73.6738 2
      vertex 2.58299 -71.1262 2
      vertex 2.66077 -71.2979 2
    endloop
  endfacet
  facet normal 0 0 -1
    outer loop
      vertex 2.49415 -73.84 2
      vertex 2.58299 -71.1262 2
      vertex 2.58299 -73.6738 2
    endloop
  endfacet
  facet normal 0 0 -1
    outer loop
      vertex 2.49415 -73.84 2
      vertex 2.49415 -70.96 2
      vertex 2.58299 -71.1262 2
    endloop
  endfacet
  facet normal 0 0 -1
    outer loop
      vertex 2.39463 -74 2
      vertex 2.49415 -70.96 2
      vertex 2.49415 -73.84 2
    endloop
  endfacet
  facet normal 0 0 -1
    outer loop
      vertex 2.39463 -74 2
      vertex 2.39463 -70.8 2
      vertex 2.49415 -70.96 2
    endloop
  endfacet
  facet normal 0 0 -1
    outer loop
      vertex 2.28486 -74.1532 2
      vertex 2.39463 -70.8 2
      vertex 2.39463 -74 2
    endloop
  endfacet
  facet normal 0 0 -1
    outer loop
      vertex 2.28486 -74.1532 2
      vertex 2.28486 -70.6468 2
      vertex 2.39463 -70.8 2
    endloop
  endfacet
  facet normal 0 0 -1
    outer loop
      vertex 2.1653 -74.2989 2
      vertex 2.28486 -70.6468 2
      vertex 2.28486 -74.1532 2
    endloop
  endfacet
  facet normal 0 0 -1
    outer loop
      vertex 2.1653 -74.2989 2
      vertex 2.1653 -70.5011 2
      vertex 2.28486 -70.6468 2
    endloop
  endfacet
  facet normal 0 0 -1
    outer loop
      vertex 2.03647 -74.4365 2
      vertex 2.1653 -70.5011 2
      vertex 2.1653 -74.2989 2
    endloop
  endfacet
  facet normal 0 0 -1
    outer loop
      vertex 2.03647 -74.4365 2
      vertex 2.03647 -70.3635 2
      vertex 2.1653 -70.5011 2
    endloop
  endfacet
  facet normal 0 0 -1
    outer loop
      vertex 1.89892 -74.5653 2
      vertex 2.03647 -70.3635 2
      vertex 2.03647 -74.4365 2
    endloop
  endfacet
  facet normal 0 0 -1
    outer loop
      vertex 1.89892 -74.5653 2
      vertex 1.89892 -70.2347 2
      vertex 2.03647 -70.3635 2
    endloop
  endfacet
  facet normal 0 0 -1
    outer loop
      vertex 1.75323 -74.6849 2
      vertex 1.89892 -70.2347 2
      vertex 1.89892 -74.5653 2
    endloop
  endfacet
  facet normal 0 0 -1
    outer loop
      vertex 1.75323 -74.6849 2
      vertex 1.75323 -70.1151 2
      vertex 1.89892 -70.2347 2
    endloop
  endfacet
  facet normal 0 0 -1
    outer loop
      vertex 1.60004 -74.7946 2
      vertex 1.75323 -70.1151 2
      vertex 1.75323 -74.6849 2
    endloop
  endfacet
  facet normal 0 0 -1
    outer loop
      vertex 1.60004 -74.7946 2
      vertex 1.60004 -70.0054 2
      vertex 1.75323 -70.1151 2
    endloop
  endfacet
  facet normal 0 0 -1
    outer loop
      vertex 1.44 -74.8941 2
      vertex 1.60004 -70.0054 2
      vertex 1.60004 -74.7946 2
    endloop
  endfacet
  facet normal 0 0 -1
    outer loop
      vertex 1.44 -74.8941 2
      vertex 1.44 -69.9058 2
      vertex 1.60004 -70.0054 2
    endloop
  endfacet
  facet normal 0 0 -1
    outer loop
      vertex 1.27379 -74.983 2
      vertex 1.44 -69.9058 2
      vertex 1.44 -74.8941 2
    endloop
  endfacet
  facet normal 0 0 -1
    outer loop
      vertex 1.27379 -74.983 2
      vertex 1.27379 -69.817 2
      vertex 1.44 -69.9058 2
    endloop
  endfacet
  facet normal 0 0 -1
    outer loop
      vertex 1.10213 -75.0608 2
      vertex 1.27379 -69.817 2
      vertex 1.27379 -74.983 2
    endloop
  endfacet
  facet normal 0 0 -1
    outer loop
      vertex 1.10213 -75.0608 2
      vertex 1.10213 -69.7392 2
      vertex 1.27379 -69.817 2
    endloop
  endfacet
  facet normal 0 0 -1
    outer loop
      vertex 0.925745 -75.1272 2
      vertex 1.10213 -69.7392 2
      vertex 1.10213 -75.0608 2
    endloop
  endfacet
  facet normal 0 0 -1
    outer loop
      vertex 0.925745 -75.1272 2
      vertex 0.925745 -69.6728 2
      vertex 1.10213 -69.7392 2
    endloop
  endfacet
  facet normal 0 0 -1
    outer loop
      vertex 0.745399 -75.1819 2
      vertex 0.925745 -69.6728 2
      vertex 0.925745 -75.1272 2
    endloop
  endfacet
  facet normal 0 0 -1
    outer loop
      vertex 0.745399 -75.1819 2
      vertex 0.745399 -69.6181 2
      vertex 0.925745 -69.6728 2
    endloop
  endfacet
  facet normal 0 0 -1
    outer loop
      vertex 0.56186 -75.2247 2
      vertex 0.745399 -69.6181 2
      vertex 0.745399 -75.1819 2
    endloop
  endfacet
  facet normal 0 0 -1
    outer loop
      vertex 0.56186 -75.2247 2
      vertex 0.56186 -69.5753 2
      vertex 0.745399 -69.6181 2
    endloop
  endfacet
  facet normal 0 0 -1
    outer loop
      vertex 0.375915 -75.2554 2
      vertex 0.56186 -69.5753 2
      vertex 0.56186 -75.2247 2
    endloop
  endfacet
  facet normal 0 0 -1
    outer loop
      vertex 0.375915 -75.2554 2
      vertex 0.375915 -69.5446 2
      vertex 0.56186 -69.5753 2
    endloop
  endfacet
  facet normal 0 0 -1
    outer loop
      vertex 0.18836 -75.2738 2
      vertex 0.375915 -69.5446 2
      vertex 0.375915 -75.2554 2
    endloop
  endfacet
  facet normal 0 0 -1
    outer loop
      vertex 0.18836 -75.2738 2
      vertex 0.18836 -69.5262 2
      vertex 0.375915 -69.5446 2
    endloop
  endfacet
  facet normal 0 0 -1
    outer loop
      vertex 0 -75.28 2
      vertex 0.18836 -69.5262 2
      vertex 0.18836 -75.2738 2
    endloop
  endfacet
  facet normal 0 0 -1
    outer loop
      vertex 0 -75.28 2
      vertex 0 -69.52 2
      vertex 0.18836 -69.5262 2
    endloop
  endfacet
  facet normal 0 0 -1
    outer loop
      vertex -0.18836 -75.2738 2
      vertex 0 -69.52 2
      vertex 0 -75.28 2
    endloop
  endfacet
  facet normal 0 0 -1
    outer loop
      vertex -0.18836 -75.2738 2
      vertex -0.18836 -69.5262 2
      vertex 0 -69.52 2
    endloop
  endfacet
  facet normal 0 0 -1
    outer loop
      vertex -0.375915 -75.2554 2
      vertex -0.18836 -69.5262 2
      vertex -0.18836 -75.2738 2
    endloop
  endfacet
  facet normal 0 0 -1
    outer loop
      vertex -0.375915 -75.2554 2
      vertex -0.375915 -69.5446 2
      vertex -0.18836 -69.5262 2
    endloop
  endfacet
  facet normal 0 0 -1
    outer loop
      vertex -0.56186 -75.2247 2
      vertex -0.375915 -69.5446 2
      vertex -0.375915 -75.2554 2
    endloop
  endfacet
  facet normal 0 0 -1
    outer loop
      vertex -0.56186 -75.2247 2
      vertex -0.56186 -69.5753 2
      vertex -0.375915 -69.5446 2
    endloop
  endfacet
  facet normal 0 0 -1
    outer loop
      vertex -0.745399 -75.1819 2
      vertex -0.56186 -69.5753 2
      vertex -0.56186 -75.2247 2
    endloop
  endfacet
  facet normal 0 0 -1
    outer loop
      vertex -0.745399 -75.1819 2
      vertex -0.745399 -69.6181 2
      vertex -0.56186 -69.5753 2
    endloop
  endfacet
  facet normal 0 0 -1
    outer loop
      vertex -0.925745 -75.1272 2
      vertex -0.745399 -69.6181 2
      vertex -0.745399 -75.1819 2
    endloop
  endfacet
  facet normal 0 0 -1
    outer loop
      vertex -0.925745 -75.1272 2
      vertex -0.925745 -69.6728 2
      vertex -0.745399 -69.6181 2
    endloop
  endfacet
  facet normal 0 0 -1
    outer loop
      vertex -1.10213 -75.0608 2
      vertex -0.925745 -69.6728 2
      vertex -0.925745 -75.1272 2
    endloop
  endfacet
  facet normal 0 0 -1
    outer loop
      vertex -1.10213 -75.0608 2
      vertex -1.10213 -69.7392 2
      vertex -0.925745 -69.6728 2
    endloop
  endfacet
  facet normal 0 0 -1
    outer loop
      vertex -1.27379 -74.983 2
      vertex -1.10213 -69.7392 2
      vertex -1.10213 -75.0608 2
    endloop
  endfacet
  facet normal 0 0 -1
    outer loop
      vertex -1.27379 -74.983 2
      vertex -1.27379 -69.817 2
      vertex -1.10213 -69.7392 2
    endloop
  endfacet
  facet normal 0 0 -1
    outer loop
      vertex -1.44 -74.8941 2
      vertex -1.27379 -69.817 2
      vertex -1.27379 -74.983 2
    endloop
  endfacet
  facet normal 0 0 -1
    outer loop
      vertex -1.44 -74.8941 2
      vertex -1.44 -69.9058 2
      vertex -1.27379 -69.817 2
    endloop
  endfacet
  facet normal 0 0 -1
    outer loop
      vertex -1.60004 -74.7946 2
      vertex -1.44 -69.9058 2
      vertex -1.44 -74.8941 2
    endloop
  endfacet
  facet normal 0 0 -1
    outer loop
      vertex -1.60004 -74.7946 2
      vertex -1.60004 -70.0054 2
      vertex -1.44 -69.9058 2
    endloop
  endfacet
  facet normal 0 0 -1
    outer loop
      vertex -1.75323 -74.6849 2
      vertex -1.60004 -70.0054 2
      vertex -1.60004 -74.7946 2
    endloop
  endfacet
  facet normal 0 0 -1
    outer loop
      vertex -1.75323 -74.6849 2
      vertex -1.75323 -70.1151 2
      vertex -1.60004 -70.0054 2
    endloop
  endfacet
  facet normal 0 0 -1
    outer loop
      vertex -1.89892 -74.5653 2
      vertex -1.75323 -70.1151 2
      vertex -1.75323 -74.6849 2
    endloop
  endfacet
  facet normal 0 0 -1
    outer loop
      vertex -1.89892 -74.5653 2
      vertex -1.89892 -70.2347 2
      vertex -1.75323 -70.1151 2
    endloop
  endfacet
  facet normal 0 0 -1
    outer loop
      vertex -2.03647 -74.4365 2
      vertex -1.89892 -70.2347 2
      vertex -1.89892 -74.5653 2
    endloop
  endfacet
  facet normal 0 0 -1
    outer loop
      vertex -2.03647 -74.4365 2
      vertex -2.03647 -70.3635 2
      vertex -1.89892 -70.2347 2
    endloop
  endfacet
  facet normal 0 0 -1
    outer loop
      vertex -2.1653 -74.2989 2
      vertex -2.03647 -70.3635 2
      vertex -2.03647 -74.4365 2
    endloop
  endfacet
  facet normal 0 0 -1
    outer loop
      vertex -2.1653 -74.2989 2
      vertex -2.1653 -70.5011 2
      vertex -2.03647 -70.3635 2
    endloop
  endfacet
  facet normal 0 0 -1
    outer loop
      vertex -2.28486 -74.1532 2
      vertex -2.1653 -70.5011 2
      vertex -2.1653 -74.2989 2
    endloop
  endfacet
  facet normal 0 0 -1
    outer loop
      vertex -2.28486 -74.1532 2
      vertex -2.28486 -70.6468 2
      vertex -2.1653 -70.5011 2
    endloop
  endfacet
  facet normal 0 0 -1
    outer loop
      vertex -2.39463 -74 2
      vertex -2.28486 -70.6468 2
      vertex -2.28486 -74.1532 2
    endloop
  endfacet
  facet normal 0 0 -1
    outer loop
      vertex -2.39463 -74 2
      vertex -2.39463 -70.8 2
      vertex -2.28486 -70.6468 2
    endloop
  endfacet
  facet normal 0 0 -1
    outer loop
      vertex -2.49415 -73.84 2
      vertex -2.39463 -70.8 2
      vertex -2.39463 -74 2
    endloop
  endfacet
  facet normal 0 0 -1
    outer loop
      vertex -2.49415 -73.84 2
      vertex -2.49415 -70.96 2
      vertex -2.39463 -70.8 2
    endloop
  endfacet
  facet normal 0 0 -1
    outer loop
      vertex -2.58299 -73.6738 2
      vertex -2.49415 -70.96 2
      vertex -2.49415 -73.84 2
    endloop
  endfacet
  facet normal 0 0 -1
    outer loop
      vertex -2.58299 -73.6738 2
      vertex -2.58299 -71.1262 2
      vertex -2.49415 -70.96 2
    endloop
  endfacet
  facet normal 0 0 -1
    outer loop
      vertex -2.66077 -73.5021 2
      vertex -2.58299 -71.1262 2
      vertex -2.58299 -73.6738 2
    endloop
  endfacet
  facet normal 0 0 -1
    outer loop
      vertex -2.66077 -73.5021 2
      vertex -2.66077 -71.2979 2
      vertex -2.58299 -71.1262 2
    endloop
  endfacet
  facet normal 0 0 -1
    outer loop
      vertex -2.72716 -73.3257 2
      vertex -2.66077 -71.2979 2
      vertex -2.66077 -73.5021 2
    endloop
  endfacet
  facet normal 0 0 -1
    outer loop
      vertex -2.72716 -73.3257 2
      vertex -2.72716 -71.4743 2
      vertex -2.66077 -71.2979 2
    endloop
  endfacet
  facet normal 0 0 -1
    outer loop
      vertex -2.78187 -73.1454 2
      vertex -2.72716 -71.4743 2
      vertex -2.72716 -73.3257 2
    endloop
  endfacet
  facet normal 0 0 -1
    outer loop
      vertex -2.78187 -73.1454 2
      vertex -2.78187 -71.6546 2
      vertex -2.72716 -71.4743 2
    endloop
  endfacet
  facet normal 0 0 -1
    outer loop
      vertex -2.82466 -72.9619 2
      vertex -2.78187 -71.6546 2
      vertex -2.78187 -73.1454 2
    endloop
  endfacet
  facet normal 0 0 -1
    outer loop
      vertex -2.82466 -72.9619 2
      vertex -2.82466 -71.8381 2
      vertex -2.78187 -71.6546 2
    endloop
  endfacet
  facet normal 0 0 -1
    outer loop
      vertex -2.85536 -72.7759 2
      vertex -2.82466 -71.8381 2
      vertex -2.82466 -72.9619 2
    endloop
  endfacet
  facet normal 0 0 -1
    outer loop
      vertex -2.85536 -72.7759 2
      vertex -2.85536 -72.0241 2
      vertex -2.82466 -71.8381 2
    endloop
  endfacet
  facet normal 0 0 -1
    outer loop
      vertex -2.87383 -72.5884 2
      vertex -2.85536 -72.0241 2
      vertex -2.85536 -72.7759 2
    endloop
  endfacet
  facet normal 0 0 -1
    outer loop
      vertex -2.87383 -72.5884 2
      vertex -2.87383 -72.2116 2
      vertex -2.85536 -72.0241 2
    endloop
  endfacet
  facet normal 0 -0 -1
    outer loop
      vertex -2.87383 -72.2116 2
      vertex -2.87383 -72.5884 2
      vertex -2.88 -72.4 2
    endloop
  endfacet
  facet normal -0.412803 -0.91082 0
    outer loop
      vertex -1.27379 -74.983 2
      vertex -1.10213 -75.0608 2.6
      vertex -1.27379 -74.983 2.6
    endloop
  endfacet
  facet normal -0.412803 -0.91082 -0
    outer loop
      vertex -1.10213 -75.0608 2.6
      vertex -1.27379 -74.983 2
      vertex -1.10213 -75.0608 2
    endloop
  endfacet
  facet normal -0.0328979 -0.999459 0
    outer loop
      vertex -0.18836 -75.2738 2
      vertex 0 -75.28 2.6
      vertex -0.18836 -75.2738 2.6
    endloop
  endfacet
  facet normal -0.0328979 -0.999459 -0
    outer loop
      vertex 0 -75.28 2.6
      vertex -0.18836 -75.2738 2
      vertex 0 -75.28 2
    endloop
  endfacet
  facet normal 0.352312 0.935883 -0
    outer loop
      vertex 1.10213 -69.7392 2
      vertex 0.925745 -69.6728 2.6
      vertex 1.10213 -69.7392 2.6
    endloop
  endfacet
  facet normal 0.352312 0.935883 0
    outer loop
      vertex 0.925745 -69.6728 2.6
      vertex 1.10213 -69.7392 2
      vertex 0.925745 -69.6728 2
    endloop
  endfacet
  facet normal 0.729987 0.683461 0
    outer loop
      vertex 2.1653 -70.5011 2.6
      vertex 2.03647 -70.3635 2
      vertex 2.03647 -70.3635 2.6
    endloop
  endfacet
  facet normal 0.729987 0.683461 0
    outer loop
      vertex 2.03647 -70.3635 2
      vertex 2.1653 -70.5011 2.6
      vertex 2.1653 -70.5011 2
    endloop
  endfacet
  facet normal 0.582217 0.813034 -0
    outer loop
      vertex 1.75323 -70.1151 2
      vertex 1.60004 -70.0054 2.6
      vertex 1.75323 -70.1151 2.6
    endloop
  endfacet
  facet normal 0.582217 0.813034 0
    outer loop
      vertex 1.60004 -70.0054 2.6
      vertex 1.75323 -70.1151 2
      vertex 1.60004 -70.0054 2
    endloop
  endfacet
  facet normal -0.849141 0.528166 0
    outer loop
      vertex -2.49415 -70.96 2
      vertex -2.39463 -70.8 2.6
      vertex -2.39463 -70.8 2
    endloop
  endfacet
  facet normal -0.849141 0.528166 0
    outer loop
      vertex -2.39463 -70.8 2.6
      vertex -2.49415 -70.96 2
      vertex -2.49415 -70.96 2.6
    endloop
  endfacet
  facet normal -0.93591 0.35224 0
    outer loop
      vertex -2.72716 -71.4743 2
      vertex -2.66077 -71.2979 2.6
      vertex -2.66077 -71.2979 2
    endloop
  endfacet
  facet normal -0.93591 0.35224 0
    outer loop
      vertex -2.66077 -71.2979 2.6
      vertex -2.72716 -71.4743 2
      vertex -2.72716 -71.4743 2.6
    endloop
  endfacet
  facet normal -0.999464 0.0327319 0
    outer loop
      vertex -2.88 -72.4 2
      vertex -2.87383 -72.2116 2.6
      vertex -2.87383 -72.2116 2
    endloop
  endfacet
  facet normal -0.999464 0.0327319 0
    outer loop
      vertex -2.87383 -72.2116 2.6
      vertex -2.88 -72.4 2
      vertex -2.88 -72.4 2.6
    endloop
  endfacet
  facet normal 0.973873 -0.227095 0
    outer loop
      vertex 2.78187 -73.1454 2.6
      vertex 2.82466 -72.9619 2
      vertex 2.82466 -72.9619 2.6
    endloop
  endfacet
  facet normal 0.973873 -0.227095 0
    outer loop
      vertex 2.82466 -72.9619 2
      vertex 2.78187 -73.1454 2.6
      vertex 2.78187 -73.1454 2
    endloop
  endfacet
  facet normal 0.986651 -0.16285 0
    outer loop
      vertex 2.82466 -72.9619 2.6
      vertex 2.85536 -72.7759 2
      vertex 2.85536 -72.7759 2.6
    endloop
  endfacet
  facet normal 0.986651 -0.16285 0
    outer loop
      vertex 2.85536 -72.7759 2
      vertex 2.82466 -72.9619 2.6
      vertex 2.82466 -72.9619 2
    endloop
  endfacet
  facet normal 0.956916 -0.290365 0
    outer loop
      vertex 2.72716 -73.3257 2.6
      vertex 2.78187 -73.1454 2
      vertex 2.78187 -73.1454 2.6
    endloop
  endfacet
  facet normal 0.956916 -0.290365 0
    outer loop
      vertex 2.78187 -73.1454 2
      vertex 2.72716 -73.3257 2.6
      vertex 2.72716 -73.3257 2
    endloop
  endfacet
  facet normal 0.773044 -0.634352 0
    outer loop
      vertex 2.1653 -74.2989 2.6
      vertex 2.28486 -74.1532 2
      vertex 2.28486 -74.1532 2.6
    endloop
  endfacet
  facet normal 0.773044 -0.634352 0
    outer loop
      vertex 2.28486 -74.1532 2
      vertex 2.1653 -74.2989 2.6
      vertex 2.1653 -74.2989 2
    endloop
  endfacet
  facet normal 0.0976358 -0.995222 0
    outer loop
      vertex 0.18836 -75.2738 2
      vertex 0.375915 -75.2554 2.6
      vertex 0.18836 -75.2738 2.6
    endloop
  endfacet
  facet normal 0.0976358 -0.995222 0
    outer loop
      vertex 0.375915 -75.2554 2.6
      vertex 0.18836 -75.2738 2
      vertex 0.375915 -75.2554 2
    endloop
  endfacet
  facet normal 0.47164 -0.881791 0
    outer loop
      vertex 1.27379 -74.983 2
      vertex 1.44 -74.8941 2.6
      vertex 1.27379 -74.983 2.6
    endloop
  endfacet
  facet normal 0.47164 -0.881791 0
    outer loop
      vertex 1.44 -74.8941 2.6
      vertex 1.27379 -74.983 2
      vertex 1.44 -74.8941 2
    endloop
  endfacet
  facet normal 0.634505 -0.772919 0
    outer loop
      vertex 1.75323 -74.6849 2
      vertex 1.89892 -74.5653 2.6
      vertex 1.75323 -74.6849 2.6
    endloop
  endfacet
  facet normal 0.634505 -0.772919 0
    outer loop
      vertex 1.89892 -74.5653 2.6
      vertex 1.75323 -74.6849 2
      vertex 1.89892 -74.5653 2
    endloop
  endfacet
  facet normal -0.812876 -0.582437 0
    outer loop
      vertex -2.28486 -74.1532 2
      vertex -2.39463 -74 2.6
      vertex -2.39463 -74 2
    endloop
  endfacet
  facet normal -0.812876 -0.582437 0
    outer loop
      vertex -2.39463 -74 2.6
      vertex -2.28486 -74.1532 2
      vertex -2.28486 -74.1532 2.6
    endloop
  endfacet
  facet normal -0.773044 -0.634352 0
    outer loop
      vertex -2.1653 -74.2989 2
      vertex -2.28486 -74.1532 2.6
      vertex -2.28486 -74.1532 2
    endloop
  endfacet
  facet normal -0.773044 -0.634352 0
    outer loop
      vertex -2.28486 -74.1532 2.6
      vertex -2.1653 -74.2989 2
      vertex -2.1653 -74.2989 2.6
    endloop
  endfacet
  facet normal -0.849141 -0.528166 0
    outer loop
      vertex -2.39463 -74 2
      vertex -2.49415 -73.84 2.6
      vertex -2.49415 -73.84 2
    endloop
  endfacet
  facet normal -0.849141 -0.528166 0
    outer loop
      vertex -2.49415 -73.84 2.6
      vertex -2.39463 -74 2
      vertex -2.39463 -74 2.6
    endloop
  endfacet
  facet normal -0.973873 -0.227095 0
    outer loop
      vertex -2.78187 -73.1454 2
      vertex -2.82466 -72.9619 2.6
      vertex -2.82466 -72.9619 2
    endloop
  endfacet
  facet normal -0.973873 -0.227095 0
    outer loop
      vertex -2.82466 -72.9619 2.6
      vertex -2.78187 -73.1454 2
      vertex -2.78187 -73.1454 2.6
    endloop
  endfacet
  facet normal -0.956916 -0.290365 0
    outer loop
      vertex -2.72716 -73.3257 2
      vertex -2.78187 -73.1454 2.6
      vertex -2.78187 -73.1454 2
    endloop
  endfacet
  facet normal -0.956916 -0.290365 0
    outer loop
      vertex -2.78187 -73.1454 2.6
      vertex -2.72716 -73.3257 2
      vertex -2.72716 -73.3257 2.6
    endloop
  endfacet
  facet normal -0.995183 -0.0980322 0
    outer loop
      vertex -2.85536 -72.7759 2
      vertex -2.87383 -72.5884 2.6
      vertex -2.87383 -72.5884 2
    endloop
  endfacet
  facet normal -0.995183 -0.0980322 0
    outer loop
      vertex -2.87383 -72.5884 2.6
      vertex -2.85536 -72.7759 2
      vertex -2.85536 -72.7759 2.6
    endloop
  endfacet
  facet normal -0.527994 -0.849248 0
    outer loop
      vertex -1.60004 -74.7946 2
      vertex -1.44 -74.8941 2.6
      vertex -1.60004 -74.7946 2.6
    endloop
  endfacet
  facet normal -0.527994 -0.849248 -0
    outer loop
      vertex -1.44 -74.8941 2.6
      vertex -1.60004 -74.7946 2
      vertex -1.44 -74.8941 2
    endloop
  endfacet
  facet normal -0.47164 -0.881791 0
    outer loop
      vertex -1.44 -74.8941 2
      vertex -1.27379 -74.983 2.6
      vertex -1.44 -74.8941 2.6
    endloop
  endfacet
  facet normal -0.47164 -0.881791 -0
    outer loop
      vertex -1.27379 -74.983 2.6
      vertex -1.44 -74.8941 2
      vertex -1.27379 -74.983 2
    endloop
  endfacet
  facet normal -0.582217 -0.813034 0
    outer loop
      vertex -1.75323 -74.6849 2
      vertex -1.60004 -74.7946 2.6
      vertex -1.75323 -74.6849 2.6
    endloop
  endfacet
  facet normal -0.582217 -0.813034 -0
    outer loop
      vertex -1.60004 -74.7946 2.6
      vertex -1.75323 -74.6849 2
      vertex -1.60004 -74.7946 2
    endloop
  endfacet
  facet normal -0.2271 -0.973871 0
    outer loop
      vertex -0.745399 -75.1819 2
      vertex -0.56186 -75.2247 2.6
      vertex -0.745399 -75.1819 2.6
    endloop
  endfacet
  facet normal -0.2271 -0.973871 -0
    outer loop
      vertex -0.56186 -75.2247 2.6
      vertex -0.745399 -75.1819 2
      vertex -0.56186 -75.2247 2
    endloop
  endfacet
  facet normal 0.0976358 0.995222 -0
    outer loop
      vertex 0.375915 -69.5446 2
      vertex 0.18836 -69.5262 2.6
      vertex 0.375915 -69.5446 2.6
    endloop
  endfacet
  facet normal 0.0976358 0.995222 0
    outer loop
      vertex 0.18836 -69.5262 2.6
      vertex 0.375915 -69.5446 2
      vertex 0.18836 -69.5262 2
    endloop
  endfacet
  facet normal 0.2271 0.973871 -0
    outer loop
      vertex 0.745399 -69.6181 2
      vertex 0.56186 -69.5753 2.6
      vertex 0.745399 -69.6181 2.6
    endloop
  endfacet
  facet normal 0.2271 0.973871 0
    outer loop
      vertex 0.56186 -69.5753 2.6
      vertex 0.745399 -69.6181 2
      vertex 0.56186 -69.5753 2
    endloop
  endfacet
  facet normal 0.290249 0.956951 -0
    outer loop
      vertex 0.925745 -69.6728 2
      vertex 0.745399 -69.6181 2.6
      vertex 0.925745 -69.6728 2.6
    endloop
  endfacet
  facet normal 0.290249 0.956951 0
    outer loop
      vertex 0.745399 -69.6181 2.6
      vertex 0.925745 -69.6728 2
      vertex 0.745399 -69.6181 2
    endloop
  endfacet
  facet normal 0.634505 0.772919 -0
    outer loop
      vertex 1.89892 -70.2347 2
      vertex 1.75323 -70.1151 2.6
      vertex 1.89892 -70.2347 2.6
    endloop
  endfacet
  facet normal 0.634505 0.772919 0
    outer loop
      vertex 1.75323 -70.1151 2.6
      vertex 1.89892 -70.2347 2
      vertex 1.75323 -70.1151 2
    endloop
  endfacet
  facet normal 0.683509 0.729943 -0
    outer loop
      vertex 2.03647 -70.3635 2
      vertex 1.89892 -70.2347 2.6
      vertex 2.03647 -70.3635 2.6
    endloop
  endfacet
  facet normal 0.683509 0.729943 0
    outer loop
      vertex 1.89892 -70.2347 2.6
      vertex 2.03647 -70.3635 2
      vertex 1.89892 -70.2347 2
    endloop
  endfacet
  facet normal 0.528377 0.84901 -0
    outer loop
      vertex 1.60004 -70.0054 2
      vertex 1.44 -69.9058 2.6
      vertex 1.60004 -70.0054 2.6
    endloop
  endfacet
  facet normal 0.528377 0.84901 0
    outer loop
      vertex 1.44 -69.9058 2.6
      vertex 1.60004 -70.0054 2
      vertex 1.44 -69.9058 2
    endloop
  endfacet
  facet normal 0.849141 0.528166 0
    outer loop
      vertex 2.49415 -70.96 2.6
      vertex 2.39463 -70.8 2
      vertex 2.39463 -70.8 2.6
    endloop
  endfacet
  facet normal 0.849141 0.528166 0
    outer loop
      vertex 2.39463 -70.8 2
      vertex 2.49415 -70.96 2.6
      vertex 2.49415 -70.96 2
    endloop
  endfacet
  facet normal 0.773044 0.634352 0
    outer loop
      vertex 2.28486 -70.6468 2.6
      vertex 2.1653 -70.5011 2
      vertex 2.1653 -70.5011 2.6
    endloop
  endfacet
  facet normal 0.773044 0.634352 0
    outer loop
      vertex 2.1653 -70.5011 2
      vertex 2.28486 -70.6468 2.6
      vertex 2.28486 -70.6468 2
    endloop
  endfacet
  facet normal 0.812876 0.582437 0
    outer loop
      vertex 2.39463 -70.8 2.6
      vertex 2.28486 -70.6468 2
      vertex 2.28486 -70.6468 2.6
    endloop
  endfacet
  facet normal 0.812876 0.582437 0
    outer loop
      vertex 2.28486 -70.6468 2
      vertex 2.39463 -70.8 2.6
      vertex 2.39463 -70.8 2
    endloop
  endfacet
  facet normal 0.93591 0.35224 0
    outer loop
      vertex 2.72716 -71.4743 2.6
      vertex 2.66077 -71.2979 2
      vertex 2.66077 -71.2979 2.6
    endloop
  endfacet
  facet normal 0.93591 0.35224 0
    outer loop
      vertex 2.66077 -71.2979 2
      vertex 2.72716 -71.4743 2.6
      vertex 2.72716 -71.4743 2
    endloop
  endfacet
  facet normal 0.986651 0.16285 0
    outer loop
      vertex 2.85536 -72.0241 2.6
      vertex 2.82466 -71.8381 2
      vertex 2.82466 -71.8381 2.6
    endloop
  endfacet
  facet normal 0.986651 0.16285 0
    outer loop
      vertex 2.82466 -71.8381 2
      vertex 2.85536 -72.0241 2.6
      vertex 2.85536 -72.0241 2
    endloop
  endfacet
  facet normal 0.956916 0.290365 0
    outer loop
      vertex 2.78187 -71.6546 2.6
      vertex 2.72716 -71.4743 2
      vertex 2.72716 -71.4743 2.6
    endloop
  endfacet
  facet normal 0.956916 0.290365 0
    outer loop
      vertex 2.72716 -71.4743 2
      vertex 2.78187 -71.6546 2.6
      vertex 2.78187 -71.6546 2
    endloop
  endfacet
  facet normal 0.973873 0.227095 0
    outer loop
      vertex 2.82466 -71.8381 2.6
      vertex 2.78187 -71.6546 2
      vertex 2.78187 -71.6546 2.6
    endloop
  endfacet
  facet normal 0.973873 0.227095 0
    outer loop
      vertex 2.78187 -71.6546 2
      vertex 2.82466 -71.8381 2.6
      vertex 2.82466 -71.8381 2
    endloop
  endfacet
  facet normal 0.995183 0.0980322 0
    outer loop
      vertex 2.87383 -72.2116 2.6
      vertex 2.85536 -72.0241 2
      vertex 2.85536 -72.0241 2.6
    endloop
  endfacet
  facet normal 0.995183 0.0980322 0
    outer loop
      vertex 2.85536 -72.0241 2
      vertex 2.87383 -72.2116 2.6
      vertex 2.87383 -72.2116 2
    endloop
  endfacet
  facet normal 0.999464 0.0327319 0
    outer loop
      vertex 2.88 -72.4 2.6
      vertex 2.87383 -72.2116 2
      vertex 2.87383 -72.2116 2.6
    endloop
  endfacet
  facet normal 0.999464 0.0327319 0
    outer loop
      vertex 2.87383 -72.2116 2
      vertex 2.88 -72.4 2.6
      vertex 2.88 -72.4 2
    endloop
  endfacet
  facet normal -0.582217 0.813034 0
    outer loop
      vertex -1.60004 -70.0054 2
      vertex -1.75323 -70.1151 2.6
      vertex -1.60004 -70.0054 2.6
    endloop
  endfacet
  facet normal -0.582217 0.813034 0
    outer loop
      vertex -1.75323 -70.1151 2.6
      vertex -1.60004 -70.0054 2
      vertex -1.75323 -70.1151 2
    endloop
  endfacet
  facet normal -0.683509 0.729943 0
    outer loop
      vertex -1.89892 -70.2347 2
      vertex -2.03647 -70.3635 2.6
      vertex -1.89892 -70.2347 2.6
    endloop
  endfacet
  facet normal -0.683509 0.729943 0
    outer loop
      vertex -2.03647 -70.3635 2.6
      vertex -1.89892 -70.2347 2
      vertex -2.03647 -70.3635 2
    endloop
  endfacet
  facet normal -0.634505 0.772919 0
    outer loop
      vertex -1.75323 -70.1151 2
      vertex -1.89892 -70.2347 2.6
      vertex -1.75323 -70.1151 2.6
    endloop
  endfacet
  facet normal -0.634505 0.772919 0
    outer loop
      vertex -1.89892 -70.2347 2.6
      vertex -1.75323 -70.1151 2
      vertex -1.89892 -70.2347 2
    endloop
  endfacet
  facet normal -0.412803 0.91082 0
    outer loop
      vertex -1.10213 -69.7392 2
      vertex -1.27379 -69.817 2.6
      vertex -1.10213 -69.7392 2.6
    endloop
  endfacet
  facet normal -0.412803 0.91082 0
    outer loop
      vertex -1.27379 -69.817 2.6
      vertex -1.10213 -69.7392 2
      vertex -1.27379 -69.817 2
    endloop
  endfacet
  facet normal -0.290249 0.956951 0
    outer loop
      vertex -0.745399 -69.6181 2
      vertex -0.925745 -69.6728 2.6
      vertex -0.745399 -69.6181 2.6
    endloop
  endfacet
  facet normal -0.290249 0.956951 0
    outer loop
      vertex -0.925745 -69.6728 2.6
      vertex -0.745399 -69.6181 2
      vertex -0.925745 -69.6728 2
    endloop
  endfacet
  facet normal -0.352312 0.935883 0
    outer loop
      vertex -0.925745 -69.6728 2
      vertex -1.10213 -69.7392 2.6
      vertex -0.925745 -69.6728 2.6
    endloop
  endfacet
  facet normal -0.352312 0.935883 0
    outer loop
      vertex -1.10213 -69.7392 2.6
      vertex -0.925745 -69.6728 2
      vertex -1.10213 -69.7392 2
    endloop
  endfacet
  facet normal -0.2271 0.973871 0
    outer loop
      vertex -0.56186 -69.5753 2
      vertex -0.745399 -69.6181 2.6
      vertex -0.56186 -69.5753 2.6
    endloop
  endfacet
  facet normal -0.2271 0.973871 0
    outer loop
      vertex -0.745399 -69.6181 2.6
      vertex -0.56186 -69.5753 2
      vertex -0.745399 -69.6181 2
    endloop
  endfacet
  facet normal -0.162897 0.986643 0
    outer loop
      vertex -0.375915 -69.5446 2
      vertex -0.56186 -69.5753 2.6
      vertex -0.375915 -69.5446 2.6
    endloop
  endfacet
  facet normal -0.162897 0.986643 0
    outer loop
      vertex -0.56186 -69.5753 2.6
      vertex -0.375915 -69.5446 2
      vertex -0.56186 -69.5753 2
    endloop
  endfacet
  facet normal -0.0328979 0.999459 0
    outer loop
      vertex 0 -69.52 2
      vertex -0.18836 -69.5262 2.6
      vertex 0 -69.52 2.6
    endloop
  endfacet
  facet normal -0.0328979 0.999459 0
    outer loop
      vertex -0.18836 -69.5262 2.6
      vertex 0 -69.52 2
      vertex -0.18836 -69.5262 2
    endloop
  endfacet
  facet normal -0.910896 0.412635 0
    outer loop
      vertex -2.66077 -71.2979 2
      vertex -2.58299 -71.1262 2.6
      vertex -2.58299 -71.1262 2
    endloop
  endfacet
  facet normal -0.910896 0.412635 0
    outer loop
      vertex -2.58299 -71.1262 2.6
      vertex -2.66077 -71.2979 2
      vertex -2.66077 -71.2979 2.6
    endloop
  endfacet
  facet normal -0.812876 0.582437 0
    outer loop
      vertex -2.39463 -70.8 2
      vertex -2.28486 -70.6468 2.6
      vertex -2.28486 -70.6468 2
    endloop
  endfacet
  facet normal -0.812876 0.582437 0
    outer loop
      vertex -2.28486 -70.6468 2.6
      vertex -2.39463 -70.8 2
      vertex -2.39463 -70.8 2.6
    endloop
  endfacet
  facet normal -0.881912 0.471414 0
    outer loop
      vertex -2.58299 -71.1262 2
      vertex -2.49415 -70.96 2.6
      vertex -2.49415 -70.96 2
    endloop
  endfacet
  facet normal -0.881912 0.471414 0
    outer loop
      vertex -2.49415 -70.96 2.6
      vertex -2.58299 -71.1262 2
      vertex -2.58299 -71.1262 2.6
    endloop
  endfacet
  facet normal -0.973873 0.227095 0
    outer loop
      vertex -2.82466 -71.8381 2
      vertex -2.78187 -71.6546 2.6
      vertex -2.78187 -71.6546 2
    endloop
  endfacet
  facet normal -0.973873 0.227095 0
    outer loop
      vertex -2.78187 -71.6546 2.6
      vertex -2.82466 -71.8381 2
      vertex -2.82466 -71.8381 2.6
    endloop
  endfacet
  facet normal 0.93591 -0.35224 0
    outer loop
      vertex 2.66077 -73.5021 2.6
      vertex 2.72716 -73.3257 2
      vertex 2.72716 -73.3257 2.6
    endloop
  endfacet
  facet normal 0.93591 -0.35224 0
    outer loop
      vertex 2.72716 -73.3257 2
      vertex 2.66077 -73.5021 2.6
      vertex 2.66077 -73.5021 2
    endloop
  endfacet
  facet normal 0.729987 -0.683461 0
    outer loop
      vertex 2.03647 -74.4365 2.6
      vertex 2.1653 -74.2989 2
      vertex 2.1653 -74.2989 2.6
    endloop
  endfacet
  facet normal 0.729987 -0.683461 0
    outer loop
      vertex 2.1653 -74.2989 2
      vertex 2.03647 -74.4365 2.6
      vertex 2.03647 -74.4365 2
    endloop
  endfacet
  facet normal 0.881912 -0.471414 0
    outer loop
      vertex 2.49415 -73.84 2.6
      vertex 2.58299 -73.6738 2
      vertex 2.58299 -73.6738 2.6
    endloop
  endfacet
  facet normal 0.881912 -0.471414 0
    outer loop
      vertex 2.58299 -73.6738 2
      vertex 2.49415 -73.84 2.6
      vertex 2.49415 -73.84 2
    endloop
  endfacet
  facet normal 0.352312 -0.935883 0
    outer loop
      vertex 0.925745 -75.1272 2
      vertex 1.10213 -75.0608 2.6
      vertex 0.925745 -75.1272 2.6
    endloop
  endfacet
  facet normal 0.352312 -0.935883 0
    outer loop
      vertex 1.10213 -75.0608 2.6
      vertex 0.925745 -75.1272 2
      vertex 1.10213 -75.0608 2
    endloop
  endfacet
  facet normal 0.162897 -0.986643 0
    outer loop
      vertex 0.375915 -75.2554 2
      vertex 0.56186 -75.2247 2.6
      vertex 0.375915 -75.2554 2.6
    endloop
  endfacet
  facet normal 0.162897 -0.986643 0
    outer loop
      vertex 0.56186 -75.2247 2.6
      vertex 0.375915 -75.2554 2
      vertex 0.56186 -75.2247 2
    endloop
  endfacet
  facet normal 0.582217 -0.813034 0
    outer loop
      vertex 1.60004 -74.7946 2
      vertex 1.75323 -74.6849 2.6
      vertex 1.60004 -74.7946 2.6
    endloop
  endfacet
  facet normal 0.582217 -0.813034 0
    outer loop
      vertex 1.75323 -74.6849 2.6
      vertex 1.60004 -74.7946 2
      vertex 1.75323 -74.6849 2
    endloop
  endfacet
  facet normal -0.881912 -0.471414 0
    outer loop
      vertex -2.49415 -73.84 2
      vertex -2.58299 -73.6738 2.6
      vertex -2.58299 -73.6738 2
    endloop
  endfacet
  facet normal -0.881912 -0.471414 0
    outer loop
      vertex -2.58299 -73.6738 2.6
      vertex -2.49415 -73.84 2
      vertex -2.49415 -73.84 2.6
    endloop
  endfacet
  facet normal -0.986651 -0.16285 0
    outer loop
      vertex -2.82466 -72.9619 2
      vertex -2.85536 -72.7759 2.6
      vertex -2.85536 -72.7759 2
    endloop
  endfacet
  facet normal -0.986651 -0.16285 0
    outer loop
      vertex -2.85536 -72.7759 2.6
      vertex -2.82466 -72.9619 2
      vertex -2.82466 -72.9619 2.6
    endloop
  endfacet
  facet normal -0.634505 -0.772919 0
    outer loop
      vertex -1.89892 -74.5653 2
      vertex -1.75323 -74.6849 2.6
      vertex -1.89892 -74.5653 2.6
    endloop
  endfacet
  facet normal -0.634505 -0.772919 -0
    outer loop
      vertex -1.75323 -74.6849 2.6
      vertex -1.89892 -74.5653 2
      vertex -1.75323 -74.6849 2
    endloop
  endfacet
  facet normal -0.290249 -0.956951 0
    outer loop
      vertex -0.925745 -75.1272 2
      vertex -0.745399 -75.1819 2.6
      vertex -0.925745 -75.1272 2.6
    endloop
  endfacet
  facet normal -0.290249 -0.956951 -0
    outer loop
      vertex -0.745399 -75.1819 2.6
      vertex -0.925745 -75.1272 2
      vertex -0.745399 -75.1819 2
    endloop
  endfacet
  facet normal -0.0976358 -0.995222 0
    outer loop
      vertex -0.375915 -75.2554 2
      vertex -0.18836 -75.2738 2.6
      vertex -0.375915 -75.2554 2.6
    endloop
  endfacet
  facet normal -0.0976358 -0.995222 -0
    outer loop
      vertex -0.18836 -75.2738 2.6
      vertex -0.375915 -75.2554 2
      vertex -0.18836 -75.2738 2
    endloop
  endfacet
  facet normal 0.162897 0.986643 -0
    outer loop
      vertex 0.56186 -69.5753 2
      vertex 0.375915 -69.5446 2.6
      vertex 0.56186 -69.5753 2.6
    endloop
  endfacet
  facet normal 0.162897 0.986643 0
    outer loop
      vertex 0.375915 -69.5446 2.6
      vertex 0.56186 -69.5753 2
      vertex 0.375915 -69.5446 2
    endloop
  endfacet
  facet normal 0.412803 0.91082 -0
    outer loop
      vertex 1.27379 -69.817 2
      vertex 1.10213 -69.7392 2.6
      vertex 1.27379 -69.817 2.6
    endloop
  endfacet
  facet normal 0.412803 0.91082 0
    outer loop
      vertex 1.10213 -69.7392 2.6
      vertex 1.27379 -69.817 2
      vertex 1.10213 -69.7392 2
    endloop
  endfacet
  facet normal 0.471227 0.882012 -0
    outer loop
      vertex 1.44 -69.9058 2
      vertex 1.27379 -69.817 2.6
      vertex 1.44 -69.9058 2.6
    endloop
  endfacet
  facet normal 0.471227 0.882012 0
    outer loop
      vertex 1.27379 -69.817 2.6
      vertex 1.44 -69.9058 2
      vertex 1.27379 -69.817 2
    endloop
  endfacet
  facet normal 0.881912 0.471414 0
    outer loop
      vertex 2.58299 -71.1262 2.6
      vertex 2.49415 -70.96 2
      vertex 2.49415 -70.96 2.6
    endloop
  endfacet
  facet normal 0.881912 0.471414 0
    outer loop
      vertex 2.49415 -70.96 2
      vertex 2.58299 -71.1262 2.6
      vertex 2.58299 -71.1262 2
    endloop
  endfacet
  facet normal 0.910896 0.412635 0
    outer loop
      vertex 2.66077 -71.2979 2.6
      vertex 2.58299 -71.1262 2
      vertex 2.58299 -71.1262 2.6
    endloop
  endfacet
  facet normal 0.910896 0.412635 0
    outer loop
      vertex 2.58299 -71.1262 2
      vertex 2.66077 -71.2979 2.6
      vertex 2.66077 -71.2979 2
    endloop
  endfacet
  facet normal -0.528377 0.84901 0
    outer loop
      vertex -1.44 -69.9058 2
      vertex -1.60004 -70.0054 2.6
      vertex -1.44 -69.9058 2.6
    endloop
  endfacet
  facet normal -0.528377 0.84901 0
    outer loop
      vertex -1.60004 -70.0054 2.6
      vertex -1.44 -69.9058 2
      vertex -1.60004 -70.0054 2
    endloop
  endfacet
  facet normal -0.471227 0.882012 0
    outer loop
      vertex -1.27379 -69.817 2
      vertex -1.44 -69.9058 2.6
      vertex -1.27379 -69.817 2.6
    endloop
  endfacet
  facet normal -0.471227 0.882012 0
    outer loop
      vertex -1.44 -69.9058 2.6
      vertex -1.27379 -69.817 2
      vertex -1.44 -69.9058 2
    endloop
  endfacet
  facet normal -0.0976358 0.995222 0
    outer loop
      vertex -0.18836 -69.5262 2
      vertex -0.375915 -69.5446 2.6
      vertex -0.18836 -69.5262 2.6
    endloop
  endfacet
  facet normal -0.0976358 0.995222 0
    outer loop
      vertex -0.375915 -69.5446 2.6
      vertex -0.18836 -69.5262 2
      vertex -0.375915 -69.5446 2
    endloop
  endfacet
  facet normal -0.773044 0.634352 0
    outer loop
      vertex -2.28486 -70.6468 2
      vertex -2.1653 -70.5011 2.6
      vertex -2.1653 -70.5011 2
    endloop
  endfacet
  facet normal -0.773044 0.634352 0
    outer loop
      vertex -2.1653 -70.5011 2.6
      vertex -2.28486 -70.6468 2
      vertex -2.28486 -70.6468 2.6
    endloop
  endfacet
  facet normal -0.956916 0.290365 0
    outer loop
      vertex -2.78187 -71.6546 2
      vertex -2.72716 -71.4743 2.6
      vertex -2.72716 -71.4743 2
    endloop
  endfacet
  facet normal -0.956916 0.290365 0
    outer loop
      vertex -2.72716 -71.4743 2.6
      vertex -2.78187 -71.6546 2
      vertex -2.78187 -71.6546 2.6
    endloop
  endfacet
  facet normal -0.995183 0.0980322 0
    outer loop
      vertex -2.87383 -72.2116 2
      vertex -2.85536 -72.0241 2.6
      vertex -2.85536 -72.0241 2
    endloop
  endfacet
  facet normal -0.995183 0.0980322 0
    outer loop
      vertex -2.85536 -72.0241 2.6
      vertex -2.87383 -72.2116 2
      vertex -2.87383 -72.2116 2.6
    endloop
  endfacet
  facet normal -0.986651 0.16285 0
    outer loop
      vertex -2.85536 -72.0241 2
      vertex -2.82466 -71.8381 2.6
      vertex -2.82466 -71.8381 2
    endloop
  endfacet
  facet normal -0.986651 0.16285 0
    outer loop
      vertex -2.82466 -71.8381 2.6
      vertex -2.85536 -72.0241 2
      vertex -2.85536 -72.0241 2.6
    endloop
  endfacet
  facet normal 0.999464 -0.0327389 0
    outer loop
      vertex 2.87383 -7.78836 2.6
      vertex 2.88 -7.6 2
      vertex 2.88 -7.6 2.6
    endloop
  endfacet
  facet normal 0.999464 -0.0327389 0
    outer loop
      vertex 2.88 -7.6 2
      vertex 2.87383 -7.78836 2.6
      vertex 2.87383 -7.78836 2
    endloop
  endfacet
  facet normal 0.995186 -0.0980063 0
    outer loop
      vertex 2.85536 -7.97591 2.6
      vertex 2.87383 -7.78836 2
      vertex 2.87383 -7.78836 2.6
    endloop
  endfacet
  facet normal 0.995186 -0.0980063 0
    outer loop
      vertex 2.87383 -7.78836 2
      vertex 2.85536 -7.97591 2.6
      vertex 2.85536 -7.97591 2
    endloop
  endfacet
  facet normal -0.999464 -0.0327389 0
    outer loop
      vertex -2.87383 -7.78836 2
      vertex -2.88 -7.6 2.6
      vertex -2.88 -7.6 2
    endloop
  endfacet
  facet normal -0.999464 -0.0327389 0
    outer loop
      vertex -2.88 -7.6 2.6
      vertex -2.87383 -7.78836 2
      vertex -2.87383 -7.78836 2.6
    endloop
  endfacet
  facet normal 0.0328979 -0.999459 0
    outer loop
      vertex 0 -10.48 2
      vertex 0.18836 -10.4738 2.6
      vertex 0 -10.48 2.6
    endloop
  endfacet
  facet normal 0.0328979 -0.999459 0
    outer loop
      vertex 0.18836 -10.4738 2.6
      vertex 0 -10.48 2
      vertex 0.18836 -10.4738 2
    endloop
  endfacet
  facet normal 0.683593 -0.729863 0
    outer loop
      vertex 1.89892 -9.7653 2
      vertex 2.03647 -9.63647 2.6
      vertex 1.89892 -9.7653 2.6
    endloop
  endfacet
  facet normal 0.683593 -0.729863 0
    outer loop
      vertex 2.03647 -9.63647 2.6
      vertex 1.89892 -9.7653 2
      vertex 2.03647 -9.63647 2
    endloop
  endfacet
  facet normal -0.683593 -0.729863 0
    outer loop
      vertex -2.03647 -9.63647 2
      vertex -1.89892 -9.7653 2.6
      vertex -2.03647 -9.63647 2.6
    endloop
  endfacet
  facet normal -0.683593 -0.729863 -0
    outer loop
      vertex -1.89892 -9.7653 2.6
      vertex -2.03647 -9.63647 2
      vertex -1.89892 -9.7653 2
    endloop
  endfacet
  facet normal 0.0327389 0.999464 -0
    outer loop
      vertex 0.18836 -4.72617 2
      vertex 0 -4.72 2.6
      vertex 0.18836 -4.72617 2.6
    endloop
  endfacet
  facet normal 0.0327389 0.999464 0
    outer loop
      vertex 0 -4.72 2.6
      vertex 0.18836 -4.72617 2
      vertex 0 -4.72 2
    endloop
  endfacet
  facet normal 0.91086 -0.412715 0
    outer loop
      vertex 2.58299 -8.87379 2.6
      vertex 2.66077 -8.70213 2
      vertex 2.66077 -8.70213 2.6
    endloop
  endfacet
  facet normal 0.91086 -0.412715 0
    outer loop
      vertex 2.66077 -8.70213 2
      vertex 2.58299 -8.87379 2.6
      vertex 2.58299 -8.87379 2
    endloop
  endfacet
  facet normal 0.412803 -0.91082 0
    outer loop
      vertex 1.10213 -10.2608 2
      vertex 1.27379 -10.183 2.6
      vertex 1.10213 -10.2608 2.6
    endloop
  endfacet
  facet normal 0.412803 -0.91082 0
    outer loop
      vertex 1.27379 -10.183 2.6
      vertex 1.10213 -10.2608 2
      vertex 1.27379 -10.183 2
    endloop
  endfacet
  facet normal 0.683593 0.729863 -0
    outer loop
      vertex 2.03647 -5.56353 2
      vertex 1.89892 -5.4347 2.6
      vertex 2.03647 -5.56353 2.6
    endloop
  endfacet
  facet normal 0.683593 0.729863 0
    outer loop
      vertex 1.89892 -5.4347 2.6
      vertex 2.03647 -5.56353 2
      vertex 1.89892 -5.4347 2
    endloop
  endfacet
  facet normal 0 0 1
    outer loop
      vertex 2.87383 -7.41164 2.6
      vertex 2.87383 -7.78836 2.6
      vertex 2.88 -7.6 2.6
    endloop
  endfacet
  facet normal 0 0 1
    outer loop
      vertex 2.85536 -7.22408 2.6
      vertex 2.87383 -7.78836 2.6
      vertex 2.87383 -7.41164 2.6
    endloop
  endfacet
  facet normal 0 0 1
    outer loop
      vertex 2.85536 -7.22408 2.6
      vertex 2.85536 -7.97591 2.6
      vertex 2.87383 -7.78836 2.6
    endloop
  endfacet
  facet normal 0 0 1
    outer loop
      vertex 2.82466 -7.03814 2.6
      vertex 2.85536 -7.97591 2.6
      vertex 2.85536 -7.22408 2.6
    endloop
  endfacet
  facet normal 0 0 1
    outer loop
      vertex 2.82466 -7.03814 2.6
      vertex 2.82466 -8.16186 2.6
      vertex 2.85536 -7.97591 2.6
    endloop
  endfacet
  facet normal 0 0 1
    outer loop
      vertex 2.78187 -6.8546 2.6
      vertex 2.82466 -8.16186 2.6
      vertex 2.82466 -7.03814 2.6
    endloop
  endfacet
  facet normal 0 0 1
    outer loop
      vertex 2.78187 -6.8546 2.6
      vertex 2.78187 -8.3454 2.6
      vertex 2.82466 -8.16186 2.6
    endloop
  endfacet
  facet normal 0 0 1
    outer loop
      vertex 2.72716 -6.67425 2.6
      vertex 2.78187 -8.3454 2.6
      vertex 2.78187 -6.8546 2.6
    endloop
  endfacet
  facet normal 0 0 1
    outer loop
      vertex 2.72716 -6.67425 2.6
      vertex 2.72716 -8.52575 2.6
      vertex 2.78187 -8.3454 2.6
    endloop
  endfacet
  facet normal 0 0 1
    outer loop
      vertex 2.66077 -6.49787 2.6
      vertex 2.72716 -8.52575 2.6
      vertex 2.72716 -6.67425 2.6
    endloop
  endfacet
  facet normal 0 0 1
    outer loop
      vertex 2.66077 -6.49787 2.6
      vertex 2.66077 -8.70213 2.6
      vertex 2.72716 -8.52575 2.6
    endloop
  endfacet
  facet normal 0 0 1
    outer loop
      vertex 2.58299 -6.32621 2.6
      vertex 2.66077 -8.70213 2.6
      vertex 2.66077 -6.49787 2.6
    endloop
  endfacet
  facet normal 0 0 1
    outer loop
      vertex 2.58299 -6.32621 2.6
      vertex 2.58299 -8.87379 2.6
      vertex 2.66077 -8.70213 2.6
    endloop
  endfacet
  facet normal 0 0 1
    outer loop
      vertex 2.49415 -6.16 2.6
      vertex 2.58299 -8.87379 2.6
      vertex 2.58299 -6.32621 2.6
    endloop
  endfacet
  facet normal 0 0 1
    outer loop
      vertex 2.49415 -6.16 2.6
      vertex 2.49415 -9.04 2.6
      vertex 2.58299 -8.87379 2.6
    endloop
  endfacet
  facet normal 0 0 1
    outer loop
      vertex 2.39463 -5.99996 2.6
      vertex 2.49415 -9.04 2.6
      vertex 2.49415 -6.16 2.6
    endloop
  endfacet
  facet normal 0 0 1
    outer loop
      vertex 2.39463 -5.99996 2.6
      vertex 2.39463 -9.20004 2.6
      vertex 2.49415 -9.04 2.6
    endloop
  endfacet
  facet normal 0 0 1
    outer loop
      vertex 2.28486 -5.84677 2.6
      vertex 2.39463 -9.20004 2.6
      vertex 2.39463 -5.99996 2.6
    endloop
  endfacet
  facet normal 0 0 1
    outer loop
      vertex 2.28486 -5.84677 2.6
      vertex 2.28486 -9.35323 2.6
      vertex 2.39463 -9.20004 2.6
    endloop
  endfacet
  facet normal 0 0 1
    outer loop
      vertex 2.1653 -5.70108 2.6
      vertex 2.28486 -9.35323 2.6
      vertex 2.28486 -5.84677 2.6
    endloop
  endfacet
  facet normal 0 0 1
    outer loop
      vertex 2.1653 -5.70108 2.6
      vertex 2.1653 -9.49892 2.6
      vertex 2.28486 -9.35323 2.6
    endloop
  endfacet
  facet normal 0 0 1
    outer loop
      vertex 2.03647 -5.56353 2.6
      vertex 2.1653 -9.49892 2.6
      vertex 2.1653 -5.70108 2.6
    endloop
  endfacet
  facet normal 0 0 1
    outer loop
      vertex 2.03647 -5.56353 2.6
      vertex 2.03647 -9.63647 2.6
      vertex 2.1653 -9.49892 2.6
    endloop
  endfacet
  facet normal 0 0 1
    outer loop
      vertex 1.89892 -5.4347 2.6
      vertex 2.03647 -9.63647 2.6
      vertex 2.03647 -5.56353 2.6
    endloop
  endfacet
  facet normal 0 0 1
    outer loop
      vertex 1.89892 -5.4347 2.6
      vertex 1.89892 -9.7653 2.6
      vertex 2.03647 -9.63647 2.6
    endloop
  endfacet
  facet normal 0 0 1
    outer loop
      vertex 1.75323 -5.31514 2.6
      vertex 1.89892 -9.7653 2.6
      vertex 1.89892 -5.4347 2.6
    endloop
  endfacet
  facet normal 0 0 1
    outer loop
      vertex 1.75323 -5.31514 2.6
      vertex 1.75323 -9.88486 2.6
      vertex 1.89892 -9.7653 2.6
    endloop
  endfacet
  facet normal 0 0 1
    outer loop
      vertex 1.60004 -5.20537 2.6
      vertex 1.75323 -9.88486 2.6
      vertex 1.75323 -5.31514 2.6
    endloop
  endfacet
  facet normal 0 0 1
    outer loop
      vertex 1.60004 -5.20537 2.6
      vertex 1.60004 -9.99463 2.6
      vertex 1.75323 -9.88486 2.6
    endloop
  endfacet
  facet normal 0 0 1
    outer loop
      vertex 1.44 -5.10585 2.6
      vertex 1.60004 -9.99463 2.6
      vertex 1.60004 -5.20537 2.6
    endloop
  endfacet
  facet normal 0 0 1
    outer loop
      vertex 1.44 -5.10585 2.6
      vertex 1.44 -10.0942 2.6
      vertex 1.60004 -9.99463 2.6
    endloop
  endfacet
  facet normal 0 0 1
    outer loop
      vertex 1.27379 -5.01701 2.6
      vertex 1.44 -10.0942 2.6
      vertex 1.44 -5.10585 2.6
    endloop
  endfacet
  facet normal 0 0 1
    outer loop
      vertex 1.27379 -5.01701 2.6
      vertex 1.27379 -10.183 2.6
      vertex 1.44 -10.0942 2.6
    endloop
  endfacet
  facet normal 0 0 1
    outer loop
      vertex 1.10213 -4.93923 2.6
      vertex 1.27379 -10.183 2.6
      vertex 1.27379 -5.01701 2.6
    endloop
  endfacet
  facet normal 0 0 1
    outer loop
      vertex 1.10213 -4.93923 2.6
      vertex 1.10213 -10.2608 2.6
      vertex 1.27379 -10.183 2.6
    endloop
  endfacet
  facet normal 0 0 1
    outer loop
      vertex 0.925745 -4.87284 2.6
      vertex 1.10213 -10.2608 2.6
      vertex 1.10213 -4.93923 2.6
    endloop
  endfacet
  facet normal 0 0 1
    outer loop
      vertex 0.925745 -4.87284 2.6
      vertex 0.925745 -10.3272 2.6
      vertex 1.10213 -10.2608 2.6
    endloop
  endfacet
  facet normal 0 0 1
    outer loop
      vertex 0.745399 -4.81813 2.6
      vertex 0.925745 -10.3272 2.6
      vertex 0.925745 -4.87284 2.6
    endloop
  endfacet
  facet normal 0 0 1
    outer loop
      vertex 0.745399 -4.81813 2.6
      vertex 0.745399 -10.3819 2.6
      vertex 0.925745 -10.3272 2.6
    endloop
  endfacet
  facet normal 0 0 1
    outer loop
      vertex 0.56186 -4.77534 2.6
      vertex 0.745399 -10.3819 2.6
      vertex 0.745399 -4.81813 2.6
    endloop
  endfacet
  facet normal 0 0 1
    outer loop
      vertex 0.56186 -4.77534 2.6
      vertex 0.56186 -10.4247 2.6
      vertex 0.745399 -10.3819 2.6
    endloop
  endfacet
  facet normal 0 0 1
    outer loop
      vertex 0.375915 -4.74464 2.6
      vertex 0.56186 -10.4247 2.6
      vertex 0.56186 -4.77534 2.6
    endloop
  endfacet
  facet normal 0 0 1
    outer loop
      vertex 0.375915 -4.74464 2.6
      vertex 0.375915 -10.4554 2.6
      vertex 0.56186 -10.4247 2.6
    endloop
  endfacet
  facet normal 0 0 1
    outer loop
      vertex 0.18836 -4.72617 2.6
      vertex 0.375915 -10.4554 2.6
      vertex 0.375915 -4.74464 2.6
    endloop
  endfacet
  facet normal 0 0 1
    outer loop
      vertex 0.18836 -4.72617 2.6
      vertex 0.18836 -10.4738 2.6
      vertex 0.375915 -10.4554 2.6
    endloop
  endfacet
  facet normal 0 0 1
    outer loop
      vertex 0 -4.72 2.6
      vertex 0.18836 -10.4738 2.6
      vertex 0.18836 -4.72617 2.6
    endloop
  endfacet
  facet normal 0 0 1
    outer loop
      vertex 0 -4.72 2.6
      vertex 0 -10.48 2.6
      vertex 0.18836 -10.4738 2.6
    endloop
  endfacet
  facet normal -0 0 1
    outer loop
      vertex -0.18836 -4.72617 2.6
      vertex 0 -10.48 2.6
      vertex 0 -4.72 2.6
    endloop
  endfacet
  facet normal 0 0 1
    outer loop
      vertex -0.18836 -4.72617 2.6
      vertex -0.18836 -10.4738 2.6
      vertex 0 -10.48 2.6
    endloop
  endfacet
  facet normal -0 0 1
    outer loop
      vertex -0.375915 -4.74464 2.6
      vertex -0.18836 -10.4738 2.6
      vertex -0.18836 -4.72617 2.6
    endloop
  endfacet
  facet normal 0 0 1
    outer loop
      vertex -0.375915 -4.74464 2.6
      vertex -0.375915 -10.4554 2.6
      vertex -0.18836 -10.4738 2.6
    endloop
  endfacet
  facet normal -0 0 1
    outer loop
      vertex -0.56186 -4.77534 2.6
      vertex -0.375915 -10.4554 2.6
      vertex -0.375915 -4.74464 2.6
    endloop
  endfacet
  facet normal 0 0 1
    outer loop
      vertex -0.56186 -4.77534 2.6
      vertex -0.56186 -10.4247 2.6
      vertex -0.375915 -10.4554 2.6
    endloop
  endfacet
  facet normal -0 0 1
    outer loop
      vertex -0.745399 -4.81813 2.6
      vertex -0.56186 -10.4247 2.6
      vertex -0.56186 -4.77534 2.6
    endloop
  endfacet
  facet normal 0 0 1
    outer loop
      vertex -0.745399 -4.81813 2.6
      vertex -0.745399 -10.3819 2.6
      vertex -0.56186 -10.4247 2.6
    endloop
  endfacet
  facet normal -0 0 1
    outer loop
      vertex -0.925745 -4.87284 2.6
      vertex -0.745399 -10.3819 2.6
      vertex -0.745399 -4.81813 2.6
    endloop
  endfacet
  facet normal 0 0 1
    outer loop
      vertex -0.925745 -4.87284 2.6
      vertex -0.925745 -10.3272 2.6
      vertex -0.745399 -10.3819 2.6
    endloop
  endfacet
  facet normal -0 0 1
    outer loop
      vertex -1.10213 -4.93923 2.6
      vertex -0.925745 -10.3272 2.6
      vertex -0.925745 -4.87284 2.6
    endloop
  endfacet
  facet normal 0 0 1
    outer loop
      vertex -1.10213 -4.93923 2.6
      vertex -1.10213 -10.2608 2.6
      vertex -0.925745 -10.3272 2.6
    endloop
  endfacet
  facet normal -0 0 1
    outer loop
      vertex -1.27379 -5.01701 2.6
      vertex -1.10213 -10.2608 2.6
      vertex -1.10213 -4.93923 2.6
    endloop
  endfacet
  facet normal 0 0 1
    outer loop
      vertex -1.27379 -5.01701 2.6
      vertex -1.27379 -10.183 2.6
      vertex -1.10213 -10.2608 2.6
    endloop
  endfacet
  facet normal -0 0 1
    outer loop
      vertex -1.44 -5.10585 2.6
      vertex -1.27379 -10.183 2.6
      vertex -1.27379 -5.01701 2.6
    endloop
  endfacet
  facet normal 0 0 1
    outer loop
      vertex -1.44 -5.10585 2.6
      vertex -1.44 -10.0942 2.6
      vertex -1.27379 -10.183 2.6
    endloop
  endfacet
  facet normal -0 0 1
    outer loop
      vertex -1.60004 -5.20537 2.6
      vertex -1.44 -10.0942 2.6
      vertex -1.44 -5.10585 2.6
    endloop
  endfacet
  facet normal 0 0 1
    outer loop
      vertex -1.60004 -5.20537 2.6
      vertex -1.60004 -9.99463 2.6
      vertex -1.44 -10.0942 2.6
    endloop
  endfacet
  facet normal -0 0 1
    outer loop
      vertex -1.75323 -5.31514 2.6
      vertex -1.60004 -9.99463 2.6
      vertex -1.60004 -5.20537 2.6
    endloop
  endfacet
  facet normal 0 0 1
    outer loop
      vertex -1.75323 -5.31514 2.6
      vertex -1.75323 -9.88486 2.6
      vertex -1.60004 -9.99463 2.6
    endloop
  endfacet
  facet normal -0 0 1
    outer loop
      vertex -1.89892 -5.4347 2.6
      vertex -1.75323 -9.88486 2.6
      vertex -1.75323 -5.31514 2.6
    endloop
  endfacet
  facet normal 0 0 1
    outer loop
      vertex -1.89892 -5.4347 2.6
      vertex -1.89892 -9.7653 2.6
      vertex -1.75323 -9.88486 2.6
    endloop
  endfacet
  facet normal -0 0 1
    outer loop
      vertex -2.03647 -5.56353 2.6
      vertex -1.89892 -9.7653 2.6
      vertex -1.89892 -5.4347 2.6
    endloop
  endfacet
  facet normal 0 0 1
    outer loop
      vertex -2.03647 -5.56353 2.6
      vertex -2.03647 -9.63647 2.6
      vertex -1.89892 -9.7653 2.6
    endloop
  endfacet
  facet normal -0 0 1
    outer loop
      vertex -2.1653 -5.70108 2.6
      vertex -2.03647 -9.63647 2.6
      vertex -2.03647 -5.56353 2.6
    endloop
  endfacet
  facet normal 0 0 1
    outer loop
      vertex -2.1653 -5.70108 2.6
      vertex -2.1653 -9.49892 2.6
      vertex -2.03647 -9.63647 2.6
    endloop
  endfacet
  facet normal -0 0 1
    outer loop
      vertex -2.28486 -5.84677 2.6
      vertex -2.1653 -9.49892 2.6
      vertex -2.1653 -5.70108 2.6
    endloop
  endfacet
  facet normal 0 0 1
    outer loop
      vertex -2.28486 -5.84677 2.6
      vertex -2.28486 -9.35323 2.6
      vertex -2.1653 -9.49892 2.6
    endloop
  endfacet
  facet normal -0 0 1
    outer loop
      vertex -2.39463 -5.99996 2.6
      vertex -2.28486 -9.35323 2.6
      vertex -2.28486 -5.84677 2.6
    endloop
  endfacet
  facet normal 0 0 1
    outer loop
      vertex -2.39463 -5.99996 2.6
      vertex -2.39463 -9.20004 2.6
      vertex -2.28486 -9.35323 2.6
    endloop
  endfacet
  facet normal -0 0 1
    outer loop
      vertex -2.49415 -6.16 2.6
      vertex -2.39463 -9.20004 2.6
      vertex -2.39463 -5.99996 2.6
    endloop
  endfacet
  facet normal 0 0 1
    outer loop
      vertex -2.49415 -6.16 2.6
      vertex -2.49415 -9.04 2.6
      vertex -2.39463 -9.20004 2.6
    endloop
  endfacet
  facet normal -0 0 1
    outer loop
      vertex -2.58299 -6.32621 2.6
      vertex -2.49415 -9.04 2.6
      vertex -2.49415 -6.16 2.6
    endloop
  endfacet
  facet normal 0 0 1
    outer loop
      vertex -2.58299 -6.32621 2.6
      vertex -2.58299 -8.87379 2.6
      vertex -2.49415 -9.04 2.6
    endloop
  endfacet
  facet normal -0 0 1
    outer loop
      vertex -2.66077 -6.49787 2.6
      vertex -2.58299 -8.87379 2.6
      vertex -2.58299 -6.32621 2.6
    endloop
  endfacet
  facet normal 0 0 1
    outer loop
      vertex -2.66077 -6.49787 2.6
      vertex -2.66077 -8.70213 2.6
      vertex -2.58299 -8.87379 2.6
    endloop
  endfacet
  facet normal -0 0 1
    outer loop
      vertex -2.72716 -6.67425 2.6
      vertex -2.66077 -8.70213 2.6
      vertex -2.66077 -6.49787 2.6
    endloop
  endfacet
  facet normal 0 0 1
    outer loop
      vertex -2.72716 -6.67425 2.6
      vertex -2.72716 -8.52575 2.6
      vertex -2.66077 -8.70213 2.6
    endloop
  endfacet
  facet normal -0 0 1
    outer loop
      vertex -2.78187 -6.8546 2.6
      vertex -2.72716 -8.52575 2.6
      vertex -2.72716 -6.67425 2.6
    endloop
  endfacet
  facet normal 0 0 1
    outer loop
      vertex -2.78187 -6.8546 2.6
      vertex -2.78187 -8.3454 2.6
      vertex -2.72716 -8.52575 2.6
    endloop
  endfacet
  facet normal -0 0 1
    outer loop
      vertex -2.82466 -7.03814 2.6
      vertex -2.78187 -8.3454 2.6
      vertex -2.78187 -6.8546 2.6
    endloop
  endfacet
  facet normal 0 0 1
    outer loop
      vertex -2.82466 -7.03814 2.6
      vertex -2.82466 -8.16186 2.6
      vertex -2.78187 -8.3454 2.6
    endloop
  endfacet
  facet normal -0 0 1
    outer loop
      vertex -2.85536 -7.22408 2.6
      vertex -2.82466 -8.16186 2.6
      vertex -2.82466 -7.03814 2.6
    endloop
  endfacet
  facet normal 0 0 1
    outer loop
      vertex -2.85536 -7.22408 2.6
      vertex -2.85536 -7.97591 2.6
      vertex -2.82466 -8.16186 2.6
    endloop
  endfacet
  facet normal -0 0 1
    outer loop
      vertex -2.87383 -7.41164 2.6
      vertex -2.85536 -7.97591 2.6
      vertex -2.85536 -7.22408 2.6
    endloop
  endfacet
  facet normal 0 0 1
    outer loop
      vertex -2.87383 -7.41164 2.6
      vertex -2.87383 -7.78836 2.6
      vertex -2.85536 -7.97591 2.6
    endloop
  endfacet
  facet normal 0 -0 1
    outer loop
      vertex -2.87383 -7.78836 2.6
      vertex -2.87383 -7.41164 2.6
      vertex -2.88 -7.6 2.6
    endloop
  endfacet
  facet normal 0.956938 -0.290292 0
    outer loop
      vertex 2.72716 -8.52575 2.6
      vertex 2.78187 -8.3454 2
      vertex 2.78187 -8.3454 2.6
    endloop
  endfacet
  facet normal 0.956938 -0.290292 0
    outer loop
      vertex 2.78187 -8.3454 2
      vertex 2.72716 -8.52575 2.6
      vertex 2.72716 -8.52575 2
    endloop
  endfacet
  facet normal 0.881924 -0.471392 0
    outer loop
      vertex 2.49415 -9.04 2.6
      vertex 2.58299 -8.87379 2
      vertex 2.58299 -8.87379 2.6
    endloop
  endfacet
  facet normal 0.881924 -0.471392 0
    outer loop
      vertex 2.58299 -8.87379 2
      vertex 2.49415 -9.04 2.6
      vertex 2.49415 -9.04 2
    endloop
  endfacet
  facet normal 0.2271 -0.973871 0
    outer loop
      vertex 0.56186 -10.4247 2
      vertex 0.745399 -10.3819 2.6
      vertex 0.56186 -10.4247 2.6
    endloop
  endfacet
  facet normal 0.2271 -0.973871 0
    outer loop
      vertex 0.745399 -10.3819 2.6
      vertex 0.56186 -10.4247 2
      vertex 0.745399 -10.3819 2
    endloop
  endfacet
  facet normal 0.162897 -0.986643 0
    outer loop
      vertex 0.375915 -10.4554 2
      vertex 0.56186 -10.4247 2.6
      vertex 0.375915 -10.4554 2.6
    endloop
  endfacet
  facet normal 0.162897 -0.986643 0
    outer loop
      vertex 0.56186 -10.4247 2.6
      vertex 0.375915 -10.4554 2
      vertex 0.56186 -10.4247 2
    endloop
  endfacet
  facet normal 0.634378 -0.773023 0
    outer loop
      vertex 1.75323 -9.88486 2
      vertex 1.89892 -9.7653 2.6
      vertex 1.75323 -9.88486 2.6
    endloop
  endfacet
  facet normal 0.634378 -0.773023 0
    outer loop
      vertex 1.89892 -9.7653 2.6
      vertex 1.75323 -9.88486 2
      vertex 1.89892 -9.7653 2
    endloop
  endfacet
  facet normal -0.812858 -0.582462 0
    outer loop
      vertex -2.28486 -9.35323 2
      vertex -2.39463 -9.20004 2.6
      vertex -2.39463 -9.20004 2
    endloop
  endfacet
  facet normal -0.812858 -0.582462 0
    outer loop
      vertex -2.39463 -9.20004 2.6
      vertex -2.28486 -9.35323 2
      vertex -2.28486 -9.35323 2.6
    endloop
  endfacet
  facet normal -0.8492 -0.528071 0
    outer loop
      vertex -2.39463 -9.20004 2
      vertex -2.49415 -9.04 2.6
      vertex -2.49415 -9.04 2
    endloop
  endfacet
  facet normal -0.8492 -0.528071 0
    outer loop
      vertex -2.49415 -9.04 2.6
      vertex -2.39463 -9.20004 2
      vertex -2.39463 -9.20004 2.6
    endloop
  endfacet
  facet normal -0.973883 -0.227048 0
    outer loop
      vertex -2.78187 -8.3454 2
      vertex -2.82466 -8.16186 2.6
      vertex -2.82466 -8.16186 2
    endloop
  endfacet
  facet normal -0.973883 -0.227048 0
    outer loop
      vertex -2.82466 -8.16186 2.6
      vertex -2.78187 -8.3454 2
      vertex -2.78187 -8.3454 2.6
    endloop
  endfacet
  facet normal -0.986644 -0.162893 0
    outer loop
      vertex -2.82466 -8.16186 2
      vertex -2.85536 -7.97591 2.6
      vertex -2.85536 -7.97591 2
    endloop
  endfacet
  facet normal -0.986644 -0.162893 0
    outer loop
      vertex -2.85536 -7.97591 2.6
      vertex -2.82466 -8.16186 2
      vertex -2.82466 -8.16186 2.6
    endloop
  endfacet
  facet normal 0 0 -1
    outer loop
      vertex 2.87383 -7.78836 2
      vertex 2.87383 -7.41164 2
      vertex 2.88 -7.6 2
    endloop
  endfacet
  facet normal 0 0 -1
    outer loop
      vertex 2.85536 -7.97591 2
      vertex 2.87383 -7.41164 2
      vertex 2.87383 -7.78836 2
    endloop
  endfacet
  facet normal 0 0 -1
    outer loop
      vertex 2.85536 -7.97591 2
      vertex 2.85536 -7.22408 2
      vertex 2.87383 -7.41164 2
    endloop
  endfacet
  facet normal 0 0 -1
    outer loop
      vertex 2.82466 -8.16186 2
      vertex 2.85536 -7.22408 2
      vertex 2.85536 -7.97591 2
    endloop
  endfacet
  facet normal 0 0 -1
    outer loop
      vertex 2.82466 -8.16186 2
      vertex 2.82466 -7.03814 2
      vertex 2.85536 -7.22408 2
    endloop
  endfacet
  facet normal 0 0 -1
    outer loop
      vertex 2.78187 -8.3454 2
      vertex 2.82466 -7.03814 2
      vertex 2.82466 -8.16186 2
    endloop
  endfacet
  facet normal 0 0 -1
    outer loop
      vertex 2.78187 -8.3454 2
      vertex 2.78187 -6.8546 2
      vertex 2.82466 -7.03814 2
    endloop
  endfacet
  facet normal 0 0 -1
    outer loop
      vertex 2.72716 -8.52575 2
      vertex 2.78187 -6.8546 2
      vertex 2.78187 -8.3454 2
    endloop
  endfacet
  facet normal 0 0 -1
    outer loop
      vertex 2.72716 -8.52575 2
      vertex 2.72716 -6.67425 2
      vertex 2.78187 -6.8546 2
    endloop
  endfacet
  facet normal 0 0 -1
    outer loop
      vertex 2.66077 -8.70213 2
      vertex 2.72716 -6.67425 2
      vertex 2.72716 -8.52575 2
    endloop
  endfacet
  facet normal 0 0 -1
    outer loop
      vertex 2.66077 -8.70213 2
      vertex 2.66077 -6.49787 2
      vertex 2.72716 -6.67425 2
    endloop
  endfacet
  facet normal 0 0 -1
    outer loop
      vertex 2.58299 -8.87379 2
      vertex 2.66077 -6.49787 2
      vertex 2.66077 -8.70213 2
    endloop
  endfacet
  facet normal 0 0 -1
    outer loop
      vertex 2.58299 -8.87379 2
      vertex 2.58299 -6.32621 2
      vertex 2.66077 -6.49787 2
    endloop
  endfacet
  facet normal 0 0 -1
    outer loop
      vertex 2.49415 -9.04 2
      vertex 2.58299 -6.32621 2
      vertex 2.58299 -8.87379 2
    endloop
  endfacet
  facet normal 0 0 -1
    outer loop
      vertex 2.49415 -9.04 2
      vertex 2.49415 -6.16 2
      vertex 2.58299 -6.32621 2
    endloop
  endfacet
  facet normal 0 0 -1
    outer loop
      vertex 2.39463 -9.20004 2
      vertex 2.49415 -6.16 2
      vertex 2.49415 -9.04 2
    endloop
  endfacet
  facet normal 0 0 -1
    outer loop
      vertex 2.39463 -9.20004 2
      vertex 2.39463 -5.99996 2
      vertex 2.49415 -6.16 2
    endloop
  endfacet
  facet normal 0 0 -1
    outer loop
      vertex 2.28486 -9.35323 2
      vertex 2.39463 -5.99996 2
      vertex 2.39463 -9.20004 2
    endloop
  endfacet
  facet normal 0 0 -1
    outer loop
      vertex 2.28486 -9.35323 2
      vertex 2.28486 -5.84677 2
      vertex 2.39463 -5.99996 2
    endloop
  endfacet
  facet normal 0 0 -1
    outer loop
      vertex 2.1653 -9.49892 2
      vertex 2.28486 -5.84677 2
      vertex 2.28486 -9.35323 2
    endloop
  endfacet
  facet normal 0 0 -1
    outer loop
      vertex 2.1653 -9.49892 2
      vertex 2.1653 -5.70108 2
      vertex 2.28486 -5.84677 2
    endloop
  endfacet
  facet normal 0 0 -1
    outer loop
      vertex 2.03647 -9.63647 2
      vertex 2.1653 -5.70108 2
      vertex 2.1653 -9.49892 2
    endloop
  endfacet
  facet normal 0 0 -1
    outer loop
      vertex 2.03647 -9.63647 2
      vertex 2.03647 -5.56353 2
      vertex 2.1653 -5.70108 2
    endloop
  endfacet
  facet normal 0 0 -1
    outer loop
      vertex 1.89892 -9.7653 2
      vertex 2.03647 -5.56353 2
      vertex 2.03647 -9.63647 2
    endloop
  endfacet
  facet normal 0 0 -1
    outer loop
      vertex 1.89892 -9.7653 2
      vertex 1.89892 -5.4347 2
      vertex 2.03647 -5.56353 2
    endloop
  endfacet
  facet normal 0 0 -1
    outer loop
      vertex 1.75323 -9.88486 2
      vertex 1.89892 -5.4347 2
      vertex 1.89892 -9.7653 2
    endloop
  endfacet
  facet normal 0 0 -1
    outer loop
      vertex 1.75323 -9.88486 2
      vertex 1.75323 -5.31514 2
      vertex 1.89892 -5.4347 2
    endloop
  endfacet
  facet normal 0 0 -1
    outer loop
      vertex 1.60004 -9.99463 2
      vertex 1.75323 -5.31514 2
      vertex 1.75323 -9.88486 2
    endloop
  endfacet
  facet normal 0 0 -1
    outer loop
      vertex 1.60004 -9.99463 2
      vertex 1.60004 -5.20537 2
      vertex 1.75323 -5.31514 2
    endloop
  endfacet
  facet normal 0 0 -1
    outer loop
      vertex 1.44 -10.0942 2
      vertex 1.60004 -5.20537 2
      vertex 1.60004 -9.99463 2
    endloop
  endfacet
  facet normal 0 0 -1
    outer loop
      vertex 1.44 -10.0942 2
      vertex 1.44 -5.10585 2
      vertex 1.60004 -5.20537 2
    endloop
  endfacet
  facet normal 0 0 -1
    outer loop
      vertex 1.27379 -10.183 2
      vertex 1.44 -5.10585 2
      vertex 1.44 -10.0942 2
    endloop
  endfacet
  facet normal 0 0 -1
    outer loop
      vertex 1.27379 -10.183 2
      vertex 1.27379 -5.01701 2
      vertex 1.44 -5.10585 2
    endloop
  endfacet
  facet normal 0 0 -1
    outer loop
      vertex 1.10213 -10.2608 2
      vertex 1.27379 -5.01701 2
      vertex 1.27379 -10.183 2
    endloop
  endfacet
  facet normal 0 0 -1
    outer loop
      vertex 1.10213 -10.2608 2
      vertex 1.10213 -4.93923 2
      vertex 1.27379 -5.01701 2
    endloop
  endfacet
  facet normal 0 0 -1
    outer loop
      vertex 0.925745 -10.3272 2
      vertex 1.10213 -4.93923 2
      vertex 1.10213 -10.2608 2
    endloop
  endfacet
  facet normal 0 0 -1
    outer loop
      vertex 0.925745 -10.3272 2
      vertex 0.925745 -4.87284 2
      vertex 1.10213 -4.93923 2
    endloop
  endfacet
  facet normal 0 0 -1
    outer loop
      vertex 0.745399 -10.3819 2
      vertex 0.925745 -4.87284 2
      vertex 0.925745 -10.3272 2
    endloop
  endfacet
  facet normal 0 0 -1
    outer loop
      vertex 0.745399 -10.3819 2
      vertex 0.745399 -4.81813 2
      vertex 0.925745 -4.87284 2
    endloop
  endfacet
  facet normal 0 0 -1
    outer loop
      vertex 0.56186 -10.4247 2
      vertex 0.745399 -4.81813 2
      vertex 0.745399 -10.3819 2
    endloop
  endfacet
  facet normal 0 0 -1
    outer loop
      vertex 0.56186 -10.4247 2
      vertex 0.56186 -4.77534 2
      vertex 0.745399 -4.81813 2
    endloop
  endfacet
  facet normal 0 0 -1
    outer loop
      vertex 0.375915 -10.4554 2
      vertex 0.56186 -4.77534 2
      vertex 0.56186 -10.4247 2
    endloop
  endfacet
  facet normal 0 0 -1
    outer loop
      vertex 0.375915 -10.4554 2
      vertex 0.375915 -4.74464 2
      vertex 0.56186 -4.77534 2
    endloop
  endfacet
  facet normal 0 0 -1
    outer loop
      vertex 0.18836 -10.4738 2
      vertex 0.375915 -4.74464 2
      vertex 0.375915 -10.4554 2
    endloop
  endfacet
  facet normal 0 0 -1
    outer loop
      vertex 0.18836 -10.4738 2
      vertex 0.18836 -4.72617 2
      vertex 0.375915 -4.74464 2
    endloop
  endfacet
  facet normal 0 0 -1
    outer loop
      vertex 0 -10.48 2
      vertex 0.18836 -4.72617 2
      vertex 0.18836 -10.4738 2
    endloop
  endfacet
  facet normal 0 0 -1
    outer loop
      vertex 0 -10.48 2
      vertex 0 -4.72 2
      vertex 0.18836 -4.72617 2
    endloop
  endfacet
  facet normal 0 0 -1
    outer loop
      vertex -0.18836 -10.4738 2
      vertex 0 -4.72 2
      vertex 0 -10.48 2
    endloop
  endfacet
  facet normal 0 0 -1
    outer loop
      vertex -0.18836 -10.4738 2
      vertex -0.18836 -4.72617 2
      vertex 0 -4.72 2
    endloop
  endfacet
  facet normal 0 0 -1
    outer loop
      vertex -0.375915 -10.4554 2
      vertex -0.18836 -4.72617 2
      vertex -0.18836 -10.4738 2
    endloop
  endfacet
  facet normal 0 0 -1
    outer loop
      vertex -0.375915 -10.4554 2
      vertex -0.375915 -4.74464 2
      vertex -0.18836 -4.72617 2
    endloop
  endfacet
  facet normal 0 0 -1
    outer loop
      vertex -0.56186 -10.4247 2
      vertex -0.375915 -4.74464 2
      vertex -0.375915 -10.4554 2
    endloop
  endfacet
  facet normal 0 0 -1
    outer loop
      vertex -0.56186 -10.4247 2
      vertex -0.56186 -4.77534 2
      vertex -0.375915 -4.74464 2
    endloop
  endfacet
  facet normal 0 0 -1
    outer loop
      vertex -0.745399 -10.3819 2
      vertex -0.56186 -4.77534 2
      vertex -0.56186 -10.4247 2
    endloop
  endfacet
  facet normal 0 0 -1
    outer loop
      vertex -0.745399 -10.3819 2
      vertex -0.745399 -4.81813 2
      vertex -0.56186 -4.77534 2
    endloop
  endfacet
  facet normal 0 0 -1
    outer loop
      vertex -0.925745 -10.3272 2
      vertex -0.745399 -4.81813 2
      vertex -0.745399 -10.3819 2
    endloop
  endfacet
  facet normal 0 0 -1
    outer loop
      vertex -0.925745 -10.3272 2
      vertex -0.925745 -4.87284 2
      vertex -0.745399 -4.81813 2
    endloop
  endfacet
  facet normal 0 0 -1
    outer loop
      vertex -1.10213 -10.2608 2
      vertex -0.925745 -4.87284 2
      vertex -0.925745 -10.3272 2
    endloop
  endfacet
  facet normal 0 0 -1
    outer loop
      vertex -1.10213 -10.2608 2
      vertex -1.10213 -4.93923 2
      vertex -0.925745 -4.87284 2
    endloop
  endfacet
  facet normal 0 0 -1
    outer loop
      vertex -1.27379 -10.183 2
      vertex -1.10213 -4.93923 2
      vertex -1.10213 -10.2608 2
    endloop
  endfacet
  facet normal 0 0 -1
    outer loop
      vertex -1.27379 -10.183 2
      vertex -1.27379 -5.01701 2
      vertex -1.10213 -4.93923 2
    endloop
  endfacet
  facet normal 0 0 -1
    outer loop
      vertex -1.44 -10.0942 2
      vertex -1.27379 -5.01701 2
      vertex -1.27379 -10.183 2
    endloop
  endfacet
  facet normal 0 0 -1
    outer loop
      vertex -1.44 -10.0942 2
      vertex -1.44 -5.10585 2
      vertex -1.27379 -5.01701 2
    endloop
  endfacet
  facet normal 0 0 -1
    outer loop
      vertex -1.60004 -9.99463 2
      vertex -1.44 -5.10585 2
      vertex -1.44 -10.0942 2
    endloop
  endfacet
  facet normal 0 0 -1
    outer loop
      vertex -1.60004 -9.99463 2
      vertex -1.60004 -5.20537 2
      vertex -1.44 -5.10585 2
    endloop
  endfacet
  facet normal 0 0 -1
    outer loop
      vertex -1.75323 -9.88486 2
      vertex -1.60004 -5.20537 2
      vertex -1.60004 -9.99463 2
    endloop
  endfacet
  facet normal 0 0 -1
    outer loop
      vertex -1.75323 -9.88486 2
      vertex -1.75323 -5.31514 2
      vertex -1.60004 -5.20537 2
    endloop
  endfacet
  facet normal 0 0 -1
    outer loop
      vertex -1.89892 -9.7653 2
      vertex -1.75323 -5.31514 2
      vertex -1.75323 -9.88486 2
    endloop
  endfacet
  facet normal 0 0 -1
    outer loop
      vertex -1.89892 -9.7653 2
      vertex -1.89892 -5.4347 2
      vertex -1.75323 -5.31514 2
    endloop
  endfacet
  facet normal 0 0 -1
    outer loop
      vertex -2.03647 -9.63647 2
      vertex -1.89892 -5.4347 2
      vertex -1.89892 -9.7653 2
    endloop
  endfacet
  facet normal 0 0 -1
    outer loop
      vertex -2.03647 -9.63647 2
      vertex -2.03647 -5.56353 2
      vertex -1.89892 -5.4347 2
    endloop
  endfacet
  facet normal 0 0 -1
    outer loop
      vertex -2.1653 -9.49892 2
      vertex -2.03647 -5.56353 2
      vertex -2.03647 -9.63647 2
    endloop
  endfacet
  facet normal 0 0 -1
    outer loop
      vertex -2.1653 -9.49892 2
      vertex -2.1653 -5.70108 2
      vertex -2.03647 -5.56353 2
    endloop
  endfacet
  facet normal 0 0 -1
    outer loop
      vertex -2.28486 -9.35323 2
      vertex -2.1653 -5.70108 2
      vertex -2.1653 -9.49892 2
    endloop
  endfacet
  facet normal 0 0 -1
    outer loop
      vertex -2.28486 -9.35323 2
      vertex -2.28486 -5.84677 2
      vertex -2.1653 -5.70108 2
    endloop
  endfacet
  facet normal 0 0 -1
    outer loop
      vertex -2.39463 -9.20004 2
      vertex -2.28486 -5.84677 2
      vertex -2.28486 -9.35323 2
    endloop
  endfacet
  facet normal 0 0 -1
    outer loop
      vertex -2.39463 -9.20004 2
      vertex -2.39463 -5.99996 2
      vertex -2.28486 -5.84677 2
    endloop
  endfacet
  facet normal 0 0 -1
    outer loop
      vertex -2.49415 -9.04 2
      vertex -2.39463 -5.99996 2
      vertex -2.39463 -9.20004 2
    endloop
  endfacet
  facet normal 0 0 -1
    outer loop
      vertex -2.49415 -9.04 2
      vertex -2.49415 -6.16 2
      vertex -2.39463 -5.99996 2
    endloop
  endfacet
  facet normal 0 0 -1
    outer loop
      vertex -2.58299 -8.87379 2
      vertex -2.49415 -6.16 2
      vertex -2.49415 -9.04 2
    endloop
  endfacet
  facet normal 0 0 -1
    outer loop
      vertex -2.58299 -8.87379 2
      vertex -2.58299 -6.32621 2
      vertex -2.49415 -6.16 2
    endloop
  endfacet
  facet normal 0 0 -1
    outer loop
      vertex -2.66077 -8.70213 2
      vertex -2.58299 -6.32621 2
      vertex -2.58299 -8.87379 2
    endloop
  endfacet
  facet normal 0 0 -1
    outer loop
      vertex -2.66077 -8.70213 2
      vertex -2.66077 -6.49787 2
      vertex -2.58299 -6.32621 2
    endloop
  endfacet
  facet normal 0 0 -1
    outer loop
      vertex -2.72716 -8.52575 2
      vertex -2.66077 -6.49787 2
      vertex -2.66077 -8.70213 2
    endloop
  endfacet
  facet normal 0 0 -1
    outer loop
      vertex -2.72716 -8.52575 2
      vertex -2.72716 -6.67425 2
      vertex -2.66077 -6.49787 2
    endloop
  endfacet
  facet normal 0 0 -1
    outer loop
      vertex -2.78187 -8.3454 2
      vertex -2.72716 -6.67425 2
      vertex -2.72716 -8.52575 2
    endloop
  endfacet
  facet normal 0 0 -1
    outer loop
      vertex -2.78187 -8.3454 2
      vertex -2.78187 -6.8546 2
      vertex -2.72716 -6.67425 2
    endloop
  endfacet
  facet normal 0 0 -1
    outer loop
      vertex -2.82466 -8.16186 2
      vertex -2.78187 -6.8546 2
      vertex -2.78187 -8.3454 2
    endloop
  endfacet
  facet normal 0 0 -1
    outer loop
      vertex -2.82466 -8.16186 2
      vertex -2.82466 -7.03814 2
      vertex -2.78187 -6.8546 2
    endloop
  endfacet
  facet normal 0 0 -1
    outer loop
      vertex -2.85536 -7.97591 2
      vertex -2.82466 -7.03814 2
      vertex -2.82466 -8.16186 2
    endloop
  endfacet
  facet normal 0 0 -1
    outer loop
      vertex -2.85536 -7.97591 2
      vertex -2.85536 -7.22408 2
      vertex -2.82466 -7.03814 2
    endloop
  endfacet
  facet normal 0 0 -1
    outer loop
      vertex -2.87383 -7.78836 2
      vertex -2.85536 -7.22408 2
      vertex -2.85536 -7.97591 2
    endloop
  endfacet
  facet normal 0 0 -1
    outer loop
      vertex -2.87383 -7.78836 2
      vertex -2.87383 -7.41164 2
      vertex -2.85536 -7.22408 2
    endloop
  endfacet
  facet normal 0 -0 -1
    outer loop
      vertex -2.87383 -7.41164 2
      vertex -2.87383 -7.78836 2
      vertex -2.88 -7.6 2
    endloop
  endfacet
  facet normal -0.0328979 -0.999459 0
    outer loop
      vertex -0.18836 -10.4738 2
      vertex 0 -10.48 2.6
      vertex -0.18836 -10.4738 2.6
    endloop
  endfacet
  facet normal -0.0328979 -0.999459 -0
    outer loop
      vertex 0 -10.48 2.6
      vertex -0.18836 -10.4738 2
      vertex 0 -10.48 2
    endloop
  endfacet
  facet normal 0.22705 0.973883 -0
    outer loop
      vertex 0.745399 -4.81813 2
      vertex 0.56186 -4.77534 2.6
      vertex 0.745399 -4.81813 2.6
    endloop
  endfacet
  facet normal 0.22705 0.973883 0
    outer loop
      vertex 0.56186 -4.77534 2.6
      vertex 0.745399 -4.81813 2
      vertex 0.56186 -4.77534 2
    endloop
  endfacet
  facet normal 0.634378 0.773023 -0
    outer loop
      vertex 1.89892 -5.4347 2
      vertex 1.75323 -5.31514 2.6
      vertex 1.89892 -5.4347 2.6
    endloop
  endfacet
  facet normal 0.634378 0.773023 0
    outer loop
      vertex 1.75323 -5.31514 2.6
      vertex 1.89892 -5.4347 2
      vertex 1.75323 -5.31514 2
    endloop
  endfacet
  facet normal 0.8492 0.528071 0
    outer loop
      vertex 2.49415 -6.16 2.6
      vertex 2.39463 -5.99996 2
      vertex 2.39463 -5.99996 2.6
    endloop
  endfacet
  facet normal 0.8492 0.528071 0
    outer loop
      vertex 2.39463 -5.99996 2
      vertex 2.49415 -6.16 2.6
      vertex 2.49415 -6.16 2
    endloop
  endfacet
  facet normal 0.881924 0.471392 0
    outer loop
      vertex 2.58299 -6.32621 2.6
      vertex 2.49415 -6.16 2
      vertex 2.49415 -6.16 2.6
    endloop
  endfacet
  facet normal 0.881924 0.471392 0
    outer loop
      vertex 2.49415 -6.16 2
      vertex 2.58299 -6.32621 2.6
      vertex 2.58299 -6.32621 2
    endloop
  endfacet
  facet normal 0.986642 0.162902 0
    outer loop
      vertex 2.85536 -7.22408 2.6
      vertex 2.82466 -7.03814 2
      vertex 2.82466 -7.03814 2.6
    endloop
  endfacet
  facet normal 0.986642 0.162902 0
    outer loop
      vertex 2.82466 -7.03814 2
      vertex 2.85536 -7.22408 2.6
      vertex 2.85536 -7.22408 2
    endloop
  endfacet
  facet normal -0.582462 0.812858 0
    outer loop
      vertex -1.60004 -5.20537 2
      vertex -1.75323 -5.31514 2.6
      vertex -1.60004 -5.20537 2.6
    endloop
  endfacet
  facet normal -0.582462 0.812858 0
    outer loop
      vertex -1.75323 -5.31514 2.6
      vertex -1.60004 -5.20537 2
      vertex -1.75323 -5.31514 2
    endloop
  endfacet
  facet normal -0.352266 0.9359 0
    outer loop
      vertex -0.925745 -4.87284 2
      vertex -1.10213 -4.93923 2.6
      vertex -0.925745 -4.87284 2.6
    endloop
  endfacet
  facet normal -0.352266 0.9359 0
    outer loop
      vertex -1.10213 -4.93923 2.6
      vertex -0.925745 -4.87284 2
      vertex -1.10213 -4.93923 2
    endloop
  endfacet
  facet normal -0.162897 0.986643 0
    outer loop
      vertex -0.375915 -4.74464 2
      vertex -0.56186 -4.77534 2.6
      vertex -0.375915 -4.74464 2.6
    endloop
  endfacet
  facet normal -0.162897 0.986643 0
    outer loop
      vertex -0.56186 -4.77534 2.6
      vertex -0.375915 -4.74464 2
      vertex -0.56186 -4.77534 2
    endloop
  endfacet
  facet normal -0.91086 0.412715 0
    outer loop
      vertex -2.66077 -6.49787 2
      vertex -2.58299 -6.32621 2.6
      vertex -2.58299 -6.32621 2
    endloop
  endfacet
  facet normal -0.91086 0.412715 0
    outer loop
      vertex -2.58299 -6.32621 2.6
      vertex -2.66077 -6.49787 2
      vertex -2.66077 -6.49787 2.6
    endloop
  endfacet
  facet normal -0.999464 0.0327389 0
    outer loop
      vertex -2.88 -7.6 2
      vertex -2.87383 -7.41164 2.6
      vertex -2.87383 -7.41164 2
    endloop
  endfacet
  facet normal -0.999464 0.0327389 0
    outer loop
      vertex -2.87383 -7.41164 2.6
      vertex -2.88 -7.6 2
      vertex -2.88 -7.6 2.6
    endloop
  endfacet
  facet normal 0.773023 -0.634378 0
    outer loop
      vertex 2.1653 -9.49892 2.6
      vertex 2.28486 -9.35323 2
      vertex 2.28486 -9.35323 2.6
    endloop
  endfacet
  facet normal 0.773023 -0.634378 0
    outer loop
      vertex 2.28486 -9.35323 2
      vertex 2.1653 -9.49892 2.6
      vertex 2.1653 -9.49892 2
    endloop
  endfacet
  facet normal 0.812858 -0.582462 0
    outer loop
      vertex 2.28486 -9.35323 2.6
      vertex 2.39463 -9.20004 2
      vertex 2.39463 -9.20004 2.6
    endloop
  endfacet
  facet normal 0.812858 -0.582462 0
    outer loop
      vertex 2.39463 -9.20004 2
      vertex 2.28486 -9.35323 2.6
      vertex 2.28486 -9.35323 2
    endloop
  endfacet
  facet normal 0.290249 -0.956951 0
    outer loop
      vertex 0.745399 -10.3819 2
      vertex 0.925745 -10.3272 2.6
      vertex 0.745399 -10.3819 2.6
    endloop
  endfacet
  facet normal 0.290249 -0.956951 0
    outer loop
      vertex 0.925745 -10.3272 2.6
      vertex 0.745399 -10.3819 2
      vertex 0.925745 -10.3272 2
    endloop
  endfacet
  facet normal 0.0976358 -0.995222 0
    outer loop
      vertex 0.18836 -10.4738 2
      vertex 0.375915 -10.4554 2.6
      vertex 0.18836 -10.4738 2.6
    endloop
  endfacet
  facet normal 0.0976358 -0.995222 0
    outer loop
      vertex 0.375915 -10.4554 2.6
      vertex 0.18836 -10.4738 2
      vertex 0.375915 -10.4554 2
    endloop
  endfacet
  facet normal 0.471227 -0.882012 0
    outer loop
      vertex 1.27379 -10.183 2
      vertex 1.44 -10.0942 2.6
      vertex 1.27379 -10.183 2.6
    endloop
  endfacet
  facet normal 0.471227 -0.882012 0
    outer loop
      vertex 1.44 -10.0942 2.6
      vertex 1.27379 -10.183 2
      vertex 1.44 -10.0942 2
    endloop
  endfacet
  facet normal 0.528262 -0.849081 0
    outer loop
      vertex 1.44 -10.0942 2
      vertex 1.60004 -9.99463 2.6
      vertex 1.44 -10.0942 2.6
    endloop
  endfacet
  facet normal 0.528262 -0.849081 0
    outer loop
      vertex 1.60004 -9.99463 2.6
      vertex 1.44 -10.0942 2
      vertex 1.60004 -9.99463 2
    endloop
  endfacet
  facet normal -0.91086 -0.412715 0
    outer loop
      vertex -2.58299 -8.87379 2
      vertex -2.66077 -8.70213 2.6
      vertex -2.66077 -8.70213 2
    endloop
  endfacet
  facet normal -0.91086 -0.412715 0
    outer loop
      vertex -2.66077 -8.70213 2.6
      vertex -2.58299 -8.87379 2
      vertex -2.58299 -8.87379 2.6
    endloop
  endfacet
  facet normal -0.935897 -0.352275 0
    outer loop
      vertex -2.66077 -8.70213 2
      vertex -2.72716 -8.52575 2.6
      vertex -2.72716 -8.52575 2
    endloop
  endfacet
  facet normal -0.935897 -0.352275 0
    outer loop
      vertex -2.72716 -8.52575 2.6
      vertex -2.66077 -8.70213 2
      vertex -2.66077 -8.70213 2.6
    endloop
  endfacet
  facet normal -0.995186 -0.0980063 0
    outer loop
      vertex -2.85536 -7.97591 2
      vertex -2.87383 -7.78836 2.6
      vertex -2.87383 -7.78836 2
    endloop
  endfacet
  facet normal -0.995186 -0.0980063 0
    outer loop
      vertex -2.87383 -7.78836 2.6
      vertex -2.85536 -7.97591 2
      vertex -2.85536 -7.97591 2.6
    endloop
  endfacet
  facet normal -0.582462 -0.812858 0
    outer loop
      vertex -1.75323 -9.88486 2
      vertex -1.60004 -9.99463 2.6
      vertex -1.75323 -9.88486 2.6
    endloop
  endfacet
  facet normal -0.582462 -0.812858 -0
    outer loop
      vertex -1.60004 -9.99463 2.6
      vertex -1.75323 -9.88486 2
      vertex -1.60004 -9.99463 2
    endloop
  endfacet
  facet normal -0.412803 -0.91082 0
    outer loop
      vertex -1.27379 -10.183 2
      vertex -1.10213 -10.2608 2.6
      vertex -1.27379 -10.183 2.6
    endloop
  endfacet
  facet normal -0.412803 -0.91082 -0
    outer loop
      vertex -1.10213 -10.2608 2.6
      vertex -1.27379 -10.183 2
      vertex -1.10213 -10.2608 2
    endloop
  endfacet
  facet normal -0.352312 -0.935883 0
    outer loop
      vertex -1.10213 -10.2608 2
      vertex -0.925745 -10.3272 2.6
      vertex -1.10213 -10.2608 2.6
    endloop
  endfacet
  facet normal -0.352312 -0.935883 -0
    outer loop
      vertex -0.925745 -10.3272 2.6
      vertex -1.10213 -10.2608 2
      vertex -0.925745 -10.3272 2
    endloop
  endfacet
  facet normal -0.2271 -0.973871 0
    outer loop
      vertex -0.745399 -10.3819 2
      vertex -0.56186 -10.4247 2.6
      vertex -0.745399 -10.3819 2.6
    endloop
  endfacet
  facet normal -0.2271 -0.973871 -0
    outer loop
      vertex -0.56186 -10.4247 2.6
      vertex -0.745399 -10.3819 2
      vertex -0.56186 -10.4247 2
    endloop
  endfacet
  facet normal 0.290298 0.956936 -0
    outer loop
      vertex 0.925745 -4.87284 2
      vertex 0.745399 -4.81813 2.6
      vertex 0.925745 -4.87284 2.6
    endloop
  endfacet
  facet normal 0.290298 0.956936 0
    outer loop
      vertex 0.745399 -4.81813 2.6
      vertex 0.925745 -4.87284 2
      vertex 0.745399 -4.81813 2
    endloop
  endfacet
  facet normal 0.352266 0.9359 -0
    outer loop
      vertex 1.10213 -4.93923 2
      vertex 0.925745 -4.87284 2.6
      vertex 1.10213 -4.93923 2.6
    endloop
  endfacet
  facet normal 0.352266 0.9359 0
    outer loop
      vertex 0.925745 -4.87284 2.6
      vertex 1.10213 -4.93923 2
      vertex 0.925745 -4.87284 2
    endloop
  endfacet
  facet normal 0.729863 0.683593 0
    outer loop
      vertex 2.1653 -5.70108 2.6
      vertex 2.03647 -5.56353 2
      vertex 2.03647 -5.56353 2.6
    endloop
  endfacet
  facet normal 0.729863 0.683593 0
    outer loop
      vertex 2.03647 -5.56353 2
      vertex 2.1653 -5.70108 2.6
      vertex 2.1653 -5.70108 2
    endloop
  endfacet
  facet normal 0.773023 0.634378 0
    outer loop
      vertex 2.28486 -5.84677 2.6
      vertex 2.1653 -5.70108 2
      vertex 2.1653 -5.70108 2.6
    endloop
  endfacet
  facet normal 0.773023 0.634378 0
    outer loop
      vertex 2.1653 -5.70108 2
      vertex 2.28486 -5.84677 2.6
      vertex 2.28486 -5.84677 2
    endloop
  endfacet
  facet normal 0.812858 0.582462 0
    outer loop
      vertex 2.39463 -5.99996 2.6
      vertex 2.28486 -5.84677 2
      vertex 2.28486 -5.84677 2.6
    endloop
  endfacet
  facet normal 0.812858 0.582462 0
    outer loop
      vertex 2.28486 -5.84677 2
      vertex 2.39463 -5.99996 2.6
      vertex 2.39463 -5.99996 2
    endloop
  endfacet
  facet normal 0.935897 0.352275 0
    outer loop
      vertex 2.72716 -6.67425 2.6
      vertex 2.66077 -6.49787 2
      vertex 2.66077 -6.49787 2.6
    endloop
  endfacet
  facet normal 0.935897 0.352275 0
    outer loop
      vertex 2.66077 -6.49787 2
      vertex 2.72716 -6.67425 2.6
      vertex 2.72716 -6.67425 2
    endloop
  endfacet
  facet normal 0.956938 0.290292 0
    outer loop
      vertex 2.78187 -6.8546 2.6
      vertex 2.72716 -6.67425 2
      vertex 2.72716 -6.67425 2.6
    endloop
  endfacet
  facet normal 0.956938 0.290292 0
    outer loop
      vertex 2.72716 -6.67425 2
      vertex 2.78187 -6.8546 2.6
      vertex 2.78187 -6.8546 2
    endloop
  endfacet
  facet normal 0.973883 0.227048 0
    outer loop
      vertex 2.82466 -7.03814 2.6
      vertex 2.78187 -6.8546 2
      vertex 2.78187 -6.8546 2.6
    endloop
  endfacet
  facet normal 0.973883 0.227048 0
    outer loop
      vertex 2.78187 -6.8546 2
      vertex 2.82466 -7.03814 2.6
      vertex 2.82466 -7.03814 2
    endloop
  endfacet
  facet normal 0.995186 0.0980011 0
    outer loop
      vertex 2.87383 -7.41164 2.6
      vertex 2.85536 -7.22408 2
      vertex 2.85536 -7.22408 2.6
    endloop
  endfacet
  facet normal 0.995186 0.0980011 0
    outer loop
      vertex 2.85536 -7.22408 2
      vertex 2.87383 -7.41164 2.6
      vertex 2.87383 -7.41164 2
    endloop
  endfacet
  facet normal 0.999464 0.0327389 0
    outer loop
      vertex 2.88 -7.6 2.6
      vertex 2.87383 -7.41164 2
      vertex 2.87383 -7.41164 2.6
    endloop
  endfacet
  facet normal 0.999464 0.0327389 0
    outer loop
      vertex 2.87383 -7.41164 2
      vertex 2.88 -7.6 2.6
      vertex 2.88 -7.6 2
    endloop
  endfacet
  facet normal -0.683593 0.729863 0
    outer loop
      vertex -1.89892 -5.4347 2
      vertex -2.03647 -5.56353 2.6
      vertex -1.89892 -5.4347 2.6
    endloop
  endfacet
  facet normal -0.683593 0.729863 0
    outer loop
      vertex -2.03647 -5.56353 2.6
      vertex -1.89892 -5.4347 2
      vertex -2.03647 -5.56353 2
    endloop
  endfacet
  facet normal -0.634378 0.773023 0
    outer loop
      vertex -1.75323 -5.31514 2
      vertex -1.89892 -5.4347 2.6
      vertex -1.75323 -5.31514 2.6
    endloop
  endfacet
  facet normal -0.634378 0.773023 0
    outer loop
      vertex -1.89892 -5.4347 2.6
      vertex -1.75323 -5.31514 2
      vertex -1.89892 -5.4347 2
    endloop
  endfacet
  facet normal -0.412715 0.91086 0
    outer loop
      vertex -1.10213 -4.93923 2
      vertex -1.27379 -5.01701 2.6
      vertex -1.10213 -4.93923 2.6
    endloop
  endfacet
  facet normal -0.412715 0.91086 0
    outer loop
      vertex -1.27379 -5.01701 2.6
      vertex -1.10213 -4.93923 2
      vertex -1.27379 -5.01701 2
    endloop
  endfacet
  facet normal -0.528071 0.8492 0
    outer loop
      vertex -1.44 -5.10585 2
      vertex -1.60004 -5.20537 2.6
      vertex -1.44 -5.10585 2.6
    endloop
  endfacet
  facet normal -0.528071 0.8492 0
    outer loop
      vertex -1.60004 -5.20537 2.6
      vertex -1.44 -5.10585 2
      vertex -1.60004 -5.20537 2
    endloop
  endfacet
  facet normal -0.22705 0.973883 0
    outer loop
      vertex -0.56186 -4.77534 2
      vertex -0.745399 -4.81813 2.6
      vertex -0.56186 -4.77534 2.6
    endloop
  endfacet
  facet normal -0.22705 0.973883 0
    outer loop
      vertex -0.745399 -4.81813 2.6
      vertex -0.56186 -4.77534 2
      vertex -0.745399 -4.81813 2
    endloop
  endfacet
  facet normal -0.0327389 0.999464 0
    outer loop
      vertex 0 -4.72 2
      vertex -0.18836 -4.72617 2.6
      vertex 0 -4.72 2.6
    endloop
  endfacet
  facet normal -0.0327389 0.999464 0
    outer loop
      vertex -0.18836 -4.72617 2.6
      vertex 0 -4.72 2
      vertex -0.18836 -4.72617 2
    endloop
  endfacet
  facet normal -0.729863 0.683593 0
    outer loop
      vertex -2.1653 -5.70108 2
      vertex -2.03647 -5.56353 2.6
      vertex -2.03647 -5.56353 2
    endloop
  endfacet
  facet normal -0.729863 0.683593 0
    outer loop
      vertex -2.03647 -5.56353 2.6
      vertex -2.1653 -5.70108 2
      vertex -2.1653 -5.70108 2.6
    endloop
  endfacet
  facet normal -0.812858 0.582462 0
    outer loop
      vertex -2.39463 -5.99996 2
      vertex -2.28486 -5.84677 2.6
      vertex -2.28486 -5.84677 2
    endloop
  endfacet
  facet normal -0.812858 0.582462 0
    outer loop
      vertex -2.28486 -5.84677 2.6
      vertex -2.39463 -5.99996 2
      vertex -2.39463 -5.99996 2.6
    endloop
  endfacet
  facet normal -0.773023 0.634378 0
    outer loop
      vertex -2.28486 -5.84677 2
      vertex -2.1653 -5.70108 2.6
      vertex -2.1653 -5.70108 2
    endloop
  endfacet
  facet normal -0.773023 0.634378 0
    outer loop
      vertex -2.1653 -5.70108 2.6
      vertex -2.28486 -5.84677 2
      vertex -2.28486 -5.84677 2.6
    endloop
  endfacet
  facet normal -0.8492 0.528071 0
    outer loop
      vertex -2.49415 -6.16 2
      vertex -2.39463 -5.99996 2.6
      vertex -2.39463 -5.99996 2
    endloop
  endfacet
  facet normal -0.8492 0.528071 0
    outer loop
      vertex -2.39463 -5.99996 2.6
      vertex -2.49415 -6.16 2
      vertex -2.49415 -6.16 2.6
    endloop
  endfacet
  facet normal -0.956938 0.290292 0
    outer loop
      vertex -2.78187 -6.8546 2
      vertex -2.72716 -6.67425 2.6
      vertex -2.72716 -6.67425 2
    endloop
  endfacet
  facet normal -0.956938 0.290292 0
    outer loop
      vertex -2.72716 -6.67425 2.6
      vertex -2.78187 -6.8546 2
      vertex -2.78187 -6.8546 2.6
    endloop
  endfacet
  facet normal -0.973883 0.227048 0
    outer loop
      vertex -2.82466 -7.03814 2
      vertex -2.78187 -6.8546 2.6
      vertex -2.78187 -6.8546 2
    endloop
  endfacet
  facet normal -0.973883 0.227048 0
    outer loop
      vertex -2.78187 -6.8546 2.6
      vertex -2.82466 -7.03814 2
      vertex -2.82466 -7.03814 2.6
    endloop
  endfacet
  facet normal -0.935897 0.352275 0
    outer loop
      vertex -2.72716 -6.67425 2
      vertex -2.66077 -6.49787 2.6
      vertex -2.66077 -6.49787 2
    endloop
  endfacet
  facet normal -0.935897 0.352275 0
    outer loop
      vertex -2.66077 -6.49787 2.6
      vertex -2.72716 -6.67425 2
      vertex -2.72716 -6.67425 2.6
    endloop
  endfacet
  facet normal -0.995186 0.0980011 0
    outer loop
      vertex -2.87383 -7.41164 2
      vertex -2.85536 -7.22408 2.6
      vertex -2.85536 -7.22408 2
    endloop
  endfacet
  facet normal -0.995186 0.0980011 0
    outer loop
      vertex -2.85536 -7.22408 2.6
      vertex -2.87383 -7.41164 2
      vertex -2.87383 -7.41164 2.6
    endloop
  endfacet
  facet normal -0.986642 0.162902 0
    outer loop
      vertex -2.85536 -7.22408 2
      vertex -2.82466 -7.03814 2.6
      vertex -2.82466 -7.03814 2
    endloop
  endfacet
  facet normal -0.986642 0.162902 0
    outer loop
      vertex -2.82466 -7.03814 2.6
      vertex -2.85536 -7.22408 2
      vertex -2.85536 -7.22408 2.6
    endloop
  endfacet
  facet normal 0.986644 -0.162893 0
    outer loop
      vertex 2.82466 -8.16186 2.6
      vertex 2.85536 -7.97591 2
      vertex 2.85536 -7.97591 2.6
    endloop
  endfacet
  facet normal 0.986644 -0.162893 0
    outer loop
      vertex 2.85536 -7.97591 2
      vertex 2.82466 -8.16186 2.6
      vertex 2.82466 -8.16186 2
    endloop
  endfacet
  facet normal 0.973883 -0.227048 0
    outer loop
      vertex 2.78187 -8.3454 2.6
      vertex 2.82466 -8.16186 2
      vertex 2.82466 -8.16186 2.6
    endloop
  endfacet
  facet normal 0.973883 -0.227048 0
    outer loop
      vertex 2.82466 -8.16186 2
      vertex 2.78187 -8.3454 2.6
      vertex 2.78187 -8.3454 2
    endloop
  endfacet
  facet normal 0.935897 -0.352275 0
    outer loop
      vertex 2.66077 -8.70213 2.6
      vertex 2.72716 -8.52575 2
      vertex 2.72716 -8.52575 2.6
    endloop
  endfacet
  facet normal 0.935897 -0.352275 0
    outer loop
      vertex 2.72716 -8.52575 2
      vertex 2.66077 -8.70213 2.6
      vertex 2.66077 -8.70213 2
    endloop
  endfacet
  facet normal 0.729863 -0.683593 0
    outer loop
      vertex 2.03647 -9.63647 2.6
      vertex 2.1653 -9.49892 2
      vertex 2.1653 -9.49892 2.6
    endloop
  endfacet
  facet normal 0.729863 -0.683593 0
    outer loop
      vertex 2.1653 -9.49892 2
      vertex 2.03647 -9.63647 2.6
      vertex 2.03647 -9.63647 2
    endloop
  endfacet
  facet normal 0.8492 -0.528071 0
    outer loop
      vertex 2.39463 -9.20004 2.6
      vertex 2.49415 -9.04 2
      vertex 2.49415 -9.04 2.6
    endloop
  endfacet
  facet normal 0.8492 -0.528071 0
    outer loop
      vertex 2.49415 -9.04 2
      vertex 2.39463 -9.20004 2.6
      vertex 2.39463 -9.20004 2
    endloop
  endfacet
  facet normal 0.352312 -0.935883 0
    outer loop
      vertex 0.925745 -10.3272 2
      vertex 1.10213 -10.2608 2.6
      vertex 0.925745 -10.3272 2.6
    endloop
  endfacet
  facet normal 0.352312 -0.935883 0
    outer loop
      vertex 1.10213 -10.2608 2.6
      vertex 0.925745 -10.3272 2
      vertex 1.10213 -10.2608 2
    endloop
  endfacet
  facet normal 0.582462 -0.812858 0
    outer loop
      vertex 1.60004 -9.99463 2
      vertex 1.75323 -9.88486 2.6
      vertex 1.60004 -9.99463 2.6
    endloop
  endfacet
  facet normal 0.582462 -0.812858 0
    outer loop
      vertex 1.75323 -9.88486 2.6
      vertex 1.60004 -9.99463 2
      vertex 1.75323 -9.88486 2
    endloop
  endfacet
  facet normal -0.773023 -0.634378 0
    outer loop
      vertex -2.1653 -9.49892 2
      vertex -2.28486 -9.35323 2.6
      vertex -2.28486 -9.35323 2
    endloop
  endfacet
  facet normal -0.773023 -0.634378 0
    outer loop
      vertex -2.28486 -9.35323 2.6
      vertex -2.1653 -9.49892 2
      vertex -2.1653 -9.49892 2.6
    endloop
  endfacet
  facet normal -0.729863 -0.683593 0
    outer loop
      vertex -2.03647 -9.63647 2
      vertex -2.1653 -9.49892 2.6
      vertex -2.1653 -9.49892 2
    endloop
  endfacet
  facet normal -0.729863 -0.683593 0
    outer loop
      vertex -2.1653 -9.49892 2.6
      vertex -2.03647 -9.63647 2
      vertex -2.03647 -9.63647 2.6
    endloop
  endfacet
  facet normal -0.881924 -0.471392 0
    outer loop
      vertex -2.49415 -9.04 2
      vertex -2.58299 -8.87379 2.6
      vertex -2.58299 -8.87379 2
    endloop
  endfacet
  facet normal -0.881924 -0.471392 0
    outer loop
      vertex -2.58299 -8.87379 2.6
      vertex -2.49415 -9.04 2
      vertex -2.49415 -9.04 2.6
    endloop
  endfacet
  facet normal -0.956938 -0.290292 0
    outer loop
      vertex -2.72716 -8.52575 2
      vertex -2.78187 -8.3454 2.6
      vertex -2.78187 -8.3454 2
    endloop
  endfacet
  facet normal -0.956938 -0.290292 0
    outer loop
      vertex -2.78187 -8.3454 2.6
      vertex -2.72716 -8.52575 2
      vertex -2.72716 -8.52575 2.6
    endloop
  endfacet
  facet normal -0.634378 -0.773023 0
    outer loop
      vertex -1.89892 -9.7653 2
      vertex -1.75323 -9.88486 2.6
      vertex -1.89892 -9.7653 2.6
    endloop
  endfacet
  facet normal -0.634378 -0.773023 -0
    outer loop
      vertex -1.75323 -9.88486 2.6
      vertex -1.89892 -9.7653 2
      vertex -1.75323 -9.88486 2
    endloop
  endfacet
  facet normal -0.471227 -0.882012 0
    outer loop
      vertex -1.44 -10.0942 2
      vertex -1.27379 -10.183 2.6
      vertex -1.44 -10.0942 2.6
    endloop
  endfacet
  facet normal -0.471227 -0.882012 -0
    outer loop
      vertex -1.27379 -10.183 2.6
      vertex -1.44 -10.0942 2
      vertex -1.27379 -10.183 2
    endloop
  endfacet
  facet normal -0.528262 -0.849081 0
    outer loop
      vertex -1.60004 -9.99463 2
      vertex -1.44 -10.0942 2.6
      vertex -1.60004 -9.99463 2.6
    endloop
  endfacet
  facet normal -0.528262 -0.849081 -0
    outer loop
      vertex -1.44 -10.0942 2.6
      vertex -1.60004 -9.99463 2
      vertex -1.44 -10.0942 2
    endloop
  endfacet
  facet normal -0.290249 -0.956951 0
    outer loop
      vertex -0.925745 -10.3272 2
      vertex -0.745399 -10.3819 2.6
      vertex -0.925745 -10.3272 2.6
    endloop
  endfacet
  facet normal -0.290249 -0.956951 -0
    outer loop
      vertex -0.745399 -10.3819 2.6
      vertex -0.925745 -10.3272 2
      vertex -0.745399 -10.3819 2
    endloop
  endfacet
  facet normal -0.0976358 -0.995222 0
    outer loop
      vertex -0.375915 -10.4554 2
      vertex -0.18836 -10.4738 2.6
      vertex -0.375915 -10.4554 2.6
    endloop
  endfacet
  facet normal -0.0976358 -0.995222 -0
    outer loop
      vertex -0.18836 -10.4738 2.6
      vertex -0.375915 -10.4554 2
      vertex -0.18836 -10.4738 2
    endloop
  endfacet
  facet normal -0.162897 -0.986643 0
    outer loop
      vertex -0.56186 -10.4247 2
      vertex -0.375915 -10.4554 2.6
      vertex -0.56186 -10.4247 2.6
    endloop
  endfacet
  facet normal -0.162897 -0.986643 -0
    outer loop
      vertex -0.375915 -10.4554 2.6
      vertex -0.56186 -10.4247 2
      vertex -0.375915 -10.4554 2
    endloop
  endfacet
  facet normal 0.0980037 0.995186 -0
    outer loop
      vertex 0.375915 -4.74464 2
      vertex 0.18836 -4.72617 2.6
      vertex 0.375915 -4.74464 2.6
    endloop
  endfacet
  facet normal 0.0980037 0.995186 0
    outer loop
      vertex 0.18836 -4.72617 2.6
      vertex 0.375915 -4.74464 2
      vertex 0.18836 -4.72617 2
    endloop
  endfacet
  facet normal 0.162897 0.986643 -0
    outer loop
      vertex 0.56186 -4.77534 2
      vertex 0.375915 -4.74464 2.6
      vertex 0.56186 -4.77534 2.6
    endloop
  endfacet
  facet normal 0.162897 0.986643 0
    outer loop
      vertex 0.375915 -4.74464 2.6
      vertex 0.56186 -4.77534 2
      vertex 0.375915 -4.74464 2
    endloop
  endfacet
  facet normal 0.412715 0.91086 -0
    outer loop
      vertex 1.27379 -5.01701 2
      vertex 1.10213 -4.93923 2.6
      vertex 1.27379 -5.01701 2.6
    endloop
  endfacet
  facet normal 0.412715 0.91086 0
    outer loop
      vertex 1.10213 -4.93923 2.6
      vertex 1.27379 -5.01701 2
      vertex 1.10213 -4.93923 2
    endloop
  endfacet
  facet normal 0.471392 0.881924 -0
    outer loop
      vertex 1.44 -5.10585 2
      vertex 1.27379 -5.01701 2.6
      vertex 1.44 -5.10585 2.6
    endloop
  endfacet
  facet normal 0.471392 0.881924 0
    outer loop
      vertex 1.27379 -5.01701 2.6
      vertex 1.44 -5.10585 2
      vertex 1.27379 -5.01701 2
    endloop
  endfacet
  facet normal 0.528071 0.8492 -0
    outer loop
      vertex 1.60004 -5.20537 2
      vertex 1.44 -5.10585 2.6
      vertex 1.60004 -5.20537 2.6
    endloop
  endfacet
  facet normal 0.528071 0.8492 0
    outer loop
      vertex 1.44 -5.10585 2.6
      vertex 1.60004 -5.20537 2
      vertex 1.44 -5.10585 2
    endloop
  endfacet
  facet normal 0.582462 0.812858 -0
    outer loop
      vertex 1.75323 -5.31514 2
      vertex 1.60004 -5.20537 2.6
      vertex 1.75323 -5.31514 2.6
    endloop
  endfacet
  facet normal 0.582462 0.812858 0
    outer loop
      vertex 1.60004 -5.20537 2.6
      vertex 1.75323 -5.31514 2
      vertex 1.60004 -5.20537 2
    endloop
  endfacet
  facet normal 0.91086 0.412715 0
    outer loop
      vertex 2.66077 -6.49787 2.6
      vertex 2.58299 -6.32621 2
      vertex 2.58299 -6.32621 2.6
    endloop
  endfacet
  facet normal 0.91086 0.412715 0
    outer loop
      vertex 2.58299 -6.32621 2
      vertex 2.66077 -6.49787 2.6
      vertex 2.66077 -6.49787 2
    endloop
  endfacet
  facet normal -0.471392 0.881924 0
    outer loop
      vertex -1.27379 -5.01701 2
      vertex -1.44 -5.10585 2.6
      vertex -1.27379 -5.01701 2.6
    endloop
  endfacet
  facet normal -0.471392 0.881924 0
    outer loop
      vertex -1.44 -5.10585 2.6
      vertex -1.27379 -5.01701 2
      vertex -1.44 -5.10585 2
    endloop
  endfacet
  facet normal -0.290298 0.956936 0
    outer loop
      vertex -0.745399 -4.81813 2
      vertex -0.925745 -4.87284 2.6
      vertex -0.745399 -4.81813 2.6
    endloop
  endfacet
  facet normal -0.290298 0.956936 0
    outer loop
      vertex -0.925745 -4.87284 2.6
      vertex -0.745399 -4.81813 2
      vertex -0.925745 -4.87284 2
    endloop
  endfacet
  facet normal -0.0980037 0.995186 0
    outer loop
      vertex -0.18836 -4.72617 2
      vertex -0.375915 -4.74464 2.6
      vertex -0.18836 -4.72617 2.6
    endloop
  endfacet
  facet normal -0.0980037 0.995186 0
    outer loop
      vertex -0.375915 -4.74464 2.6
      vertex -0.18836 -4.72617 2
      vertex -0.375915 -4.74464 2
    endloop
  endfacet
  facet normal -0.881924 0.471392 0
    outer loop
      vertex -2.58299 -6.32621 2
      vertex -2.49415 -6.16 2.6
      vertex -2.49415 -6.16 2
    endloop
  endfacet
  facet normal -0.881924 0.471392 0
    outer loop
      vertex -2.49415 -6.16 2.6
      vertex -2.58299 -6.32621 2
      vertex -2.58299 -6.32621 2.6
    endloop
  endfacet
  facet normal 0.999459 -0.0328909 0
    outer loop
      vertex 35.2738 -40.1884 2.6
      vertex 35.28 -40 2
      vertex 35.28 -40 2.6
    endloop
  endfacet
  facet normal 0.999459 -0.0328909 0
    outer loop
      vertex 35.28 -40 2
      vertex 35.2738 -40.1884 2.6
      vertex 35.2738 -40.1884 2
    endloop
  endfacet
  facet normal 0.995219 -0.0976642 0
    outer loop
      vertex 35.2554 -40.3759 2.6
      vertex 35.2738 -40.1884 2
      vertex 35.2738 -40.1884 2.6
    endloop
  endfacet
  facet normal 0.995219 -0.0976642 0
    outer loop
      vertex 35.2738 -40.1884 2
      vertex 35.2554 -40.3759 2.6
      vertex 35.2554 -40.3759 2
    endloop
  endfacet
  facet normal -0.0328909 -0.999459 0
    outer loop
      vertex 32.2116 -42.8738 2
      vertex 32.4 -42.88 2.6
      vertex 32.2116 -42.8738 2.6
    endloop
  endfacet
  facet normal -0.0328909 -0.999459 -0
    outer loop
      vertex 32.4 -42.88 2.6
      vertex 32.2116 -42.8738 2
      vertex 32.4 -42.88 2
    endloop
  endfacet
  facet normal 0.683376 -0.730066 0
    outer loop
      vertex 34.2989 -42.1653 2
      vertex 34.4365 -42.0365 2.6
      vertex 34.2989 -42.1653 2.6
    endloop
  endfacet
  facet normal 0.683376 -0.730066 0
    outer loop
      vertex 34.4365 -42.0365 2.6
      vertex 34.2989 -42.1653 2
      vertex 34.4365 -42.0365 2
    endloop
  endfacet
  facet normal -0.730066 -0.683376 0
    outer loop
      vertex 30.3635 -42.0365 2
      vertex 30.2347 -41.8989 2.6
      vertex 30.2347 -41.8989 2
    endloop
  endfacet
  facet normal -0.730066 -0.683376 0
    outer loop
      vertex 30.2347 -41.8989 2.6
      vertex 30.3635 -42.0365 2
      vertex 30.3635 -42.0365 2.6
    endloop
  endfacet
  facet normal -0.412724 -0.910856 0
    outer loop
      vertex 31.1262 -42.583 2
      vertex 31.2979 -42.6608 2.6
      vertex 31.1262 -42.583 2.6
    endloop
  endfacet
  facet normal -0.412724 -0.910856 -0
    outer loop
      vertex 31.2979 -42.6608 2.6
      vertex 31.1262 -42.583 2
      vertex 31.2979 -42.6608 2
    endloop
  endfacet
  facet normal 0.0976642 0.995219 -0
    outer loop
      vertex 32.7759 -37.1446 2
      vertex 32.5884 -37.1262 2.6
      vertex 32.7759 -37.1446 2.6
    endloop
  endfacet
  facet normal 0.0976642 0.995219 0
    outer loop
      vertex 32.5884 -37.1262 2.6
      vertex 32.7759 -37.1446 2
      vertex 32.5884 -37.1262 2
    endloop
  endfacet
  facet normal 0.910856 -0.412724 0
    outer loop
      vertex 34.983 -41.2738 2.6
      vertex 35.0608 -41.1021 2
      vertex 35.0608 -41.1021 2.6
    endloop
  endfacet
  facet normal 0.910856 -0.412724 0
    outer loop
      vertex 35.0608 -41.1021 2
      vertex 34.983 -41.2738 2.6
      vertex 34.983 -41.2738 2
    endloop
  endfacet
  facet normal 0.352286 -0.935892 0
    outer loop
      vertex 33.3257 -42.7272 2
      vertex 33.5021 -42.6608 2.6
      vertex 33.3257 -42.7272 2.6
    endloop
  endfacet
  facet normal 0.352286 -0.935892 0
    outer loop
      vertex 33.5021 -42.6608 2.6
      vertex 33.3257 -42.7272 2
      vertex 33.5021 -42.6608 2
    endloop
  endfacet
  facet normal 0.528472 -0.848951 0
    outer loop
      vertex 33.84 -42.4942 2
      vertex 34 -42.3946 2.6
      vertex 33.84 -42.4942 2.6
    endloop
  endfacet
  facet normal 0.528472 -0.848951 0
    outer loop
      vertex 34 -42.3946 2.6
      vertex 33.84 -42.4942 2
      vertex 34 -42.3946 2
    endloop
  endfacet
  facet normal -0.935892 -0.352286 0
    outer loop
      vertex 29.7392 -41.1021 2
      vertex 29.6728 -40.9257 2.6
      vertex 29.6728 -40.9257 2
    endloop
  endfacet
  facet normal -0.935892 -0.352286 0
    outer loop
      vertex 29.6728 -40.9257 2.6
      vertex 29.7392 -41.1021 2
      vertex 29.7392 -41.1021 2.6
    endloop
  endfacet
  facet normal -0.77294 -0.634479 0
    outer loop
      vertex 30.2347 -41.8989 2
      vertex 30.1151 -41.7532 2.6
      vertex 30.1151 -41.7532 2
    endloop
  endfacet
  facet normal -0.77294 -0.634479 0
    outer loop
      vertex 30.1151 -41.7532 2.6
      vertex 30.2347 -41.8989 2
      vertex 30.2347 -41.8989 2.6
    endloop
  endfacet
  facet normal -0.227146 -0.973861 0
    outer loop
      vertex 31.6546 -42.7819 2
      vertex 31.8381 -42.8247 2.6
      vertex 31.6546 -42.7819 2.6
    endloop
  endfacet
  facet normal -0.227146 -0.973861 -0
    outer loop
      vertex 31.8381 -42.8247 2.6
      vertex 31.6546 -42.7819 2
      vertex 31.8381 -42.8247 2
    endloop
  endfacet
  facet normal 0.77294 0.634479 0
    outer loop
      vertex 34.6849 -38.2468 2.6
      vertex 34.5653 -38.1011 2
      vertex 34.5653 -38.1011 2.6
    endloop
  endfacet
  facet normal 0.77294 0.634479 0
    outer loop
      vertex 34.5653 -38.1011 2
      vertex 34.6849 -38.2468 2.6
      vertex 34.6849 -38.2468 2
    endloop
  endfacet
  facet normal -0.634479 0.77294 0
    outer loop
      vertex 30.6468 -37.7151 2
      vertex 30.5011 -37.8347 2.6
      vertex 30.6468 -37.7151 2.6
    endloop
  endfacet
  facet normal -0.634479 0.77294 0
    outer loop
      vertex 30.5011 -37.8347 2.6
      vertex 30.6468 -37.7151 2
      vertex 30.5011 -37.8347 2
    endloop
  endfacet
  facet normal 0.973861 -0.227146 0
    outer loop
      vertex 35.1819 -40.7454 2.6
      vertex 35.2247 -40.5619 2
      vertex 35.2247 -40.5619 2.6
    endloop
  endfacet
  facet normal 0.973861 -0.227146 0
    outer loop
      vertex 35.2247 -40.5619 2
      vertex 35.1819 -40.7454 2.6
      vertex 35.1819 -40.7454 2
    endloop
  endfacet
  facet normal 0.813052 -0.582192 0
    outer loop
      vertex 34.6849 -41.7532 2.6
      vertex 34.7946 -41.6 2
      vertex 34.7946 -41.6 2.6
    endloop
  endfacet
  facet normal 0.813052 -0.582192 0
    outer loop
      vertex 34.7946 -41.6 2
      vertex 34.6849 -41.7532 2.6
      vertex 34.6849 -41.7532 2
    endloop
  endfacet
  facet normal 0.882 -0.471249 0
    outer loop
      vertex 34.8942 -41.44 2.6
      vertex 34.983 -41.2738 2
      vertex 34.983 -41.2738 2.6
    endloop
  endfacet
  facet normal 0.882 -0.471249 0
    outer loop
      vertex 34.983 -41.2738 2
      vertex 34.8942 -41.44 2.6
      vertex 34.8942 -41.44 2
    endloop
  endfacet
  facet normal 0.16285 -0.986651 0
    outer loop
      vertex 32.7759 -42.8554 2
      vertex 32.9619 -42.8247 2.6
      vertex 32.7759 -42.8554 2.6
    endloop
  endfacet
  facet normal 0.16285 -0.986651 0
    outer loop
      vertex 32.9619 -42.8247 2.6
      vertex 32.7759 -42.8554 2
      vertex 32.9619 -42.8247 2
    endloop
  endfacet
  facet normal 0.290317 -0.956931 0
    outer loop
      vertex 33.1454 -42.7819 2
      vertex 33.3257 -42.7272 2.6
      vertex 33.1454 -42.7819 2.6
    endloop
  endfacet
  facet normal 0.290317 -0.956931 0
    outer loop
      vertex 33.3257 -42.7272 2.6
      vertex 33.1454 -42.7819 2
      vertex 33.3257 -42.7272 2
    endloop
  endfacet
  facet normal 0.582192 -0.813052 0
    outer loop
      vertex 34 -42.3946 2
      vertex 34.1532 -42.2849 2.6
      vertex 34 -42.3946 2.6
    endloop
  endfacet
  facet normal 0.582192 -0.813052 0
    outer loop
      vertex 34.1532 -42.2849 2.6
      vertex 34 -42.3946 2
      vertex 34.1532 -42.2849 2
    endloop
  endfacet
  facet normal -0.986651 -0.16285 0
    outer loop
      vertex 29.5753 -40.5619 2
      vertex 29.5446 -40.3759 2.6
      vertex 29.5446 -40.3759 2
    endloop
  endfacet
  facet normal -0.986651 -0.16285 0
    outer loop
      vertex 29.5446 -40.3759 2.6
      vertex 29.5753 -40.5619 2
      vertex 29.5753 -40.5619 2.6
    endloop
  endfacet
  facet normal 0 0 1
    outer loop
      vertex 35.2738 -39.8116 2.6
      vertex 35.2738 -40.1884 2.6
      vertex 35.28 -40 2.6
    endloop
  endfacet
  facet normal 0 0 1
    outer loop
      vertex 35.2554 -39.6241 2.6
      vertex 35.2738 -40.1884 2.6
      vertex 35.2738 -39.8116 2.6
    endloop
  endfacet
  facet normal 0 0 1
    outer loop
      vertex 35.2554 -39.6241 2.6
      vertex 35.2554 -40.3759 2.6
      vertex 35.2738 -40.1884 2.6
    endloop
  endfacet
  facet normal 0 0 1
    outer loop
      vertex 35.2247 -39.4381 2.6
      vertex 35.2554 -40.3759 2.6
      vertex 35.2554 -39.6241 2.6
    endloop
  endfacet
  facet normal 0 0 1
    outer loop
      vertex 35.2247 -39.4381 2.6
      vertex 35.2247 -40.5619 2.6
      vertex 35.2554 -40.3759 2.6
    endloop
  endfacet
  facet normal 0 0 1
    outer loop
      vertex 35.1819 -39.2546 2.6
      vertex 35.2247 -40.5619 2.6
      vertex 35.2247 -39.4381 2.6
    endloop
  endfacet
  facet normal 0 0 1
    outer loop
      vertex 35.1819 -39.2546 2.6
      vertex 35.1819 -40.7454 2.6
      vertex 35.2247 -40.5619 2.6
    endloop
  endfacet
  facet normal 0 0 1
    outer loop
      vertex 35.1272 -39.0743 2.6
      vertex 35.1819 -40.7454 2.6
      vertex 35.1819 -39.2546 2.6
    endloop
  endfacet
  facet normal 0 0 1
    outer loop
      vertex 35.1272 -39.0743 2.6
      vertex 35.1272 -40.9257 2.6
      vertex 35.1819 -40.7454 2.6
    endloop
  endfacet
  facet normal 0 0 1
    outer loop
      vertex 35.0608 -38.8979 2.6
      vertex 35.1272 -40.9257 2.6
      vertex 35.1272 -39.0743 2.6
    endloop
  endfacet
  facet normal 0 0 1
    outer loop
      vertex 35.0608 -38.8979 2.6
      vertex 35.0608 -41.1021 2.6
      vertex 35.1272 -40.9257 2.6
    endloop
  endfacet
  facet normal 0 0 1
    outer loop
      vertex 34.983 -38.7262 2.6
      vertex 35.0608 -41.1021 2.6
      vertex 35.0608 -38.8979 2.6
    endloop
  endfacet
  facet normal 0 0 1
    outer loop
      vertex 34.983 -38.7262 2.6
      vertex 34.983 -41.2738 2.6
      vertex 35.0608 -41.1021 2.6
    endloop
  endfacet
  facet normal 0 0 1
    outer loop
      vertex 34.8942 -38.56 2.6
      vertex 34.983 -41.2738 2.6
      vertex 34.983 -38.7262 2.6
    endloop
  endfacet
  facet normal 0 0 1
    outer loop
      vertex 34.8942 -38.56 2.6
      vertex 34.8942 -41.44 2.6
      vertex 34.983 -41.2738 2.6
    endloop
  endfacet
  facet normal 0 0 1
    outer loop
      vertex 34.7946 -38.4 2.6
      vertex 34.8942 -41.44 2.6
      vertex 34.8942 -38.56 2.6
    endloop
  endfacet
  facet normal 0 0 1
    outer loop
      vertex 34.7946 -38.4 2.6
      vertex 34.7946 -41.6 2.6
      vertex 34.8942 -41.44 2.6
    endloop
  endfacet
  facet normal 0 0 1
    outer loop
      vertex 34.6849 -38.2468 2.6
      vertex 34.7946 -41.6 2.6
      vertex 34.7946 -38.4 2.6
    endloop
  endfacet
  facet normal 0 0 1
    outer loop
      vertex 34.6849 -38.2468 2.6
      vertex 34.6849 -41.7532 2.6
      vertex 34.7946 -41.6 2.6
    endloop
  endfacet
  facet normal 0 0 1
    outer loop
      vertex 34.5653 -38.1011 2.6
      vertex 34.6849 -41.7532 2.6
      vertex 34.6849 -38.2468 2.6
    endloop
  endfacet
  facet normal 0 0 1
    outer loop
      vertex 34.5653 -38.1011 2.6
      vertex 34.5653 -41.8989 2.6
      vertex 34.6849 -41.7532 2.6
    endloop
  endfacet
  facet normal 0 0 1
    outer loop
      vertex 34.4365 -37.9635 2.6
      vertex 34.5653 -41.8989 2.6
      vertex 34.5653 -38.1011 2.6
    endloop
  endfacet
  facet normal 0 0 1
    outer loop
      vertex 34.4365 -37.9635 2.6
      vertex 34.4365 -42.0365 2.6
      vertex 34.5653 -41.8989 2.6
    endloop
  endfacet
  facet normal 0 0 1
    outer loop
      vertex 34.2989 -37.8347 2.6
      vertex 34.4365 -42.0365 2.6
      vertex 34.4365 -37.9635 2.6
    endloop
  endfacet
  facet normal 0 0 1
    outer loop
      vertex 34.2989 -37.8347 2.6
      vertex 34.2989 -42.1653 2.6
      vertex 34.4365 -42.0365 2.6
    endloop
  endfacet
  facet normal 0 0 1
    outer loop
      vertex 34.1532 -37.7151 2.6
      vertex 34.2989 -42.1653 2.6
      vertex 34.2989 -37.8347 2.6
    endloop
  endfacet
  facet normal 0 0 1
    outer loop
      vertex 34.1532 -37.7151 2.6
      vertex 34.1532 -42.2849 2.6
      vertex 34.2989 -42.1653 2.6
    endloop
  endfacet
  facet normal 0 0 1
    outer loop
      vertex 34 -37.6054 2.6
      vertex 34.1532 -42.2849 2.6
      vertex 34.1532 -37.7151 2.6
    endloop
  endfacet
  facet normal 0 0 1
    outer loop
      vertex 34 -37.6054 2.6
      vertex 34 -42.3946 2.6
      vertex 34.1532 -42.2849 2.6
    endloop
  endfacet
  facet normal 0 0 1
    outer loop
      vertex 33.84 -37.5058 2.6
      vertex 34 -42.3946 2.6
      vertex 34 -37.6054 2.6
    endloop
  endfacet
  facet normal 0 0 1
    outer loop
      vertex 33.84 -37.5058 2.6
      vertex 33.84 -42.4942 2.6
      vertex 34 -42.3946 2.6
    endloop
  endfacet
  facet normal 0 0 1
    outer loop
      vertex 33.6738 -37.417 2.6
      vertex 33.84 -42.4942 2.6
      vertex 33.84 -37.5058 2.6
    endloop
  endfacet
  facet normal 0 0 1
    outer loop
      vertex 33.6738 -37.417 2.6
      vertex 33.6738 -42.583 2.6
      vertex 33.84 -42.4942 2.6
    endloop
  endfacet
  facet normal 0 0 1
    outer loop
      vertex 33.5021 -37.3392 2.6
      vertex 33.6738 -42.583 2.6
      vertex 33.6738 -37.417 2.6
    endloop
  endfacet
  facet normal 0 0 1
    outer loop
      vertex 33.5021 -37.3392 2.6
      vertex 33.5021 -42.6608 2.6
      vertex 33.6738 -42.583 2.6
    endloop
  endfacet
  facet normal 0 0 1
    outer loop
      vertex 33.3257 -37.2728 2.6
      vertex 33.5021 -42.6608 2.6
      vertex 33.5021 -37.3392 2.6
    endloop
  endfacet
  facet normal 0 0 1
    outer loop
      vertex 33.3257 -37.2728 2.6
      vertex 33.3257 -42.7272 2.6
      vertex 33.5021 -42.6608 2.6
    endloop
  endfacet
  facet normal 0 0 1
    outer loop
      vertex 33.1454 -37.2181 2.6
      vertex 33.3257 -42.7272 2.6
      vertex 33.3257 -37.2728 2.6
    endloop
  endfacet
  facet normal 0 0 1
    outer loop
      vertex 33.1454 -37.2181 2.6
      vertex 33.1454 -42.7819 2.6
      vertex 33.3257 -42.7272 2.6
    endloop
  endfacet
  facet normal 0 0 1
    outer loop
      vertex 32.9619 -37.1753 2.6
      vertex 33.1454 -42.7819 2.6
      vertex 33.1454 -37.2181 2.6
    endloop
  endfacet
  facet normal 0 0 1
    outer loop
      vertex 32.9619 -37.1753 2.6
      vertex 32.9619 -42.8247 2.6
      vertex 33.1454 -42.7819 2.6
    endloop
  endfacet
  facet normal 0 0 1
    outer loop
      vertex 32.7759 -37.1446 2.6
      vertex 32.9619 -42.8247 2.6
      vertex 32.9619 -37.1753 2.6
    endloop
  endfacet
  facet normal 0 0 1
    outer loop
      vertex 32.7759 -37.1446 2.6
      vertex 32.7759 -42.8554 2.6
      vertex 32.9619 -42.8247 2.6
    endloop
  endfacet
  facet normal 0 0 1
    outer loop
      vertex 32.5884 -37.1262 2.6
      vertex 32.7759 -42.8554 2.6
      vertex 32.7759 -37.1446 2.6
    endloop
  endfacet
  facet normal 0 0 1
    outer loop
      vertex 32.5884 -37.1262 2.6
      vertex 32.5884 -42.8738 2.6
      vertex 32.7759 -42.8554 2.6
    endloop
  endfacet
  facet normal 0 0 1
    outer loop
      vertex 32.4 -37.12 2.6
      vertex 32.5884 -42.8738 2.6
      vertex 32.5884 -37.1262 2.6
    endloop
  endfacet
  facet normal 0 0 1
    outer loop
      vertex 32.4 -37.12 2.6
      vertex 32.4 -42.88 2.6
      vertex 32.5884 -42.8738 2.6
    endloop
  endfacet
  facet normal -0 0 1
    outer loop
      vertex 32.2116 -37.1262 2.6
      vertex 32.4 -42.88 2.6
      vertex 32.4 -37.12 2.6
    endloop
  endfacet
  facet normal 0 0 1
    outer loop
      vertex 32.2116 -37.1262 2.6
      vertex 32.2116 -42.8738 2.6
      vertex 32.4 -42.88 2.6
    endloop
  endfacet
  facet normal -0 0 1
    outer loop
      vertex 32.0241 -37.1446 2.6
      vertex 32.2116 -42.8738 2.6
      vertex 32.2116 -37.1262 2.6
    endloop
  endfacet
  facet normal 0 0 1
    outer loop
      vertex 32.0241 -37.1446 2.6
      vertex 32.0241 -42.8554 2.6
      vertex 32.2116 -42.8738 2.6
    endloop
  endfacet
  facet normal -0 0 1
    outer loop
      vertex 31.8381 -37.1753 2.6
      vertex 32.0241 -42.8554 2.6
      vertex 32.0241 -37.1446 2.6
    endloop
  endfacet
  facet normal 0 0 1
    outer loop
      vertex 31.8381 -37.1753 2.6
      vertex 31.8381 -42.8247 2.6
      vertex 32.0241 -42.8554 2.6
    endloop
  endfacet
  facet normal -0 0 1
    outer loop
      vertex 31.6546 -37.2181 2.6
      vertex 31.8381 -42.8247 2.6
      vertex 31.8381 -37.1753 2.6
    endloop
  endfacet
  facet normal 0 0 1
    outer loop
      vertex 31.6546 -37.2181 2.6
      vertex 31.6546 -42.7819 2.6
      vertex 31.8381 -42.8247 2.6
    endloop
  endfacet
  facet normal -0 0 1
    outer loop
      vertex 31.4743 -37.2728 2.6
      vertex 31.6546 -42.7819 2.6
      vertex 31.6546 -37.2181 2.6
    endloop
  endfacet
  facet normal 0 0 1
    outer loop
      vertex 31.4743 -37.2728 2.6
      vertex 31.4743 -42.7272 2.6
      vertex 31.6546 -42.7819 2.6
    endloop
  endfacet
  facet normal -0 0 1
    outer loop
      vertex 31.2979 -37.3392 2.6
      vertex 31.4743 -42.7272 2.6
      vertex 31.4743 -37.2728 2.6
    endloop
  endfacet
  facet normal 0 0 1
    outer loop
      vertex 31.2979 -37.3392 2.6
      vertex 31.2979 -42.6608 2.6
      vertex 31.4743 -42.7272 2.6
    endloop
  endfacet
  facet normal -0 0 1
    outer loop
      vertex 31.1262 -37.417 2.6
      vertex 31.2979 -42.6608 2.6
      vertex 31.2979 -37.3392 2.6
    endloop
  endfacet
  facet normal 0 0 1
    outer loop
      vertex 31.1262 -37.417 2.6
      vertex 31.1262 -42.583 2.6
      vertex 31.2979 -42.6608 2.6
    endloop
  endfacet
  facet normal -0 0 1
    outer loop
      vertex 30.96 -37.5058 2.6
      vertex 31.1262 -42.583 2.6
      vertex 31.1262 -37.417 2.6
    endloop
  endfacet
  facet normal 0 0 1
    outer loop
      vertex 30.96 -37.5058 2.6
      vertex 30.96 -42.4942 2.6
      vertex 31.1262 -42.583 2.6
    endloop
  endfacet
  facet normal -0 0 1
    outer loop
      vertex 30.8 -37.6054 2.6
      vertex 30.96 -42.4942 2.6
      vertex 30.96 -37.5058 2.6
    endloop
  endfacet
  facet normal 0 0 1
    outer loop
      vertex 30.8 -37.6054 2.6
      vertex 30.8 -42.3946 2.6
      vertex 30.96 -42.4942 2.6
    endloop
  endfacet
  facet normal -0 0 1
    outer loop
      vertex 30.6468 -37.7151 2.6
      vertex 30.8 -42.3946 2.6
      vertex 30.8 -37.6054 2.6
    endloop
  endfacet
  facet normal 0 0 1
    outer loop
      vertex 30.6468 -37.7151 2.6
      vertex 30.6468 -42.2849 2.6
      vertex 30.8 -42.3946 2.6
    endloop
  endfacet
  facet normal -0 0 1
    outer loop
      vertex 30.5011 -37.8347 2.6
      vertex 30.6468 -42.2849 2.6
      vertex 30.6468 -37.7151 2.6
    endloop
  endfacet
  facet normal 0 0 1
    outer loop
      vertex 30.5011 -37.8347 2.6
      vertex 30.5011 -42.1653 2.6
      vertex 30.6468 -42.2849 2.6
    endloop
  endfacet
  facet normal -0 0 1
    outer loop
      vertex 30.3635 -37.9635 2.6
      vertex 30.5011 -42.1653 2.6
      vertex 30.5011 -37.8347 2.6
    endloop
  endfacet
  facet normal 0 0 1
    outer loop
      vertex 30.3635 -37.9635 2.6
      vertex 30.3635 -42.0365 2.6
      vertex 30.5011 -42.1653 2.6
    endloop
  endfacet
  facet normal -0 0 1
    outer loop
      vertex 30.2347 -38.1011 2.6
      vertex 30.3635 -42.0365 2.6
      vertex 30.3635 -37.9635 2.6
    endloop
  endfacet
  facet normal 0 0 1
    outer loop
      vertex 30.2347 -38.1011 2.6
      vertex 30.2347 -41.8989 2.6
      vertex 30.3635 -42.0365 2.6
    endloop
  endfacet
  facet normal -0 0 1
    outer loop
      vertex 30.1151 -38.2468 2.6
      vertex 30.2347 -41.8989 2.6
      vertex 30.2347 -38.1011 2.6
    endloop
  endfacet
  facet normal 0 0 1
    outer loop
      vertex 30.1151 -38.2468 2.6
      vertex 30.1151 -41.7532 2.6
      vertex 30.2347 -41.8989 2.6
    endloop
  endfacet
  facet normal -0 0 1
    outer loop
      vertex 30.0054 -38.4 2.6
      vertex 30.1151 -41.7532 2.6
      vertex 30.1151 -38.2468 2.6
    endloop
  endfacet
  facet normal 0 0 1
    outer loop
      vertex 30.0054 -38.4 2.6
      vertex 30.0054 -41.6 2.6
      vertex 30.1151 -41.7532 2.6
    endloop
  endfacet
  facet normal -0 0 1
    outer loop
      vertex 29.9058 -38.56 2.6
      vertex 30.0054 -41.6 2.6
      vertex 30.0054 -38.4 2.6
    endloop
  endfacet
  facet normal 0 0 1
    outer loop
      vertex 29.9058 -38.56 2.6
      vertex 29.9058 -41.44 2.6
      vertex 30.0054 -41.6 2.6
    endloop
  endfacet
  facet normal -0 0 1
    outer loop
      vertex 29.817 -38.7262 2.6
      vertex 29.9058 -41.44 2.6
      vertex 29.9058 -38.56 2.6
    endloop
  endfacet
  facet normal 0 0 1
    outer loop
      vertex 29.817 -38.7262 2.6
      vertex 29.817 -41.2738 2.6
      vertex 29.9058 -41.44 2.6
    endloop
  endfacet
  facet normal -0 0 1
    outer loop
      vertex 29.7392 -38.8979 2.6
      vertex 29.817 -41.2738 2.6
      vertex 29.817 -38.7262 2.6
    endloop
  endfacet
  facet normal 0 0 1
    outer loop
      vertex 29.7392 -38.8979 2.6
      vertex 29.7392 -41.1021 2.6
      vertex 29.817 -41.2738 2.6
    endloop
  endfacet
  facet normal -0 0 1
    outer loop
      vertex 29.6728 -39.0743 2.6
      vertex 29.7392 -41.1021 2.6
      vertex 29.7392 -38.8979 2.6
    endloop
  endfacet
  facet normal 0 0 1
    outer loop
      vertex 29.6728 -39.0743 2.6
      vertex 29.6728 -40.9257 2.6
      vertex 29.7392 -41.1021 2.6
    endloop
  endfacet
  facet normal -0 0 1
    outer loop
      vertex 29.6181 -39.2546 2.6
      vertex 29.6728 -40.9257 2.6
      vertex 29.6728 -39.0743 2.6
    endloop
  endfacet
  facet normal 0 0 1
    outer loop
      vertex 29.6181 -39.2546 2.6
      vertex 29.6181 -40.7454 2.6
      vertex 29.6728 -40.9257 2.6
    endloop
  endfacet
  facet normal -0 0 1
    outer loop
      vertex 29.5753 -39.4381 2.6
      vertex 29.6181 -40.7454 2.6
      vertex 29.6181 -39.2546 2.6
    endloop
  endfacet
  facet normal 0 0 1
    outer loop
      vertex 29.5753 -39.4381 2.6
      vertex 29.5753 -40.5619 2.6
      vertex 29.6181 -40.7454 2.6
    endloop
  endfacet
  facet normal -0 0 1
    outer loop
      vertex 29.5446 -39.6241 2.6
      vertex 29.5753 -40.5619 2.6
      vertex 29.5753 -39.4381 2.6
    endloop
  endfacet
  facet normal 0 0 1
    outer loop
      vertex 29.5446 -39.6241 2.6
      vertex 29.5446 -40.3759 2.6
      vertex 29.5753 -40.5619 2.6
    endloop
  endfacet
  facet normal -0 0 1
    outer loop
      vertex 29.5262 -39.8116 2.6
      vertex 29.5446 -40.3759 2.6
      vertex 29.5446 -39.6241 2.6
    endloop
  endfacet
  facet normal 0 0 1
    outer loop
      vertex 29.5262 -39.8116 2.6
      vertex 29.5262 -40.1884 2.6
      vertex 29.5446 -40.3759 2.6
    endloop
  endfacet
  facet normal 0 -0 1
    outer loop
      vertex 29.5262 -40.1884 2.6
      vertex 29.5262 -39.8116 2.6
      vertex 29.52 -40 2.6
    endloop
  endfacet
  facet normal -0.848951 -0.528472 0
    outer loop
      vertex 30.0054 -41.6 2
      vertex 29.9058 -41.44 2.6
      vertex 29.9058 -41.44 2
    endloop
  endfacet
  facet normal -0.848951 -0.528472 0
    outer loop
      vertex 29.9058 -41.44 2.6
      vertex 30.0054 -41.6 2
      vertex 30.0054 -41.6 2.6
    endloop
  endfacet
  facet normal -0.956931 -0.290317 0
    outer loop
      vertex 29.6728 -40.9257 2
      vertex 29.6181 -40.7454 2.6
      vertex 29.6181 -40.7454 2
    endloop
  endfacet
  facet normal -0.956931 -0.290317 0
    outer loop
      vertex 29.6181 -40.7454 2.6
      vertex 29.6728 -40.9257 2
      vertex 29.6728 -40.9257 2.6
    endloop
  endfacet
  facet normal -0.582192 -0.813052 0
    outer loop
      vertex 30.6468 -42.2849 2
      vertex 30.8 -42.3946 2.6
      vertex 30.6468 -42.2849 2.6
    endloop
  endfacet
  facet normal -0.582192 -0.813052 -0
    outer loop
      vertex 30.8 -42.3946 2.6
      vertex 30.6468 -42.2849 2
      vertex 30.8 -42.3946 2
    endloop
  endfacet
  facet normal -0.471249 -0.882 0
    outer loop
      vertex 30.96 -42.4942 2
      vertex 31.1262 -42.583 2.6
      vertex 30.96 -42.4942 2.6
    endloop
  endfacet
  facet normal -0.471249 -0.882 -0
    outer loop
      vertex 31.1262 -42.583 2.6
      vertex 30.96 -42.4942 2
      vertex 31.1262 -42.583 2
    endloop
  endfacet
  facet normal -0.0976642 -0.995219 0
    outer loop
      vertex 32.0241 -42.8554 2
      vertex 32.2116 -42.8738 2.6
      vertex 32.0241 -42.8554 2.6
    endloop
  endfacet
  facet normal -0.0976642 -0.995219 -0
    outer loop
      vertex 32.2116 -42.8738 2.6
      vertex 32.0241 -42.8554 2
      vertex 32.2116 -42.8738 2
    endloop
  endfacet
  facet normal -0.910856 0.412724 0
    outer loop
      vertex 29.7392 -38.8979 2
      vertex 29.817 -38.7262 2.6
      vertex 29.817 -38.7262 2
    endloop
  endfacet
  facet normal -0.910856 0.412724 0
    outer loop
      vertex 29.817 -38.7262 2.6
      vertex 29.7392 -38.8979 2
      vertex 29.7392 -38.8979 2.6
    endloop
  endfacet
  facet normal 0.986651 -0.16285 0
    outer loop
      vertex 35.2247 -40.5619 2.6
      vertex 35.2554 -40.3759 2
      vertex 35.2554 -40.3759 2.6
    endloop
  endfacet
  facet normal 0.986651 -0.16285 0
    outer loop
      vertex 35.2554 -40.3759 2
      vertex 35.2247 -40.5619 2.6
      vertex 35.2247 -40.5619 2
    endloop
  endfacet
  facet normal 0.935892 -0.352286 0
    outer loop
      vertex 35.0608 -41.1021 2.6
      vertex 35.1272 -40.9257 2
      vertex 35.1272 -40.9257 2.6
    endloop
  endfacet
  facet normal 0.935892 -0.352286 0
    outer loop
      vertex 35.1272 -40.9257 2
      vertex 35.0608 -41.1021 2.6
      vertex 35.0608 -41.1021 2
    endloop
  endfacet
  facet normal 0.77294 -0.634479 0
    outer loop
      vertex 34.5653 -41.8989 2.6
      vertex 34.6849 -41.7532 2
      vertex 34.6849 -41.7532 2.6
    endloop
  endfacet
  facet normal 0.77294 -0.634479 0
    outer loop
      vertex 34.6849 -41.7532 2
      vertex 34.5653 -41.8989 2.6
      vertex 34.5653 -41.8989 2
    endloop
  endfacet
  facet normal 0.0976642 -0.995219 0
    outer loop
      vertex 32.5884 -42.8738 2
      vertex 32.7759 -42.8554 2.6
      vertex 32.5884 -42.8738 2.6
    endloop
  endfacet
  facet normal 0.0976642 -0.995219 0
    outer loop
      vertex 32.7759 -42.8554 2.6
      vertex 32.5884 -42.8738 2
      vertex 32.7759 -42.8554 2
    endloop
  endfacet
  facet normal 0.227146 -0.973861 0
    outer loop
      vertex 32.9619 -42.8247 2
      vertex 33.1454 -42.7819 2.6
      vertex 32.9619 -42.8247 2.6
    endloop
  endfacet
  facet normal 0.227146 -0.973861 0
    outer loop
      vertex 33.1454 -42.7819 2.6
      vertex 32.9619 -42.8247 2
      vertex 33.1454 -42.7819 2
    endloop
  endfacet
  facet normal 0.412724 -0.910856 0
    outer loop
      vertex 33.5021 -42.6608 2
      vertex 33.6738 -42.583 2.6
      vertex 33.5021 -42.6608 2.6
    endloop
  endfacet
  facet normal 0.412724 -0.910856 0
    outer loop
      vertex 33.6738 -42.583 2.6
      vertex 33.5021 -42.6608 2
      vertex 33.6738 -42.583 2
    endloop
  endfacet
  facet normal 0.634479 -0.77294 0
    outer loop
      vertex 34.1532 -42.2849 2
      vertex 34.2989 -42.1653 2.6
      vertex 34.1532 -42.2849 2.6
    endloop
  endfacet
  facet normal 0.634479 -0.77294 0
    outer loop
      vertex 34.2989 -42.1653 2.6
      vertex 34.1532 -42.2849 2
      vertex 34.2989 -42.1653 2
    endloop
  endfacet
  facet normal -0.813052 -0.582192 0
    outer loop
      vertex 30.1151 -41.7532 2
      vertex 30.0054 -41.6 2.6
      vertex 30.0054 -41.6 2
    endloop
  endfacet
  facet normal -0.813052 -0.582192 0
    outer loop
      vertex 30.0054 -41.6 2.6
      vertex 30.1151 -41.7532 2
      vertex 30.1151 -41.7532 2.6
    endloop
  endfacet
  facet normal -0.973861 -0.227146 0
    outer loop
      vertex 29.6181 -40.7454 2
      vertex 29.5753 -40.5619 2.6
      vertex 29.5753 -40.5619 2
    endloop
  endfacet
  facet normal -0.973861 -0.227146 0
    outer loop
      vertex 29.5753 -40.5619 2.6
      vertex 29.6181 -40.7454 2
      vertex 29.6181 -40.7454 2.6
    endloop
  endfacet
  facet normal -0.999459 -0.0328909 0
    outer loop
      vertex 29.5262 -40.1884 2
      vertex 29.52 -40 2.6
      vertex 29.52 -40 2
    endloop
  endfacet
  facet normal -0.999459 -0.0328909 0
    outer loop
      vertex 29.52 -40 2.6
      vertex 29.5262 -40.1884 2
      vertex 29.5262 -40.1884 2.6
    endloop
  endfacet
  facet normal -0.999459 0.0328909 0
    outer loop
      vertex 29.52 -40 2
      vertex 29.5262 -39.8116 2.6
      vertex 29.5262 -39.8116 2
    endloop
  endfacet
  facet normal -0.999459 0.0328909 0
    outer loop
      vertex 29.5262 -39.8116 2.6
      vertex 29.52 -40 2
      vertex 29.52 -40 2.6
    endloop
  endfacet
  facet normal -0.634479 -0.77294 0
    outer loop
      vertex 30.5011 -42.1653 2
      vertex 30.6468 -42.2849 2.6
      vertex 30.5011 -42.1653 2.6
    endloop
  endfacet
  facet normal -0.634479 -0.77294 -0
    outer loop
      vertex 30.6468 -42.2849 2.6
      vertex 30.5011 -42.1653 2
      vertex 30.6468 -42.2849 2
    endloop
  endfacet
  facet normal -0.528472 -0.848951 0
    outer loop
      vertex 30.8 -42.3946 2
      vertex 30.96 -42.4942 2.6
      vertex 30.8 -42.3946 2.6
    endloop
  endfacet
  facet normal -0.528472 -0.848951 -0
    outer loop
      vertex 30.96 -42.4942 2.6
      vertex 30.8 -42.3946 2
      vertex 30.96 -42.4942 2
    endloop
  endfacet
  facet normal -0.290317 -0.956931 0
    outer loop
      vertex 31.4743 -42.7272 2
      vertex 31.6546 -42.7819 2.6
      vertex 31.4743 -42.7272 2.6
    endloop
  endfacet
  facet normal -0.290317 -0.956931 -0
    outer loop
      vertex 31.6546 -42.7819 2.6
      vertex 31.4743 -42.7272 2
      vertex 31.6546 -42.7819 2
    endloop
  endfacet
  facet normal 0.16285 0.986651 -0
    outer loop
      vertex 32.9619 -37.1753 2
      vertex 32.7759 -37.1446 2.6
      vertex 32.9619 -37.1753 2.6
    endloop
  endfacet
  facet normal 0.16285 0.986651 0
    outer loop
      vertex 32.7759 -37.1446 2.6
      vertex 32.9619 -37.1753 2
      vertex 32.7759 -37.1446 2
    endloop
  endfacet
  facet normal 0.290317 0.956931 -0
    outer loop
      vertex 33.3257 -37.2728 2
      vertex 33.1454 -37.2181 2.6
      vertex 33.3257 -37.2728 2.6
    endloop
  endfacet
  facet normal 0.290317 0.956931 0
    outer loop
      vertex 33.1454 -37.2181 2.6
      vertex 33.3257 -37.2728 2
      vertex 33.1454 -37.2181 2
    endloop
  endfacet
  facet normal 0.634479 0.77294 -0
    outer loop
      vertex 34.2989 -37.8347 2
      vertex 34.1532 -37.7151 2.6
      vertex 34.2989 -37.8347 2.6
    endloop
  endfacet
  facet normal 0.634479 0.77294 0
    outer loop
      vertex 34.1532 -37.7151 2.6
      vertex 34.2989 -37.8347 2
      vertex 34.1532 -37.7151 2
    endloop
  endfacet
  facet normal 0.582192 0.813052 -0
    outer loop
      vertex 34.1532 -37.7151 2
      vertex 34 -37.6054 2.6
      vertex 34.1532 -37.7151 2.6
    endloop
  endfacet
  facet normal 0.582192 0.813052 0
    outer loop
      vertex 34 -37.6054 2.6
      vertex 34.1532 -37.7151 2
      vertex 34 -37.6054 2
    endloop
  endfacet
  facet normal 0.471249 0.882 -0
    outer loop
      vertex 33.84 -37.5058 2
      vertex 33.6738 -37.417 2.6
      vertex 33.84 -37.5058 2.6
    endloop
  endfacet
  facet normal 0.471249 0.882 0
    outer loop
      vertex 33.6738 -37.417 2.6
      vertex 33.84 -37.5058 2
      vertex 33.6738 -37.417 2
    endloop
  endfacet
  facet normal 0.813052 0.582192 0
    outer loop
      vertex 34.7946 -38.4 2.6
      vertex 34.6849 -38.2468 2
      vertex 34.6849 -38.2468 2.6
    endloop
  endfacet
  facet normal 0.813052 0.582192 0
    outer loop
      vertex 34.6849 -38.2468 2
      vertex 34.7946 -38.4 2.6
      vertex 34.7946 -38.4 2
    endloop
  endfacet
  facet normal 0.935892 0.352286 0
    outer loop
      vertex 35.1272 -39.0743 2.6
      vertex 35.0608 -38.8979 2
      vertex 35.0608 -38.8979 2.6
    endloop
  endfacet
  facet normal 0.935892 0.352286 0
    outer loop
      vertex 35.0608 -38.8979 2
      vertex 35.1272 -39.0743 2.6
      vertex 35.1272 -39.0743 2
    endloop
  endfacet
  facet normal 0.986651 0.16285 0
    outer loop
      vertex 35.2554 -39.6241 2.6
      vertex 35.2247 -39.4381 2
      vertex 35.2247 -39.4381 2.6
    endloop
  endfacet
  facet normal 0.986651 0.16285 0
    outer loop
      vertex 35.2247 -39.4381 2
      vertex 35.2554 -39.6241 2.6
      vertex 35.2554 -39.6241 2
    endloop
  endfacet
  facet normal 0.956931 0.290317 0
    outer loop
      vertex 35.1819 -39.2546 2.6
      vertex 35.1272 -39.0743 2
      vertex 35.1272 -39.0743 2.6
    endloop
  endfacet
  facet normal 0.956931 0.290317 0
    outer loop
      vertex 35.1272 -39.0743 2
      vertex 35.1819 -39.2546 2.6
      vertex 35.1819 -39.2546 2
    endloop
  endfacet
  facet normal -0.0976642 0.995219 0
    outer loop
      vertex 32.2116 -37.1262 2
      vertex 32.0241 -37.1446 2.6
      vertex 32.2116 -37.1262 2.6
    endloop
  endfacet
  facet normal -0.0976642 0.995219 0
    outer loop
      vertex 32.0241 -37.1446 2.6
      vertex 32.2116 -37.1262 2
      vertex 32.0241 -37.1446 2
    endloop
  endfacet
  facet normal -0.528472 0.848951 0
    outer loop
      vertex 30.96 -37.5058 2
      vertex 30.8 -37.6054 2.6
      vertex 30.96 -37.5058 2.6
    endloop
  endfacet
  facet normal -0.528472 0.848951 0
    outer loop
      vertex 30.8 -37.6054 2.6
      vertex 30.96 -37.5058 2
      vertex 30.8 -37.6054 2
    endloop
  endfacet
  facet normal -0.352286 0.935892 0
    outer loop
      vertex 31.4743 -37.2728 2
      vertex 31.2979 -37.3392 2.6
      vertex 31.4743 -37.2728 2.6
    endloop
  endfacet
  facet normal -0.352286 0.935892 0
    outer loop
      vertex 31.2979 -37.3392 2.6
      vertex 31.4743 -37.2728 2
      vertex 31.2979 -37.3392 2
    endloop
  endfacet
  facet normal -0.16285 0.986651 0
    outer loop
      vertex 32.0241 -37.1446 2
      vertex 31.8381 -37.1753 2.6
      vertex 32.0241 -37.1446 2.6
    endloop
  endfacet
  facet normal -0.16285 0.986651 0
    outer loop
      vertex 31.8381 -37.1753 2.6
      vertex 32.0241 -37.1446 2
      vertex 31.8381 -37.1753 2
    endloop
  endfacet
  facet normal -0.227146 0.973861 0
    outer loop
      vertex 31.8381 -37.1753 2
      vertex 31.6546 -37.2181 2.6
      vertex 31.8381 -37.1753 2.6
    endloop
  endfacet
  facet normal -0.227146 0.973861 0
    outer loop
      vertex 31.6546 -37.2181 2.6
      vertex 31.8381 -37.1753 2
      vertex 31.6546 -37.2181 2
    endloop
  endfacet
  facet normal -0.77294 0.634479 0
    outer loop
      vertex 30.1151 -38.2468 2
      vertex 30.2347 -38.1011 2.6
      vertex 30.2347 -38.1011 2
    endloop
  endfacet
  facet normal -0.77294 0.634479 0
    outer loop
      vertex 30.2347 -38.1011 2.6
      vertex 30.1151 -38.2468 2
      vertex 30.1151 -38.2468 2.6
    endloop
  endfacet
  facet normal -0.882 0.471249 0
    outer loop
      vertex 29.817 -38.7262 2
      vertex 29.9058 -38.56 2.6
      vertex 29.9058 -38.56 2
    endloop
  endfacet
  facet normal -0.882 0.471249 0
    outer loop
      vertex 29.9058 -38.56 2.6
      vertex 29.817 -38.7262 2
      vertex 29.817 -38.7262 2.6
    endloop
  endfacet
  facet normal -0.956931 0.290317 0
    outer loop
      vertex 29.6181 -39.2546 2
      vertex 29.6728 -39.0743 2.6
      vertex 29.6728 -39.0743 2
    endloop
  endfacet
  facet normal -0.956931 0.290317 0
    outer loop
      vertex 29.6728 -39.0743 2.6
      vertex 29.6181 -39.2546 2
      vertex 29.6181 -39.2546 2.6
    endloop
  endfacet
  facet normal -0.973861 0.227146 0
    outer loop
      vertex 29.5753 -39.4381 2
      vertex 29.6181 -39.2546 2.6
      vertex 29.6181 -39.2546 2
    endloop
  endfacet
  facet normal -0.973861 0.227146 0
    outer loop
      vertex 29.6181 -39.2546 2.6
      vertex 29.5753 -39.4381 2
      vertex 29.5753 -39.4381 2.6
    endloop
  endfacet
  facet normal -0.995219 0.0976642 0
    outer loop
      vertex 29.5262 -39.8116 2
      vertex 29.5446 -39.6241 2.6
      vertex 29.5446 -39.6241 2
    endloop
  endfacet
  facet normal -0.995219 0.0976642 0
    outer loop
      vertex 29.5446 -39.6241 2.6
      vertex 29.5262 -39.8116 2
      vertex 29.5262 -39.8116 2.6
    endloop
  endfacet
  facet normal 0.956931 -0.290317 0
    outer loop
      vertex 35.1272 -40.9257 2.6
      vertex 35.1819 -40.7454 2
      vertex 35.1819 -40.7454 2.6
    endloop
  endfacet
  facet normal 0.956931 -0.290317 0
    outer loop
      vertex 35.1819 -40.7454 2
      vertex 35.1272 -40.9257 2.6
      vertex 35.1272 -40.9257 2
    endloop
  endfacet
  facet normal 0.730066 -0.683376 0
    outer loop
      vertex 34.4365 -42.0365 2.6
      vertex 34.5653 -41.8989 2
      vertex 34.5653 -41.8989 2.6
    endloop
  endfacet
  facet normal 0.730066 -0.683376 0
    outer loop
      vertex 34.5653 -41.8989 2
      vertex 34.4365 -42.0365 2.6
      vertex 34.4365 -42.0365 2
    endloop
  endfacet
  facet normal 0.848951 -0.528472 0
    outer loop
      vertex 34.7946 -41.6 2.6
      vertex 34.8942 -41.44 2
      vertex 34.8942 -41.44 2.6
    endloop
  endfacet
  facet normal 0.848951 -0.528472 0
    outer loop
      vertex 34.8942 -41.44 2
      vertex 34.7946 -41.6 2.6
      vertex 34.7946 -41.6 2
    endloop
  endfacet
  facet normal 0.0328909 -0.999459 0
    outer loop
      vertex 32.4 -42.88 2
      vertex 32.5884 -42.8738 2.6
      vertex 32.4 -42.88 2.6
    endloop
  endfacet
  facet normal 0.0328909 -0.999459 0
    outer loop
      vertex 32.5884 -42.8738 2.6
      vertex 32.4 -42.88 2
      vertex 32.5884 -42.8738 2
    endloop
  endfacet
  facet normal 0.471249 -0.882 0
    outer loop
      vertex 33.6738 -42.583 2
      vertex 33.84 -42.4942 2.6
      vertex 33.6738 -42.583 2.6
    endloop
  endfacet
  facet normal 0.471249 -0.882 0
    outer loop
      vertex 33.84 -42.4942 2.6
      vertex 33.6738 -42.583 2
      vertex 33.84 -42.4942 2
    endloop
  endfacet
  facet normal -0.882 -0.471249 0
    outer loop
      vertex 29.9058 -41.44 2
      vertex 29.817 -41.2738 2.6
      vertex 29.817 -41.2738 2
    endloop
  endfacet
  facet normal -0.882 -0.471249 0
    outer loop
      vertex 29.817 -41.2738 2.6
      vertex 29.9058 -41.44 2
      vertex 29.9058 -41.44 2.6
    endloop
  endfacet
  facet normal -0.910856 -0.412724 0
    outer loop
      vertex 29.817 -41.2738 2
      vertex 29.7392 -41.1021 2.6
      vertex 29.7392 -41.1021 2
    endloop
  endfacet
  facet normal -0.910856 -0.412724 0
    outer loop
      vertex 29.7392 -41.1021 2.6
      vertex 29.817 -41.2738 2
      vertex 29.817 -41.2738 2.6
    endloop
  endfacet
  facet normal 0 0 -1
    outer loop
      vertex 35.2738 -40.1884 2
      vertex 35.2738 -39.8116 2
      vertex 35.28 -40 2
    endloop
  endfacet
  facet normal 0 0 -1
    outer loop
      vertex 35.2554 -40.3759 2
      vertex 35.2738 -39.8116 2
      vertex 35.2738 -40.1884 2
    endloop
  endfacet
  facet normal 0 0 -1
    outer loop
      vertex 35.2554 -40.3759 2
      vertex 35.2554 -39.6241 2
      vertex 35.2738 -39.8116 2
    endloop
  endfacet
  facet normal 0 0 -1
    outer loop
      vertex 35.2247 -40.5619 2
      vertex 35.2554 -39.6241 2
      vertex 35.2554 -40.3759 2
    endloop
  endfacet
  facet normal 0 0 -1
    outer loop
      vertex 35.2247 -40.5619 2
      vertex 35.2247 -39.4381 2
      vertex 35.2554 -39.6241 2
    endloop
  endfacet
  facet normal 0 0 -1
    outer loop
      vertex 35.1819 -40.7454 2
      vertex 35.2247 -39.4381 2
      vertex 35.2247 -40.5619 2
    endloop
  endfacet
  facet normal 0 0 -1
    outer loop
      vertex 35.1819 -40.7454 2
      vertex 35.1819 -39.2546 2
      vertex 35.2247 -39.4381 2
    endloop
  endfacet
  facet normal 0 0 -1
    outer loop
      vertex 35.1272 -40.9257 2
      vertex 35.1819 -39.2546 2
      vertex 35.1819 -40.7454 2
    endloop
  endfacet
  facet normal 0 0 -1
    outer loop
      vertex 35.1272 -40.9257 2
      vertex 35.1272 -39.0743 2
      vertex 35.1819 -39.2546 2
    endloop
  endfacet
  facet normal 0 0 -1
    outer loop
      vertex 35.0608 -41.1021 2
      vertex 35.1272 -39.0743 2
      vertex 35.1272 -40.9257 2
    endloop
  endfacet
  facet normal 0 0 -1
    outer loop
      vertex 35.0608 -41.1021 2
      vertex 35.0608 -38.8979 2
      vertex 35.1272 -39.0743 2
    endloop
  endfacet
  facet normal 0 0 -1
    outer loop
      vertex 34.983 -41.2738 2
      vertex 35.0608 -38.8979 2
      vertex 35.0608 -41.1021 2
    endloop
  endfacet
  facet normal 0 0 -1
    outer loop
      vertex 34.983 -41.2738 2
      vertex 34.983 -38.7262 2
      vertex 35.0608 -38.8979 2
    endloop
  endfacet
  facet normal 0 0 -1
    outer loop
      vertex 34.8942 -41.44 2
      vertex 34.983 -38.7262 2
      vertex 34.983 -41.2738 2
    endloop
  endfacet
  facet normal 0 0 -1
    outer loop
      vertex 34.8942 -41.44 2
      vertex 34.8942 -38.56 2
      vertex 34.983 -38.7262 2
    endloop
  endfacet
  facet normal 0 0 -1
    outer loop
      vertex 34.7946 -41.6 2
      vertex 34.8942 -38.56 2
      vertex 34.8942 -41.44 2
    endloop
  endfacet
  facet normal 0 0 -1
    outer loop
      vertex 34.7946 -41.6 2
      vertex 34.7946 -38.4 2
      vertex 34.8942 -38.56 2
    endloop
  endfacet
  facet normal 0 0 -1
    outer loop
      vertex 34.6849 -41.7532 2
      vertex 34.7946 -38.4 2
      vertex 34.7946 -41.6 2
    endloop
  endfacet
  facet normal 0 0 -1
    outer loop
      vertex 34.6849 -41.7532 2
      vertex 34.6849 -38.2468 2
      vertex 34.7946 -38.4 2
    endloop
  endfacet
  facet normal 0 0 -1
    outer loop
      vertex 34.5653 -41.8989 2
      vertex 34.6849 -38.2468 2
      vertex 34.6849 -41.7532 2
    endloop
  endfacet
  facet normal 0 0 -1
    outer loop
      vertex 34.5653 -41.8989 2
      vertex 34.5653 -38.1011 2
      vertex 34.6849 -38.2468 2
    endloop
  endfacet
  facet normal 0 0 -1
    outer loop
      vertex 34.4365 -42.0365 2
      vertex 34.5653 -38.1011 2
      vertex 34.5653 -41.8989 2
    endloop
  endfacet
  facet normal 0 0 -1
    outer loop
      vertex 34.4365 -42.0365 2
      vertex 34.4365 -37.9635 2
      vertex 34.5653 -38.1011 2
    endloop
  endfacet
  facet normal 0 0 -1
    outer loop
      vertex 34.2989 -42.1653 2
      vertex 34.4365 -37.9635 2
      vertex 34.4365 -42.0365 2
    endloop
  endfacet
  facet normal 0 0 -1
    outer loop
      vertex 34.2989 -42.1653 2
      vertex 34.2989 -37.8347 2
      vertex 34.4365 -37.9635 2
    endloop
  endfacet
  facet normal 0 0 -1
    outer loop
      vertex 34.1532 -42.2849 2
      vertex 34.2989 -37.8347 2
      vertex 34.2989 -42.1653 2
    endloop
  endfacet
  facet normal 0 0 -1
    outer loop
      vertex 34.1532 -42.2849 2
      vertex 34.1532 -37.7151 2
      vertex 34.2989 -37.8347 2
    endloop
  endfacet
  facet normal 0 0 -1
    outer loop
      vertex 34 -42.3946 2
      vertex 34.1532 -37.7151 2
      vertex 34.1532 -42.2849 2
    endloop
  endfacet
  facet normal 0 0 -1
    outer loop
      vertex 34 -42.3946 2
      vertex 34 -37.6054 2
      vertex 34.1532 -37.7151 2
    endloop
  endfacet
  facet normal 0 0 -1
    outer loop
      vertex 33.84 -42.4942 2
      vertex 34 -37.6054 2
      vertex 34 -42.3946 2
    endloop
  endfacet
  facet normal 0 0 -1
    outer loop
      vertex 33.84 -42.4942 2
      vertex 33.84 -37.5058 2
      vertex 34 -37.6054 2
    endloop
  endfacet
  facet normal 0 0 -1
    outer loop
      vertex 33.6738 -42.583 2
      vertex 33.84 -37.5058 2
      vertex 33.84 -42.4942 2
    endloop
  endfacet
  facet normal 0 0 -1
    outer loop
      vertex 33.6738 -42.583 2
      vertex 33.6738 -37.417 2
      vertex 33.84 -37.5058 2
    endloop
  endfacet
  facet normal 0 0 -1
    outer loop
      vertex 33.5021 -42.6608 2
      vertex 33.6738 -37.417 2
      vertex 33.6738 -42.583 2
    endloop
  endfacet
  facet normal 0 0 -1
    outer loop
      vertex 33.5021 -42.6608 2
      vertex 33.5021 -37.3392 2
      vertex 33.6738 -37.417 2
    endloop
  endfacet
  facet normal 0 0 -1
    outer loop
      vertex 33.3257 -42.7272 2
      vertex 33.5021 -37.3392 2
      vertex 33.5021 -42.6608 2
    endloop
  endfacet
  facet normal 0 0 -1
    outer loop
      vertex 33.3257 -42.7272 2
      vertex 33.3257 -37.2728 2
      vertex 33.5021 -37.3392 2
    endloop
  endfacet
  facet normal 0 0 -1
    outer loop
      vertex 33.1454 -42.7819 2
      vertex 33.3257 -37.2728 2
      vertex 33.3257 -42.7272 2
    endloop
  endfacet
  facet normal 0 0 -1
    outer loop
      vertex 33.1454 -42.7819 2
      vertex 33.1454 -37.2181 2
      vertex 33.3257 -37.2728 2
    endloop
  endfacet
  facet normal 0 0 -1
    outer loop
      vertex 32.9619 -42.8247 2
      vertex 33.1454 -37.2181 2
      vertex 33.1454 -42.7819 2
    endloop
  endfacet
  facet normal 0 0 -1
    outer loop
      vertex 32.9619 -42.8247 2
      vertex 32.9619 -37.1753 2
      vertex 33.1454 -37.2181 2
    endloop
  endfacet
  facet normal 0 0 -1
    outer loop
      vertex 32.7759 -42.8554 2
      vertex 32.9619 -37.1753 2
      vertex 32.9619 -42.8247 2
    endloop
  endfacet
  facet normal 0 0 -1
    outer loop
      vertex 32.7759 -42.8554 2
      vertex 32.7759 -37.1446 2
      vertex 32.9619 -37.1753 2
    endloop
  endfacet
  facet normal 0 0 -1
    outer loop
      vertex 32.5884 -42.8738 2
      vertex 32.7759 -37.1446 2
      vertex 32.7759 -42.8554 2
    endloop
  endfacet
  facet normal 0 0 -1
    outer loop
      vertex 32.5884 -42.8738 2
      vertex 32.5884 -37.1262 2
      vertex 32.7759 -37.1446 2
    endloop
  endfacet
  facet normal 0 0 -1
    outer loop
      vertex 32.4 -42.88 2
      vertex 32.5884 -37.1262 2
      vertex 32.5884 -42.8738 2
    endloop
  endfacet
  facet normal 0 0 -1
    outer loop
      vertex 32.4 -42.88 2
      vertex 32.4 -37.12 2
      vertex 32.5884 -37.1262 2
    endloop
  endfacet
  facet normal 0 0 -1
    outer loop
      vertex 32.2116 -42.8738 2
      vertex 32.4 -37.12 2
      vertex 32.4 -42.88 2
    endloop
  endfacet
  facet normal 0 0 -1
    outer loop
      vertex 32.2116 -42.8738 2
      vertex 32.2116 -37.1262 2
      vertex 32.4 -37.12 2
    endloop
  endfacet
  facet normal 0 0 -1
    outer loop
      vertex 32.0241 -42.8554 2
      vertex 32.2116 -37.1262 2
      vertex 32.2116 -42.8738 2
    endloop
  endfacet
  facet normal 0 0 -1
    outer loop
      vertex 32.0241 -42.8554 2
      vertex 32.0241 -37.1446 2
      vertex 32.2116 -37.1262 2
    endloop
  endfacet
  facet normal 0 0 -1
    outer loop
      vertex 31.8381 -42.8247 2
      vertex 32.0241 -37.1446 2
      vertex 32.0241 -42.8554 2
    endloop
  endfacet
  facet normal 0 0 -1
    outer loop
      vertex 31.8381 -42.8247 2
      vertex 31.8381 -37.1753 2
      vertex 32.0241 -37.1446 2
    endloop
  endfacet
  facet normal 0 0 -1
    outer loop
      vertex 31.6546 -42.7819 2
      vertex 31.8381 -37.1753 2
      vertex 31.8381 -42.8247 2
    endloop
  endfacet
  facet normal 0 0 -1
    outer loop
      vertex 31.6546 -42.7819 2
      vertex 31.6546 -37.2181 2
      vertex 31.8381 -37.1753 2
    endloop
  endfacet
  facet normal 0 0 -1
    outer loop
      vertex 31.4743 -42.7272 2
      vertex 31.6546 -37.2181 2
      vertex 31.6546 -42.7819 2
    endloop
  endfacet
  facet normal 0 0 -1
    outer loop
      vertex 31.4743 -42.7272 2
      vertex 31.4743 -37.2728 2
      vertex 31.6546 -37.2181 2
    endloop
  endfacet
  facet normal 0 0 -1
    outer loop
      vertex 31.2979 -42.6608 2
      vertex 31.4743 -37.2728 2
      vertex 31.4743 -42.7272 2
    endloop
  endfacet
  facet normal 0 0 -1
    outer loop
      vertex 31.2979 -42.6608 2
      vertex 31.2979 -37.3392 2
      vertex 31.4743 -37.2728 2
    endloop
  endfacet
  facet normal 0 0 -1
    outer loop
      vertex 31.1262 -42.583 2
      vertex 31.2979 -37.3392 2
      vertex 31.2979 -42.6608 2
    endloop
  endfacet
  facet normal 0 0 -1
    outer loop
      vertex 31.1262 -42.583 2
      vertex 31.1262 -37.417 2
      vertex 31.2979 -37.3392 2
    endloop
  endfacet
  facet normal 0 0 -1
    outer loop
      vertex 30.96 -42.4942 2
      vertex 31.1262 -37.417 2
      vertex 31.1262 -42.583 2
    endloop
  endfacet
  facet normal 0 0 -1
    outer loop
      vertex 30.96 -42.4942 2
      vertex 30.96 -37.5058 2
      vertex 31.1262 -37.417 2
    endloop
  endfacet
  facet normal 0 0 -1
    outer loop
      vertex 30.8 -42.3946 2
      vertex 30.96 -37.5058 2
      vertex 30.96 -42.4942 2
    endloop
  endfacet
  facet normal 0 0 -1
    outer loop
      vertex 30.8 -42.3946 2
      vertex 30.8 -37.6054 2
      vertex 30.96 -37.5058 2
    endloop
  endfacet
  facet normal 0 0 -1
    outer loop
      vertex 30.6468 -42.2849 2
      vertex 30.8 -37.6054 2
      vertex 30.8 -42.3946 2
    endloop
  endfacet
  facet normal 0 0 -1
    outer loop
      vertex 30.6468 -42.2849 2
      vertex 30.6468 -37.7151 2
      vertex 30.8 -37.6054 2
    endloop
  endfacet
  facet normal 0 0 -1
    outer loop
      vertex 30.5011 -42.1653 2
      vertex 30.6468 -37.7151 2
      vertex 30.6468 -42.2849 2
    endloop
  endfacet
  facet normal 0 0 -1
    outer loop
      vertex 30.5011 -42.1653 2
      vertex 30.5011 -37.8347 2
      vertex 30.6468 -37.7151 2
    endloop
  endfacet
  facet normal 0 0 -1
    outer loop
      vertex 30.3635 -42.0365 2
      vertex 30.5011 -37.8347 2
      vertex 30.5011 -42.1653 2
    endloop
  endfacet
  facet normal 0 0 -1
    outer loop
      vertex 30.3635 -42.0365 2
      vertex 30.3635 -37.9635 2
      vertex 30.5011 -37.8347 2
    endloop
  endfacet
  facet normal 0 0 -1
    outer loop
      vertex 30.2347 -41.8989 2
      vertex 30.3635 -37.9635 2
      vertex 30.3635 -42.0365 2
    endloop
  endfacet
  facet normal 0 0 -1
    outer loop
      vertex 30.2347 -41.8989 2
      vertex 30.2347 -38.1011 2
      vertex 30.3635 -37.9635 2
    endloop
  endfacet
  facet normal 0 0 -1
    outer loop
      vertex 30.1151 -41.7532 2
      vertex 30.2347 -38.1011 2
      vertex 30.2347 -41.8989 2
    endloop
  endfacet
  facet normal 0 0 -1
    outer loop
      vertex 30.1151 -41.7532 2
      vertex 30.1151 -38.2468 2
      vertex 30.2347 -38.1011 2
    endloop
  endfacet
  facet normal 0 0 -1
    outer loop
      vertex 30.0054 -41.6 2
      vertex 30.1151 -38.2468 2
      vertex 30.1151 -41.7532 2
    endloop
  endfacet
  facet normal 0 0 -1
    outer loop
      vertex 30.0054 -41.6 2
      vertex 30.0054 -38.4 2
      vertex 30.1151 -38.2468 2
    endloop
  endfacet
  facet normal 0 0 -1
    outer loop
      vertex 29.9058 -41.44 2
      vertex 30.0054 -38.4 2
      vertex 30.0054 -41.6 2
    endloop
  endfacet
  facet normal 0 0 -1
    outer loop
      vertex 29.9058 -41.44 2
      vertex 29.9058 -38.56 2
      vertex 30.0054 -38.4 2
    endloop
  endfacet
  facet normal 0 0 -1
    outer loop
      vertex 29.817 -41.2738 2
      vertex 29.9058 -38.56 2
      vertex 29.9058 -41.44 2
    endloop
  endfacet
  facet normal 0 0 -1
    outer loop
      vertex 29.817 -41.2738 2
      vertex 29.817 -38.7262 2
      vertex 29.9058 -38.56 2
    endloop
  endfacet
  facet normal 0 0 -1
    outer loop
      vertex 29.7392 -41.1021 2
      vertex 29.817 -38.7262 2
      vertex 29.817 -41.2738 2
    endloop
  endfacet
  facet normal 0 0 -1
    outer loop
      vertex 29.7392 -41.1021 2
      vertex 29.7392 -38.8979 2
      vertex 29.817 -38.7262 2
    endloop
  endfacet
  facet normal 0 0 -1
    outer loop
      vertex 29.6728 -40.9257 2
      vertex 29.7392 -38.8979 2
      vertex 29.7392 -41.1021 2
    endloop
  endfacet
  facet normal 0 0 -1
    outer loop
      vertex 29.6728 -40.9257 2
      vertex 29.6728 -39.0743 2
      vertex 29.7392 -38.8979 2
    endloop
  endfacet
  facet normal 0 0 -1
    outer loop
      vertex 29.6181 -40.7454 2
      vertex 29.6728 -39.0743 2
      vertex 29.6728 -40.9257 2
    endloop
  endfacet
  facet normal 0 0 -1
    outer loop
      vertex 29.6181 -40.7454 2
      vertex 29.6181 -39.2546 2
      vertex 29.6728 -39.0743 2
    endloop
  endfacet
  facet normal 0 0 -1
    outer loop
      vertex 29.5753 -40.5619 2
      vertex 29.6181 -39.2546 2
      vertex 29.6181 -40.7454 2
    endloop
  endfacet
  facet normal 0 0 -1
    outer loop
      vertex 29.5753 -40.5619 2
      vertex 29.5753 -39.4381 2
      vertex 29.6181 -39.2546 2
    endloop
  endfacet
  facet normal 0 0 -1
    outer loop
      vertex 29.5446 -40.3759 2
      vertex 29.5753 -39.4381 2
      vertex 29.5753 -40.5619 2
    endloop
  endfacet
  facet normal 0 0 -1
    outer loop
      vertex 29.5446 -40.3759 2
      vertex 29.5446 -39.6241 2
      vertex 29.5753 -39.4381 2
    endloop
  endfacet
  facet normal 0 0 -1
    outer loop
      vertex 29.5262 -40.1884 2
      vertex 29.5446 -39.6241 2
      vertex 29.5446 -40.3759 2
    endloop
  endfacet
  facet normal 0 0 -1
    outer loop
      vertex 29.5262 -40.1884 2
      vertex 29.5262 -39.8116 2
      vertex 29.5446 -39.6241 2
    endloop
  endfacet
  facet normal 0 -0 -1
    outer loop
      vertex 29.5262 -39.8116 2
      vertex 29.5262 -40.1884 2
      vertex 29.52 -40 2
    endloop
  endfacet
  facet normal -0.995219 -0.0976642 0
    outer loop
      vertex 29.5446 -40.3759 2
      vertex 29.5262 -40.1884 2.6
      vertex 29.5262 -40.1884 2
    endloop
  endfacet
  facet normal -0.995219 -0.0976642 0
    outer loop
      vertex 29.5262 -40.1884 2.6
      vertex 29.5446 -40.3759 2
      vertex 29.5446 -40.3759 2.6
    endloop
  endfacet
  facet normal -0.683376 -0.730066 0
    outer loop
      vertex 30.3635 -42.0365 2
      vertex 30.5011 -42.1653 2.6
      vertex 30.3635 -42.0365 2.6
    endloop
  endfacet
  facet normal -0.683376 -0.730066 -0
    outer loop
      vertex 30.5011 -42.1653 2.6
      vertex 30.3635 -42.0365 2
      vertex 30.5011 -42.1653 2
    endloop
  endfacet
  facet normal -0.352286 -0.935892 0
    outer loop
      vertex 31.2979 -42.6608 2
      vertex 31.4743 -42.7272 2.6
      vertex 31.2979 -42.6608 2.6
    endloop
  endfacet
  facet normal -0.352286 -0.935892 -0
    outer loop
      vertex 31.4743 -42.7272 2.6
      vertex 31.2979 -42.6608 2
      vertex 31.4743 -42.7272 2
    endloop
  endfacet
  facet normal -0.16285 -0.986651 0
    outer loop
      vertex 31.8381 -42.8247 2
      vertex 32.0241 -42.8554 2.6
      vertex 31.8381 -42.8247 2.6
    endloop
  endfacet
  facet normal -0.16285 -0.986651 -0
    outer loop
      vertex 32.0241 -42.8554 2.6
      vertex 31.8381 -42.8247 2
      vertex 32.0241 -42.8554 2
    endloop
  endfacet
  facet normal 0.227146 0.973861 -0
    outer loop
      vertex 33.1454 -37.2181 2
      vertex 32.9619 -37.1753 2.6
      vertex 33.1454 -37.2181 2.6
    endloop
  endfacet
  facet normal 0.227146 0.973861 0
    outer loop
      vertex 32.9619 -37.1753 2.6
      vertex 33.1454 -37.2181 2
      vertex 32.9619 -37.1753 2
    endloop
  endfacet
  facet normal 0.352286 0.935892 -0
    outer loop
      vertex 33.5021 -37.3392 2
      vertex 33.3257 -37.2728 2.6
      vertex 33.5021 -37.3392 2.6
    endloop
  endfacet
  facet normal 0.352286 0.935892 0
    outer loop
      vertex 33.3257 -37.2728 2.6
      vertex 33.5021 -37.3392 2
      vertex 33.3257 -37.2728 2
    endloop
  endfacet
  facet normal 0.412724 0.910856 -0
    outer loop
      vertex 33.6738 -37.417 2
      vertex 33.5021 -37.3392 2.6
      vertex 33.6738 -37.417 2.6
    endloop
  endfacet
  facet normal 0.412724 0.910856 0
    outer loop
      vertex 33.5021 -37.3392 2.6
      vertex 33.6738 -37.417 2
      vertex 33.5021 -37.3392 2
    endloop
  endfacet
  facet normal 0.683376 0.730066 -0
    outer loop
      vertex 34.4365 -37.9635 2
      vertex 34.2989 -37.8347 2.6
      vertex 34.4365 -37.9635 2.6
    endloop
  endfacet
  facet normal 0.683376 0.730066 0
    outer loop
      vertex 34.2989 -37.8347 2.6
      vertex 34.4365 -37.9635 2
      vertex 34.2989 -37.8347 2
    endloop
  endfacet
  facet normal 0.730066 0.683376 0
    outer loop
      vertex 34.5653 -38.1011 2.6
      vertex 34.4365 -37.9635 2
      vertex 34.4365 -37.9635 2.6
    endloop
  endfacet
  facet normal 0.730066 0.683376 0
    outer loop
      vertex 34.4365 -37.9635 2
      vertex 34.5653 -38.1011 2.6
      vertex 34.5653 -38.1011 2
    endloop
  endfacet
  facet normal 0.528472 0.848951 -0
    outer loop
      vertex 34 -37.6054 2
      vertex 33.84 -37.5058 2.6
      vertex 34 -37.6054 2.6
    endloop
  endfacet
  facet normal 0.528472 0.848951 0
    outer loop
      vertex 33.84 -37.5058 2.6
      vertex 34 -37.6054 2
      vertex 33.84 -37.5058 2
    endloop
  endfacet
  facet normal 0.848951 0.528472 0
    outer loop
      vertex 34.8942 -38.56 2.6
      vertex 34.7946 -38.4 2
      vertex 34.7946 -38.4 2.6
    endloop
  endfacet
  facet normal 0.848951 0.528472 0
    outer loop
      vertex 34.7946 -38.4 2
      vertex 34.8942 -38.56 2.6
      vertex 34.8942 -38.56 2
    endloop
  endfacet
  facet normal 0.882 0.471249 0
    outer loop
      vertex 34.983 -38.7262 2.6
      vertex 34.8942 -38.56 2
      vertex 34.8942 -38.56 2.6
    endloop
  endfacet
  facet normal 0.882 0.471249 0
    outer loop
      vertex 34.8942 -38.56 2
      vertex 34.983 -38.7262 2.6
      vertex 34.983 -38.7262 2
    endloop
  endfacet
  facet normal 0.910856 0.412724 0
    outer loop
      vertex 35.0608 -38.8979 2.6
      vertex 34.983 -38.7262 2
      vertex 34.983 -38.7262 2.6
    endloop
  endfacet
  facet normal 0.910856 0.412724 0
    outer loop
      vertex 34.983 -38.7262 2
      vertex 35.0608 -38.8979 2.6
      vertex 35.0608 -38.8979 2
    endloop
  endfacet
  facet normal 0.973861 0.227146 0
    outer loop
      vertex 35.2247 -39.4381 2.6
      vertex 35.1819 -39.2546 2
      vertex 35.1819 -39.2546 2.6
    endloop
  endfacet
  facet normal 0.973861 0.227146 0
    outer loop
      vertex 35.1819 -39.2546 2
      vertex 35.2247 -39.4381 2.6
      vertex 35.2247 -39.4381 2
    endloop
  endfacet
  facet normal -0.582192 0.813052 0
    outer loop
      vertex 30.8 -37.6054 2
      vertex 30.6468 -37.7151 2.6
      vertex 30.8 -37.6054 2.6
    endloop
  endfacet
  facet normal -0.582192 0.813052 0
    outer loop
      vertex 30.6468 -37.7151 2.6
      vertex 30.8 -37.6054 2
      vertex 30.6468 -37.7151 2
    endloop
  endfacet
  facet normal -0.471249 0.882 0
    outer loop
      vertex 31.1262 -37.417 2
      vertex 30.96 -37.5058 2.6
      vertex 31.1262 -37.417 2.6
    endloop
  endfacet
  facet normal -0.471249 0.882 0
    outer loop
      vertex 30.96 -37.5058 2.6
      vertex 31.1262 -37.417 2
      vertex 30.96 -37.5058 2
    endloop
  endfacet
  facet normal -0.412724 0.910856 0
    outer loop
      vertex 31.2979 -37.3392 2
      vertex 31.1262 -37.417 2.6
      vertex 31.2979 -37.3392 2.6
    endloop
  endfacet
  facet normal -0.412724 0.910856 0
    outer loop
      vertex 31.1262 -37.417 2.6
      vertex 31.2979 -37.3392 2
      vertex 31.1262 -37.417 2
    endloop
  endfacet
  facet normal -0.290317 0.956931 0
    outer loop
      vertex 31.6546 -37.2181 2
      vertex 31.4743 -37.2728 2.6
      vertex 31.6546 -37.2181 2.6
    endloop
  endfacet
  facet normal -0.290317 0.956931 0
    outer loop
      vertex 31.4743 -37.2728 2.6
      vertex 31.6546 -37.2181 2
      vertex 31.4743 -37.2728 2
    endloop
  endfacet
  facet normal -0.0328909 0.999459 0
    outer loop
      vertex 32.4 -37.12 2
      vertex 32.2116 -37.1262 2.6
      vertex 32.4 -37.12 2.6
    endloop
  endfacet
  facet normal -0.0328909 0.999459 0
    outer loop
      vertex 32.2116 -37.1262 2.6
      vertex 32.4 -37.12 2
      vertex 32.2116 -37.1262 2
    endloop
  endfacet
  facet normal 0.0328909 0.999459 -0
    outer loop
      vertex 32.5884 -37.1262 2
      vertex 32.4 -37.12 2.6
      vertex 32.5884 -37.1262 2.6
    endloop
  endfacet
  facet normal 0.0328909 0.999459 0
    outer loop
      vertex 32.4 -37.12 2.6
      vertex 32.5884 -37.1262 2
      vertex 32.4 -37.12 2
    endloop
  endfacet
  facet normal -0.848951 0.528472 0
    outer loop
      vertex 29.9058 -38.56 2
      vertex 30.0054 -38.4 2.6
      vertex 30.0054 -38.4 2
    endloop
  endfacet
  facet normal -0.848951 0.528472 0
    outer loop
      vertex 30.0054 -38.4 2.6
      vertex 29.9058 -38.56 2
      vertex 29.9058 -38.56 2.6
    endloop
  endfacet
  facet normal -0.813052 0.582192 0
    outer loop
      vertex 30.0054 -38.4 2
      vertex 30.1151 -38.2468 2.6
      vertex 30.1151 -38.2468 2
    endloop
  endfacet
  facet normal -0.813052 0.582192 0
    outer loop
      vertex 30.1151 -38.2468 2.6
      vertex 30.0054 -38.4 2
      vertex 30.0054 -38.4 2.6
    endloop
  endfacet
  facet normal -0.730066 0.683376 0
    outer loop
      vertex 30.2347 -38.1011 2
      vertex 30.3635 -37.9635 2.6
      vertex 30.3635 -37.9635 2
    endloop
  endfacet
  facet normal -0.730066 0.683376 0
    outer loop
      vertex 30.3635 -37.9635 2.6
      vertex 30.2347 -38.1011 2
      vertex 30.2347 -38.1011 2.6
    endloop
  endfacet
  facet normal -0.683376 0.730066 0
    outer loop
      vertex 30.5011 -37.8347 2
      vertex 30.3635 -37.9635 2.6
      vertex 30.5011 -37.8347 2.6
    endloop
  endfacet
  facet normal -0.683376 0.730066 0
    outer loop
      vertex 30.3635 -37.9635 2.6
      vertex 30.5011 -37.8347 2
      vertex 30.3635 -37.9635 2
    endloop
  endfacet
  facet normal -0.935892 0.352286 0
    outer loop
      vertex 29.6728 -39.0743 2
      vertex 29.7392 -38.8979 2.6
      vertex 29.7392 -38.8979 2
    endloop
  endfacet
  facet normal -0.935892 0.352286 0
    outer loop
      vertex 29.7392 -38.8979 2.6
      vertex 29.6728 -39.0743 2
      vertex 29.6728 -39.0743 2.6
    endloop
  endfacet
  facet normal -0.986651 0.16285 0
    outer loop
      vertex 29.5446 -39.6241 2
      vertex 29.5753 -39.4381 2.6
      vertex 29.5753 -39.4381 2
    endloop
  endfacet
  facet normal -0.986651 0.16285 0
    outer loop
      vertex 29.5753 -39.4381 2.6
      vertex 29.5446 -39.6241 2
      vertex 29.5446 -39.6241 2.6
    endloop
  endfacet
  facet normal 0.995219 0.0976642 0
    outer loop
      vertex 35.2738 -39.8116 2.6
      vertex 35.2554 -39.6241 2
      vertex 35.2554 -39.6241 2.6
    endloop
  endfacet
  facet normal 0.995219 0.0976642 0
    outer loop
      vertex 35.2554 -39.6241 2
      vertex 35.2738 -39.8116 2.6
      vertex 35.2738 -39.8116 2
    endloop
  endfacet
  facet normal 0.999459 0.0328909 0
    outer loop
      vertex 35.28 -40 2.6
      vertex 35.2738 -39.8116 2
      vertex 35.2738 -39.8116 2.6
    endloop
  endfacet
  facet normal 0.999459 0.0328909 0
    outer loop
      vertex 35.2738 -39.8116 2
      vertex 35.28 -40 2.6
      vertex 35.28 -40 2
    endloop
  endfacet
  facet normal 0.999459 -0.0328909 0
    outer loop
      vertex -29.5262 -40.1884 2.6
      vertex -29.52 -40 2
      vertex -29.52 -40 2.6
    endloop
  endfacet
  facet normal 0.999459 -0.0328909 0
    outer loop
      vertex -29.52 -40 2
      vertex -29.5262 -40.1884 2.6
      vertex -29.5262 -40.1884 2
    endloop
  endfacet
  facet normal 0.995219 -0.0976642 0
    outer loop
      vertex -29.5446 -40.3759 2.6
      vertex -29.5262 -40.1884 2
      vertex -29.5262 -40.1884 2.6
    endloop
  endfacet
  facet normal 0.995219 -0.0976642 0
    outer loop
      vertex -29.5262 -40.1884 2
      vertex -29.5446 -40.3759 2.6
      vertex -29.5446 -40.3759 2
    endloop
  endfacet
  facet normal -0.0328909 -0.999459 0
    outer loop
      vertex -32.5884 -42.8738 2
      vertex -32.4 -42.88 2.6
      vertex -32.5884 -42.8738 2.6
    endloop
  endfacet
  facet normal -0.0328909 -0.999459 -0
    outer loop
      vertex -32.4 -42.88 2.6
      vertex -32.5884 -42.8738 2
      vertex -32.4 -42.88 2
    endloop
  endfacet
  facet normal 0.683376 -0.730066 0
    outer loop
      vertex -30.5011 -42.1653 2
      vertex -30.3635 -42.0365 2.6
      vertex -30.5011 -42.1653 2.6
    endloop
  endfacet
  facet normal 0.683376 -0.730066 0
    outer loop
      vertex -30.3635 -42.0365 2.6
      vertex -30.5011 -42.1653 2
      vertex -30.3635 -42.0365 2
    endloop
  endfacet
  facet normal 0.0976642 0.995219 -0
    outer loop
      vertex -32.0241 -37.1446 2
      vertex -32.2116 -37.1262 2.6
      vertex -32.0241 -37.1446 2.6
    endloop
  endfacet
  facet normal 0.0976642 0.995219 0
    outer loop
      vertex -32.2116 -37.1262 2.6
      vertex -32.0241 -37.1446 2
      vertex -32.2116 -37.1262 2
    endloop
  endfacet
  facet normal 0.910856 -0.412724 0
    outer loop
      vertex -29.817 -41.2738 2.6
      vertex -29.7392 -41.1021 2
      vertex -29.7392 -41.1021 2.6
    endloop
  endfacet
  facet normal 0.910856 -0.412724 0
    outer loop
      vertex -29.7392 -41.1021 2
      vertex -29.817 -41.2738 2.6
      vertex -29.817 -41.2738 2
    endloop
  endfacet
  facet normal 0.352286 -0.935892 0
    outer loop
      vertex -31.4743 -42.7272 2
      vertex -31.2979 -42.6608 2.6
      vertex -31.4743 -42.7272 2.6
    endloop
  endfacet
  facet normal 0.352286 -0.935892 0
    outer loop
      vertex -31.2979 -42.6608 2.6
      vertex -31.4743 -42.7272 2
      vertex -31.2979 -42.6608 2
    endloop
  endfacet
  facet normal 0.528472 -0.848951 0
    outer loop
      vertex -30.96 -42.4942 2
      vertex -30.8 -42.3946 2.6
      vertex -30.96 -42.4942 2.6
    endloop
  endfacet
  facet normal 0.528472 -0.848951 0
    outer loop
      vertex -30.8 -42.3946 2.6
      vertex -30.96 -42.4942 2
      vertex -30.8 -42.3946 2
    endloop
  endfacet
  facet normal -0.935892 -0.352286 0
    outer loop
      vertex -35.0608 -41.1021 2
      vertex -35.1272 -40.9257 2.6
      vertex -35.1272 -40.9257 2
    endloop
  endfacet
  facet normal -0.935892 -0.352286 0
    outer loop
      vertex -35.1272 -40.9257 2.6
      vertex -35.0608 -41.1021 2
      vertex -35.0608 -41.1021 2.6
    endloop
  endfacet
  facet normal -0.77294 -0.634479 0
    outer loop
      vertex -34.5653 -41.8989 2
      vertex -34.6849 -41.7532 2.6
      vertex -34.6849 -41.7532 2
    endloop
  endfacet
  facet normal -0.77294 -0.634479 0
    outer loop
      vertex -34.6849 -41.7532 2.6
      vertex -34.5653 -41.8989 2
      vertex -34.5653 -41.8989 2.6
    endloop
  endfacet
  facet normal -0.227146 -0.973861 0
    outer loop
      vertex -33.1454 -42.7819 2
      vertex -32.9619 -42.8247 2.6
      vertex -33.1454 -42.7819 2.6
    endloop
  endfacet
  facet normal -0.227146 -0.973861 -0
    outer loop
      vertex -32.9619 -42.8247 2.6
      vertex -33.1454 -42.7819 2
      vertex -32.9619 -42.8247 2
    endloop
  endfacet
  facet normal 0.77294 0.634479 0
    outer loop
      vertex -30.1151 -38.2468 2.6
      vertex -30.2347 -38.1011 2
      vertex -30.2347 -38.1011 2.6
    endloop
  endfacet
  facet normal 0.77294 0.634479 0
    outer loop
      vertex -30.2347 -38.1011 2
      vertex -30.1151 -38.2468 2.6
      vertex -30.1151 -38.2468 2
    endloop
  endfacet
  facet normal -0.634479 0.77294 0
    outer loop
      vertex -34.1532 -37.7151 2
      vertex -34.2989 -37.8347 2.6
      vertex -34.1532 -37.7151 2.6
    endloop
  endfacet
  facet normal -0.634479 0.77294 0
    outer loop
      vertex -34.2989 -37.8347 2.6
      vertex -34.1532 -37.7151 2
      vertex -34.2989 -37.8347 2
    endloop
  endfacet
  facet normal 0.973861 -0.227146 0
    outer loop
      vertex -29.6181 -40.7454 2.6
      vertex -29.5753 -40.5619 2
      vertex -29.5753 -40.5619 2.6
    endloop
  endfacet
  facet normal 0.973861 -0.227146 0
    outer loop
      vertex -29.5753 -40.5619 2
      vertex -29.6181 -40.7454 2.6
      vertex -29.6181 -40.7454 2
    endloop
  endfacet
  facet normal 0.813052 -0.582192 0
    outer loop
      vertex -30.1151 -41.7532 2.6
      vertex -30.0054 -41.6 2
      vertex -30.0054 -41.6 2.6
    endloop
  endfacet
  facet normal 0.813052 -0.582192 0
    outer loop
      vertex -30.0054 -41.6 2
      vertex -30.1151 -41.7532 2.6
      vertex -30.1151 -41.7532 2
    endloop
  endfacet
  facet normal 0.882 -0.471249 0
    outer loop
      vertex -29.9058 -41.44 2.6
      vertex -29.817 -41.2738 2
      vertex -29.817 -41.2738 2.6
    endloop
  endfacet
  facet normal 0.882 -0.471249 0
    outer loop
      vertex -29.817 -41.2738 2
      vertex -29.9058 -41.44 2.6
      vertex -29.9058 -41.44 2
    endloop
  endfacet
  facet normal 0.16285 -0.986651 0
    outer loop
      vertex -32.0241 -42.8554 2
      vertex -31.8381 -42.8247 2.6
      vertex -32.0241 -42.8554 2.6
    endloop
  endfacet
  facet normal 0.16285 -0.986651 0
    outer loop
      vertex -31.8381 -42.8247 2.6
      vertex -32.0241 -42.8554 2
      vertex -31.8381 -42.8247 2
    endloop
  endfacet
  facet normal 0.290317 -0.956931 0
    outer loop
      vertex -31.6546 -42.7819 2
      vertex -31.4743 -42.7272 2.6
      vertex -31.6546 -42.7819 2.6
    endloop
  endfacet
  facet normal 0.290317 -0.956931 0
    outer loop
      vertex -31.4743 -42.7272 2.6
      vertex -31.6546 -42.7819 2
      vertex -31.4743 -42.7272 2
    endloop
  endfacet
  facet normal 0.582192 -0.813052 0
    outer loop
      vertex -30.8 -42.3946 2
      vertex -30.6468 -42.2849 2.6
      vertex -30.8 -42.3946 2.6
    endloop
  endfacet
  facet normal 0.582192 -0.813052 0
    outer loop
      vertex -30.6468 -42.2849 2.6
      vertex -30.8 -42.3946 2
      vertex -30.6468 -42.2849 2
    endloop
  endfacet
  facet normal -0.986651 -0.16285 0
    outer loop
      vertex -35.2247 -40.5619 2
      vertex -35.2554 -40.3759 2.6
      vertex -35.2554 -40.3759 2
    endloop
  endfacet
  facet normal -0.986651 -0.16285 0
    outer loop
      vertex -35.2554 -40.3759 2.6
      vertex -35.2247 -40.5619 2
      vertex -35.2247 -40.5619 2.6
    endloop
  endfacet
  facet normal 0 0 1
    outer loop
      vertex -29.5262 -39.8116 2.6
      vertex -29.5262 -40.1884 2.6
      vertex -29.52 -40 2.6
    endloop
  endfacet
  facet normal 0 0 1
    outer loop
      vertex -29.5446 -39.6241 2.6
      vertex -29.5262 -40.1884 2.6
      vertex -29.5262 -39.8116 2.6
    endloop
  endfacet
  facet normal 0 0 1
    outer loop
      vertex -29.5446 -39.6241 2.6
      vertex -29.5446 -40.3759 2.6
      vertex -29.5262 -40.1884 2.6
    endloop
  endfacet
  facet normal 0 0 1
    outer loop
      vertex -29.5753 -39.4381 2.6
      vertex -29.5446 -40.3759 2.6
      vertex -29.5446 -39.6241 2.6
    endloop
  endfacet
  facet normal 0 0 1
    outer loop
      vertex -29.5753 -39.4381 2.6
      vertex -29.5753 -40.5619 2.6
      vertex -29.5446 -40.3759 2.6
    endloop
  endfacet
  facet normal 0 0 1
    outer loop
      vertex -29.6181 -39.2546 2.6
      vertex -29.5753 -40.5619 2.6
      vertex -29.5753 -39.4381 2.6
    endloop
  endfacet
  facet normal 0 0 1
    outer loop
      vertex -29.6181 -39.2546 2.6
      vertex -29.6181 -40.7454 2.6
      vertex -29.5753 -40.5619 2.6
    endloop
  endfacet
  facet normal 0 0 1
    outer loop
      vertex -29.6728 -39.0743 2.6
      vertex -29.6181 -40.7454 2.6
      vertex -29.6181 -39.2546 2.6
    endloop
  endfacet
  facet normal 0 0 1
    outer loop
      vertex -29.6728 -39.0743 2.6
      vertex -29.6728 -40.9257 2.6
      vertex -29.6181 -40.7454 2.6
    endloop
  endfacet
  facet normal 0 0 1
    outer loop
      vertex -29.7392 -38.8979 2.6
      vertex -29.6728 -40.9257 2.6
      vertex -29.6728 -39.0743 2.6
    endloop
  endfacet
  facet normal 0 0 1
    outer loop
      vertex -29.7392 -38.8979 2.6
      vertex -29.7392 -41.1021 2.6
      vertex -29.6728 -40.9257 2.6
    endloop
  endfacet
  facet normal 0 0 1
    outer loop
      vertex -29.817 -38.7262 2.6
      vertex -29.7392 -41.1021 2.6
      vertex -29.7392 -38.8979 2.6
    endloop
  endfacet
  facet normal 0 0 1
    outer loop
      vertex -29.817 -38.7262 2.6
      vertex -29.817 -41.2738 2.6
      vertex -29.7392 -41.1021 2.6
    endloop
  endfacet
  facet normal 0 0 1
    outer loop
      vertex -29.9058 -38.56 2.6
      vertex -29.817 -41.2738 2.6
      vertex -29.817 -38.7262 2.6
    endloop
  endfacet
  facet normal 0 0 1
    outer loop
      vertex -29.9058 -38.56 2.6
      vertex -29.9058 -41.44 2.6
      vertex -29.817 -41.2738 2.6
    endloop
  endfacet
  facet normal 0 0 1
    outer loop
      vertex -30.0054 -38.4 2.6
      vertex -29.9058 -41.44 2.6
      vertex -29.9058 -38.56 2.6
    endloop
  endfacet
  facet normal 0 0 1
    outer loop
      vertex -30.0054 -38.4 2.6
      vertex -30.0054 -41.6 2.6
      vertex -29.9058 -41.44 2.6
    endloop
  endfacet
  facet normal 0 0 1
    outer loop
      vertex -30.1151 -38.2468 2.6
      vertex -30.0054 -41.6 2.6
      vertex -30.0054 -38.4 2.6
    endloop
  endfacet
  facet normal 0 0 1
    outer loop
      vertex -30.1151 -38.2468 2.6
      vertex -30.1151 -41.7532 2.6
      vertex -30.0054 -41.6 2.6
    endloop
  endfacet
  facet normal 0 0 1
    outer loop
      vertex -30.2347 -38.1011 2.6
      vertex -30.1151 -41.7532 2.6
      vertex -30.1151 -38.2468 2.6
    endloop
  endfacet
  facet normal 0 0 1
    outer loop
      vertex -30.2347 -38.1011 2.6
      vertex -30.2347 -41.8989 2.6
      vertex -30.1151 -41.7532 2.6
    endloop
  endfacet
  facet normal 0 0 1
    outer loop
      vertex -30.3635 -37.9635 2.6
      vertex -30.2347 -41.8989 2.6
      vertex -30.2347 -38.1011 2.6
    endloop
  endfacet
  facet normal 0 0 1
    outer loop
      vertex -30.3635 -37.9635 2.6
      vertex -30.3635 -42.0365 2.6
      vertex -30.2347 -41.8989 2.6
    endloop
  endfacet
  facet normal 0 0 1
    outer loop
      vertex -30.5011 -37.8347 2.6
      vertex -30.3635 -42.0365 2.6
      vertex -30.3635 -37.9635 2.6
    endloop
  endfacet
  facet normal 0 0 1
    outer loop
      vertex -30.5011 -37.8347 2.6
      vertex -30.5011 -42.1653 2.6
      vertex -30.3635 -42.0365 2.6
    endloop
  endfacet
  facet normal 0 0 1
    outer loop
      vertex -30.6468 -37.7151 2.6
      vertex -30.5011 -42.1653 2.6
      vertex -30.5011 -37.8347 2.6
    endloop
  endfacet
  facet normal 0 0 1
    outer loop
      vertex -30.6468 -37.7151 2.6
      vertex -30.6468 -42.2849 2.6
      vertex -30.5011 -42.1653 2.6
    endloop
  endfacet
  facet normal 0 0 1
    outer loop
      vertex -30.8 -37.6054 2.6
      vertex -30.6468 -42.2849 2.6
      vertex -30.6468 -37.7151 2.6
    endloop
  endfacet
  facet normal 0 0 1
    outer loop
      vertex -30.8 -37.6054 2.6
      vertex -30.8 -42.3946 2.6
      vertex -30.6468 -42.2849 2.6
    endloop
  endfacet
  facet normal 0 0 1
    outer loop
      vertex -30.96 -37.5058 2.6
      vertex -30.8 -42.3946 2.6
      vertex -30.8 -37.6054 2.6
    endloop
  endfacet
  facet normal 0 0 1
    outer loop
      vertex -30.96 -37.5058 2.6
      vertex -30.96 -42.4942 2.6
      vertex -30.8 -42.3946 2.6
    endloop
  endfacet
  facet normal 0 0 1
    outer loop
      vertex -31.1262 -37.417 2.6
      vertex -30.96 -42.4942 2.6
      vertex -30.96 -37.5058 2.6
    endloop
  endfacet
  facet normal 0 0 1
    outer loop
      vertex -31.1262 -37.417 2.6
      vertex -31.1262 -42.583 2.6
      vertex -30.96 -42.4942 2.6
    endloop
  endfacet
  facet normal 0 0 1
    outer loop
      vertex -31.2979 -37.3392 2.6
      vertex -31.1262 -42.583 2.6
      vertex -31.1262 -37.417 2.6
    endloop
  endfacet
  facet normal 0 0 1
    outer loop
      vertex -31.2979 -37.3392 2.6
      vertex -31.2979 -42.6608 2.6
      vertex -31.1262 -42.583 2.6
    endloop
  endfacet
  facet normal 0 0 1
    outer loop
      vertex -31.4743 -37.2728 2.6
      vertex -31.2979 -42.6608 2.6
      vertex -31.2979 -37.3392 2.6
    endloop
  endfacet
  facet normal 0 0 1
    outer loop
      vertex -31.4743 -37.2728 2.6
      vertex -31.4743 -42.7272 2.6
      vertex -31.2979 -42.6608 2.6
    endloop
  endfacet
  facet normal 0 0 1
    outer loop
      vertex -31.6546 -37.2181 2.6
      vertex -31.4743 -42.7272 2.6
      vertex -31.4743 -37.2728 2.6
    endloop
  endfacet
  facet normal 0 0 1
    outer loop
      vertex -31.6546 -37.2181 2.6
      vertex -31.6546 -42.7819 2.6
      vertex -31.4743 -42.7272 2.6
    endloop
  endfacet
  facet normal 0 0 1
    outer loop
      vertex -31.8381 -37.1753 2.6
      vertex -31.6546 -42.7819 2.6
      vertex -31.6546 -37.2181 2.6
    endloop
  endfacet
  facet normal 0 0 1
    outer loop
      vertex -31.8381 -37.1753 2.6
      vertex -31.8381 -42.8247 2.6
      vertex -31.6546 -42.7819 2.6
    endloop
  endfacet
  facet normal 0 0 1
    outer loop
      vertex -32.0241 -37.1446 2.6
      vertex -31.8381 -42.8247 2.6
      vertex -31.8381 -37.1753 2.6
    endloop
  endfacet
  facet normal 0 0 1
    outer loop
      vertex -32.0241 -37.1446 2.6
      vertex -32.0241 -42.8554 2.6
      vertex -31.8381 -42.8247 2.6
    endloop
  endfacet
  facet normal 0 0 1
    outer loop
      vertex -32.2116 -37.1262 2.6
      vertex -32.0241 -42.8554 2.6
      vertex -32.0241 -37.1446 2.6
    endloop
  endfacet
  facet normal 0 0 1
    outer loop
      vertex -32.2116 -37.1262 2.6
      vertex -32.2116 -42.8738 2.6
      vertex -32.0241 -42.8554 2.6
    endloop
  endfacet
  facet normal 0 0 1
    outer loop
      vertex -32.4 -37.12 2.6
      vertex -32.2116 -42.8738 2.6
      vertex -32.2116 -37.1262 2.6
    endloop
  endfacet
  facet normal 0 0 1
    outer loop
      vertex -32.4 -37.12 2.6
      vertex -32.4 -42.88 2.6
      vertex -32.2116 -42.8738 2.6
    endloop
  endfacet
  facet normal -0 0 1
    outer loop
      vertex -32.5884 -37.1262 2.6
      vertex -32.4 -42.88 2.6
      vertex -32.4 -37.12 2.6
    endloop
  endfacet
  facet normal 0 0 1
    outer loop
      vertex -32.5884 -37.1262 2.6
      vertex -32.5884 -42.8738 2.6
      vertex -32.4 -42.88 2.6
    endloop
  endfacet
  facet normal -0 0 1
    outer loop
      vertex -32.7759 -37.1446 2.6
      vertex -32.5884 -42.8738 2.6
      vertex -32.5884 -37.1262 2.6
    endloop
  endfacet
  facet normal 0 0 1
    outer loop
      vertex -32.7759 -37.1446 2.6
      vertex -32.7759 -42.8554 2.6
      vertex -32.5884 -42.8738 2.6
    endloop
  endfacet
  facet normal -0 0 1
    outer loop
      vertex -32.9619 -37.1753 2.6
      vertex -32.7759 -42.8554 2.6
      vertex -32.7759 -37.1446 2.6
    endloop
  endfacet
  facet normal 0 0 1
    outer loop
      vertex -32.9619 -37.1753 2.6
      vertex -32.9619 -42.8247 2.6
      vertex -32.7759 -42.8554 2.6
    endloop
  endfacet
  facet normal -0 0 1
    outer loop
      vertex -33.1454 -37.2181 2.6
      vertex -32.9619 -42.8247 2.6
      vertex -32.9619 -37.1753 2.6
    endloop
  endfacet
  facet normal 0 0 1
    outer loop
      vertex -33.1454 -37.2181 2.6
      vertex -33.1454 -42.7819 2.6
      vertex -32.9619 -42.8247 2.6
    endloop
  endfacet
  facet normal -0 0 1
    outer loop
      vertex -33.3257 -37.2728 2.6
      vertex -33.1454 -42.7819 2.6
      vertex -33.1454 -37.2181 2.6
    endloop
  endfacet
  facet normal 0 0 1
    outer loop
      vertex -33.3257 -37.2728 2.6
      vertex -33.3257 -42.7272 2.6
      vertex -33.1454 -42.7819 2.6
    endloop
  endfacet
  facet normal -0 0 1
    outer loop
      vertex -33.5021 -37.3392 2.6
      vertex -33.3257 -42.7272 2.6
      vertex -33.3257 -37.2728 2.6
    endloop
  endfacet
  facet normal 0 0 1
    outer loop
      vertex -33.5021 -37.3392 2.6
      vertex -33.5021 -42.6608 2.6
      vertex -33.3257 -42.7272 2.6
    endloop
  endfacet
  facet normal -0 0 1
    outer loop
      vertex -33.6738 -37.417 2.6
      vertex -33.5021 -42.6608 2.6
      vertex -33.5021 -37.3392 2.6
    endloop
  endfacet
  facet normal 0 0 1
    outer loop
      vertex -33.6738 -37.417 2.6
      vertex -33.6738 -42.583 2.6
      vertex -33.5021 -42.6608 2.6
    endloop
  endfacet
  facet normal -0 0 1
    outer loop
      vertex -33.84 -37.5058 2.6
      vertex -33.6738 -42.583 2.6
      vertex -33.6738 -37.417 2.6
    endloop
  endfacet
  facet normal 0 0 1
    outer loop
      vertex -33.84 -37.5058 2.6
      vertex -33.84 -42.4942 2.6
      vertex -33.6738 -42.583 2.6
    endloop
  endfacet
  facet normal -0 0 1
    outer loop
      vertex -34 -37.6054 2.6
      vertex -33.84 -42.4942 2.6
      vertex -33.84 -37.5058 2.6
    endloop
  endfacet
  facet normal 0 0 1
    outer loop
      vertex -34 -37.6054 2.6
      vertex -34 -42.3946 2.6
      vertex -33.84 -42.4942 2.6
    endloop
  endfacet
  facet normal -0 0 1
    outer loop
      vertex -34.1532 -37.7151 2.6
      vertex -34 -42.3946 2.6
      vertex -34 -37.6054 2.6
    endloop
  endfacet
  facet normal 0 0 1
    outer loop
      vertex -34.1532 -37.7151 2.6
      vertex -34.1532 -42.2849 2.6
      vertex -34 -42.3946 2.6
    endloop
  endfacet
  facet normal -0 0 1
    outer loop
      vertex -34.2989 -37.8347 2.6
      vertex -34.1532 -42.2849 2.6
      vertex -34.1532 -37.7151 2.6
    endloop
  endfacet
  facet normal 0 0 1
    outer loop
      vertex -34.2989 -37.8347 2.6
      vertex -34.2989 -42.1653 2.6
      vertex -34.1532 -42.2849 2.6
    endloop
  endfacet
  facet normal -0 0 1
    outer loop
      vertex -34.4365 -37.9635 2.6
      vertex -34.2989 -42.1653 2.6
      vertex -34.2989 -37.8347 2.6
    endloop
  endfacet
  facet normal 0 0 1
    outer loop
      vertex -34.4365 -37.9635 2.6
      vertex -34.4365 -42.0365 2.6
      vertex -34.2989 -42.1653 2.6
    endloop
  endfacet
  facet normal -0 0 1
    outer loop
      vertex -34.5653 -38.1011 2.6
      vertex -34.4365 -42.0365 2.6
      vertex -34.4365 -37.9635 2.6
    endloop
  endfacet
  facet normal 0 0 1
    outer loop
      vertex -34.5653 -38.1011 2.6
      vertex -34.5653 -41.8989 2.6
      vertex -34.4365 -42.0365 2.6
    endloop
  endfacet
  facet normal -0 0 1
    outer loop
      vertex -34.6849 -38.2468 2.6
      vertex -34.5653 -41.8989 2.6
      vertex -34.5653 -38.1011 2.6
    endloop
  endfacet
  facet normal 0 0 1
    outer loop
      vertex -34.6849 -38.2468 2.6
      vertex -34.6849 -41.7532 2.6
      vertex -34.5653 -41.8989 2.6
    endloop
  endfacet
  facet normal -0 0 1
    outer loop
      vertex -34.7946 -38.4 2.6
      vertex -34.6849 -41.7532 2.6
      vertex -34.6849 -38.2468 2.6
    endloop
  endfacet
  facet normal 0 0 1
    outer loop
      vertex -34.7946 -38.4 2.6
      vertex -34.7946 -41.6 2.6
      vertex -34.6849 -41.7532 2.6
    endloop
  endfacet
  facet normal -0 0 1
    outer loop
      vertex -34.8942 -38.56 2.6
      vertex -34.7946 -41.6 2.6
      vertex -34.7946 -38.4 2.6
    endloop
  endfacet
  facet normal 0 0 1
    outer loop
      vertex -34.8942 -38.56 2.6
      vertex -34.8942 -41.44 2.6
      vertex -34.7946 -41.6 2.6
    endloop
  endfacet
  facet normal -0 0 1
    outer loop
      vertex -34.983 -38.7262 2.6
      vertex -34.8942 -41.44 2.6
      vertex -34.8942 -38.56 2.6
    endloop
  endfacet
  facet normal 0 0 1
    outer loop
      vertex -34.983 -38.7262 2.6
      vertex -34.983 -41.2738 2.6
      vertex -34.8942 -41.44 2.6
    endloop
  endfacet
  facet normal -0 0 1
    outer loop
      vertex -35.0608 -38.8979 2.6
      vertex -34.983 -41.2738 2.6
      vertex -34.983 -38.7262 2.6
    endloop
  endfacet
  facet normal 0 0 1
    outer loop
      vertex -35.0608 -38.8979 2.6
      vertex -35.0608 -41.1021 2.6
      vertex -34.983 -41.2738 2.6
    endloop
  endfacet
  facet normal -0 0 1
    outer loop
      vertex -35.1272 -39.0743 2.6
      vertex -35.0608 -41.1021 2.6
      vertex -35.0608 -38.8979 2.6
    endloop
  endfacet
  facet normal 0 0 1
    outer loop
      vertex -35.1272 -39.0743 2.6
      vertex -35.1272 -40.9257 2.6
      vertex -35.0608 -41.1021 2.6
    endloop
  endfacet
  facet normal -0 0 1
    outer loop
      vertex -35.1819 -39.2546 2.6
      vertex -35.1272 -40.9257 2.6
      vertex -35.1272 -39.0743 2.6
    endloop
  endfacet
  facet normal 0 0 1
    outer loop
      vertex -35.1819 -39.2546 2.6
      vertex -35.1819 -40.7454 2.6
      vertex -35.1272 -40.9257 2.6
    endloop
  endfacet
  facet normal -0 0 1
    outer loop
      vertex -35.2247 -39.4381 2.6
      vertex -35.1819 -40.7454 2.6
      vertex -35.1819 -39.2546 2.6
    endloop
  endfacet
  facet normal 0 0 1
    outer loop
      vertex -35.2247 -39.4381 2.6
      vertex -35.2247 -40.5619 2.6
      vertex -35.1819 -40.7454 2.6
    endloop
  endfacet
  facet normal -0 0 1
    outer loop
      vertex -35.2554 -39.6241 2.6
      vertex -35.2247 -40.5619 2.6
      vertex -35.2247 -39.4381 2.6
    endloop
  endfacet
  facet normal 0 0 1
    outer loop
      vertex -35.2554 -39.6241 2.6
      vertex -35.2554 -40.3759 2.6
      vertex -35.2247 -40.5619 2.6
    endloop
  endfacet
  facet normal -0 0 1
    outer loop
      vertex -35.2738 -39.8116 2.6
      vertex -35.2554 -40.3759 2.6
      vertex -35.2554 -39.6241 2.6
    endloop
  endfacet
  facet normal 0 0 1
    outer loop
      vertex -35.2738 -39.8116 2.6
      vertex -35.2738 -40.1884 2.6
      vertex -35.2554 -40.3759 2.6
    endloop
  endfacet
  facet normal 0 -0 1
    outer loop
      vertex -35.2738 -40.1884 2.6
      vertex -35.2738 -39.8116 2.6
      vertex -35.28 -40 2.6
    endloop
  endfacet
  facet normal -0.848951 -0.528472 0
    outer loop
      vertex -34.7946 -41.6 2
      vertex -34.8942 -41.44 2.6
      vertex -34.8942 -41.44 2
    endloop
  endfacet
  facet normal -0.848951 -0.528472 0
    outer loop
      vertex -34.8942 -41.44 2.6
      vertex -34.7946 -41.6 2
      vertex -34.7946 -41.6 2.6
    endloop
  endfacet
  facet normal -0.956931 -0.290317 0
    outer loop
      vertex -35.1272 -40.9257 2
      vertex -35.1819 -40.7454 2.6
      vertex -35.1819 -40.7454 2
    endloop
  endfacet
  facet normal -0.956931 -0.290317 0
    outer loop
      vertex -35.1819 -40.7454 2.6
      vertex -35.1272 -40.9257 2
      vertex -35.1272 -40.9257 2.6
    endloop
  endfacet
  facet normal -0.582192 -0.813052 0
    outer loop
      vertex -34.1532 -42.2849 2
      vertex -34 -42.3946 2.6
      vertex -34.1532 -42.2849 2.6
    endloop
  endfacet
  facet normal -0.582192 -0.813052 -0
    outer loop
      vertex -34 -42.3946 2.6
      vertex -34.1532 -42.2849 2
      vertex -34 -42.3946 2
    endloop
  endfacet
  facet normal -0.471249 -0.882 0
    outer loop
      vertex -33.84 -42.4942 2
      vertex -33.6738 -42.583 2.6
      vertex -33.84 -42.4942 2.6
    endloop
  endfacet
  facet normal -0.471249 -0.882 -0
    outer loop
      vertex -33.6738 -42.583 2.6
      vertex -33.84 -42.4942 2
      vertex -33.6738 -42.583 2
    endloop
  endfacet
  facet normal -0.0976642 -0.995219 0
    outer loop
      vertex -32.7759 -42.8554 2
      vertex -32.5884 -42.8738 2.6
      vertex -32.7759 -42.8554 2.6
    endloop
  endfacet
  facet normal -0.0976642 -0.995219 -0
    outer loop
      vertex -32.5884 -42.8738 2.6
      vertex -32.7759 -42.8554 2
      vertex -32.5884 -42.8738 2
    endloop
  endfacet
  facet normal 0.471249 0.882 -0
    outer loop
      vertex -30.96 -37.5058 2
      vertex -31.1262 -37.417 2.6
      vertex -30.96 -37.5058 2.6
    endloop
  endfacet
  facet normal 0.471249 0.882 0
    outer loop
      vertex -31.1262 -37.417 2.6
      vertex -30.96 -37.5058 2
      vertex -31.1262 -37.417 2
    endloop
  endfacet
  facet normal -0.290317 0.956931 0
    outer loop
      vertex -33.1454 -37.2181 2
      vertex -33.3257 -37.2728 2.6
      vertex -33.1454 -37.2181 2.6
    endloop
  endfacet
  facet normal -0.290317 0.956931 0
    outer loop
      vertex -33.3257 -37.2728 2.6
      vertex -33.1454 -37.2181 2
      vertex -33.3257 -37.2728 2
    endloop
  endfacet
  facet normal -0.882 0.471249 0
    outer loop
      vertex -34.983 -38.7262 2
      vertex -34.8942 -38.56 2.6
      vertex -34.8942 -38.56 2
    endloop
  endfacet
  facet normal -0.882 0.471249 0
    outer loop
      vertex -34.8942 -38.56 2.6
      vertex -34.983 -38.7262 2
      vertex -34.983 -38.7262 2.6
    endloop
  endfacet
  facet normal 0.986651 -0.16285 0
    outer loop
      vertex -29.5753 -40.5619 2.6
      vertex -29.5446 -40.3759 2
      vertex -29.5446 -40.3759 2.6
    endloop
  endfacet
  facet normal 0.986651 -0.16285 0
    outer loop
      vertex -29.5446 -40.3759 2
      vertex -29.5753 -40.5619 2.6
      vertex -29.5753 -40.5619 2
    endloop
  endfacet
  facet normal 0.935892 -0.352286 0
    outer loop
      vertex -29.7392 -41.1021 2.6
      vertex -29.6728 -40.9257 2
      vertex -29.6728 -40.9257 2.6
    endloop
  endfacet
  facet normal 0.935892 -0.352286 0
    outer loop
      vertex -29.6728 -40.9257 2
      vertex -29.7392 -41.1021 2.6
      vertex -29.7392 -41.1021 2
    endloop
  endfacet
  facet normal 0.956931 -0.290317 0
    outer loop
      vertex -29.6728 -40.9257 2.6
      vertex -29.6181 -40.7454 2
      vertex -29.6181 -40.7454 2.6
    endloop
  endfacet
  facet normal 0.956931 -0.290317 0
    outer loop
      vertex -29.6181 -40.7454 2
      vertex -29.6728 -40.9257 2.6
      vertex -29.6728 -40.9257 2
    endloop
  endfacet
  facet normal 0.77294 -0.634479 0
    outer loop
      vertex -30.2347 -41.8989 2.6
      vertex -30.1151 -41.7532 2
      vertex -30.1151 -41.7532 2.6
    endloop
  endfacet
  facet normal 0.77294 -0.634479 0
    outer loop
      vertex -30.1151 -41.7532 2
      vertex -30.2347 -41.8989 2.6
      vertex -30.2347 -41.8989 2
    endloop
  endfacet
  facet normal 0.0976642 -0.995219 0
    outer loop
      vertex -32.2116 -42.8738 2
      vertex -32.0241 -42.8554 2.6
      vertex -32.2116 -42.8738 2.6
    endloop
  endfacet
  facet normal 0.0976642 -0.995219 0
    outer loop
      vertex -32.0241 -42.8554 2.6
      vertex -32.2116 -42.8738 2
      vertex -32.0241 -42.8554 2
    endloop
  endfacet
  facet normal 0.227146 -0.973861 0
    outer loop
      vertex -31.8381 -42.8247 2
      vertex -31.6546 -42.7819 2.6
      vertex -31.8381 -42.8247 2.6
    endloop
  endfacet
  facet normal 0.227146 -0.973861 0
    outer loop
      vertex -31.6546 -42.7819 2.6
      vertex -31.8381 -42.8247 2
      vertex -31.6546 -42.7819 2
    endloop
  endfacet
  facet normal 0.471249 -0.882 0
    outer loop
      vertex -31.1262 -42.583 2
      vertex -30.96 -42.4942 2.6
      vertex -31.1262 -42.583 2.6
    endloop
  endfacet
  facet normal 0.471249 -0.882 0
    outer loop
      vertex -30.96 -42.4942 2.6
      vertex -31.1262 -42.583 2
      vertex -30.96 -42.4942 2
    endloop
  endfacet
  facet normal 0.412724 -0.910856 0
    outer loop
      vertex -31.2979 -42.6608 2
      vertex -31.1262 -42.583 2.6
      vertex -31.2979 -42.6608 2.6
    endloop
  endfacet
  facet normal 0.412724 -0.910856 0
    outer loop
      vertex -31.1262 -42.583 2.6
      vertex -31.2979 -42.6608 2
      vertex -31.1262 -42.583 2
    endloop
  endfacet
  facet normal 0.634479 -0.77294 0
    outer loop
      vertex -30.6468 -42.2849 2
      vertex -30.5011 -42.1653 2.6
      vertex -30.6468 -42.2849 2.6
    endloop
  endfacet
  facet normal 0.634479 -0.77294 0
    outer loop
      vertex -30.5011 -42.1653 2.6
      vertex -30.6468 -42.2849 2
      vertex -30.5011 -42.1653 2
    endloop
  endfacet
  facet normal -0.910856 -0.412724 0
    outer loop
      vertex -34.983 -41.2738 2
      vertex -35.0608 -41.1021 2.6
      vertex -35.0608 -41.1021 2
    endloop
  endfacet
  facet normal -0.910856 -0.412724 0
    outer loop
      vertex -35.0608 -41.1021 2.6
      vertex -34.983 -41.2738 2
      vertex -34.983 -41.2738 2.6
    endloop
  endfacet
  facet normal -0.882 -0.471249 0
    outer loop
      vertex -34.8942 -41.44 2
      vertex -34.983 -41.2738 2.6
      vertex -34.983 -41.2738 2
    endloop
  endfacet
  facet normal -0.882 -0.471249 0
    outer loop
      vertex -34.983 -41.2738 2.6
      vertex -34.8942 -41.44 2
      vertex -34.8942 -41.44 2.6
    endloop
  endfacet
  facet normal -0.973861 -0.227146 0
    outer loop
      vertex -35.1819 -40.7454 2
      vertex -35.2247 -40.5619 2.6
      vertex -35.2247 -40.5619 2
    endloop
  endfacet
  facet normal -0.973861 -0.227146 0
    outer loop
      vertex -35.2247 -40.5619 2.6
      vertex -35.1819 -40.7454 2
      vertex -35.1819 -40.7454 2.6
    endloop
  endfacet
  facet normal -0.995219 -0.0976642 0
    outer loop
      vertex -35.2554 -40.3759 2
      vertex -35.2738 -40.1884 2.6
      vertex -35.2738 -40.1884 2
    endloop
  endfacet
  facet normal -0.995219 -0.0976642 0
    outer loop
      vertex -35.2738 -40.1884 2.6
      vertex -35.2554 -40.3759 2
      vertex -35.2554 -40.3759 2.6
    endloop
  endfacet
  facet normal -0.999459 -0.0328909 0
    outer loop
      vertex -35.2738 -40.1884 2
      vertex -35.28 -40 2.6
      vertex -35.28 -40 2
    endloop
  endfacet
  facet normal -0.999459 -0.0328909 0
    outer loop
      vertex -35.28 -40 2.6
      vertex -35.2738 -40.1884 2
      vertex -35.2738 -40.1884 2.6
    endloop
  endfacet
  facet normal -0.999459 0.0328909 0
    outer loop
      vertex -35.28 -40 2
      vertex -35.2738 -39.8116 2.6
      vertex -35.2738 -39.8116 2
    endloop
  endfacet
  facet normal -0.999459 0.0328909 0
    outer loop
      vertex -35.2738 -39.8116 2.6
      vertex -35.28 -40 2
      vertex -35.28 -40 2.6
    endloop
  endfacet
  facet normal -0.634479 -0.77294 0
    outer loop
      vertex -34.2989 -42.1653 2
      vertex -34.1532 -42.2849 2.6
      vertex -34.2989 -42.1653 2.6
    endloop
  endfacet
  facet normal -0.634479 -0.77294 -0
    outer loop
      vertex -34.1532 -42.2849 2.6
      vertex -34.2989 -42.1653 2
      vertex -34.1532 -42.2849 2
    endloop
  endfacet
  facet normal -0.528472 -0.848951 0
    outer loop
      vertex -34 -42.3946 2
      vertex -33.84 -42.4942 2.6
      vertex -34 -42.3946 2.6
    endloop
  endfacet
  facet normal -0.528472 -0.848951 -0
    outer loop
      vertex -33.84 -42.4942 2.6
      vertex -34 -42.3946 2
      vertex -33.84 -42.4942 2
    endloop
  endfacet
  facet normal -0.290317 -0.956931 0
    outer loop
      vertex -33.3257 -42.7272 2
      vertex -33.1454 -42.7819 2.6
      vertex -33.3257 -42.7272 2.6
    endloop
  endfacet
  facet normal -0.290317 -0.956931 -0
    outer loop
      vertex -33.1454 -42.7819 2.6
      vertex -33.3257 -42.7272 2
      vertex -33.1454 -42.7819 2
    endloop
  endfacet
  facet normal 0.290317 0.956931 -0
    outer loop
      vertex -31.4743 -37.2728 2
      vertex -31.6546 -37.2181 2.6
      vertex -31.4743 -37.2728 2.6
    endloop
  endfacet
  facet normal 0.290317 0.956931 0
    outer loop
      vertex -31.6546 -37.2181 2.6
      vertex -31.4743 -37.2728 2
      vertex -31.6546 -37.2181 2
    endloop
  endfacet
  facet normal 0.634479 0.77294 -0
    outer loop
      vertex -30.5011 -37.8347 2
      vertex -30.6468 -37.7151 2.6
      vertex -30.5011 -37.8347 2.6
    endloop
  endfacet
  facet normal 0.634479 0.77294 0
    outer loop
      vertex -30.6468 -37.7151 2.6
      vertex -30.5011 -37.8347 2
      vertex -30.6468 -37.7151 2
    endloop
  endfacet
  facet normal 0.935892 0.352286 0
    outer loop
      vertex -29.6728 -39.0743 2.6
      vertex -29.7392 -38.8979 2
      vertex -29.7392 -38.8979 2.6
    endloop
  endfacet
  facet normal 0.935892 0.352286 0
    outer loop
      vertex -29.7392 -38.8979 2
      vertex -29.6728 -39.0743 2.6
      vertex -29.6728 -39.0743 2
    endloop
  endfacet
  facet normal 0.882 0.471249 0
    outer loop
      vertex -29.817 -38.7262 2.6
      vertex -29.9058 -38.56 2
      vertex -29.9058 -38.56 2.6
    endloop
  endfacet
  facet normal 0.882 0.471249 0
    outer loop
      vertex -29.9058 -38.56 2
      vertex -29.817 -38.7262 2.6
      vertex -29.817 -38.7262 2
    endloop
  endfacet
  facet normal 0.986651 0.16285 0
    outer loop
      vertex -29.5446 -39.6241 2.6
      vertex -29.5753 -39.4381 2
      vertex -29.5753 -39.4381 2.6
    endloop
  endfacet
  facet normal 0.986651 0.16285 0
    outer loop
      vertex -29.5753 -39.4381 2
      vertex -29.5446 -39.6241 2.6
      vertex -29.5446 -39.6241 2
    endloop
  endfacet
  facet normal 0.956931 0.290317 0
    outer loop
      vertex -29.6181 -39.2546 2.6
      vertex -29.6728 -39.0743 2
      vertex -29.6728 -39.0743 2.6
    endloop
  endfacet
  facet normal 0.956931 0.290317 0
    outer loop
      vertex -29.6728 -39.0743 2
      vertex -29.6181 -39.2546 2.6
      vertex -29.6181 -39.2546 2
    endloop
  endfacet
  facet normal -0.0976642 0.995219 0
    outer loop
      vertex -32.5884 -37.1262 2
      vertex -32.7759 -37.1446 2.6
      vertex -32.5884 -37.1262 2.6
    endloop
  endfacet
  facet normal -0.0976642 0.995219 0
    outer loop
      vertex -32.7759 -37.1446 2.6
      vertex -32.5884 -37.1262 2
      vertex -32.7759 -37.1446 2
    endloop
  endfacet
  facet normal -0.528472 0.848951 0
    outer loop
      vertex -33.84 -37.5058 2
      vertex -34 -37.6054 2.6
      vertex -33.84 -37.5058 2.6
    endloop
  endfacet
  facet normal -0.528472 0.848951 0
    outer loop
      vertex -34 -37.6054 2.6
      vertex -33.84 -37.5058 2
      vertex -34 -37.6054 2
    endloop
  endfacet
  facet normal -0.352286 0.935892 0
    outer loop
      vertex -33.3257 -37.2728 2
      vertex -33.5021 -37.3392 2.6
      vertex -33.3257 -37.2728 2.6
    endloop
  endfacet
  facet normal -0.352286 0.935892 0
    outer loop
      vertex -33.5021 -37.3392 2.6
      vertex -33.3257 -37.2728 2
      vertex -33.5021 -37.3392 2
    endloop
  endfacet
  facet normal -0.471249 0.882 0
    outer loop
      vertex -33.6738 -37.417 2
      vertex -33.84 -37.5058 2.6
      vertex -33.6738 -37.417 2.6
    endloop
  endfacet
  facet normal -0.471249 0.882 0
    outer loop
      vertex -33.84 -37.5058 2.6
      vertex -33.6738 -37.417 2
      vertex -33.84 -37.5058 2
    endloop
  endfacet
  facet normal -0.16285 0.986651 0
    outer loop
      vertex -32.7759 -37.1446 2
      vertex -32.9619 -37.1753 2.6
      vertex -32.7759 -37.1446 2.6
    endloop
  endfacet
  facet normal -0.16285 0.986651 0
    outer loop
      vertex -32.9619 -37.1753 2.6
      vertex -32.7759 -37.1446 2
      vertex -32.9619 -37.1753 2
    endloop
  endfacet
  facet normal -0.77294 0.634479 0
    outer loop
      vertex -34.6849 -38.2468 2
      vertex -34.5653 -38.1011 2.6
      vertex -34.5653 -38.1011 2
    endloop
  endfacet
  facet normal -0.77294 0.634479 0
    outer loop
      vertex -34.5653 -38.1011 2.6
      vertex -34.6849 -38.2468 2
      vertex -34.6849 -38.2468 2.6
    endloop
  endfacet
  facet normal -0.848951 0.528472 0
    outer loop
      vertex -34.8942 -38.56 2
      vertex -34.7946 -38.4 2.6
      vertex -34.7946 -38.4 2
    endloop
  endfacet
  facet normal -0.848951 0.528472 0
    outer loop
      vertex -34.7946 -38.4 2.6
      vertex -34.8942 -38.56 2
      vertex -34.8942 -38.56 2.6
    endloop
  endfacet
  facet normal -0.935892 0.352286 0
    outer loop
      vertex -35.1272 -39.0743 2
      vertex -35.0608 -38.8979 2.6
      vertex -35.0608 -38.8979 2
    endloop
  endfacet
  facet normal -0.935892 0.352286 0
    outer loop
      vertex -35.0608 -38.8979 2.6
      vertex -35.1272 -39.0743 2
      vertex -35.1272 -39.0743 2.6
    endloop
  endfacet
  facet normal -0.956931 0.290317 0
    outer loop
      vertex -35.1819 -39.2546 2
      vertex -35.1272 -39.0743 2.6
      vertex -35.1272 -39.0743 2
    endloop
  endfacet
  facet normal -0.956931 0.290317 0
    outer loop
      vertex -35.1272 -39.0743 2.6
      vertex -35.1819 -39.2546 2
      vertex -35.1819 -39.2546 2.6
    endloop
  endfacet
  facet normal -0.910856 0.412724 0
    outer loop
      vertex -35.0608 -38.8979 2
      vertex -34.983 -38.7262 2.6
      vertex -34.983 -38.7262 2
    endloop
  endfacet
  facet normal -0.910856 0.412724 0
    outer loop
      vertex -34.983 -38.7262 2.6
      vertex -35.0608 -38.8979 2
      vertex -35.0608 -38.8979 2.6
    endloop
  endfacet
  facet normal -0.973861 0.227146 0
    outer loop
      vertex -35.2247 -39.4381 2
      vertex -35.1819 -39.2546 2.6
      vertex -35.1819 -39.2546 2
    endloop
  endfacet
  facet normal -0.973861 0.227146 0
    outer loop
      vertex -35.1819 -39.2546 2.6
      vertex -35.2247 -39.4381 2
      vertex -35.2247 -39.4381 2.6
    endloop
  endfacet
  facet normal -0.995219 0.0976642 0
    outer loop
      vertex -35.2738 -39.8116 2
      vertex -35.2554 -39.6241 2.6
      vertex -35.2554 -39.6241 2
    endloop
  endfacet
  facet normal -0.995219 0.0976642 0
    outer loop
      vertex -35.2554 -39.6241 2.6
      vertex -35.2738 -39.8116 2
      vertex -35.2738 -39.8116 2.6
    endloop
  endfacet
  facet normal 0.730066 -0.683376 0
    outer loop
      vertex -30.3635 -42.0365 2.6
      vertex -30.2347 -41.8989 2
      vertex -30.2347 -41.8989 2.6
    endloop
  endfacet
  facet normal 0.730066 -0.683376 0
    outer loop
      vertex -30.2347 -41.8989 2
      vertex -30.3635 -42.0365 2.6
      vertex -30.3635 -42.0365 2
    endloop
  endfacet
  facet normal 0.848951 -0.528472 0
    outer loop
      vertex -30.0054 -41.6 2.6
      vertex -29.9058 -41.44 2
      vertex -29.9058 -41.44 2.6
    endloop
  endfacet
  facet normal 0.848951 -0.528472 0
    outer loop
      vertex -29.9058 -41.44 2
      vertex -30.0054 -41.6 2.6
      vertex -30.0054 -41.6 2
    endloop
  endfacet
  facet normal 0.0328909 -0.999459 0
    outer loop
      vertex -32.4 -42.88 2
      vertex -32.2116 -42.8738 2.6
      vertex -32.4 -42.88 2.6
    endloop
  endfacet
  facet normal 0.0328909 -0.999459 0
    outer loop
      vertex -32.2116 -42.8738 2.6
      vertex -32.4 -42.88 2
      vertex -32.2116 -42.8738 2
    endloop
  endfacet
  facet normal -0.813052 -0.582192 0
    outer loop
      vertex -34.6849 -41.7532 2
      vertex -34.7946 -41.6 2.6
      vertex -34.7946 -41.6 2
    endloop
  endfacet
  facet normal -0.813052 -0.582192 0
    outer loop
      vertex -34.7946 -41.6 2.6
      vertex -34.6849 -41.7532 2
      vertex -34.6849 -41.7532 2.6
    endloop
  endfacet
  facet normal 0 0 -1
    outer loop
      vertex -29.5262 -40.1884 2
      vertex -29.5262 -39.8116 2
      vertex -29.52 -40 2
    endloop
  endfacet
  facet normal 0 0 -1
    outer loop
      vertex -29.5446 -40.3759 2
      vertex -29.5262 -39.8116 2
      vertex -29.5262 -40.1884 2
    endloop
  endfacet
  facet normal 0 0 -1
    outer loop
      vertex -29.5446 -40.3759 2
      vertex -29.5446 -39.6241 2
      vertex -29.5262 -39.8116 2
    endloop
  endfacet
  facet normal 0 0 -1
    outer loop
      vertex -29.5753 -40.5619 2
      vertex -29.5446 -39.6241 2
      vertex -29.5446 -40.3759 2
    endloop
  endfacet
  facet normal 0 0 -1
    outer loop
      vertex -29.5753 -40.5619 2
      vertex -29.5753 -39.4381 2
      vertex -29.5446 -39.6241 2
    endloop
  endfacet
  facet normal 0 0 -1
    outer loop
      vertex -29.6181 -40.7454 2
      vertex -29.5753 -39.4381 2
      vertex -29.5753 -40.5619 2
    endloop
  endfacet
  facet normal 0 0 -1
    outer loop
      vertex -29.6181 -40.7454 2
      vertex -29.6181 -39.2546 2
      vertex -29.5753 -39.4381 2
    endloop
  endfacet
  facet normal 0 0 -1
    outer loop
      vertex -29.6728 -40.9257 2
      vertex -29.6181 -39.2546 2
      vertex -29.6181 -40.7454 2
    endloop
  endfacet
  facet normal 0 0 -1
    outer loop
      vertex -29.6728 -40.9257 2
      vertex -29.6728 -39.0743 2
      vertex -29.6181 -39.2546 2
    endloop
  endfacet
  facet normal 0 0 -1
    outer loop
      vertex -29.7392 -41.1021 2
      vertex -29.6728 -39.0743 2
      vertex -29.6728 -40.9257 2
    endloop
  endfacet
  facet normal 0 0 -1
    outer loop
      vertex -29.7392 -41.1021 2
      vertex -29.7392 -38.8979 2
      vertex -29.6728 -39.0743 2
    endloop
  endfacet
  facet normal 0 0 -1
    outer loop
      vertex -29.817 -41.2738 2
      vertex -29.7392 -38.8979 2
      vertex -29.7392 -41.1021 2
    endloop
  endfacet
  facet normal 0 0 -1
    outer loop
      vertex -29.817 -41.2738 2
      vertex -29.817 -38.7262 2
      vertex -29.7392 -38.8979 2
    endloop
  endfacet
  facet normal 0 0 -1
    outer loop
      vertex -29.9058 -41.44 2
      vertex -29.817 -38.7262 2
      vertex -29.817 -41.2738 2
    endloop
  endfacet
  facet normal 0 0 -1
    outer loop
      vertex -29.9058 -41.44 2
      vertex -29.9058 -38.56 2
      vertex -29.817 -38.7262 2
    endloop
  endfacet
  facet normal 0 0 -1
    outer loop
      vertex -30.0054 -41.6 2
      vertex -29.9058 -38.56 2
      vertex -29.9058 -41.44 2
    endloop
  endfacet
  facet normal 0 0 -1
    outer loop
      vertex -30.0054 -41.6 2
      vertex -30.0054 -38.4 2
      vertex -29.9058 -38.56 2
    endloop
  endfacet
  facet normal 0 0 -1
    outer loop
      vertex -30.1151 -41.7532 2
      vertex -30.0054 -38.4 2
      vertex -30.0054 -41.6 2
    endloop
  endfacet
  facet normal 0 0 -1
    outer loop
      vertex -30.1151 -41.7532 2
      vertex -30.1151 -38.2468 2
      vertex -30.0054 -38.4 2
    endloop
  endfacet
  facet normal 0 0 -1
    outer loop
      vertex -30.2347 -41.8989 2
      vertex -30.1151 -38.2468 2
      vertex -30.1151 -41.7532 2
    endloop
  endfacet
  facet normal 0 0 -1
    outer loop
      vertex -30.2347 -41.8989 2
      vertex -30.2347 -38.1011 2
      vertex -30.1151 -38.2468 2
    endloop
  endfacet
  facet normal 0 0 -1
    outer loop
      vertex -30.3635 -42.0365 2
      vertex -30.2347 -38.1011 2
      vertex -30.2347 -41.8989 2
    endloop
  endfacet
  facet normal 0 0 -1
    outer loop
      vertex -30.3635 -42.0365 2
      vertex -30.3635 -37.9635 2
      vertex -30.2347 -38.1011 2
    endloop
  endfacet
  facet normal 0 0 -1
    outer loop
      vertex -30.5011 -42.1653 2
      vertex -30.3635 -37.9635 2
      vertex -30.3635 -42.0365 2
    endloop
  endfacet
  facet normal 0 0 -1
    outer loop
      vertex -30.5011 -42.1653 2
      vertex -30.5011 -37.8347 2
      vertex -30.3635 -37.9635 2
    endloop
  endfacet
  facet normal 0 0 -1
    outer loop
      vertex -30.6468 -42.2849 2
      vertex -30.5011 -37.8347 2
      vertex -30.5011 -42.1653 2
    endloop
  endfacet
  facet normal 0 0 -1
    outer loop
      vertex -30.6468 -42.2849 2
      vertex -30.6468 -37.7151 2
      vertex -30.5011 -37.8347 2
    endloop
  endfacet
  facet normal 0 0 -1
    outer loop
      vertex -30.8 -42.3946 2
      vertex -30.6468 -37.7151 2
      vertex -30.6468 -42.2849 2
    endloop
  endfacet
  facet normal 0 0 -1
    outer loop
      vertex -30.8 -42.3946 2
      vertex -30.8 -37.6054 2
      vertex -30.6468 -37.7151 2
    endloop
  endfacet
  facet normal 0 0 -1
    outer loop
      vertex -30.96 -42.4942 2
      vertex -30.8 -37.6054 2
      vertex -30.8 -42.3946 2
    endloop
  endfacet
  facet normal 0 0 -1
    outer loop
      vertex -30.96 -42.4942 2
      vertex -30.96 -37.5058 2
      vertex -30.8 -37.6054 2
    endloop
  endfacet
  facet normal 0 0 -1
    outer loop
      vertex -31.1262 -42.583 2
      vertex -30.96 -37.5058 2
      vertex -30.96 -42.4942 2
    endloop
  endfacet
  facet normal 0 0 -1
    outer loop
      vertex -31.1262 -42.583 2
      vertex -31.1262 -37.417 2
      vertex -30.96 -37.5058 2
    endloop
  endfacet
  facet normal 0 0 -1
    outer loop
      vertex -31.2979 -42.6608 2
      vertex -31.1262 -37.417 2
      vertex -31.1262 -42.583 2
    endloop
  endfacet
  facet normal 0 0 -1
    outer loop
      vertex -31.2979 -42.6608 2
      vertex -31.2979 -37.3392 2
      vertex -31.1262 -37.417 2
    endloop
  endfacet
  facet normal 0 0 -1
    outer loop
      vertex -31.4743 -42.7272 2
      vertex -31.2979 -37.3392 2
      vertex -31.2979 -42.6608 2
    endloop
  endfacet
  facet normal 0 0 -1
    outer loop
      vertex -31.4743 -42.7272 2
      vertex -31.4743 -37.2728 2
      vertex -31.2979 -37.3392 2
    endloop
  endfacet
  facet normal 0 0 -1
    outer loop
      vertex -31.6546 -42.7819 2
      vertex -31.4743 -37.2728 2
      vertex -31.4743 -42.7272 2
    endloop
  endfacet
  facet normal 0 0 -1
    outer loop
      vertex -31.6546 -42.7819 2
      vertex -31.6546 -37.2181 2
      vertex -31.4743 -37.2728 2
    endloop
  endfacet
  facet normal 0 0 -1
    outer loop
      vertex -31.8381 -42.8247 2
      vertex -31.6546 -37.2181 2
      vertex -31.6546 -42.7819 2
    endloop
  endfacet
  facet normal 0 0 -1
    outer loop
      vertex -31.8381 -42.8247 2
      vertex -31.8381 -37.1753 2
      vertex -31.6546 -37.2181 2
    endloop
  endfacet
  facet normal 0 0 -1
    outer loop
      vertex -32.0241 -42.8554 2
      vertex -31.8381 -37.1753 2
      vertex -31.8381 -42.8247 2
    endloop
  endfacet
  facet normal 0 0 -1
    outer loop
      vertex -32.0241 -42.8554 2
      vertex -32.0241 -37.1446 2
      vertex -31.8381 -37.1753 2
    endloop
  endfacet
  facet normal 0 0 -1
    outer loop
      vertex -32.2116 -42.8738 2
      vertex -32.0241 -37.1446 2
      vertex -32.0241 -42.8554 2
    endloop
  endfacet
  facet normal 0 0 -1
    outer loop
      vertex -32.2116 -42.8738 2
      vertex -32.2116 -37.1262 2
      vertex -32.0241 -37.1446 2
    endloop
  endfacet
  facet normal 0 0 -1
    outer loop
      vertex -32.4 -42.88 2
      vertex -32.2116 -37.1262 2
      vertex -32.2116 -42.8738 2
    endloop
  endfacet
  facet normal 0 0 -1
    outer loop
      vertex -32.4 -42.88 2
      vertex -32.4 -37.12 2
      vertex -32.2116 -37.1262 2
    endloop
  endfacet
  facet normal 0 0 -1
    outer loop
      vertex -32.5884 -42.8738 2
      vertex -32.4 -37.12 2
      vertex -32.4 -42.88 2
    endloop
  endfacet
  facet normal 0 0 -1
    outer loop
      vertex -32.5884 -42.8738 2
      vertex -32.5884 -37.1262 2
      vertex -32.4 -37.12 2
    endloop
  endfacet
  facet normal 0 0 -1
    outer loop
      vertex -32.7759 -42.8554 2
      vertex -32.5884 -37.1262 2
      vertex -32.5884 -42.8738 2
    endloop
  endfacet
  facet normal 0 0 -1
    outer loop
      vertex -32.7759 -42.8554 2
      vertex -32.7759 -37.1446 2
      vertex -32.5884 -37.1262 2
    endloop
  endfacet
  facet normal 0 0 -1
    outer loop
      vertex -32.9619 -42.8247 2
      vertex -32.7759 -37.1446 2
      vertex -32.7759 -42.8554 2
    endloop
  endfacet
  facet normal 0 0 -1
    outer loop
      vertex -32.9619 -42.8247 2
      vertex -32.9619 -37.1753 2
      vertex -32.7759 -37.1446 2
    endloop
  endfacet
  facet normal 0 0 -1
    outer loop
      vertex -33.1454 -42.7819 2
      vertex -32.9619 -37.1753 2
      vertex -32.9619 -42.8247 2
    endloop
  endfacet
  facet normal 0 0 -1
    outer loop
      vertex -33.1454 -42.7819 2
      vertex -33.1454 -37.2181 2
      vertex -32.9619 -37.1753 2
    endloop
  endfacet
  facet normal 0 0 -1
    outer loop
      vertex -33.3257 -42.7272 2
      vertex -33.1454 -37.2181 2
      vertex -33.1454 -42.7819 2
    endloop
  endfacet
  facet normal 0 0 -1
    outer loop
      vertex -33.3257 -42.7272 2
      vertex -33.3257 -37.2728 2
      vertex -33.1454 -37.2181 2
    endloop
  endfacet
  facet normal 0 0 -1
    outer loop
      vertex -33.5021 -42.6608 2
      vertex -33.3257 -37.2728 2
      vertex -33.3257 -42.7272 2
    endloop
  endfacet
  facet normal 0 0 -1
    outer loop
      vertex -33.5021 -42.6608 2
      vertex -33.5021 -37.3392 2
      vertex -33.3257 -37.2728 2
    endloop
  endfacet
  facet normal 0 0 -1
    outer loop
      vertex -33.6738 -42.583 2
      vertex -33.5021 -37.3392 2
      vertex -33.5021 -42.6608 2
    endloop
  endfacet
  facet normal 0 0 -1
    outer loop
      vertex -33.6738 -42.583 2
      vertex -33.6738 -37.417 2
      vertex -33.5021 -37.3392 2
    endloop
  endfacet
  facet normal 0 0 -1
    outer loop
      vertex -33.84 -42.4942 2
      vertex -33.6738 -37.417 2
      vertex -33.6738 -42.583 2
    endloop
  endfacet
  facet normal 0 0 -1
    outer loop
      vertex -33.84 -42.4942 2
      vertex -33.84 -37.5058 2
      vertex -33.6738 -37.417 2
    endloop
  endfacet
  facet normal 0 0 -1
    outer loop
      vertex -34 -42.3946 2
      vertex -33.84 -37.5058 2
      vertex -33.84 -42.4942 2
    endloop
  endfacet
  facet normal 0 0 -1
    outer loop
      vertex -34 -42.3946 2
      vertex -34 -37.6054 2
      vertex -33.84 -37.5058 2
    endloop
  endfacet
  facet normal 0 0 -1
    outer loop
      vertex -34.1532 -42.2849 2
      vertex -34 -37.6054 2
      vertex -34 -42.3946 2
    endloop
  endfacet
  facet normal 0 0 -1
    outer loop
      vertex -34.1532 -42.2849 2
      vertex -34.1532 -37.7151 2
      vertex -34 -37.6054 2
    endloop
  endfacet
  facet normal 0 0 -1
    outer loop
      vertex -34.2989 -42.1653 2
      vertex -34.1532 -37.7151 2
      vertex -34.1532 -42.2849 2
    endloop
  endfacet
  facet normal 0 0 -1
    outer loop
      vertex -34.2989 -42.1653 2
      vertex -34.2989 -37.8347 2
      vertex -34.1532 -37.7151 2
    endloop
  endfacet
  facet normal 0 0 -1
    outer loop
      vertex -34.4365 -42.0365 2
      vertex -34.2989 -37.8347 2
      vertex -34.2989 -42.1653 2
    endloop
  endfacet
  facet normal 0 0 -1
    outer loop
      vertex -34.4365 -42.0365 2
      vertex -34.4365 -37.9635 2
      vertex -34.2989 -37.8347 2
    endloop
  endfacet
  facet normal 0 0 -1
    outer loop
      vertex -34.5653 -41.8989 2
      vertex -34.4365 -37.9635 2
      vertex -34.4365 -42.0365 2
    endloop
  endfacet
  facet normal 0 0 -1
    outer loop
      vertex -34.5653 -41.8989 2
      vertex -34.5653 -38.1011 2
      vertex -34.4365 -37.9635 2
    endloop
  endfacet
  facet normal 0 0 -1
    outer loop
      vertex -34.6849 -41.7532 2
      vertex -34.5653 -38.1011 2
      vertex -34.5653 -41.8989 2
    endloop
  endfacet
  facet normal 0 0 -1
    outer loop
      vertex -34.6849 -41.7532 2
      vertex -34.6849 -38.2468 2
      vertex -34.5653 -38.1011 2
    endloop
  endfacet
  facet normal 0 0 -1
    outer loop
      vertex -34.7946 -41.6 2
      vertex -34.6849 -38.2468 2
      vertex -34.6849 -41.7532 2
    endloop
  endfacet
  facet normal 0 0 -1
    outer loop
      vertex -34.7946 -41.6 2
      vertex -34.7946 -38.4 2
      vertex -34.6849 -38.2468 2
    endloop
  endfacet
  facet normal 0 0 -1
    outer loop
      vertex -34.8942 -41.44 2
      vertex -34.7946 -38.4 2
      vertex -34.7946 -41.6 2
    endloop
  endfacet
  facet normal 0 0 -1
    outer loop
      vertex -34.8942 -41.44 2
      vertex -34.8942 -38.56 2
      vertex -34.7946 -38.4 2
    endloop
  endfacet
  facet normal 0 0 -1
    outer loop
      vertex -34.983 -41.2738 2
      vertex -34.8942 -38.56 2
      vertex -34.8942 -41.44 2
    endloop
  endfacet
  facet normal 0 0 -1
    outer loop
      vertex -34.983 -41.2738 2
      vertex -34.983 -38.7262 2
      vertex -34.8942 -38.56 2
    endloop
  endfacet
  facet normal 0 0 -1
    outer loop
      vertex -35.0608 -41.1021 2
      vertex -34.983 -38.7262 2
      vertex -34.983 -41.2738 2
    endloop
  endfacet
  facet normal 0 0 -1
    outer loop
      vertex -35.0608 -41.1021 2
      vertex -35.0608 -38.8979 2
      vertex -34.983 -38.7262 2
    endloop
  endfacet
  facet normal 0 0 -1
    outer loop
      vertex -35.1272 -40.9257 2
      vertex -35.0608 -38.8979 2
      vertex -35.0608 -41.1021 2
    endloop
  endfacet
  facet normal 0 0 -1
    outer loop
      vertex -35.1272 -40.9257 2
      vertex -35.1272 -39.0743 2
      vertex -35.0608 -38.8979 2
    endloop
  endfacet
  facet normal 0 0 -1
    outer loop
      vertex -35.1819 -40.7454 2
      vertex -35.1272 -39.0743 2
      vertex -35.1272 -40.9257 2
    endloop
  endfacet
  facet normal 0 0 -1
    outer loop
      vertex -35.1819 -40.7454 2
      vertex -35.1819 -39.2546 2
      vertex -35.1272 -39.0743 2
    endloop
  endfacet
  facet normal 0 0 -1
    outer loop
      vertex -35.2247 -40.5619 2
      vertex -35.1819 -39.2546 2
      vertex -35.1819 -40.7454 2
    endloop
  endfacet
  facet normal 0 0 -1
    outer loop
      vertex -35.2247 -40.5619 2
      vertex -35.2247 -39.4381 2
      vertex -35.1819 -39.2546 2
    endloop
  endfacet
  facet normal 0 0 -1
    outer loop
      vertex -35.2554 -40.3759 2
      vertex -35.2247 -39.4381 2
      vertex -35.2247 -40.5619 2
    endloop
  endfacet
  facet normal 0 0 -1
    outer loop
      vertex -35.2554 -40.3759 2
      vertex -35.2554 -39.6241 2
      vertex -35.2247 -39.4381 2
    endloop
  endfacet
  facet normal 0 0 -1
    outer loop
      vertex -35.2738 -40.1884 2
      vertex -35.2554 -39.6241 2
      vertex -35.2554 -40.3759 2
    endloop
  endfacet
  facet normal 0 0 -1
    outer loop
      vertex -35.2738 -40.1884 2
      vertex -35.2738 -39.8116 2
      vertex -35.2554 -39.6241 2
    endloop
  endfacet
  facet normal 0 -0 -1
    outer loop
      vertex -35.2738 -39.8116 2
      vertex -35.2738 -40.1884 2
      vertex -35.28 -40 2
    endloop
  endfacet
  facet normal -0.683376 -0.730066 0
    outer loop
      vertex -34.4365 -42.0365 2
      vertex -34.2989 -42.1653 2.6
      vertex -34.4365 -42.0365 2.6
    endloop
  endfacet
  facet normal -0.683376 -0.730066 -0
    outer loop
      vertex -34.2989 -42.1653 2.6
      vertex -34.4365 -42.0365 2
      vertex -34.2989 -42.1653 2
    endloop
  endfacet
  facet normal -0.730066 -0.683376 0
    outer loop
      vertex -34.4365 -42.0365 2
      vertex -34.5653 -41.8989 2.6
      vertex -34.5653 -41.8989 2
    endloop
  endfacet
  facet normal -0.730066 -0.683376 0
    outer loop
      vertex -34.5653 -41.8989 2.6
      vertex -34.4365 -42.0365 2
      vertex -34.4365 -42.0365 2.6
    endloop
  endfacet
  facet normal -0.352286 -0.935892 0
    outer loop
      vertex -33.5021 -42.6608 2
      vertex -33.3257 -42.7272 2.6
      vertex -33.5021 -42.6608 2.6
    endloop
  endfacet
  facet normal -0.352286 -0.935892 -0
    outer loop
      vertex -33.3257 -42.7272 2.6
      vertex -33.5021 -42.6608 2
      vertex -33.3257 -42.7272 2
    endloop
  endfacet
  facet normal -0.412724 -0.910856 0
    outer loop
      vertex -33.6738 -42.583 2
      vertex -33.5021 -42.6608 2.6
      vertex -33.6738 -42.583 2.6
    endloop
  endfacet
  facet normal -0.412724 -0.910856 -0
    outer loop
      vertex -33.5021 -42.6608 2.6
      vertex -33.6738 -42.583 2
      vertex -33.5021 -42.6608 2
    endloop
  endfacet
  facet normal -0.16285 -0.986651 0
    outer loop
      vertex -32.9619 -42.8247 2
      vertex -32.7759 -42.8554 2.6
      vertex -32.9619 -42.8247 2.6
    endloop
  endfacet
  facet normal -0.16285 -0.986651 -0
    outer loop
      vertex -32.7759 -42.8554 2.6
      vertex -32.9619 -42.8247 2
      vertex -32.7759 -42.8554 2
    endloop
  endfacet
  facet normal 0.16285 0.986651 -0
    outer loop
      vertex -31.8381 -37.1753 2
      vertex -32.0241 -37.1446 2.6
      vertex -31.8381 -37.1753 2.6
    endloop
  endfacet
  facet normal 0.16285 0.986651 0
    outer loop
      vertex -32.0241 -37.1446 2.6
      vertex -31.8381 -37.1753 2
      vertex -32.0241 -37.1446 2
    endloop
  endfacet
  facet normal 0.227146 0.973861 -0
    outer loop
      vertex -31.6546 -37.2181 2
      vertex -31.8381 -37.1753 2.6
      vertex -31.6546 -37.2181 2.6
    endloop
  endfacet
  facet normal 0.227146 0.973861 0
    outer loop
      vertex -31.8381 -37.1753 2.6
      vertex -31.6546 -37.2181 2
      vertex -31.8381 -37.1753 2
    endloop
  endfacet
  facet normal 0.352286 0.935892 -0
    outer loop
      vertex -31.2979 -37.3392 2
      vertex -31.4743 -37.2728 2.6
      vertex -31.2979 -37.3392 2.6
    endloop
  endfacet
  facet normal 0.352286 0.935892 0
    outer loop
      vertex -31.4743 -37.2728 2.6
      vertex -31.2979 -37.3392 2
      vertex -31.4743 -37.2728 2
    endloop
  endfacet
  facet normal 0.412724 0.910856 -0
    outer loop
      vertex -31.1262 -37.417 2
      vertex -31.2979 -37.3392 2.6
      vertex -31.1262 -37.417 2.6
    endloop
  endfacet
  facet normal 0.412724 0.910856 0
    outer loop
      vertex -31.2979 -37.3392 2.6
      vertex -31.1262 -37.417 2
      vertex -31.2979 -37.3392 2
    endloop
  endfacet
  facet normal 0.683376 0.730066 -0
    outer loop
      vertex -30.3635 -37.9635 2
      vertex -30.5011 -37.8347 2.6
      vertex -30.3635 -37.9635 2.6
    endloop
  endfacet
  facet normal 0.683376 0.730066 0
    outer loop
      vertex -30.5011 -37.8347 2.6
      vertex -30.3635 -37.9635 2
      vertex -30.5011 -37.8347 2
    endloop
  endfacet
  facet normal 0.730066 0.683376 0
    outer loop
      vertex -30.2347 -38.1011 2.6
      vertex -30.3635 -37.9635 2
      vertex -30.3635 -37.9635 2.6
    endloop
  endfacet
  facet normal 0.730066 0.683376 0
    outer loop
      vertex -30.3635 -37.9635 2
      vertex -30.2347 -38.1011 2.6
      vertex -30.2347 -38.1011 2
    endloop
  endfacet
  facet normal 0.528472 0.848951 -0
    outer loop
      vertex -30.8 -37.6054 2
      vertex -30.96 -37.5058 2.6
      vertex -30.8 -37.6054 2.6
    endloop
  endfacet
  facet normal 0.528472 0.848951 0
    outer loop
      vertex -30.96 -37.5058 2.6
      vertex -30.8 -37.6054 2
      vertex -30.96 -37.5058 2
    endloop
  endfacet
  facet normal 0.582192 0.813052 -0
    outer loop
      vertex -30.6468 -37.7151 2
      vertex -30.8 -37.6054 2.6
      vertex -30.6468 -37.7151 2.6
    endloop
  endfacet
  facet normal 0.582192 0.813052 0
    outer loop
      vertex -30.8 -37.6054 2.6
      vertex -30.6468 -37.7151 2
      vertex -30.8 -37.6054 2
    endloop
  endfacet
  facet normal 0.813052 0.582192 0
    outer loop
      vertex -30.0054 -38.4 2.6
      vertex -30.1151 -38.2468 2
      vertex -30.1151 -38.2468 2.6
    endloop
  endfacet
  facet normal 0.813052 0.582192 0
    outer loop
      vertex -30.1151 -38.2468 2
      vertex -30.0054 -38.4 2.6
      vertex -30.0054 -38.4 2
    endloop
  endfacet
  facet normal 0.848951 0.528472 0
    outer loop
      vertex -29.9058 -38.56 2.6
      vertex -30.0054 -38.4 2
      vertex -30.0054 -38.4 2.6
    endloop
  endfacet
  facet normal 0.848951 0.528472 0
    outer loop
      vertex -30.0054 -38.4 2
      vertex -29.9058 -38.56 2.6
      vertex -29.9058 -38.56 2
    endloop
  endfacet
  facet normal 0.910856 0.412724 0
    outer loop
      vertex -29.7392 -38.8979 2.6
      vertex -29.817 -38.7262 2
      vertex -29.817 -38.7262 2.6
    endloop
  endfacet
  facet normal 0.910856 0.412724 0
    outer loop
      vertex -29.817 -38.7262 2
      vertex -29.7392 -38.8979 2.6
      vertex -29.7392 -38.8979 2
    endloop
  endfacet
  facet normal 0.973861 0.227146 0
    outer loop
      vertex -29.5753 -39.4381 2.6
      vertex -29.6181 -39.2546 2
      vertex -29.6181 -39.2546 2.6
    endloop
  endfacet
  facet normal 0.973861 0.227146 0
    outer loop
      vertex -29.6181 -39.2546 2
      vertex -29.5753 -39.4381 2.6
      vertex -29.5753 -39.4381 2
    endloop
  endfacet
  facet normal -0.582192 0.813052 0
    outer loop
      vertex -34 -37.6054 2
      vertex -34.1532 -37.7151 2.6
      vertex -34 -37.6054 2.6
    endloop
  endfacet
  facet normal -0.582192 0.813052 0
    outer loop
      vertex -34.1532 -37.7151 2.6
      vertex -34 -37.6054 2
      vertex -34.1532 -37.7151 2
    endloop
  endfacet
  facet normal -0.412724 0.910856 0
    outer loop
      vertex -33.5021 -37.3392 2
      vertex -33.6738 -37.417 2.6
      vertex -33.5021 -37.3392 2.6
    endloop
  endfacet
  facet normal -0.412724 0.910856 0
    outer loop
      vertex -33.6738 -37.417 2.6
      vertex -33.5021 -37.3392 2
      vertex -33.6738 -37.417 2
    endloop
  endfacet
  facet normal -0.227146 0.973861 0
    outer loop
      vertex -32.9619 -37.1753 2
      vertex -33.1454 -37.2181 2.6
      vertex -32.9619 -37.1753 2.6
    endloop
  endfacet
  facet normal -0.227146 0.973861 0
    outer loop
      vertex -33.1454 -37.2181 2.6
      vertex -32.9619 -37.1753 2
      vertex -33.1454 -37.2181 2
    endloop
  endfacet
  facet normal -0.0328909 0.999459 0
    outer loop
      vertex -32.4 -37.12 2
      vertex -32.5884 -37.1262 2.6
      vertex -32.4 -37.12 2.6
    endloop
  endfacet
  facet normal -0.0328909 0.999459 0
    outer loop
      vertex -32.5884 -37.1262 2.6
      vertex -32.4 -37.12 2
      vertex -32.5884 -37.1262 2
    endloop
  endfacet
  facet normal 0.0328909 0.999459 -0
    outer loop
      vertex -32.2116 -37.1262 2
      vertex -32.4 -37.12 2.6
      vertex -32.2116 -37.1262 2.6
    endloop
  endfacet
  facet normal 0.0328909 0.999459 0
    outer loop
      vertex -32.4 -37.12 2.6
      vertex -32.2116 -37.1262 2
      vertex -32.4 -37.12 2
    endloop
  endfacet
  facet normal -0.813052 0.582192 0
    outer loop
      vertex -34.7946 -38.4 2
      vertex -34.6849 -38.2468 2.6
      vertex -34.6849 -38.2468 2
    endloop
  endfacet
  facet normal -0.813052 0.582192 0
    outer loop
      vertex -34.6849 -38.2468 2.6
      vertex -34.7946 -38.4 2
      vertex -34.7946 -38.4 2.6
    endloop
  endfacet
  facet normal -0.730066 0.683376 0
    outer loop
      vertex -34.5653 -38.1011 2
      vertex -34.4365 -37.9635 2.6
      vertex -34.4365 -37.9635 2
    endloop
  endfacet
  facet normal -0.730066 0.683376 0
    outer loop
      vertex -34.4365 -37.9635 2.6
      vertex -34.5653 -38.1011 2
      vertex -34.5653 -38.1011 2.6
    endloop
  endfacet
  facet normal -0.683376 0.730066 0
    outer loop
      vertex -34.2989 -37.8347 2
      vertex -34.4365 -37.9635 2.6
      vertex -34.2989 -37.8347 2.6
    endloop
  endfacet
  facet normal -0.683376 0.730066 0
    outer loop
      vertex -34.4365 -37.9635 2.6
      vertex -34.2989 -37.8347 2
      vertex -34.4365 -37.9635 2
    endloop
  endfacet
  facet normal -0.986651 0.16285 0
    outer loop
      vertex -35.2554 -39.6241 2
      vertex -35.2247 -39.4381 2.6
      vertex -35.2247 -39.4381 2
    endloop
  endfacet
  facet normal -0.986651 0.16285 0
    outer loop
      vertex -35.2247 -39.4381 2.6
      vertex -35.2554 -39.6241 2
      vertex -35.2554 -39.6241 2.6
    endloop
  endfacet
  facet normal 0.995219 0.0976642 0
    outer loop
      vertex -29.5262 -39.8116 2.6
      vertex -29.5446 -39.6241 2
      vertex -29.5446 -39.6241 2.6
    endloop
  endfacet
  facet normal 0.995219 0.0976642 0
    outer loop
      vertex -29.5446 -39.6241 2
      vertex -29.5262 -39.8116 2.6
      vertex -29.5262 -39.8116 2
    endloop
  endfacet
  facet normal 0.999459 0.0328909 0
    outer loop
      vertex -29.52 -40 2.6
      vertex -29.5262 -39.8116 2
      vertex -29.5262 -39.8116 2.6
    endloop
  endfacet
  facet normal 0.999459 0.0328909 0
    outer loop
      vertex -29.5262 -39.8116 2
      vertex -29.52 -40 2.6
      vertex -29.52 -40 2
    endloop
  endfacet
  facet normal 0.999464 -0.0327224 0
    outer loop
      vertex -1.11623 -59.1066 2.6
      vertex -1.08 -58 2
      vertex -1.08 -58 2.6
    endloop
  endfacet
  facet normal 0.999464 -0.0327224 0
    outer loop
      vertex -1.08 -58 2
      vertex -1.11623 -59.1066 2.6
      vertex -1.11623 -59.1066 2
    endloop
  endfacet
  facet normal 0.995185 -0.0980103 0
    outer loop
      vertex -1.22475 -60.2085 2.6
      vertex -1.11623 -59.1066 2
      vertex -1.11623 -59.1066 2.6
    endloop
  endfacet
  facet normal 0.995185 -0.0980103 0
    outer loop
      vertex -1.11623 -59.1066 2
      vertex -1.22475 -60.2085 2.6
      vertex -1.22475 -60.2085 2
    endloop
  endfacet
  facet normal -0.0326953 -0.999465 0
    outer loop
      vertex -19.1066 -74.8838 2
      vertex -18 -74.92 2.6
      vertex -19.1066 -74.8838 2.6
    endloop
  endfacet
  facet normal -0.0326953 -0.999465 -0
    outer loop
      vertex -18 -74.92 2.6
      vertex -19.1066 -74.8838 2
      vertex -18 -74.92 2
    endloop
  endfacet
  facet normal 0.683599 -0.729858 0
    outer loop
      vertex -6.84387 -70.7211 2
      vertex -6.03575 -69.9642 2.6
      vertex -6.84387 -70.7211 2.6
    endloop
  endfacet
  facet normal 0.683599 -0.729858 0
    outer loop
      vertex -6.03575 -69.9642 2.6
      vertex -6.84387 -70.7211 2
      vertex -6.03575 -69.9642 2
    endloop
  endfacet
  facet normal -0.72985 -0.683608 0
    outer loop
      vertex -29.9642 -69.9642 2
      vertex -30.7211 -69.1561 2.6
      vertex -30.7211 -69.1561 2
    endloop
  endfacet
  facet normal -0.72985 -0.683608 0
    outer loop
      vertex -30.7211 -69.1561 2.6
      vertex -29.9642 -69.9642 2
      vertex -29.9642 -69.9642 2.6
    endloop
  endfacet
  facet normal 0.0980818 0.995178 -0
    outer loop
      vertex -15.7915 -41.2248 2
      vertex -16.8934 -41.1162 2.6
      vertex -15.7915 -41.2248 2.6
    endloop
  endfacet
  facet normal 0.0980818 0.995178 0
    outer loop
      vertex -16.8934 -41.1162 2.6
      vertex -15.7915 -41.2248 2
      vertex -16.8934 -41.1162 2
    endloop
  endfacet
  facet normal 0.910862 -0.41271 0
    outer loop
      vertex -2.82491 -65.4835 2.6
      vertex -2.36796 -64.475 2
      vertex -2.36796 -64.475 2.6
    endloop
  endfacet
  facet normal 0.910862 -0.41271 0
    outer loop
      vertex -2.36796 -64.475 2
      vertex -2.82491 -65.4835 2.6
      vertex -2.82491 -65.4835 2
    endloop
  endfacet
  facet normal -0.227055 -0.973882 0
    outer loop
      vertex -22.3792 -74.3435 2
      vertex -21.3009 -74.5949 2.6
      vertex -22.3792 -74.3435 2.6
    endloop
  endfacet
  facet normal -0.227055 -0.973882 -0
    outer loop
      vertex -21.3009 -74.5949 2.6
      vertex -22.3792 -74.3435 2
      vertex -21.3009 -74.5949 2
    endloop
  endfacet
  facet normal 0.683599 0.729858 -0
    outer loop
      vertex -6.03575 -46.0358 2
      vertex -6.84387 -45.2789 2.6
      vertex -6.03575 -46.0358 2.6
    endloop
  endfacet
  facet normal 0.683599 0.729858 0
    outer loop
      vertex -6.84387 -45.2789 2.6
      vertex -6.03575 -46.0358 2
      vertex -6.84387 -45.2789 2
    endloop
  endfacet
  facet normal 0.986643 0.162899 0
    outer loop
      vertex -1.22475 -55.7915 2.6
      vertex -1.40511 -54.6991 2
      vertex -1.40511 -54.6991 2.6
    endloop
  endfacet
  facet normal 0.986643 0.162899 0
    outer loop
      vertex -1.40511 -54.6991 2
      vertex -1.22475 -55.7915 2.6
      vertex -1.22475 -55.7915 2
    endloop
  endfacet
  facet normal -0.471362 0.88194 0
    outer loop
      vertex -25.4835 -42.8249 2
      vertex -26.46 -43.3468 2.6
      vertex -25.4835 -42.8249 2.6
    endloop
  endfacet
  facet normal -0.471362 0.88194 0
    outer loop
      vertex -26.46 -43.3468 2.6
      vertex -25.4835 -42.8249 2
      vertex -26.46 -43.3468 2
    endloop
  endfacet
  facet normal -0.72985 0.683608 0
    outer loop
      vertex -30.7211 -46.8439 2
      vertex -29.9642 -46.0358 2.6
      vertex -29.9642 -46.0358 2
    endloop
  endfacet
  facet normal -0.72985 0.683608 0
    outer loop
      vertex -29.9642 -46.0358 2.6
      vertex -30.7211 -46.8439 2
      vertex -30.7211 -46.8439 2.6
    endloop
  endfacet
  facet normal -0.773019 0.634383 0
    outer loop
      vertex -31.4235 -47.6998 2
      vertex -30.7211 -46.8439 2.6
      vertex -30.7211 -46.8439 2
    endloop
  endfacet
  facet normal -0.773019 0.634383 0
    outer loop
      vertex -30.7211 -46.8439 2.6
      vertex -31.4235 -47.6998 2
      vertex -31.4235 -47.6998 2.6
    endloop
  endfacet
  facet normal 0.973878 -0.227073 0
    outer loop
      vertex -1.65653 -62.3792 2.6
      vertex -1.40511 -61.3009 2
      vertex -1.40511 -61.3009 2.6
    endloop
  endfacet
  facet normal 0.973878 -0.227073 0
    outer loop
      vertex -1.40511 -61.3009 2
      vertex -1.65653 -62.3792 2.6
      vertex -1.65653 -62.3792 2
    endloop
  endfacet
  facet normal 0.956944 -0.290271 0
    outer loop
      vertex -1.97794 -63.4388 2.6
      vertex -1.65653 -62.3792 2
      vertex -1.65653 -62.3792 2.6
    endloop
  endfacet
  facet normal 0.956944 -0.290271 0
    outer loop
      vertex -1.65653 -62.3792 2
      vertex -1.97794 -63.4388 2.6
      vertex -1.97794 -63.4388 2
    endloop
  endfacet
  facet normal 0.881925 -0.47139 0
    outer loop
      vertex -3.34685 -66.46 2.6
      vertex -2.82491 -65.4835 2
      vertex -2.82491 -65.4835 2.6
    endloop
  endfacet
  facet normal 0.881925 -0.47139 0
    outer loop
      vertex -2.82491 -65.4835 2
      vertex -3.34685 -66.46 2.6
      vertex -3.34685 -66.46 2
    endloop
  endfacet
  facet normal 0.162846 -0.986651 0
    outer loop
      vertex -15.7915 -74.7752 2
      vertex -14.6991 -74.5949 2.6
      vertex -15.7915 -74.7752 2.6
    endloop
  endfacet
  facet normal 0.162846 -0.986651 0
    outer loop
      vertex -14.6991 -74.5949 2.6
      vertex -15.7915 -74.7752 2
      vertex -14.6991 -74.5949 2
    endloop
  endfacet
  facet normal 0.634387 -0.773015 0
    outer loop
      vertex -7.69976 -71.4235 2
      vertex -6.84387 -70.7211 2.6
      vertex -7.69976 -71.4235 2.6
    endloop
  endfacet
  facet normal 0.634387 -0.773015 0
    outer loop
      vertex -6.84387 -70.7211 2.6
      vertex -7.69976 -71.4235 2
      vertex -6.84387 -70.7211 2
    endloop
  endfacet
  facet normal -0.986651 -0.162846 0
    outer loop
      vertex -34.5949 -61.3009 2
      vertex -34.7752 -60.2085 2.6
      vertex -34.7752 -60.2085 2
    endloop
  endfacet
  facet normal -0.986651 -0.162846 0
    outer loop
      vertex -34.7752 -60.2085 2.6
      vertex -34.5949 -61.3009 2
      vertex -34.5949 -61.3009 2.6
    endloop
  endfacet
  facet normal -0.849224 -0.528033 0
    outer loop
      vertex -32.0685 -67.4002 2
      vertex -32.6531 -66.46 2.6
      vertex -32.6531 -66.46 2
    endloop
  endfacet
  facet normal -0.849224 -0.528033 0
    outer loop
      vertex -32.6531 -66.46 2.6
      vertex -32.0685 -67.4002 2
      vertex -32.0685 -67.4002 2.6
    endloop
  endfacet
  facet normal -0.881903 -0.471432 0
    outer loop
      vertex -32.6531 -66.46 2
      vertex -33.1751 -65.4835 2.6
      vertex -33.1751 -65.4835 2
    endloop
  endfacet
  facet normal -0.881903 -0.471432 0
    outer loop
      vertex -33.1751 -65.4835 2.6
      vertex -32.6531 -66.46 2
      vertex -32.6531 -66.46 2.6
    endloop
  endfacet
  facet normal -0.162846 -0.986651 0
    outer loop
      vertex -21.3009 -74.5949 2
      vertex -20.2085 -74.7752 2.6
      vertex -21.3009 -74.5949 2.6
    endloop
  endfacet
  facet normal -0.162846 -0.986651 -0
    outer loop
      vertex -20.2085 -74.7752 2.6
      vertex -21.3009 -74.5949 2
      vertex -20.2085 -74.7752 2
    endloop
  endfacet
  facet normal 0.290263 0.956947 -0
    outer loop
      vertex -12.5612 -41.9779 2
      vertex -13.6208 -41.6565 2.6
      vertex -12.5612 -41.9779 2.6
    endloop
  endfacet
  facet normal 0.290263 0.956947 0
    outer loop
      vertex -13.6208 -41.6565 2.6
      vertex -12.5612 -41.9779 2
      vertex -13.6208 -41.6565 2
    endloop
  endfacet
  facet normal 0.849192 0.528085 0
    outer loop
      vertex -3.34685 -49.54 2.6
      vertex -3.93153 -48.5998 2
      vertex -3.93153 -48.5998 2.6
    endloop
  endfacet
  facet normal 0.849192 0.528085 0
    outer loop
      vertex -3.93153 -48.5998 2
      vertex -3.34685 -49.54 2.6
      vertex -3.34685 -49.54 2
    endloop
  endfacet
  facet normal 0.881925 0.47139 0
    outer loop
      vertex -2.82491 -50.5165 2.6
      vertex -3.34685 -49.54 2
      vertex -3.34685 -49.54 2.6
    endloop
  endfacet
  facet normal 0.881925 0.47139 0
    outer loop
      vertex -3.34685 -49.54 2
      vertex -2.82491 -50.5165 2.6
      vertex -2.82491 -50.5165 2
    endloop
  endfacet
  facet normal -0.290263 0.956947 0
    outer loop
      vertex -22.3792 -41.6565 2
      vertex -23.4388 -41.9779 2.6
      vertex -22.3792 -41.6565 2.6
    endloop
  endfacet
  facet normal -0.290263 0.956947 0
    outer loop
      vertex -23.4388 -41.9779 2.6
      vertex -22.3792 -41.6565 2
      vertex -23.4388 -41.9779 2
    endloop
  endfacet
  facet normal -0.881903 0.471432 0
    outer loop
      vertex -33.1751 -50.5165 2
      vertex -32.6531 -49.54 2.6
      vertex -32.6531 -49.54 2
    endloop
  endfacet
  facet normal -0.881903 0.471432 0
    outer loop
      vertex -32.6531 -49.54 2.6
      vertex -33.1751 -50.5165 2
      vertex -33.1751 -50.5165 2.6
    endloop
  endfacet
  facet normal -0.956947 0.290263 0
    outer loop
      vertex -34.3435 -53.6208 2
      vertex -34.0221 -52.5612 2.6
      vertex -34.0221 -52.5612 2
    endloop
  endfacet
  facet normal -0.956947 0.290263 0
    outer loop
      vertex -34.0221 -52.5612 2.6
      vertex -34.3435 -53.6208 2
      vertex -34.3435 -53.6208 2.6
    endloop
  endfacet
  facet normal 0.986643 -0.162899 0
    outer loop
      vertex -1.40511 -61.3009 2.6
      vertex -1.22475 -60.2085 2
      vertex -1.22475 -60.2085 2.6
    endloop
  endfacet
  facet normal 0.986643 -0.162899 0
    outer loop
      vertex -1.22475 -60.2085 2
      vertex -1.40511 -61.3009 2.6
      vertex -1.40511 -61.3009 2
    endloop
  endfacet
  facet normal 0.773014 -0.634388 0
    outer loop
      vertex -5.27887 -69.1561 2.6
      vertex -4.57646 -68.3002 2
      vertex -4.57646 -68.3002 2.6
    endloop
  endfacet
  facet normal 0.773014 -0.634388 0
    outer loop
      vertex -4.57646 -68.3002 2
      vertex -5.27887 -69.1561 2.6
      vertex -5.27887 -69.1561 2
    endloop
  endfacet
  facet normal 0.812847 -0.582477 0
    outer loop
      vertex -4.57646 -68.3002 2.6
      vertex -3.93153 -67.4002 2
      vertex -3.93153 -67.4002 2.6
    endloop
  endfacet
  facet normal 0.812847 -0.582477 0
    outer loop
      vertex -3.93153 -67.4002 2
      vertex -4.57646 -68.3002 2.6
      vertex -4.57646 -68.3002 2
    endloop
  endfacet
  facet normal 0.0980818 -0.995178 0
    outer loop
      vertex -16.8934 -74.8838 2
      vertex -15.7915 -74.7752 2.6
      vertex -16.8934 -74.8838 2.6
    endloop
  endfacet
  facet normal 0.0980818 -0.995178 0
    outer loop
      vertex -15.7915 -74.7752 2.6
      vertex -16.8934 -74.8838 2
      vertex -15.7915 -74.7752 2
    endloop
  endfacet
  facet normal 0.227055 -0.973882 0
    outer loop
      vertex -14.6991 -74.5949 2
      vertex -13.6208 -74.3435 2.6
      vertex -14.6991 -74.5949 2.6
    endloop
  endfacet
  facet normal 0.227055 -0.973882 0
    outer loop
      vertex -13.6208 -74.3435 2.6
      vertex -14.6991 -74.5949 2
      vertex -13.6208 -74.3435 2
    endloop
  endfacet
  facet normal 0.352331 -0.935876 0
    outer loop
      vertex -12.5612 -74.0221 2
      vertex -11.525 -73.632 2.6
      vertex -12.5612 -74.0221 2.6
    endloop
  endfacet
  facet normal 0.352331 -0.935876 0
    outer loop
      vertex -11.525 -73.632 2.6
      vertex -12.5612 -74.0221 2
      vertex -11.525 -73.632 2
    endloop
  endfacet
  facet normal 0.471362 -0.88194 0
    outer loop
      vertex -10.5165 -73.1751 2
      vertex -9.54 -72.6532 2.6
      vertex -10.5165 -73.1751 2.6
    endloop
  endfacet
  facet normal 0.471362 -0.88194 0
    outer loop
      vertex -9.54 -72.6532 2.6
      vertex -10.5165 -73.1751 2
      vertex -9.54 -72.6532 2
    endloop
  endfacet
  facet normal -0.995178 -0.0980818 0
    outer loop
      vertex -34.7752 -60.2085 2
      vertex -34.8838 -59.1066 2.6
      vertex -34.8838 -59.1066 2
    endloop
  endfacet
  facet normal -0.995178 -0.0980818 0
    outer loop
      vertex -34.8838 -59.1066 2.6
      vertex -34.7752 -60.2085 2
      vertex -34.7752 -60.2085 2.6
    endloop
  endfacet
  facet normal 0 0 1
    outer loop
      vertex -1.11623 -56.8934 2.6
      vertex -1.11623 -59.1066 2.6
      vertex -1.08 -58 2.6
    endloop
  endfacet
  facet normal 0 0 1
    outer loop
      vertex -1.22475 -55.7915 2.6
      vertex -1.11623 -59.1066 2.6
      vertex -1.11623 -56.8934 2.6
    endloop
  endfacet
  facet normal 0 0 1
    outer loop
      vertex -1.22475 -55.7915 2.6
      vertex -1.22475 -60.2085 2.6
      vertex -1.11623 -59.1066 2.6
    endloop
  endfacet
  facet normal 0 0 1
    outer loop
      vertex -1.40511 -54.6991 2.6
      vertex -1.22475 -60.2085 2.6
      vertex -1.22475 -55.7915 2.6
    endloop
  endfacet
  facet normal 0 0 1
    outer loop
      vertex -1.40511 -54.6991 2.6
      vertex -1.40511 -61.3009 2.6
      vertex -1.22475 -60.2085 2.6
    endloop
  endfacet
  facet normal 0 0 1
    outer loop
      vertex -1.65653 -53.6208 2.6
      vertex -1.40511 -61.3009 2.6
      vertex -1.40511 -54.6991 2.6
    endloop
  endfacet
  facet normal 0 0 1
    outer loop
      vertex -1.65653 -53.6208 2.6
      vertex -1.65653 -62.3792 2.6
      vertex -1.40511 -61.3009 2.6
    endloop
  endfacet
  facet normal 0 0 1
    outer loop
      vertex -1.97794 -52.5612 2.6
      vertex -1.65653 -62.3792 2.6
      vertex -1.65653 -53.6208 2.6
    endloop
  endfacet
  facet normal 0 0 1
    outer loop
      vertex -1.97794 -52.5612 2.6
      vertex -1.97794 -63.4388 2.6
      vertex -1.65653 -62.3792 2.6
    endloop
  endfacet
  facet normal 0 0 1
    outer loop
      vertex -2.36796 -51.525 2.6
      vertex -1.97794 -63.4388 2.6
      vertex -1.97794 -52.5612 2.6
    endloop
  endfacet
  facet normal 0 0 1
    outer loop
      vertex -2.36796 -51.525 2.6
      vertex -2.36796 -64.475 2.6
      vertex -1.97794 -63.4388 2.6
    endloop
  endfacet
  facet normal 0 0 1
    outer loop
      vertex -2.82491 -50.5165 2.6
      vertex -2.36796 -64.475 2.6
      vertex -2.36796 -51.525 2.6
    endloop
  endfacet
  facet normal 0 0 1
    outer loop
      vertex -2.82491 -50.5165 2.6
      vertex -2.82491 -65.4835 2.6
      vertex -2.36796 -64.475 2.6
    endloop
  endfacet
  facet normal 0 0 1
    outer loop
      vertex -3.34685 -49.54 2.6
      vertex -2.82491 -65.4835 2.6
      vertex -2.82491 -50.5165 2.6
    endloop
  endfacet
  facet normal 0 0 1
    outer loop
      vertex -3.34685 -49.54 2.6
      vertex -3.34685 -66.46 2.6
      vertex -2.82491 -65.4835 2.6
    endloop
  endfacet
  facet normal 0 0 1
    outer loop
      vertex -3.93153 -48.5998 2.6
      vertex -3.34685 -66.46 2.6
      vertex -3.34685 -49.54 2.6
    endloop
  endfacet
  facet normal 0 0 1
    outer loop
      vertex -3.93153 -48.5998 2.6
      vertex -3.93153 -67.4002 2.6
      vertex -3.34685 -66.46 2.6
    endloop
  endfacet
  facet normal 0 0 1
    outer loop
      vertex -4.57646 -47.6998 2.6
      vertex -3.93153 -67.4002 2.6
      vertex -3.93153 -48.5998 2.6
    endloop
  endfacet
  facet normal 0 0 1
    outer loop
      vertex -4.57646 -47.6998 2.6
      vertex -4.57646 -68.3002 2.6
      vertex -3.93153 -67.4002 2.6
    endloop
  endfacet
  facet normal 0 0 1
    outer loop
      vertex -5.27887 -46.8439 2.6
      vertex -4.57646 -68.3002 2.6
      vertex -4.57646 -47.6998 2.6
    endloop
  endfacet
  facet normal 0 0 1
    outer loop
      vertex -5.27887 -46.8439 2.6
      vertex -5.27887 -69.1561 2.6
      vertex -4.57646 -68.3002 2.6
    endloop
  endfacet
  facet normal 0 0 1
    outer loop
      vertex -6.03575 -46.0358 2.6
      vertex -5.27887 -69.1561 2.6
      vertex -5.27887 -46.8439 2.6
    endloop
  endfacet
  facet normal 0 0 1
    outer loop
      vertex -6.03575 -46.0358 2.6
      vertex -6.03575 -69.9642 2.6
      vertex -5.27887 -69.1561 2.6
    endloop
  endfacet
  facet normal 0 0 1
    outer loop
      vertex -6.84387 -45.2789 2.6
      vertex -6.03575 -69.9642 2.6
      vertex -6.03575 -46.0358 2.6
    endloop
  endfacet
  facet normal 0 0 1
    outer loop
      vertex -6.84387 -45.2789 2.6
      vertex -6.84387 -70.7211 2.6
      vertex -6.03575 -69.9642 2.6
    endloop
  endfacet
  facet normal 0 0 1
    outer loop
      vertex -7.69976 -44.5765 2.6
      vertex -6.84387 -70.7211 2.6
      vertex -6.84387 -45.2789 2.6
    endloop
  endfacet
  facet normal 0 0 1
    outer loop
      vertex -7.69976 -44.5765 2.6
      vertex -7.69976 -71.4235 2.6
      vertex -6.84387 -70.7211 2.6
    endloop
  endfacet
  facet normal 0 0 1
    outer loop
      vertex -8.59975 -43.9315 2.6
      vertex -7.69976 -71.4235 2.6
      vertex -7.69976 -44.5765 2.6
    endloop
  endfacet
  facet normal 0 0 1
    outer loop
      vertex -8.59975 -43.9315 2.6
      vertex -8.59975 -72.0685 2.6
      vertex -7.69976 -71.4235 2.6
    endloop
  endfacet
  facet normal 0 0 1
    outer loop
      vertex -9.54 -43.3468 2.6
      vertex -8.59975 -72.0685 2.6
      vertex -8.59975 -43.9315 2.6
    endloop
  endfacet
  facet normal 0 0 1
    outer loop
      vertex -9.54 -43.3468 2.6
      vertex -9.54 -72.6532 2.6
      vertex -8.59975 -72.0685 2.6
    endloop
  endfacet
  facet normal 0 0 1
    outer loop
      vertex -10.5165 -42.8249 2.6
      vertex -9.54 -72.6532 2.6
      vertex -9.54 -43.3468 2.6
    endloop
  endfacet
  facet normal 0 0 1
    outer loop
      vertex -10.5165 -42.8249 2.6
      vertex -10.5165 -73.1751 2.6
      vertex -9.54 -72.6532 2.6
    endloop
  endfacet
  facet normal 0 0 1
    outer loop
      vertex -11.525 -42.368 2.6
      vertex -10.5165 -73.1751 2.6
      vertex -10.5165 -42.8249 2.6
    endloop
  endfacet
  facet normal 0 0 1
    outer loop
      vertex -11.525 -42.368 2.6
      vertex -11.525 -73.632 2.6
      vertex -10.5165 -73.1751 2.6
    endloop
  endfacet
  facet normal 0 0 1
    outer loop
      vertex -12.5612 -41.9779 2.6
      vertex -11.525 -73.632 2.6
      vertex -11.525 -42.368 2.6
    endloop
  endfacet
  facet normal 0 0 1
    outer loop
      vertex -12.5612 -41.9779 2.6
      vertex -12.5612 -74.0221 2.6
      vertex -11.525 -73.632 2.6
    endloop
  endfacet
  facet normal 0 0 1
    outer loop
      vertex -13.6208 -41.6565 2.6
      vertex -12.5612 -74.0221 2.6
      vertex -12.5612 -41.9779 2.6
    endloop
  endfacet
  facet normal 0 0 1
    outer loop
      vertex -13.6208 -41.6565 2.6
      vertex -13.6208 -74.3435 2.6
      vertex -12.5612 -74.0221 2.6
    endloop
  endfacet
  facet normal 0 0 1
    outer loop
      vertex -14.6991 -41.4051 2.6
      vertex -13.6208 -74.3435 2.6
      vertex -13.6208 -41.6565 2.6
    endloop
  endfacet
  facet normal 0 0 1
    outer loop
      vertex -14.6991 -41.4051 2.6
      vertex -14.6991 -74.5949 2.6
      vertex -13.6208 -74.3435 2.6
    endloop
  endfacet
  facet normal 0 0 1
    outer loop
      vertex -15.7915 -41.2248 2.6
      vertex -14.6991 -74.5949 2.6
      vertex -14.6991 -41.4051 2.6
    endloop
  endfacet
  facet normal 0 0 1
    outer loop
      vertex -15.7915 -41.2248 2.6
      vertex -15.7915 -74.7752 2.6
      vertex -14.6991 -74.5949 2.6
    endloop
  endfacet
  facet normal 0 0 1
    outer loop
      vertex -16.8934 -41.1162 2.6
      vertex -15.7915 -74.7752 2.6
      vertex -15.7915 -41.2248 2.6
    endloop
  endfacet
  facet normal 0 0 1
    outer loop
      vertex -16.8934 -41.1162 2.6
      vertex -16.8934 -74.8838 2.6
      vertex -15.7915 -74.7752 2.6
    endloop
  endfacet
  facet normal 0 0 1
    outer loop
      vertex -18 -41.08 2.6
      vertex -16.8934 -74.8838 2.6
      vertex -16.8934 -41.1162 2.6
    endloop
  endfacet
  facet normal 0 0 1
    outer loop
      vertex -18 -41.08 2.6
      vertex -18 -74.92 2.6
      vertex -16.8934 -74.8838 2.6
    endloop
  endfacet
  facet normal -0 0 1
    outer loop
      vertex -19.1066 -41.1162 2.6
      vertex -18 -74.92 2.6
      vertex -18 -41.08 2.6
    endloop
  endfacet
  facet normal 0 0 1
    outer loop
      vertex -19.1066 -41.1162 2.6
      vertex -19.1066 -74.8838 2.6
      vertex -18 -74.92 2.6
    endloop
  endfacet
  facet normal -0 0 1
    outer loop
      vertex -20.2085 -41.2248 2.6
      vertex -19.1066 -74.8838 2.6
      vertex -19.1066 -41.1162 2.6
    endloop
  endfacet
  facet normal 0 0 1
    outer loop
      vertex -20.2085 -41.2248 2.6
      vertex -20.2085 -74.7752 2.6
      vertex -19.1066 -74.8838 2.6
    endloop
  endfacet
  facet normal -0 0 1
    outer loop
      vertex -21.3009 -41.4051 2.6
      vertex -20.2085 -74.7752 2.6
      vertex -20.2085 -41.2248 2.6
    endloop
  endfacet
  facet normal 0 0 1
    outer loop
      vertex -21.3009 -41.4051 2.6
      vertex -21.3009 -74.5949 2.6
      vertex -20.2085 -74.7752 2.6
    endloop
  endfacet
  facet normal -0 0 1
    outer loop
      vertex -22.3792 -41.6565 2.6
      vertex -21.3009 -74.5949 2.6
      vertex -21.3009 -41.4051 2.6
    endloop
  endfacet
  facet normal 0 0 1
    outer loop
      vertex -22.3792 -41.6565 2.6
      vertex -22.3792 -74.3435 2.6
      vertex -21.3009 -74.5949 2.6
    endloop
  endfacet
  facet normal -0 0 1
    outer loop
      vertex -23.4388 -41.9779 2.6
      vertex -22.3792 -74.3435 2.6
      vertex -22.3792 -41.6565 2.6
    endloop
  endfacet
  facet normal 0 0 1
    outer loop
      vertex -23.4388 -41.9779 2.6
      vertex -23.4388 -74.0221 2.6
      vertex -22.3792 -74.3435 2.6
    endloop
  endfacet
  facet normal -0 0 1
    outer loop
      vertex -24.475 -42.368 2.6
      vertex -23.4388 -74.0221 2.6
      vertex -23.4388 -41.9779 2.6
    endloop
  endfacet
  facet normal 0 0 1
    outer loop
      vertex -24.475 -42.368 2.6
      vertex -24.475 -73.632 2.6
      vertex -23.4388 -74.0221 2.6
    endloop
  endfacet
  facet normal -0 0 1
    outer loop
      vertex -25.4835 -42.8249 2.6
      vertex -24.475 -73.632 2.6
      vertex -24.475 -42.368 2.6
    endloop
  endfacet
  facet normal 0 0 1
    outer loop
      vertex -25.4835 -42.8249 2.6
      vertex -25.4835 -73.1751 2.6
      vertex -24.475 -73.632 2.6
    endloop
  endfacet
  facet normal -0 0 1
    outer loop
      vertex -26.46 -43.3468 2.6
      vertex -25.4835 -73.1751 2.6
      vertex -25.4835 -42.8249 2.6
    endloop
  endfacet
  facet normal 0 0 1
    outer loop
      vertex -26.46 -43.3468 2.6
      vertex -26.46 -72.6532 2.6
      vertex -25.4835 -73.1751 2.6
    endloop
  endfacet
  facet normal -0 0 1
    outer loop
      vertex -27.4002 -43.9315 2.6
      vertex -26.46 -72.6532 2.6
      vertex -26.46 -43.3468 2.6
    endloop
  endfacet
  facet normal 0 0 1
    outer loop
      vertex -27.4002 -43.9315 2.6
      vertex -27.4002 -72.0685 2.6
      vertex -26.46 -72.6532 2.6
    endloop
  endfacet
  facet normal -0 0 1
    outer loop
      vertex -28.3002 -44.5765 2.6
      vertex -27.4002 -72.0685 2.6
      vertex -27.4002 -43.9315 2.6
    endloop
  endfacet
  facet normal 0 0 1
    outer loop
      vertex -28.3002 -44.5765 2.6
      vertex -28.3002 -71.4235 2.6
      vertex -27.4002 -72.0685 2.6
    endloop
  endfacet
  facet normal -0 0 1
    outer loop
      vertex -29.1561 -45.2789 2.6
      vertex -28.3002 -71.4235 2.6
      vertex -28.3002 -44.5765 2.6
    endloop
  endfacet
  facet normal 0 0 1
    outer loop
      vertex -29.1561 -45.2789 2.6
      vertex -29.1561 -70.7211 2.6
      vertex -28.3002 -71.4235 2.6
    endloop
  endfacet
  facet normal -0 0 1
    outer loop
      vertex -29.9642 -46.0358 2.6
      vertex -29.1561 -70.7211 2.6
      vertex -29.1561 -45.2789 2.6
    endloop
  endfacet
  facet normal 0 0 1
    outer loop
      vertex -29.9642 -46.0358 2.6
      vertex -29.9642 -69.9642 2.6
      vertex -29.1561 -70.7211 2.6
    endloop
  endfacet
  facet normal -0 0 1
    outer loop
      vertex -30.7211 -46.8439 2.6
      vertex -29.9642 -69.9642 2.6
      vertex -29.9642 -46.0358 2.6
    endloop
  endfacet
  facet normal 0 0 1
    outer loop
      vertex -30.7211 -46.8439 2.6
      vertex -30.7211 -69.1561 2.6
      vertex -29.9642 -69.9642 2.6
    endloop
  endfacet
  facet normal -0 0 1
    outer loop
      vertex -31.4235 -47.6998 2.6
      vertex -30.7211 -69.1561 2.6
      vertex -30.7211 -46.8439 2.6
    endloop
  endfacet
  facet normal 0 0 1
    outer loop
      vertex -31.4235 -47.6998 2.6
      vertex -31.4235 -68.3002 2.6
      vertex -30.7211 -69.1561 2.6
    endloop
  endfacet
  facet normal -0 0 1
    outer loop
      vertex -32.0685 -48.5998 2.6
      vertex -31.4235 -68.3002 2.6
      vertex -31.4235 -47.6998 2.6
    endloop
  endfacet
  facet normal 0 0 1
    outer loop
      vertex -32.0685 -48.5998 2.6
      vertex -32.0685 -67.4002 2.6
      vertex -31.4235 -68.3002 2.6
    endloop
  endfacet
  facet normal -0 0 1
    outer loop
      vertex -32.6531 -49.54 2.6
      vertex -32.0685 -67.4002 2.6
      vertex -32.0685 -48.5998 2.6
    endloop
  endfacet
  facet normal 0 0 1
    outer loop
      vertex -32.6531 -49.54 2.6
      vertex -32.6531 -66.46 2.6
      vertex -32.0685 -67.4002 2.6
    endloop
  endfacet
  facet normal -0 0 1
    outer loop
      vertex -33.1751 -50.5165 2.6
      vertex -32.6531 -66.46 2.6
      vertex -32.6531 -49.54 2.6
    endloop
  endfacet
  facet normal 0 0 1
    outer loop
      vertex -33.1751 -50.5165 2.6
      vertex -33.1751 -65.4835 2.6
      vertex -32.6531 -66.46 2.6
    endloop
  endfacet
  facet normal -0 0 1
    outer loop
      vertex -33.632 -51.525 2.6
      vertex -33.1751 -65.4835 2.6
      vertex -33.1751 -50.5165 2.6
    endloop
  endfacet
  facet normal 0 0 1
    outer loop
      vertex -33.632 -51.525 2.6
      vertex -33.632 -64.475 2.6
      vertex -33.1751 -65.4835 2.6
    endloop
  endfacet
  facet normal -0 0 1
    outer loop
      vertex -34.0221 -52.5612 2.6
      vertex -33.632 -64.475 2.6
      vertex -33.632 -51.525 2.6
    endloop
  endfacet
  facet normal 0 0 1
    outer loop
      vertex -34.0221 -52.5612 2.6
      vertex -34.0221 -63.4388 2.6
      vertex -33.632 -64.475 2.6
    endloop
  endfacet
  facet normal -0 0 1
    outer loop
      vertex -34.3435 -53.6208 2.6
      vertex -34.0221 -63.4388 2.6
      vertex -34.0221 -52.5612 2.6
    endloop
  endfacet
  facet normal 0 0 1
    outer loop
      vertex -34.3435 -53.6208 2.6
      vertex -34.3435 -62.3792 2.6
      vertex -34.0221 -63.4388 2.6
    endloop
  endfacet
  facet normal -0 0 1
    outer loop
      vertex -34.5949 -54.6991 2.6
      vertex -34.3435 -62.3792 2.6
      vertex -34.3435 -53.6208 2.6
    endloop
  endfacet
  facet normal 0 0 1
    outer loop
      vertex -34.5949 -54.6991 2.6
      vertex -34.5949 -61.3009 2.6
      vertex -34.3435 -62.3792 2.6
    endloop
  endfacet
  facet normal -0 0 1
    outer loop
      vertex -34.7752 -55.7915 2.6
      vertex -34.5949 -61.3009 2.6
      vertex -34.5949 -54.6991 2.6
    endloop
  endfacet
  facet normal 0 0 1
    outer loop
      vertex -34.7752 -55.7915 2.6
      vertex -34.7752 -60.2085 2.6
      vertex -34.5949 -61.3009 2.6
    endloop
  endfacet
  facet normal -0 0 1
    outer loop
      vertex -34.8838 -56.8934 2.6
      vertex -34.7752 -60.2085 2.6
      vertex -34.7752 -55.7915 2.6
    endloop
  endfacet
  facet normal 0 0 1
    outer loop
      vertex -34.8838 -56.8934 2.6
      vertex -34.8838 -59.1066 2.6
      vertex -34.7752 -60.2085 2.6
    endloop
  endfacet
  facet normal 0 -0 1
    outer loop
      vertex -34.8838 -59.1066 2.6
      vertex -34.8838 -56.8934 2.6
      vertex -34.92 -58 2.6
    endloop
  endfacet
  facet normal -0.935876 -0.352331 0
    outer loop
      vertex -33.632 -64.475 2
      vertex -34.0221 -63.4388 2.6
      vertex -34.0221 -63.4388 2
    endloop
  endfacet
  facet normal -0.935876 -0.352331 0
    outer loop
      vertex -34.0221 -63.4388 2.6
      vertex -33.632 -64.475 2
      vertex -33.632 -64.475 2.6
    endloop
  endfacet
  facet normal -0.973882 -0.227055 0
    outer loop
      vertex -34.3435 -62.3792 2
      vertex -34.5949 -61.3009 2.6
      vertex -34.5949 -61.3009 2
    endloop
  endfacet
  facet normal -0.973882 -0.227055 0
    outer loop
      vertex -34.5949 -61.3009 2.6
      vertex -34.3435 -62.3792 2
      vertex -34.3435 -62.3792 2.6
    endloop
  endfacet
  facet normal 0 0 -1
    outer loop
      vertex -1.11623 -59.1066 2
      vertex -1.11623 -56.8934 2
      vertex -1.08 -58 2
    endloop
  endfacet
  facet normal 0 0 -1
    outer loop
      vertex -1.22475 -60.2085 2
      vertex -1.11623 -56.8934 2
      vertex -1.11623 -59.1066 2
    endloop
  endfacet
  facet normal 0 0 -1
    outer loop
      vertex -1.22475 -60.2085 2
      vertex -1.22475 -55.7915 2
      vertex -1.11623 -56.8934 2
    endloop
  endfacet
  facet normal 0 0 -1
    outer loop
      vertex -1.40511 -61.3009 2
      vertex -1.22475 -55.7915 2
      vertex -1.22475 -60.2085 2
    endloop
  endfacet
  facet normal 0 0 -1
    outer loop
      vertex -1.40511 -61.3009 2
      vertex -1.40511 -54.6991 2
      vertex -1.22475 -55.7915 2
    endloop
  endfacet
  facet normal 0 0 -1
    outer loop
      vertex -1.65653 -62.3792 2
      vertex -1.40511 -54.6991 2
      vertex -1.40511 -61.3009 2
    endloop
  endfacet
  facet normal 0 0 -1
    outer loop
      vertex -1.65653 -62.3792 2
      vertex -1.65653 -53.6208 2
      vertex -1.40511 -54.6991 2
    endloop
  endfacet
  facet normal 0 0 -1
    outer loop
      vertex -1.97794 -63.4388 2
      vertex -1.65653 -53.6208 2
      vertex -1.65653 -62.3792 2
    endloop
  endfacet
  facet normal 0 0 -1
    outer loop
      vertex -1.97794 -63.4388 2
      vertex -1.97794 -52.5612 2
      vertex -1.65653 -53.6208 2
    endloop
  endfacet
  facet normal 0 0 -1
    outer loop
      vertex -2.36796 -64.475 2
      vertex -1.97794 -52.5612 2
      vertex -1.97794 -63.4388 2
    endloop
  endfacet
  facet normal 0 0 -1
    outer loop
      vertex -2.36796 -64.475 2
      vertex -2.36796 -51.525 2
      vertex -1.97794 -52.5612 2
    endloop
  endfacet
  facet normal 0 0 -1
    outer loop
      vertex -2.82491 -65.4835 2
      vertex -2.36796 -51.525 2
      vertex -2.36796 -64.475 2
    endloop
  endfacet
  facet normal 0 0 -1
    outer loop
      vertex -2.82491 -65.4835 2
      vertex -2.82491 -50.5165 2
      vertex -2.36796 -51.525 2
    endloop
  endfacet
  facet normal 0 0 -1
    outer loop
      vertex -3.34685 -66.46 2
      vertex -2.82491 -50.5165 2
      vertex -2.82491 -65.4835 2
    endloop
  endfacet
  facet normal 0 0 -1
    outer loop
      vertex -3.34685 -66.46 2
      vertex -3.34685 -49.54 2
      vertex -2.82491 -50.5165 2
    endloop
  endfacet
  facet normal 0 0 -1
    outer loop
      vertex -3.93153 -67.4002 2
      vertex -3.34685 -49.54 2
      vertex -3.34685 -66.46 2
    endloop
  endfacet
  facet normal 0 0 -1
    outer loop
      vertex -3.93153 -67.4002 2
      vertex -3.93153 -48.5998 2
      vertex -3.34685 -49.54 2
    endloop
  endfacet
  facet normal 0 0 -1
    outer loop
      vertex -4.57646 -68.3002 2
      vertex -3.93153 -48.5998 2
      vertex -3.93153 -67.4002 2
    endloop
  endfacet
  facet normal 0 0 -1
    outer loop
      vertex -4.57646 -68.3002 2
      vertex -4.57646 -47.6998 2
      vertex -3.93153 -48.5998 2
    endloop
  endfacet
  facet normal 0 0 -1
    outer loop
      vertex -5.27887 -69.1561 2
      vertex -4.57646 -47.6998 2
      vertex -4.57646 -68.3002 2
    endloop
  endfacet
  facet normal 0 0 -1
    outer loop
      vertex -5.27887 -69.1561 2
      vertex -5.27887 -46.8439 2
      vertex -4.57646 -47.6998 2
    endloop
  endfacet
  facet normal 0 0 -1
    outer loop
      vertex -6.03575 -69.9642 2
      vertex -5.27887 -46.8439 2
      vertex -5.27887 -69.1561 2
    endloop
  endfacet
  facet normal 0 0 -1
    outer loop
      vertex -6.03575 -69.9642 2
      vertex -6.03575 -46.0358 2
      vertex -5.27887 -46.8439 2
    endloop
  endfacet
  facet normal 0 0 -1
    outer loop
      vertex -6.84387 -70.7211 2
      vertex -6.03575 -46.0358 2
      vertex -6.03575 -69.9642 2
    endloop
  endfacet
  facet normal 0 0 -1
    outer loop
      vertex -6.84387 -70.7211 2
      vertex -6.84387 -45.2789 2
      vertex -6.03575 -46.0358 2
    endloop
  endfacet
  facet normal 0 0 -1
    outer loop
      vertex -7.69976 -71.4235 2
      vertex -6.84387 -45.2789 2
      vertex -6.84387 -70.7211 2
    endloop
  endfacet
  facet normal 0 0 -1
    outer loop
      vertex -7.69976 -71.4235 2
      vertex -7.69976 -44.5765 2
      vertex -6.84387 -45.2789 2
    endloop
  endfacet
  facet normal 0 0 -1
    outer loop
      vertex -8.59975 -72.0685 2
      vertex -7.69976 -44.5765 2
      vertex -7.69976 -71.4235 2
    endloop
  endfacet
  facet normal 0 0 -1
    outer loop
      vertex -8.59975 -72.0685 2
      vertex -8.59975 -43.9315 2
      vertex -7.69976 -44.5765 2
    endloop
  endfacet
  facet normal 0 0 -1
    outer loop
      vertex -9.54 -72.6532 2
      vertex -8.59975 -43.9315 2
      vertex -8.59975 -72.0685 2
    endloop
  endfacet
  facet normal 0 0 -1
    outer loop
      vertex -9.54 -72.6532 2
      vertex -9.54 -43.3468 2
      vertex -8.59975 -43.9315 2
    endloop
  endfacet
  facet normal 0 0 -1
    outer loop
      vertex -10.5165 -73.1751 2
      vertex -9.54 -43.3468 2
      vertex -9.54 -72.6532 2
    endloop
  endfacet
  facet normal 0 0 -1
    outer loop
      vertex -10.5165 -73.1751 2
      vertex -10.5165 -42.8249 2
      vertex -9.54 -43.3468 2
    endloop
  endfacet
  facet normal 0 0 -1
    outer loop
      vertex -11.525 -73.632 2
      vertex -10.5165 -42.8249 2
      vertex -10.5165 -73.1751 2
    endloop
  endfacet
  facet normal 0 0 -1
    outer loop
      vertex -11.525 -73.632 2
      vertex -11.525 -42.368 2
      vertex -10.5165 -42.8249 2
    endloop
  endfacet
  facet normal 0 0 -1
    outer loop
      vertex -12.5612 -74.0221 2
      vertex -11.525 -42.368 2
      vertex -11.525 -73.632 2
    endloop
  endfacet
  facet normal 0 0 -1
    outer loop
      vertex -12.5612 -74.0221 2
      vertex -12.5612 -41.9779 2
      vertex -11.525 -42.368 2
    endloop
  endfacet
  facet normal 0 0 -1
    outer loop
      vertex -13.6208 -74.3435 2
      vertex -12.5612 -41.9779 2
      vertex -12.5612 -74.0221 2
    endloop
  endfacet
  facet normal 0 0 -1
    outer loop
      vertex -13.6208 -74.3435 2
      vertex -13.6208 -41.6565 2
      vertex -12.5612 -41.9779 2
    endloop
  endfacet
  facet normal 0 0 -1
    outer loop
      vertex -14.6991 -74.5949 2
      vertex -13.6208 -41.6565 2
      vertex -13.6208 -74.3435 2
    endloop
  endfacet
  facet normal 0 0 -1
    outer loop
      vertex -14.6991 -74.5949 2
      vertex -14.6991 -41.4051 2
      vertex -13.6208 -41.6565 2
    endloop
  endfacet
  facet normal 0 0 -1
    outer loop
      vertex -15.7915 -74.7752 2
      vertex -14.6991 -41.4051 2
      vertex -14.6991 -74.5949 2
    endloop
  endfacet
  facet normal 0 0 -1
    outer loop
      vertex -15.7915 -74.7752 2
      vertex -15.7915 -41.2248 2
      vertex -14.6991 -41.4051 2
    endloop
  endfacet
  facet normal 0 0 -1
    outer loop
      vertex -16.8934 -74.8838 2
      vertex -15.7915 -41.2248 2
      vertex -15.7915 -74.7752 2
    endloop
  endfacet
  facet normal 0 0 -1
    outer loop
      vertex -16.8934 -74.8838 2
      vertex -16.8934 -41.1162 2
      vertex -15.7915 -41.2248 2
    endloop
  endfacet
  facet normal 0 0 -1
    outer loop
      vertex -18 -74.92 2
      vertex -16.8934 -41.1162 2
      vertex -16.8934 -74.8838 2
    endloop
  endfacet
  facet normal 0 0 -1
    outer loop
      vertex -18 -74.92 2
      vertex -18 -41.08 2
      vertex -16.8934 -41.1162 2
    endloop
  endfacet
  facet normal 0 0 -1
    outer loop
      vertex -19.1066 -74.8838 2
      vertex -18 -41.08 2
      vertex -18 -74.92 2
    endloop
  endfacet
  facet normal 0 0 -1
    outer loop
      vertex -19.1066 -74.8838 2
      vertex -19.1066 -41.1162 2
      vertex -18 -41.08 2
    endloop
  endfacet
  facet normal 0 0 -1
    outer loop
      vertex -20.2085 -74.7752 2
      vertex -19.1066 -41.1162 2
      vertex -19.1066 -74.8838 2
    endloop
  endfacet
  facet normal 0 0 -1
    outer loop
      vertex -20.2085 -74.7752 2
      vertex -20.2085 -41.2248 2
      vertex -19.1066 -41.1162 2
    endloop
  endfacet
  facet normal 0 0 -1
    outer loop
      vertex -21.3009 -74.5949 2
      vertex -20.2085 -41.2248 2
      vertex -20.2085 -74.7752 2
    endloop
  endfacet
  facet normal 0 0 -1
    outer loop
      vertex -21.3009 -74.5949 2
      vertex -21.3009 -41.4051 2
      vertex -20.2085 -41.2248 2
    endloop
  endfacet
  facet normal 0 0 -1
    outer loop
      vertex -22.3792 -74.3435 2
      vertex -21.3009 -41.4051 2
      vertex -21.3009 -74.5949 2
    endloop
  endfacet
  facet normal 0 0 -1
    outer loop
      vertex -22.3792 -74.3435 2
      vertex -22.3792 -41.6565 2
      vertex -21.3009 -41.4051 2
    endloop
  endfacet
  facet normal 0 0 -1
    outer loop
      vertex -23.4388 -74.0221 2
      vertex -22.3792 -41.6565 2
      vertex -22.3792 -74.3435 2
    endloop
  endfacet
  facet normal 0 0 -1
    outer loop
      vertex -23.4388 -74.0221 2
      vertex -23.4388 -41.9779 2
      vertex -22.3792 -41.6565 2
    endloop
  endfacet
  facet normal 0 0 -1
    outer loop
      vertex -24.475 -73.632 2
      vertex -23.4388 -41.9779 2
      vertex -23.4388 -74.0221 2
    endloop
  endfacet
  facet normal 0 0 -1
    outer loop
      vertex -24.475 -73.632 2
      vertex -24.475 -42.368 2
      vertex -23.4388 -41.9779 2
    endloop
  endfacet
  facet normal 0 0 -1
    outer loop
      vertex -25.4835 -73.1751 2
      vertex -24.475 -42.368 2
      vertex -24.475 -73.632 2
    endloop
  endfacet
  facet normal 0 0 -1
    outer loop
      vertex -25.4835 -73.1751 2
      vertex -25.4835 -42.8249 2
      vertex -24.475 -42.368 2
    endloop
  endfacet
  facet normal 0 0 -1
    outer loop
      vertex -26.46 -72.6532 2
      vertex -25.4835 -42.8249 2
      vertex -25.4835 -73.1751 2
    endloop
  endfacet
  facet normal 0 0 -1
    outer loop
      vertex -26.46 -72.6532 2
      vertex -26.46 -43.3468 2
      vertex -25.4835 -42.8249 2
    endloop
  endfacet
  facet normal 0 0 -1
    outer loop
      vertex -27.4002 -72.0685 2
      vertex -26.46 -43.3468 2
      vertex -26.46 -72.6532 2
    endloop
  endfacet
  facet normal 0 0 -1
    outer loop
      vertex -27.4002 -72.0685 2
      vertex -27.4002 -43.9315 2
      vertex -26.46 -43.3468 2
    endloop
  endfacet
  facet normal 0 0 -1
    outer loop
      vertex -28.3002 -71.4235 2
      vertex -27.4002 -43.9315 2
      vertex -27.4002 -72.0685 2
    endloop
  endfacet
  facet normal 0 0 -1
    outer loop
      vertex -28.3002 -71.4235 2
      vertex -28.3002 -44.5765 2
      vertex -27.4002 -43.9315 2
    endloop
  endfacet
  facet normal 0 0 -1
    outer loop
      vertex -29.1561 -70.7211 2
      vertex -28.3002 -44.5765 2
      vertex -28.3002 -71.4235 2
    endloop
  endfacet
  facet normal 0 0 -1
    outer loop
      vertex -29.1561 -70.7211 2
      vertex -29.1561 -45.2789 2
      vertex -28.3002 -44.5765 2
    endloop
  endfacet
  facet normal 0 0 -1
    outer loop
      vertex -29.9642 -69.9642 2
      vertex -29.1561 -45.2789 2
      vertex -29.1561 -70.7211 2
    endloop
  endfacet
  facet normal 0 0 -1
    outer loop
      vertex -29.9642 -69.9642 2
      vertex -29.9642 -46.0358 2
      vertex -29.1561 -45.2789 2
    endloop
  endfacet
  facet normal 0 0 -1
    outer loop
      vertex -30.7211 -69.1561 2
      vertex -29.9642 -46.0358 2
      vertex -29.9642 -69.9642 2
    endloop
  endfacet
  facet normal 0 0 -1
    outer loop
      vertex -30.7211 -69.1561 2
      vertex -30.7211 -46.8439 2
      vertex -29.9642 -46.0358 2
    endloop
  endfacet
  facet normal 0 0 -1
    outer loop
      vertex -31.4235 -68.3002 2
      vertex -30.7211 -46.8439 2
      vertex -30.7211 -69.1561 2
    endloop
  endfacet
  facet normal 0 0 -1
    outer loop
      vertex -31.4235 -68.3002 2
      vertex -31.4235 -47.6998 2
      vertex -30.7211 -46.8439 2
    endloop
  endfacet
  facet normal 0 0 -1
    outer loop
      vertex -32.0685 -67.4002 2
      vertex -31.4235 -47.6998 2
      vertex -31.4235 -68.3002 2
    endloop
  endfacet
  facet normal 0 0 -1
    outer loop
      vertex -32.0685 -67.4002 2
      vertex -32.0685 -48.5998 2
      vertex -31.4235 -47.6998 2
    endloop
  endfacet
  facet normal 0 0 -1
    outer loop
      vertex -32.6531 -66.46 2
      vertex -32.0685 -48.5998 2
      vertex -32.0685 -67.4002 2
    endloop
  endfacet
  facet normal 0 0 -1
    outer loop
      vertex -32.6531 -66.46 2
      vertex -32.6531 -49.54 2
      vertex -32.0685 -48.5998 2
    endloop
  endfacet
  facet normal 0 0 -1
    outer loop
      vertex -33.1751 -65.4835 2
      vertex -32.6531 -49.54 2
      vertex -32.6531 -66.46 2
    endloop
  endfacet
  facet normal 0 0 -1
    outer loop
      vertex -33.1751 -65.4835 2
      vertex -33.1751 -50.5165 2
      vertex -32.6531 -49.54 2
    endloop
  endfacet
  facet normal 0 0 -1
    outer loop
      vertex -33.632 -64.475 2
      vertex -33.1751 -50.5165 2
      vertex -33.1751 -65.4835 2
    endloop
  endfacet
  facet normal 0 0 -1
    outer loop
      vertex -33.632 -64.475 2
      vertex -33.632 -51.525 2
      vertex -33.1751 -50.5165 2
    endloop
  endfacet
  facet normal 0 0 -1
    outer loop
      vertex -34.0221 -63.4388 2
      vertex -33.632 -51.525 2
      vertex -33.632 -64.475 2
    endloop
  endfacet
  facet normal 0 0 -1
    outer loop
      vertex -34.0221 -63.4388 2
      vertex -34.0221 -52.5612 2
      vertex -33.632 -51.525 2
    endloop
  endfacet
  facet normal 0 0 -1
    outer loop
      vertex -34.3435 -62.3792 2
      vertex -34.0221 -52.5612 2
      vertex -34.0221 -63.4388 2
    endloop
  endfacet
  facet normal 0 0 -1
    outer loop
      vertex -34.3435 -62.3792 2
      vertex -34.3435 -53.6208 2
      vertex -34.0221 -52.5612 2
    endloop
  endfacet
  facet normal 0 0 -1
    outer loop
      vertex -34.5949 -61.3009 2
      vertex -34.3435 -53.6208 2
      vertex -34.3435 -62.3792 2
    endloop
  endfacet
  facet normal 0 0 -1
    outer loop
      vertex -34.5949 -61.3009 2
      vertex -34.5949 -54.6991 2
      vertex -34.3435 -53.6208 2
    endloop
  endfacet
  facet normal 0 0 -1
    outer loop
      vertex -34.7752 -60.2085 2
      vertex -34.5949 -54.6991 2
      vertex -34.5949 -61.3009 2
    endloop
  endfacet
  facet normal 0 0 -1
    outer loop
      vertex -34.7752 -60.2085 2
      vertex -34.7752 -55.7915 2
      vertex -34.5949 -54.6991 2
    endloop
  endfacet
  facet normal 0 0 -1
    outer loop
      vertex -34.8838 -59.1066 2
      vertex -34.7752 -55.7915 2
      vertex -34.7752 -60.2085 2
    endloop
  endfacet
  facet normal 0 0 -1
    outer loop
      vertex -34.8838 -59.1066 2
      vertex -34.8838 -56.8934 2
      vertex -34.7752 -55.7915 2
    endloop
  endfacet
  facet normal 0 -0 -1
    outer loop
      vertex -34.8838 -56.8934 2
      vertex -34.8838 -59.1066 2
      vertex -34.92 -58 2
    endloop
  endfacet
  facet normal -0.634383 -0.773019 0
    outer loop
      vertex -29.1561 -70.7211 2
      vertex -28.3002 -71.4235 2.6
      vertex -29.1561 -70.7211 2.6
    endloop
  endfacet
  facet normal -0.634383 -0.773019 -0
    outer loop
      vertex -28.3002 -71.4235 2.6
      vertex -29.1561 -70.7211 2
      vertex -28.3002 -71.4235 2
    endloop
  endfacet
  facet normal -0.471362 -0.88194 0
    outer loop
      vertex -26.46 -72.6532 2
      vertex -25.4835 -73.1751 2.6
      vertex -26.46 -72.6532 2.6
    endloop
  endfacet
  facet normal -0.471362 -0.88194 -0
    outer loop
      vertex -25.4835 -73.1751 2.6
      vertex -26.46 -72.6532 2
      vertex -25.4835 -73.1751 2
    endloop
  endfacet
  facet normal -0.412673 -0.910879 0
    outer loop
      vertex -25.4835 -73.1751 2
      vertex -24.475 -73.632 2.6
      vertex -25.4835 -73.1751 2.6
    endloop
  endfacet
  facet normal -0.412673 -0.910879 -0
    outer loop
      vertex -24.475 -73.632 2.6
      vertex -25.4835 -73.1751 2
      vertex -24.475 -73.632 2
    endloop
  endfacet
  facet normal -0.290263 -0.956947 0
    outer loop
      vertex -23.4388 -74.0221 2
      vertex -22.3792 -74.3435 2.6
      vertex -23.4388 -74.0221 2.6
    endloop
  endfacet
  facet normal -0.290263 -0.956947 -0
    outer loop
      vertex -22.3792 -74.3435 2.6
      vertex -23.4388 -74.0221 2
      vertex -22.3792 -74.3435 2
    endloop
  endfacet
  facet normal -0.0980818 -0.995178 0
    outer loop
      vertex -20.2085 -74.7752 2
      vertex -19.1066 -74.8838 2.6
      vertex -20.2085 -74.7752 2.6
    endloop
  endfacet
  facet normal -0.0980818 -0.995178 -0
    outer loop
      vertex -19.1066 -74.8838 2.6
      vertex -20.2085 -74.7752 2
      vertex -19.1066 -74.8838 2
    endloop
  endfacet
  facet normal 0.999464 0.0327224 0
    outer loop
      vertex -1.08 -58 2.6
      vertex -1.11623 -56.8934 2
      vertex -1.11623 -56.8934 2.6
    endloop
  endfacet
  facet normal 0.999464 0.0327224 0
    outer loop
      vertex -1.11623 -56.8934 2
      vertex -1.08 -58 2.6
      vertex -1.08 -58 2
    endloop
  endfacet
  facet normal 0.227055 0.973882 -0
    outer loop
      vertex -13.6208 -41.6565 2
      vertex -14.6991 -41.4051 2.6
      vertex -13.6208 -41.6565 2.6
    endloop
  endfacet
  facet normal 0.227055 0.973882 0
    outer loop
      vertex -14.6991 -41.4051 2.6
      vertex -13.6208 -41.6565 2
      vertex -14.6991 -41.4051 2
    endloop
  endfacet
  facet normal 0.352331 0.935876 -0
    outer loop
      vertex -11.525 -42.368 2
      vertex -12.5612 -41.9779 2.6
      vertex -11.525 -42.368 2.6
    endloop
  endfacet
  facet normal 0.352331 0.935876 0
    outer loop
      vertex -12.5612 -41.9779 2.6
      vertex -11.525 -42.368 2
      vertex -12.5612 -41.9779 2
    endloop
  endfacet
  facet normal 0.412673 0.910879 -0
    outer loop
      vertex -10.5165 -42.8249 2
      vertex -11.525 -42.368 2.6
      vertex -10.5165 -42.8249 2.6
    endloop
  endfacet
  facet normal 0.412673 0.910879 0
    outer loop
      vertex -11.525 -42.368 2.6
      vertex -10.5165 -42.8249 2
      vertex -11.525 -42.368 2
    endloop
  endfacet
  facet normal 0.729859 0.683598 0
    outer loop
      vertex -5.27887 -46.8439 2.6
      vertex -6.03575 -46.0358 2
      vertex -6.03575 -46.0358 2.6
    endloop
  endfacet
  facet normal 0.729859 0.683598 0
    outer loop
      vertex -6.03575 -46.0358 2
      vertex -5.27887 -46.8439 2.6
      vertex -5.27887 -46.8439 2
    endloop
  endfacet
  facet normal 0.634387 0.773015 -0
    outer loop
      vertex -6.84387 -45.2789 2
      vertex -7.69976 -44.5765 2.6
      vertex -6.84387 -45.2789 2.6
    endloop
  endfacet
  facet normal 0.634387 0.773015 0
    outer loop
      vertex -7.69976 -44.5765 2.6
      vertex -6.84387 -45.2789 2
      vertex -7.69976 -44.5765 2
    endloop
  endfacet
  facet normal 0.471362 0.88194 -0
    outer loop
      vertex -9.54 -43.3468 2
      vertex -10.5165 -42.8249 2.6
      vertex -9.54 -43.3468 2.6
    endloop
  endfacet
  facet normal 0.471362 0.88194 0
    outer loop
      vertex -10.5165 -42.8249 2.6
      vertex -9.54 -43.3468 2
      vertex -10.5165 -42.8249 2
    endloop
  endfacet
  facet normal 0.812847 0.582477 0
    outer loop
      vertex -3.93153 -48.5998 2.6
      vertex -4.57646 -47.6998 2
      vertex -4.57646 -47.6998 2.6
    endloop
  endfacet
  facet normal 0.812847 0.582477 0
    outer loop
      vertex -4.57646 -47.6998 2
      vertex -3.93153 -48.5998 2.6
      vertex -3.93153 -48.5998 2
    endloop
  endfacet
  facet normal 0.910862 0.41271 0
    outer loop
      vertex -2.36796 -51.525 2.6
      vertex -2.82491 -50.5165 2
      vertex -2.82491 -50.5165 2.6
    endloop
  endfacet
  facet normal 0.910862 0.41271 0
    outer loop
      vertex -2.82491 -50.5165 2
      vertex -2.36796 -51.525 2.6
      vertex -2.36796 -51.525 2
    endloop
  endfacet
  facet normal 0.935899 0.352267 0
    outer loop
      vertex -1.97794 -52.5612 2.6
      vertex -2.36796 -51.525 2
      vertex -2.36796 -51.525 2.6
    endloop
  endfacet
  facet normal 0.935899 0.352267 0
    outer loop
      vertex -2.36796 -51.525 2
      vertex -1.97794 -52.5612 2.6
      vertex -1.97794 -52.5612 2
    endloop
  endfacet
  facet normal -0.0980818 0.995178 0
    outer loop
      vertex -19.1066 -41.1162 2
      vertex -20.2085 -41.2248 2.6
      vertex -19.1066 -41.1162 2.6
    endloop
  endfacet
  facet normal -0.0980818 0.995178 0
    outer loop
      vertex -20.2085 -41.2248 2.6
      vertex -19.1066 -41.1162 2
      vertex -20.2085 -41.2248 2
    endloop
  endfacet
  facet normal -0.634383 0.773019 0
    outer loop
      vertex -28.3002 -44.5765 2
      vertex -29.1561 -45.2789 2.6
      vertex -28.3002 -44.5765 2.6
    endloop
  endfacet
  facet normal -0.634383 0.773019 0
    outer loop
      vertex -29.1561 -45.2789 2.6
      vertex -28.3002 -44.5765 2
      vertex -29.1561 -45.2789 2
    endloop
  endfacet
  facet normal -0.162846 0.986651 0
    outer loop
      vertex -20.2085 -41.2248 2
      vertex -21.3009 -41.4051 2.6
      vertex -20.2085 -41.2248 2.6
    endloop
  endfacet
  facet normal -0.162846 0.986651 0
    outer loop
      vertex -21.3009 -41.4051 2.6
      vertex -20.2085 -41.2248 2
      vertex -21.3009 -41.4051 2
    endloop
  endfacet
  facet normal -0.683608 0.72985 0
    outer loop
      vertex -29.1561 -45.2789 2
      vertex -29.9642 -46.0358 2.6
      vertex -29.1561 -45.2789 2.6
    endloop
  endfacet
  facet normal -0.683608 0.72985 0
    outer loop
      vertex -29.9642 -46.0358 2.6
      vertex -29.1561 -45.2789 2
      vertex -29.9642 -46.0358 2
    endloop
  endfacet
  facet normal -0.812817 0.582519 0
    outer loop
      vertex -32.0685 -48.5998 2
      vertex -31.4235 -47.6998 2.6
      vertex -31.4235 -47.6998 2
    endloop
  endfacet
  facet normal -0.812817 0.582519 0
    outer loop
      vertex -31.4235 -47.6998 2.6
      vertex -32.0685 -48.5998 2
      vertex -32.0685 -48.5998 2.6
    endloop
  endfacet
  facet normal -0.849224 0.528033 0
    outer loop
      vertex -32.6531 -49.54 2
      vertex -32.0685 -48.5998 2.6
      vertex -32.0685 -48.5998 2
    endloop
  endfacet
  facet normal -0.849224 0.528033 0
    outer loop
      vertex -32.0685 -48.5998 2.6
      vertex -32.6531 -49.54 2
      vertex -32.6531 -49.54 2.6
    endloop
  endfacet
  facet normal -0.973882 0.227055 0
    outer loop
      vertex -34.5949 -54.6991 2
      vertex -34.3435 -53.6208 2.6
      vertex -34.3435 -53.6208 2
    endloop
  endfacet
  facet normal -0.973882 0.227055 0
    outer loop
      vertex -34.3435 -53.6208 2.6
      vertex -34.5949 -54.6991 2
      vertex -34.5949 -54.6991 2.6
    endloop
  endfacet
  facet normal -0.995178 0.0980818 0
    outer loop
      vertex -34.8838 -56.8934 2
      vertex -34.7752 -55.7915 2.6
      vertex -34.7752 -55.7915 2
    endloop
  endfacet
  facet normal -0.995178 0.0980818 0
    outer loop
      vertex -34.7752 -55.7915 2.6
      vertex -34.8838 -56.8934 2
      vertex -34.8838 -56.8934 2.6
    endloop
  endfacet
  facet normal 0.935899 -0.352267 0
    outer loop
      vertex -2.36796 -64.475 2.6
      vertex -1.97794 -63.4388 2
      vertex -1.97794 -63.4388 2.6
    endloop
  endfacet
  facet normal 0.935899 -0.352267 0
    outer loop
      vertex -1.97794 -63.4388 2
      vertex -2.36796 -64.475 2.6
      vertex -2.36796 -64.475 2
    endloop
  endfacet
  facet normal 0.729859 -0.683598 0
    outer loop
      vertex -6.03575 -69.9642 2.6
      vertex -5.27887 -69.1561 2
      vertex -5.27887 -69.1561 2.6
    endloop
  endfacet
  facet normal 0.729859 -0.683598 0
    outer loop
      vertex -5.27887 -69.1561 2
      vertex -6.03575 -69.9642 2.6
      vertex -6.03575 -69.9642 2
    endloop
  endfacet
  facet normal 0.849192 -0.528085 0
    outer loop
      vertex -3.93153 -67.4002 2.6
      vertex -3.34685 -66.46 2
      vertex -3.34685 -66.46 2.6
    endloop
  endfacet
  facet normal 0.849192 -0.528085 0
    outer loop
      vertex -3.34685 -66.46 2
      vertex -3.93153 -67.4002 2.6
      vertex -3.93153 -67.4002 2
    endloop
  endfacet
  facet normal 0.290263 -0.956947 0
    outer loop
      vertex -13.6208 -74.3435 2
      vertex -12.5612 -74.0221 2.6
      vertex -13.6208 -74.3435 2.6
    endloop
  endfacet
  facet normal 0.290263 -0.956947 0
    outer loop
      vertex -12.5612 -74.0221 2.6
      vertex -13.6208 -74.3435 2
      vertex -12.5612 -74.0221 2
    endloop
  endfacet
  facet normal 0.0326953 -0.999465 0
    outer loop
      vertex -18 -74.92 2
      vertex -16.8934 -74.8838 2.6
      vertex -18 -74.92 2.6
    endloop
  endfacet
  facet normal 0.0326953 -0.999465 0
    outer loop
      vertex -16.8934 -74.8838 2.6
      vertex -18 -74.92 2
      vertex -16.8934 -74.8838 2
    endloop
  endfacet
  facet normal 0.412673 -0.910879 0
    outer loop
      vertex -11.525 -73.632 2
      vertex -10.5165 -73.1751 2.6
      vertex -11.525 -73.632 2.6
    endloop
  endfacet
  facet normal 0.412673 -0.910879 0
    outer loop
      vertex -10.5165 -73.1751 2.6
      vertex -11.525 -73.632 2
      vertex -10.5165 -73.1751 2
    endloop
  endfacet
  facet normal 0.582523 -0.812814 0
    outer loop
      vertex -8.59975 -72.0685 2
      vertex -7.69976 -71.4235 2.6
      vertex -8.59975 -72.0685 2.6
    endloop
  endfacet
  facet normal 0.582523 -0.812814 0
    outer loop
      vertex -7.69976 -71.4235 2.6
      vertex -8.59975 -72.0685 2
      vertex -7.69976 -71.4235 2
    endloop
  endfacet
  facet normal 0.528078 -0.849196 0
    outer loop
      vertex -9.54 -72.6532 2
      vertex -8.59975 -72.0685 2.6
      vertex -9.54 -72.6532 2.6
    endloop
  endfacet
  facet normal 0.528078 -0.849196 0
    outer loop
      vertex -8.59975 -72.0685 2.6
      vertex -9.54 -72.6532 2
      vertex -8.59975 -72.0685 2
    endloop
  endfacet
  facet normal -0.812817 -0.582519 0
    outer loop
      vertex -31.4235 -68.3002 2
      vertex -32.0685 -67.4002 2.6
      vertex -32.0685 -67.4002 2
    endloop
  endfacet
  facet normal -0.812817 -0.582519 0
    outer loop
      vertex -32.0685 -67.4002 2.6
      vertex -31.4235 -68.3002 2
      vertex -31.4235 -68.3002 2.6
    endloop
  endfacet
  facet normal -0.773019 -0.634383 0
    outer loop
      vertex -30.7211 -69.1561 2
      vertex -31.4235 -68.3002 2.6
      vertex -31.4235 -68.3002 2
    endloop
  endfacet
  facet normal -0.773019 -0.634383 0
    outer loop
      vertex -31.4235 -68.3002 2.6
      vertex -30.7211 -69.1561 2
      vertex -30.7211 -69.1561 2.6
    endloop
  endfacet
  facet normal -0.910879 -0.412673 0
    outer loop
      vertex -33.1751 -65.4835 2
      vertex -33.632 -64.475 2.6
      vertex -33.632 -64.475 2
    endloop
  endfacet
  facet normal -0.910879 -0.412673 0
    outer loop
      vertex -33.632 -64.475 2.6
      vertex -33.1751 -65.4835 2
      vertex -33.1751 -65.4835 2.6
    endloop
  endfacet
  facet normal -0.956947 -0.290263 0
    outer loop
      vertex -34.0221 -63.4388 2
      vertex -34.3435 -62.3792 2.6
      vertex -34.3435 -62.3792 2
    endloop
  endfacet
  facet normal -0.956947 -0.290263 0
    outer loop
      vertex -34.3435 -62.3792 2.6
      vertex -34.0221 -63.4388 2
      vertex -34.0221 -63.4388 2.6
    endloop
  endfacet
  facet normal -0.999465 -0.0326953 0
    outer loop
      vertex -34.8838 -59.1066 2
      vertex -34.92 -58 2.6
      vertex -34.92 -58 2
    endloop
  endfacet
  facet normal -0.999465 -0.0326953 0
    outer loop
      vertex -34.92 -58 2.6
      vertex -34.8838 -59.1066 2
      vertex -34.8838 -59.1066 2.6
    endloop
  endfacet
  facet normal -0.999465 0.0326953 0
    outer loop
      vertex -34.92 -58 2
      vertex -34.8838 -56.8934 2.6
      vertex -34.8838 -56.8934 2
    endloop
  endfacet
  facet normal -0.999465 0.0326953 0
    outer loop
      vertex -34.8838 -56.8934 2.6
      vertex -34.92 -58 2
      vertex -34.92 -58 2.6
    endloop
  endfacet
  facet normal -0.683608 -0.72985 0
    outer loop
      vertex -29.9642 -69.9642 2
      vertex -29.1561 -70.7211 2.6
      vertex -29.9642 -69.9642 2.6
    endloop
  endfacet
  facet normal -0.683608 -0.72985 -0
    outer loop
      vertex -29.1561 -70.7211 2.6
      vertex -29.9642 -69.9642 2
      vertex -29.1561 -70.7211 2
    endloop
  endfacet
  facet normal -0.528098 -0.849184 0
    outer loop
      vertex -27.4002 -72.0685 2
      vertex -26.46 -72.6532 2.6
      vertex -27.4002 -72.0685 2.6
    endloop
  endfacet
  facet normal -0.528098 -0.849184 -0
    outer loop
      vertex -26.46 -72.6532 2.6
      vertex -27.4002 -72.0685 2
      vertex -26.46 -72.6532 2
    endloop
  endfacet
  facet normal -0.582519 -0.812817 0
    outer loop
      vertex -28.3002 -71.4235 2
      vertex -27.4002 -72.0685 2.6
      vertex -28.3002 -71.4235 2.6
    endloop
  endfacet
  facet normal -0.582519 -0.812817 -0
    outer loop
      vertex -27.4002 -72.0685 2.6
      vertex -28.3002 -71.4235 2
      vertex -27.4002 -72.0685 2
    endloop
  endfacet
  facet normal -0.352331 -0.935876 0
    outer loop
      vertex -24.475 -73.632 2
      vertex -23.4388 -74.0221 2.6
      vertex -24.475 -73.632 2.6
    endloop
  endfacet
  facet normal -0.352331 -0.935876 -0
    outer loop
      vertex -23.4388 -74.0221 2.6
      vertex -24.475 -73.632 2
      vertex -23.4388 -74.0221 2
    endloop
  endfacet
  facet normal 0.162846 0.986651 -0
    outer loop
      vertex -14.6991 -41.4051 2
      vertex -15.7915 -41.2248 2.6
      vertex -14.6991 -41.4051 2.6
    endloop
  endfacet
  facet normal 0.162846 0.986651 0
    outer loop
      vertex -15.7915 -41.2248 2.6
      vertex -14.6991 -41.4051 2
      vertex -15.7915 -41.2248 2
    endloop
  endfacet
  facet normal 0.528078 0.849196 -0
    outer loop
      vertex -8.59975 -43.9315 2
      vertex -9.54 -43.3468 2.6
      vertex -8.59975 -43.9315 2.6
    endloop
  endfacet
  facet normal 0.528078 0.849196 0
    outer loop
      vertex -9.54 -43.3468 2.6
      vertex -8.59975 -43.9315 2
      vertex -9.54 -43.3468 2
    endloop
  endfacet
  facet normal 0.582523 0.812814 -0
    outer loop
      vertex -7.69976 -44.5765 2
      vertex -8.59975 -43.9315 2.6
      vertex -7.69976 -44.5765 2.6
    endloop
  endfacet
  facet normal 0.582523 0.812814 0
    outer loop
      vertex -8.59975 -43.9315 2.6
      vertex -7.69976 -44.5765 2
      vertex -8.59975 -43.9315 2
    endloop
  endfacet
  facet normal 0.773014 0.634388 0
    outer loop
      vertex -4.57646 -47.6998 2.6
      vertex -5.27887 -46.8439 2
      vertex -5.27887 -46.8439 2.6
    endloop
  endfacet
  facet normal 0.773014 0.634388 0
    outer loop
      vertex -5.27887 -46.8439 2
      vertex -4.57646 -47.6998 2.6
      vertex -4.57646 -47.6998 2
    endloop
  endfacet
  facet normal -0.582519 0.812817 0
    outer loop
      vertex -27.4002 -43.9315 2
      vertex -28.3002 -44.5765 2.6
      vertex -27.4002 -43.9315 2.6
    endloop
  endfacet
  facet normal -0.582519 0.812817 0
    outer loop
      vertex -28.3002 -44.5765 2.6
      vertex -27.4002 -43.9315 2
      vertex -28.3002 -44.5765 2
    endloop
  endfacet
  facet normal -0.528098 0.849184 0
    outer loop
      vertex -26.46 -43.3468 2
      vertex -27.4002 -43.9315 2.6
      vertex -26.46 -43.3468 2.6
    endloop
  endfacet
  facet normal -0.528098 0.849184 0
    outer loop
      vertex -27.4002 -43.9315 2.6
      vertex -26.46 -43.3468 2
      vertex -27.4002 -43.9315 2
    endloop
  endfacet
  facet normal -0.412673 0.910879 0
    outer loop
      vertex -24.475 -42.368 2
      vertex -25.4835 -42.8249 2.6
      vertex -24.475 -42.368 2.6
    endloop
  endfacet
  facet normal -0.412673 0.910879 0
    outer loop
      vertex -25.4835 -42.8249 2.6
      vertex -24.475 -42.368 2
      vertex -25.4835 -42.8249 2
    endloop
  endfacet
  facet normal -0.352331 0.935876 0
    outer loop
      vertex -23.4388 -41.9779 2
      vertex -24.475 -42.368 2.6
      vertex -23.4388 -41.9779 2.6
    endloop
  endfacet
  facet normal -0.352331 0.935876 0
    outer loop
      vertex -24.475 -42.368 2.6
      vertex -23.4388 -41.9779 2
      vertex -24.475 -42.368 2
    endloop
  endfacet
  facet normal -0.227055 0.973882 0
    outer loop
      vertex -21.3009 -41.4051 2
      vertex -22.3792 -41.6565 2.6
      vertex -21.3009 -41.4051 2.6
    endloop
  endfacet
  facet normal -0.227055 0.973882 0
    outer loop
      vertex -22.3792 -41.6565 2.6
      vertex -21.3009 -41.4051 2
      vertex -22.3792 -41.6565 2
    endloop
  endfacet
  facet normal -0.0326953 0.999465 0
    outer loop
      vertex -18 -41.08 2
      vertex -19.1066 -41.1162 2.6
      vertex -18 -41.08 2.6
    endloop
  endfacet
  facet normal -0.0326953 0.999465 0
    outer loop
      vertex -19.1066 -41.1162 2.6
      vertex -18 -41.08 2
      vertex -19.1066 -41.1162 2
    endloop
  endfacet
  facet normal 0.0326953 0.999465 -0
    outer loop
      vertex -16.8934 -41.1162 2
      vertex -18 -41.08 2.6
      vertex -16.8934 -41.1162 2.6
    endloop
  endfacet
  facet normal 0.0326953 0.999465 0
    outer loop
      vertex -18 -41.08 2.6
      vertex -16.8934 -41.1162 2
      vertex -18 -41.08 2
    endloop
  endfacet
  facet normal -0.935876 0.352331 0
    outer loop
      vertex -34.0221 -52.5612 2
      vertex -33.632 -51.525 2.6
      vertex -33.632 -51.525 2
    endloop
  endfacet
  facet normal -0.935876 0.352331 0
    outer loop
      vertex -33.632 -51.525 2.6
      vertex -34.0221 -52.5612 2
      vertex -34.0221 -52.5612 2.6
    endloop
  endfacet
  facet normal -0.910879 0.412673 0
    outer loop
      vertex -33.632 -51.525 2
      vertex -33.1751 -50.5165 2.6
      vertex -33.1751 -50.5165 2
    endloop
  endfacet
  facet normal -0.910879 0.412673 0
    outer loop
      vertex -33.1751 -50.5165 2.6
      vertex -33.632 -51.525 2
      vertex -33.632 -51.525 2.6
    endloop
  endfacet
  facet normal -0.986651 0.162846 0
    outer loop
      vertex -34.7752 -55.7915 2
      vertex -34.5949 -54.6991 2.6
      vertex -34.5949 -54.6991 2
    endloop
  endfacet
  facet normal -0.986651 0.162846 0
    outer loop
      vertex -34.5949 -54.6991 2.6
      vertex -34.7752 -55.7915 2
      vertex -34.7752 -55.7915 2.6
    endloop
  endfacet
  facet normal 0.995185 0.0980103 0
    outer loop
      vertex -1.11623 -56.8934 2.6
      vertex -1.22475 -55.7915 2
      vertex -1.22475 -55.7915 2.6
    endloop
  endfacet
  facet normal 0.995185 0.0980103 0
    outer loop
      vertex -1.22475 -55.7915 2
      vertex -1.11623 -56.8934 2.6
      vertex -1.11623 -56.8934 2
    endloop
  endfacet
  facet normal 0.956944 0.290271 0
    outer loop
      vertex -1.65653 -53.6208 2.6
      vertex -1.97794 -52.5612 2
      vertex -1.97794 -52.5612 2.6
    endloop
  endfacet
  facet normal 0.956944 0.290271 0
    outer loop
      vertex -1.97794 -52.5612 2
      vertex -1.65653 -53.6208 2.6
      vertex -1.65653 -53.6208 2
    endloop
  endfacet
  facet normal 0.973878 0.227073 0
    outer loop
      vertex -1.40511 -54.6991 2.6
      vertex -1.65653 -53.6208 2
      vertex -1.65653 -53.6208 2.6
    endloop
  endfacet
  facet normal 0.973878 0.227073 0
    outer loop
      vertex -1.65653 -53.6208 2
      vertex -1.40511 -54.6991 2.6
      vertex -1.40511 -54.6991 2
    endloop
  endfacet
  facet normal 0.999461 -0.0328249 0
    outer loop
      vertex 23.3884 -22.3532 2.6
      vertex 23.4 -22 2
      vertex 23.4 -22 2.6
    endloop
  endfacet
  facet normal 0.999461 -0.0328249 0
    outer loop
      vertex 23.4 -22 2
      vertex 23.3884 -22.3532 2.6
      vertex 23.3884 -22.3532 2
    endloop
  endfacet
  facet normal 0.995193 -0.0979342 0
    outer loop
      vertex 23.3538 -22.7048 2.6
      vertex 23.3884 -22.3532 2
      vertex 23.3884 -22.3532 2.6
    endloop
  endfacet
  facet normal 0.995193 -0.0979342 0
    outer loop
      vertex 23.3884 -22.3532 2
      vertex 23.3538 -22.7048 2.6
      vertex 23.3538 -22.7048 2
    endloop
  endfacet
  facet normal -0.0328249 -0.999461 0
    outer loop
      vertex 17.6468 -27.3884 2
      vertex 18 -27.4 2.6
      vertex 17.6468 -27.3884 2.6
    endloop
  endfacet
  facet normal -0.0328249 -0.999461 -0
    outer loop
      vertex 18 -27.4 2.6
      vertex 17.6468 -27.3884 2
      vertex 18 -27.4 2
    endloop
  endfacet
  facet normal 0.683517 -0.729934 0
    outer loop
      vertex 21.5605 -26.0599 2
      vertex 21.8184 -25.8184 2.6
      vertex 21.5605 -26.0599 2.6
    endloop
  endfacet
  facet normal 0.683517 -0.729934 0
    outer loop
      vertex 21.8184 -25.8184 2.6
      vertex 21.5605 -26.0599 2
      vertex 21.8184 -25.8184 2
    endloop
  endfacet
  facet normal -0.729934 -0.683517 0
    outer loop
      vertex 14.1816 -25.8184 2
      vertex 13.9401 -25.5605 2.6
      vertex 13.9401 -25.5605 2
    endloop
  endfacet
  facet normal -0.729934 -0.683517 0
    outer loop
      vertex 13.9401 -25.5605 2.6
      vertex 14.1816 -25.8184 2
      vertex 14.1816 -25.8184 2.6
    endloop
  endfacet
  facet normal 0.910918 -0.412587 0
    outer loop
      vertex 22.8431 -24.3884 2.6
      vertex 22.9889 -24.0665 2
      vertex 22.9889 -24.0665 2.6
    endloop
  endfacet
  facet normal 0.910918 -0.412587 0
    outer loop
      vertex 22.9889 -24.0665 2
      vertex 22.8431 -24.3884 2.6
      vertex 22.8431 -24.3884 2
    endloop
  endfacet
  facet normal 0.352333 -0.935875 0
    outer loop
      vertex 19.7358 -27.1134 2
      vertex 20.0665 -26.9889 2.6
      vertex 19.7358 -27.1134 2.6
    endloop
  endfacet
  facet normal 0.352333 -0.935875 0
    outer loop
      vertex 20.0665 -26.9889 2.6
      vertex 19.7358 -27.1134 2
      vertex 20.0665 -26.9889 2
    endloop
  endfacet
  facet normal 0.528039 -0.84922 0
    outer loop
      vertex 20.7 -26.6765 2
      vertex 21.0001 -26.4899 2.6
      vertex 20.7 -26.6765 2.6
    endloop
  endfacet
  facet normal 0.528039 -0.84922 0
    outer loop
      vertex 21.0001 -26.4899 2.6
      vertex 20.7 -26.6765 2
      vertex 21.0001 -26.4899 2
    endloop
  endfacet
  facet normal -0.84922 -0.528039 0
    outer loop
      vertex 13.5101 -25.0001 2
      vertex 13.3235 -24.7 2.6
      vertex 13.3235 -24.7 2
    endloop
  endfacet
  facet normal -0.84922 -0.528039 0
    outer loop
      vertex 13.3235 -24.7 2.6
      vertex 13.5101 -25.0001 2
      vertex 13.5101 -25.0001 2.6
    endloop
  endfacet
  facet normal 0.812853 -0.582469 0
    outer loop
      vertex 22.2841 -25.2873 2.6
      vertex 22.4899 -25.0001 2
      vertex 22.4899 -25.0001 2.6
    endloop
  endfacet
  facet normal 0.812853 -0.582469 0
    outer loop
      vertex 22.4899 -25.0001 2
      vertex 22.2841 -25.2873 2.6
      vertex 22.2841 -25.2873 2
    endloop
  endfacet
  facet normal 0.162976 -0.98663 0
    outer loop
      vertex 18.7048 -27.3538 2
      vertex 19.0535 -27.2962 2.6
      vertex 18.7048 -27.3538 2.6
    endloop
  endfacet
  facet normal 0.162976 -0.98663 0
    outer loop
      vertex 19.0535 -27.2962 2.6
      vertex 18.7048 -27.3538 2
      vertex 19.0535 -27.2962 2
    endloop
  endfacet
  facet normal 0.0979342 -0.995193 0
    outer loop
      vertex 18.3532 -27.3884 2
      vertex 18.7048 -27.3538 2.6
      vertex 18.3532 -27.3884 2.6
    endloop
  endfacet
  facet normal 0.0979342 -0.995193 0
    outer loop
      vertex 18.7048 -27.3538 2.6
      vertex 18.3532 -27.3884 2
      vertex 18.7048 -27.3538 2
    endloop
  endfacet
  facet normal 0.582469 -0.812853 0
    outer loop
      vertex 21.0001 -26.4899 2
      vertex 21.2873 -26.2841 2.6
      vertex 21.0001 -26.4899 2.6
    endloop
  endfacet
  facet normal 0.582469 -0.812853 0
    outer loop
      vertex 21.2873 -26.2841 2.6
      vertex 21.0001 -26.4899 2
      vertex 21.2873 -26.2841 2
    endloop
  endfacet
  facet normal -0.98663 -0.162976 0
    outer loop
      vertex 12.7038 -23.0535 2
      vertex 12.6462 -22.7048 2.6
      vertex 12.6462 -22.7048 2
    endloop
  endfacet
  facet normal -0.98663 -0.162976 0
    outer loop
      vertex 12.6462 -22.7048 2.6
      vertex 12.7038 -23.0535 2
      vertex 12.7038 -23.0535 2.6
    endloop
  endfacet
  facet normal 0 0 1
    outer loop
      vertex 23.3884 -21.6468 2.6
      vertex 23.3884 -22.3532 2.6
      vertex 23.4 -22 2.6
    endloop
  endfacet
  facet normal 0 0 1
    outer loop
      vertex 23.3538 -21.2952 2.6
      vertex 23.3884 -22.3532 2.6
      vertex 23.3884 -21.6468 2.6
    endloop
  endfacet
  facet normal 0 0 1
    outer loop
      vertex 23.3538 -21.2952 2.6
      vertex 23.3538 -22.7048 2.6
      vertex 23.3884 -22.3532 2.6
    endloop
  endfacet
  facet normal 0 0 1
    outer loop
      vertex 23.2962 -20.9465 2.6
      vertex 23.3538 -22.7048 2.6
      vertex 23.3538 -21.2952 2.6
    endloop
  endfacet
  facet normal 0 0 1
    outer loop
      vertex 23.2962 -20.9465 2.6
      vertex 23.2962 -23.0535 2.6
      vertex 23.3538 -22.7048 2.6
    endloop
  endfacet
  facet normal 0 0 1
    outer loop
      vertex 23.216 -20.6024 2.6
      vertex 23.2962 -23.0535 2.6
      vertex 23.2962 -20.9465 2.6
    endloop
  endfacet
  facet normal 0 0 1
    outer loop
      vertex 23.216 -20.6024 2.6
      vertex 23.216 -23.3976 2.6
      vertex 23.2962 -23.0535 2.6
    endloop
  endfacet
  facet normal 0 0 1
    outer loop
      vertex 23.1134 -20.2642 2.6
      vertex 23.216 -23.3976 2.6
      vertex 23.216 -20.6024 2.6
    endloop
  endfacet
  facet normal 0 0 1
    outer loop
      vertex 23.1134 -20.2642 2.6
      vertex 23.1134 -23.7358 2.6
      vertex 23.216 -23.3976 2.6
    endloop
  endfacet
  facet normal 0 0 1
    outer loop
      vertex 22.9889 -19.9335 2.6
      vertex 23.1134 -23.7358 2.6
      vertex 23.1134 -20.2642 2.6
    endloop
  endfacet
  facet normal 0 0 1
    outer loop
      vertex 22.9889 -19.9335 2.6
      vertex 22.9889 -24.0665 2.6
      vertex 23.1134 -23.7358 2.6
    endloop
  endfacet
  facet normal 0 0 1
    outer loop
      vertex 22.8431 -19.6116 2.6
      vertex 22.9889 -24.0665 2.6
      vertex 22.9889 -19.9335 2.6
    endloop
  endfacet
  facet normal 0 0 1
    outer loop
      vertex 22.8431 -19.6116 2.6
      vertex 22.8431 -24.3884 2.6
      vertex 22.9889 -24.0665 2.6
    endloop
  endfacet
  facet normal 0 0 1
    outer loop
      vertex 22.6765 -19.3 2.6
      vertex 22.8431 -24.3884 2.6
      vertex 22.8431 -19.6116 2.6
    endloop
  endfacet
  facet normal 0 0 1
    outer loop
      vertex 22.6765 -19.3 2.6
      vertex 22.6765 -24.7 2.6
      vertex 22.8431 -24.3884 2.6
    endloop
  endfacet
  facet normal 0 0 1
    outer loop
      vertex 22.4899 -18.9999 2.6
      vertex 22.6765 -24.7 2.6
      vertex 22.6765 -19.3 2.6
    endloop
  endfacet
  facet normal 0 0 1
    outer loop
      vertex 22.4899 -18.9999 2.6
      vertex 22.4899 -25.0001 2.6
      vertex 22.6765 -24.7 2.6
    endloop
  endfacet
  facet normal 0 0 1
    outer loop
      vertex 22.2841 -18.7127 2.6
      vertex 22.4899 -25.0001 2.6
      vertex 22.4899 -18.9999 2.6
    endloop
  endfacet
  facet normal 0 0 1
    outer loop
      vertex 22.2841 -18.7127 2.6
      vertex 22.2841 -25.2873 2.6
      vertex 22.4899 -25.0001 2.6
    endloop
  endfacet
  facet normal 0 0 1
    outer loop
      vertex 22.0599 -18.4395 2.6
      vertex 22.2841 -25.2873 2.6
      vertex 22.2841 -18.7127 2.6
    endloop
  endfacet
  facet normal 0 0 1
    outer loop
      vertex 22.0599 -18.4395 2.6
      vertex 22.0599 -25.5605 2.6
      vertex 22.2841 -25.2873 2.6
    endloop
  endfacet
  facet normal 0 0 1
    outer loop
      vertex 21.8184 -18.1816 2.6
      vertex 22.0599 -25.5605 2.6
      vertex 22.0599 -18.4395 2.6
    endloop
  endfacet
  facet normal 0 0 1
    outer loop
      vertex 21.8184 -18.1816 2.6
      vertex 21.8184 -25.8184 2.6
      vertex 22.0599 -25.5605 2.6
    endloop
  endfacet
  facet normal 0 0 1
    outer loop
      vertex 21.5605 -17.9401 2.6
      vertex 21.8184 -25.8184 2.6
      vertex 21.8184 -18.1816 2.6
    endloop
  endfacet
  facet normal 0 0 1
    outer loop
      vertex 21.5605 -17.9401 2.6
      vertex 21.5605 -26.0599 2.6
      vertex 21.8184 -25.8184 2.6
    endloop
  endfacet
  facet normal 0 0 1
    outer loop
      vertex 21.2873 -17.7159 2.6
      vertex 21.5605 -26.0599 2.6
      vertex 21.5605 -17.9401 2.6
    endloop
  endfacet
  facet normal 0 0 1
    outer loop
      vertex 21.2873 -17.7159 2.6
      vertex 21.2873 -26.2841 2.6
      vertex 21.5605 -26.0599 2.6
    endloop
  endfacet
  facet normal 0 0 1
    outer loop
      vertex 21.0001 -17.5101 2.6
      vertex 21.2873 -26.2841 2.6
      vertex 21.2873 -17.7159 2.6
    endloop
  endfacet
  facet normal 0 0 1
    outer loop
      vertex 21.0001 -17.5101 2.6
      vertex 21.0001 -26.4899 2.6
      vertex 21.2873 -26.2841 2.6
    endloop
  endfacet
  facet normal 0 0 1
    outer loop
      vertex 20.7 -17.3235 2.6
      vertex 21.0001 -26.4899 2.6
      vertex 21.0001 -17.5101 2.6
    endloop
  endfacet
  facet normal 0 0 1
    outer loop
      vertex 20.7 -17.3235 2.6
      vertex 20.7 -26.6765 2.6
      vertex 21.0001 -26.4899 2.6
    endloop
  endfacet
  facet normal 0 0 1
    outer loop
      vertex 20.3884 -17.1569 2.6
      vertex 20.7 -26.6765 2.6
      vertex 20.7 -17.3235 2.6
    endloop
  endfacet
  facet normal 0 0 1
    outer loop
      vertex 20.3884 -17.1569 2.6
      vertex 20.3884 -26.8431 2.6
      vertex 20.7 -26.6765 2.6
    endloop
  endfacet
  facet normal 0 0 1
    outer loop
      vertex 20.0665 -17.0111 2.6
      vertex 20.3884 -26.8431 2.6
      vertex 20.3884 -17.1569 2.6
    endloop
  endfacet
  facet normal 0 0 1
    outer loop
      vertex 20.0665 -17.0111 2.6
      vertex 20.0665 -26.9889 2.6
      vertex 20.3884 -26.8431 2.6
    endloop
  endfacet
  facet normal 0 0 1
    outer loop
      vertex 19.7358 -16.8866 2.6
      vertex 20.0665 -26.9889 2.6
      vertex 20.0665 -17.0111 2.6
    endloop
  endfacet
  facet normal 0 0 1
    outer loop
      vertex 19.7358 -16.8866 2.6
      vertex 19.7358 -27.1134 2.6
      vertex 20.0665 -26.9889 2.6
    endloop
  endfacet
  facet normal 0 0 1
    outer loop
      vertex 19.3976 -16.784 2.6
      vertex 19.7358 -27.1134 2.6
      vertex 19.7358 -16.8866 2.6
    endloop
  endfacet
  facet normal 0 0 1
    outer loop
      vertex 19.3976 -16.784 2.6
      vertex 19.3976 -27.216 2.6
      vertex 19.7358 -27.1134 2.6
    endloop
  endfacet
  facet normal 0 0 1
    outer loop
      vertex 19.0535 -16.7038 2.6
      vertex 19.3976 -27.216 2.6
      vertex 19.3976 -16.784 2.6
    endloop
  endfacet
  facet normal 0 0 1
    outer loop
      vertex 19.0535 -16.7038 2.6
      vertex 19.0535 -27.2962 2.6
      vertex 19.3976 -27.216 2.6
    endloop
  endfacet
  facet normal 0 0 1
    outer loop
      vertex 18.7048 -16.6462 2.6
      vertex 19.0535 -27.2962 2.6
      vertex 19.0535 -16.7038 2.6
    endloop
  endfacet
  facet normal 0 0 1
    outer loop
      vertex 18.7048 -16.6462 2.6
      vertex 18.7048 -27.3538 2.6
      vertex 19.0535 -27.2962 2.6
    endloop
  endfacet
  facet normal 0 0 1
    outer loop
      vertex 18.3532 -16.6116 2.6
      vertex 18.7048 -27.3538 2.6
      vertex 18.7048 -16.6462 2.6
    endloop
  endfacet
  facet normal 0 0 1
    outer loop
      vertex 18.3532 -16.6116 2.6
      vertex 18.3532 -27.3884 2.6
      vertex 18.7048 -27.3538 2.6
    endloop
  endfacet
  facet normal 0 0 1
    outer loop
      vertex 18 -16.6 2.6
      vertex 18.3532 -27.3884 2.6
      vertex 18.3532 -16.6116 2.6
    endloop
  endfacet
  facet normal 0 0 1
    outer loop
      vertex 18 -16.6 2.6
      vertex 18 -27.4 2.6
      vertex 18.3532 -27.3884 2.6
    endloop
  endfacet
  facet normal -0 0 1
    outer loop
      vertex 17.6468 -16.6116 2.6
      vertex 18 -27.4 2.6
      vertex 18 -16.6 2.6
    endloop
  endfacet
  facet normal 0 0 1
    outer loop
      vertex 17.6468 -16.6116 2.6
      vertex 17.6468 -27.3884 2.6
      vertex 18 -27.4 2.6
    endloop
  endfacet
  facet normal -0 0 1
    outer loop
      vertex 17.2952 -16.6462 2.6
      vertex 17.6468 -27.3884 2.6
      vertex 17.6468 -16.6116 2.6
    endloop
  endfacet
  facet normal 0 0 1
    outer loop
      vertex 17.2952 -16.6462 2.6
      vertex 17.2952 -27.3538 2.6
      vertex 17.6468 -27.3884 2.6
    endloop
  endfacet
  facet normal -0 0 1
    outer loop
      vertex 16.9465 -16.7038 2.6
      vertex 17.2952 -27.3538 2.6
      vertex 17.2952 -16.6462 2.6
    endloop
  endfacet
  facet normal 0 0 1
    outer loop
      vertex 16.9465 -16.7038 2.6
      vertex 16.9465 -27.2962 2.6
      vertex 17.2952 -27.3538 2.6
    endloop
  endfacet
  facet normal -0 0 1
    outer loop
      vertex 16.6024 -16.784 2.6
      vertex 16.9465 -27.2962 2.6
      vertex 16.9465 -16.7038 2.6
    endloop
  endfacet
  facet normal 0 0 1
    outer loop
      vertex 16.6024 -16.784 2.6
      vertex 16.6024 -27.216 2.6
      vertex 16.9465 -27.2962 2.6
    endloop
  endfacet
  facet normal -0 0 1
    outer loop
      vertex 16.2642 -16.8866 2.6
      vertex 16.6024 -27.216 2.6
      vertex 16.6024 -16.784 2.6
    endloop
  endfacet
  facet normal 0 0 1
    outer loop
      vertex 16.2642 -16.8866 2.6
      vertex 16.2642 -27.1134 2.6
      vertex 16.6024 -27.216 2.6
    endloop
  endfacet
  facet normal -0 0 1
    outer loop
      vertex 15.9335 -17.0111 2.6
      vertex 16.2642 -27.1134 2.6
      vertex 16.2642 -16.8866 2.6
    endloop
  endfacet
  facet normal 0 0 1
    outer loop
      vertex 15.9335 -17.0111 2.6
      vertex 15.9335 -26.9889 2.6
      vertex 16.2642 -27.1134 2.6
    endloop
  endfacet
  facet normal -0 0 1
    outer loop
      vertex 15.6116 -17.1569 2.6
      vertex 15.9335 -26.9889 2.6
      vertex 15.9335 -17.0111 2.6
    endloop
  endfacet
  facet normal 0 0 1
    outer loop
      vertex 15.6116 -17.1569 2.6
      vertex 15.6116 -26.8431 2.6
      vertex 15.9335 -26.9889 2.6
    endloop
  endfacet
  facet normal -0 0 1
    outer loop
      vertex 15.3 -17.3235 2.6
      vertex 15.6116 -26.8431 2.6
      vertex 15.6116 -17.1569 2.6
    endloop
  endfacet
  facet normal 0 0 1
    outer loop
      vertex 15.3 -17.3235 2.6
      vertex 15.3 -26.6765 2.6
      vertex 15.6116 -26.8431 2.6
    endloop
  endfacet
  facet normal -0 0 1
    outer loop
      vertex 14.9999 -17.5101 2.6
      vertex 15.3 -26.6765 2.6
      vertex 15.3 -17.3235 2.6
    endloop
  endfacet
  facet normal 0 0 1
    outer loop
      vertex 14.9999 -17.5101 2.6
      vertex 14.9999 -26.4899 2.6
      vertex 15.3 -26.6765 2.6
    endloop
  endfacet
  facet normal -0 0 1
    outer loop
      vertex 14.7127 -17.7159 2.6
      vertex 14.9999 -26.4899 2.6
      vertex 14.9999 -17.5101 2.6
    endloop
  endfacet
  facet normal 0 0 1
    outer loop
      vertex 14.7127 -17.7159 2.6
      vertex 14.7127 -26.2841 2.6
      vertex 14.9999 -26.4899 2.6
    endloop
  endfacet
  facet normal -0 0 1
    outer loop
      vertex 14.4395 -17.9401 2.6
      vertex 14.7127 -26.2841 2.6
      vertex 14.7127 -17.7159 2.6
    endloop
  endfacet
  facet normal 0 0 1
    outer loop
      vertex 14.4395 -17.9401 2.6
      vertex 14.4395 -26.0599 2.6
      vertex 14.7127 -26.2841 2.6
    endloop
  endfacet
  facet normal -0 0 1
    outer loop
      vertex 14.1816 -18.1816 2.6
      vertex 14.4395 -26.0599 2.6
      vertex 14.4395 -17.9401 2.6
    endloop
  endfacet
  facet normal 0 0 1
    outer loop
      vertex 14.1816 -18.1816 2.6
      vertex 14.1816 -25.8184 2.6
      vertex 14.4395 -26.0599 2.6
    endloop
  endfacet
  facet normal -0 0 1
    outer loop
      vertex 13.9401 -18.4395 2.6
      vertex 14.1816 -25.8184 2.6
      vertex 14.1816 -18.1816 2.6
    endloop
  endfacet
  facet normal 0 0 1
    outer loop
      vertex 13.9401 -18.4395 2.6
      vertex 13.9401 -25.5605 2.6
      vertex 14.1816 -25.8184 2.6
    endloop
  endfacet
  facet normal -0 0 1
    outer loop
      vertex 13.7159 -18.7127 2.6
      vertex 13.9401 -25.5605 2.6
      vertex 13.9401 -18.4395 2.6
    endloop
  endfacet
  facet normal 0 0 1
    outer loop
      vertex 13.7159 -18.7127 2.6
      vertex 13.7159 -25.2873 2.6
      vertex 13.9401 -25.5605 2.6
    endloop
  endfacet
  facet normal -0 0 1
    outer loop
      vertex 13.5101 -18.9999 2.6
      vertex 13.7159 -25.2873 2.6
      vertex 13.7159 -18.7127 2.6
    endloop
  endfacet
  facet normal 0 0 1
    outer loop
      vertex 13.5101 -18.9999 2.6
      vertex 13.5101 -25.0001 2.6
      vertex 13.7159 -25.2873 2.6
    endloop
  endfacet
  facet normal -0 0 1
    outer loop
      vertex 13.3235 -19.3 2.6
      vertex 13.5101 -25.0001 2.6
      vertex 13.5101 -18.9999 2.6
    endloop
  endfacet
  facet normal 0 0 1
    outer loop
      vertex 13.3235 -19.3 2.6
      vertex 13.3235 -24.7 2.6
      vertex 13.5101 -25.0001 2.6
    endloop
  endfacet
  facet normal -0 0 1
    outer loop
      vertex 13.1569 -19.6116 2.6
      vertex 13.3235 -24.7 2.6
      vertex 13.3235 -19.3 2.6
    endloop
  endfacet
  facet normal 0 0 1
    outer loop
      vertex 13.1569 -19.6116 2.6
      vertex 13.1569 -24.3884 2.6
      vertex 13.3235 -24.7 2.6
    endloop
  endfacet
  facet normal -0 0 1
    outer loop
      vertex 13.0111 -19.9335 2.6
      vertex 13.1569 -24.3884 2.6
      vertex 13.1569 -19.6116 2.6
    endloop
  endfacet
  facet normal 0 0 1
    outer loop
      vertex 13.0111 -19.9335 2.6
      vertex 13.0111 -24.0665 2.6
      vertex 13.1569 -24.3884 2.6
    endloop
  endfacet
  facet normal -0 0 1
    outer loop
      vertex 12.8866 -20.2642 2.6
      vertex 13.0111 -24.0665 2.6
      vertex 13.0111 -19.9335 2.6
    endloop
  endfacet
  facet normal 0 0 1
    outer loop
      vertex 12.8866 -20.2642 2.6
      vertex 12.8866 -23.7358 2.6
      vertex 13.0111 -24.0665 2.6
    endloop
  endfacet
  facet normal -0 0 1
    outer loop
      vertex 12.784 -20.6024 2.6
      vertex 12.8866 -23.7358 2.6
      vertex 12.8866 -20.2642 2.6
    endloop
  endfacet
  facet normal 0 0 1
    outer loop
      vertex 12.784 -20.6024 2.6
      vertex 12.784 -23.3976 2.6
      vertex 12.8866 -23.7358 2.6
    endloop
  endfacet
  facet normal -0 0 1
    outer loop
      vertex 12.7038 -20.9465 2.6
      vertex 12.784 -23.3976 2.6
      vertex 12.784 -20.6024 2.6
    endloop
  endfacet
  facet normal 0 0 1
    outer loop
      vertex 12.7038 -20.9465 2.6
      vertex 12.7038 -23.0535 2.6
      vertex 12.784 -23.3976 2.6
    endloop
  endfacet
  facet normal -0 0 1
    outer loop
      vertex 12.6462 -21.2952 2.6
      vertex 12.7038 -23.0535 2.6
      vertex 12.7038 -20.9465 2.6
    endloop
  endfacet
  facet normal 0 0 1
    outer loop
      vertex 12.6462 -21.2952 2.6
      vertex 12.6462 -22.7048 2.6
      vertex 12.7038 -23.0535 2.6
    endloop
  endfacet
  facet normal -0 0 1
    outer loop
      vertex 12.6116 -21.6468 2.6
      vertex 12.6462 -22.7048 2.6
      vertex 12.6462 -21.2952 2.6
    endloop
  endfacet
  facet normal 0 0 1
    outer loop
      vertex 12.6116 -21.6468 2.6
      vertex 12.6116 -22.3532 2.6
      vertex 12.6462 -22.7048 2.6
    endloop
  endfacet
  facet normal 0 -0 1
    outer loop
      vertex 12.6116 -22.3532 2.6
      vertex 12.6116 -21.6468 2.6
      vertex 12.6 -22 2.6
    endloop
  endfacet
  facet normal -0.935875 -0.352333 0
    outer loop
      vertex 13.0111 -24.0665 2
      vertex 12.8866 -23.7358 2.6
      vertex 12.8866 -23.7358 2
    endloop
  endfacet
  facet normal -0.935875 -0.352333 0
    outer loop
      vertex 12.8866 -23.7358 2.6
      vertex 13.0111 -24.0665 2
      vertex 13.0111 -24.0665 2.6
    endloop
  endfacet
  facet normal -0.881867 -0.471499 0
    outer loop
      vertex 13.3235 -24.7 2
      vertex 13.1569 -24.3884 2.6
      vertex 13.1569 -24.3884 2
    endloop
  endfacet
  facet normal -0.881867 -0.471499 0
    outer loop
      vertex 13.1569 -24.3884 2.6
      vertex 13.3235 -24.7 2
      vertex 13.3235 -24.7 2.6
    endloop
  endfacet
  facet normal -0.995193 -0.0979342 0
    outer loop
      vertex 12.6462 -22.7048 2
      vertex 12.6116 -22.3532 2.6
      vertex 12.6116 -22.3532 2
    endloop
  endfacet
  facet normal -0.995193 -0.0979342 0
    outer loop
      vertex 12.6116 -22.3532 2.6
      vertex 12.6462 -22.7048 2
      vertex 12.6462 -22.7048 2.6
    endloop
  endfacet
  facet normal 0 0 -1
    outer loop
      vertex 23.3884 -22.3532 2
      vertex 23.3884 -21.6468 2
      vertex 23.4 -22 2
    endloop
  endfacet
  facet normal 0 0 -1
    outer loop
      vertex 23.3538 -22.7048 2
      vertex 23.3884 -21.6468 2
      vertex 23.3884 -22.3532 2
    endloop
  endfacet
  facet normal 0 0 -1
    outer loop
      vertex 23.3538 -22.7048 2
      vertex 23.3538 -21.2952 2
      vertex 23.3884 -21.6468 2
    endloop
  endfacet
  facet normal 0 0 -1
    outer loop
      vertex 23.2962 -23.0535 2
      vertex 23.3538 -21.2952 2
      vertex 23.3538 -22.7048 2
    endloop
  endfacet
  facet normal 0 0 -1
    outer loop
      vertex 23.2962 -23.0535 2
      vertex 23.2962 -20.9465 2
      vertex 23.3538 -21.2952 2
    endloop
  endfacet
  facet normal 0 0 -1
    outer loop
      vertex 23.216 -23.3976 2
      vertex 23.2962 -20.9465 2
      vertex 23.2962 -23.0535 2
    endloop
  endfacet
  facet normal 0 0 -1
    outer loop
      vertex 23.216 -23.3976 2
      vertex 23.216 -20.6024 2
      vertex 23.2962 -20.9465 2
    endloop
  endfacet
  facet normal 0 0 -1
    outer loop
      vertex 23.1134 -23.7358 2
      vertex 23.216 -20.6024 2
      vertex 23.216 -23.3976 2
    endloop
  endfacet
  facet normal 0 0 -1
    outer loop
      vertex 23.1134 -23.7358 2
      vertex 23.1134 -20.2642 2
      vertex 23.216 -20.6024 2
    endloop
  endfacet
  facet normal 0 0 -1
    outer loop
      vertex 22.9889 -24.0665 2
      vertex 23.1134 -20.2642 2
      vertex 23.1134 -23.7358 2
    endloop
  endfacet
  facet normal 0 0 -1
    outer loop
      vertex 22.9889 -24.0665 2
      vertex 22.9889 -19.9335 2
      vertex 23.1134 -20.2642 2
    endloop
  endfacet
  facet normal 0 0 -1
    outer loop
      vertex 22.8431 -24.3884 2
      vertex 22.9889 -19.9335 2
      vertex 22.9889 -24.0665 2
    endloop
  endfacet
  facet normal 0 0 -1
    outer loop
      vertex 22.8431 -24.3884 2
      vertex 22.8431 -19.6116 2
      vertex 22.9889 -19.9335 2
    endloop
  endfacet
  facet normal 0 0 -1
    outer loop
      vertex 22.6765 -24.7 2
      vertex 22.8431 -19.6116 2
      vertex 22.8431 -24.3884 2
    endloop
  endfacet
  facet normal 0 0 -1
    outer loop
      vertex 22.6765 -24.7 2
      vertex 22.6765 -19.3 2
      vertex 22.8431 -19.6116 2
    endloop
  endfacet
  facet normal 0 0 -1
    outer loop
      vertex 22.4899 -25.0001 2
      vertex 22.6765 -19.3 2
      vertex 22.6765 -24.7 2
    endloop
  endfacet
  facet normal 0 0 -1
    outer loop
      vertex 22.4899 -25.0001 2
      vertex 22.4899 -18.9999 2
      vertex 22.6765 -19.3 2
    endloop
  endfacet
  facet normal 0 0 -1
    outer loop
      vertex 22.2841 -25.2873 2
      vertex 22.4899 -18.9999 2
      vertex 22.4899 -25.0001 2
    endloop
  endfacet
  facet normal 0 0 -1
    outer loop
      vertex 22.2841 -25.2873 2
      vertex 22.2841 -18.7127 2
      vertex 22.4899 -18.9999 2
    endloop
  endfacet
  facet normal 0 0 -1
    outer loop
      vertex 22.0599 -25.5605 2
      vertex 22.2841 -18.7127 2
      vertex 22.2841 -25.2873 2
    endloop
  endfacet
  facet normal 0 0 -1
    outer loop
      vertex 22.0599 -25.5605 2
      vertex 22.0599 -18.4395 2
      vertex 22.2841 -18.7127 2
    endloop
  endfacet
  facet normal 0 0 -1
    outer loop
      vertex 21.8184 -25.8184 2
      vertex 22.0599 -18.4395 2
      vertex 22.0599 -25.5605 2
    endloop
  endfacet
  facet normal 0 0 -1
    outer loop
      vertex 21.8184 -25.8184 2
      vertex 21.8184 -18.1816 2
      vertex 22.0599 -18.4395 2
    endloop
  endfacet
  facet normal 0 0 -1
    outer loop
      vertex 21.5605 -26.0599 2
      vertex 21.8184 -18.1816 2
      vertex 21.8184 -25.8184 2
    endloop
  endfacet
  facet normal 0 0 -1
    outer loop
      vertex 21.5605 -26.0599 2
      vertex 21.5605 -17.9401 2
      vertex 21.8184 -18.1816 2
    endloop
  endfacet
  facet normal 0 0 -1
    outer loop
      vertex 21.2873 -26.2841 2
      vertex 21.5605 -17.9401 2
      vertex 21.5605 -26.0599 2
    endloop
  endfacet
  facet normal 0 0 -1
    outer loop
      vertex 21.2873 -26.2841 2
      vertex 21.2873 -17.7159 2
      vertex 21.5605 -17.9401 2
    endloop
  endfacet
  facet normal 0 0 -1
    outer loop
      vertex 21.0001 -26.4899 2
      vertex 21.2873 -17.7159 2
      vertex 21.2873 -26.2841 2
    endloop
  endfacet
  facet normal 0 0 -1
    outer loop
      vertex 21.0001 -26.4899 2
      vertex 21.0001 -17.5101 2
      vertex 21.2873 -17.7159 2
    endloop
  endfacet
  facet normal 0 0 -1
    outer loop
      vertex 20.7 -26.6765 2
      vertex 21.0001 -17.5101 2
      vertex 21.0001 -26.4899 2
    endloop
  endfacet
  facet normal 0 0 -1
    outer loop
      vertex 20.7 -26.6765 2
      vertex 20.7 -17.3235 2
      vertex 21.0001 -17.5101 2
    endloop
  endfacet
  facet normal 0 0 -1
    outer loop
      vertex 20.3884 -26.8431 2
      vertex 20.7 -17.3235 2
      vertex 20.7 -26.6765 2
    endloop
  endfacet
  facet normal 0 0 -1
    outer loop
      vertex 20.3884 -26.8431 2
      vertex 20.3884 -17.1569 2
      vertex 20.7 -17.3235 2
    endloop
  endfacet
  facet normal 0 0 -1
    outer loop
      vertex 20.0665 -26.9889 2
      vertex 20.3884 -17.1569 2
      vertex 20.3884 -26.8431 2
    endloop
  endfacet
  facet normal 0 0 -1
    outer loop
      vertex 20.0665 -26.9889 2
      vertex 20.0665 -17.0111 2
      vertex 20.3884 -17.1569 2
    endloop
  endfacet
  facet normal 0 0 -1
    outer loop
      vertex 19.7358 -27.1134 2
      vertex 20.0665 -17.0111 2
      vertex 20.0665 -26.9889 2
    endloop
  endfacet
  facet normal 0 0 -1
    outer loop
      vertex 19.7358 -27.1134 2
      vertex 19.7358 -16.8866 2
      vertex 20.0665 -17.0111 2
    endloop
  endfacet
  facet normal 0 0 -1
    outer loop
      vertex 19.3976 -27.216 2
      vertex 19.7358 -16.8866 2
      vertex 19.7358 -27.1134 2
    endloop
  endfacet
  facet normal 0 0 -1
    outer loop
      vertex 19.3976 -27.216 2
      vertex 19.3976 -16.784 2
      vertex 19.7358 -16.8866 2
    endloop
  endfacet
  facet normal 0 0 -1
    outer loop
      vertex 19.0535 -27.2962 2
      vertex 19.3976 -16.784 2
      vertex 19.3976 -27.216 2
    endloop
  endfacet
  facet normal 0 0 -1
    outer loop
      vertex 19.0535 -27.2962 2
      vertex 19.0535 -16.7038 2
      vertex 19.3976 -16.784 2
    endloop
  endfacet
  facet normal 0 0 -1
    outer loop
      vertex 18.7048 -27.3538 2
      vertex 19.0535 -16.7038 2
      vertex 19.0535 -27.2962 2
    endloop
  endfacet
  facet normal 0 0 -1
    outer loop
      vertex 18.7048 -27.3538 2
      vertex 18.7048 -16.6462 2
      vertex 19.0535 -16.7038 2
    endloop
  endfacet
  facet normal 0 0 -1
    outer loop
      vertex 18.3532 -27.3884 2
      vertex 18.7048 -16.6462 2
      vertex 18.7048 -27.3538 2
    endloop
  endfacet
  facet normal 0 0 -1
    outer loop
      vertex 18.3532 -27.3884 2
      vertex 18.3532 -16.6116 2
      vertex 18.7048 -16.6462 2
    endloop
  endfacet
  facet normal 0 0 -1
    outer loop
      vertex 18 -27.4 2
      vertex 18.3532 -16.6116 2
      vertex 18.3532 -27.3884 2
    endloop
  endfacet
  facet normal 0 0 -1
    outer loop
      vertex 18 -27.4 2
      vertex 18 -16.6 2
      vertex 18.3532 -16.6116 2
    endloop
  endfacet
  facet normal 0 0 -1
    outer loop
      vertex 17.6468 -27.3884 2
      vertex 18 -16.6 2
      vertex 18 -27.4 2
    endloop
  endfacet
  facet normal 0 0 -1
    outer loop
      vertex 17.6468 -27.3884 2
      vertex 17.6468 -16.6116 2
      vertex 18 -16.6 2
    endloop
  endfacet
  facet normal 0 0 -1
    outer loop
      vertex 17.2952 -27.3538 2
      vertex 17.6468 -16.6116 2
      vertex 17.6468 -27.3884 2
    endloop
  endfacet
  facet normal 0 0 -1
    outer loop
      vertex 17.2952 -27.3538 2
      vertex 17.2952 -16.6462 2
      vertex 17.6468 -16.6116 2
    endloop
  endfacet
  facet normal 0 0 -1
    outer loop
      vertex 16.9465 -27.2962 2
      vertex 17.2952 -16.6462 2
      vertex 17.2952 -27.3538 2
    endloop
  endfacet
  facet normal 0 0 -1
    outer loop
      vertex 16.9465 -27.2962 2
      vertex 16.9465 -16.7038 2
      vertex 17.2952 -16.6462 2
    endloop
  endfacet
  facet normal 0 0 -1
    outer loop
      vertex 16.6024 -27.216 2
      vertex 16.9465 -16.7038 2
      vertex 16.9465 -27.2962 2
    endloop
  endfacet
  facet normal 0 0 -1
    outer loop
      vertex 16.6024 -27.216 2
      vertex 16.6024 -16.784 2
      vertex 16.9465 -16.7038 2
    endloop
  endfacet
  facet normal 0 0 -1
    outer loop
      vertex 16.2642 -27.1134 2
      vertex 16.6024 -16.784 2
      vertex 16.6024 -27.216 2
    endloop
  endfacet
  facet normal 0 0 -1
    outer loop
      vertex 16.2642 -27.1134 2
      vertex 16.2642 -16.8866 2
      vertex 16.6024 -16.784 2
    endloop
  endfacet
  facet normal 0 0 -1
    outer loop
      vertex 15.9335 -26.9889 2
      vertex 16.2642 -16.8866 2
      vertex 16.2642 -27.1134 2
    endloop
  endfacet
  facet normal 0 0 -1
    outer loop
      vertex 15.9335 -26.9889 2
      vertex 15.9335 -17.0111 2
      vertex 16.2642 -16.8866 2
    endloop
  endfacet
  facet normal 0 0 -1
    outer loop
      vertex 15.6116 -26.8431 2
      vertex 15.9335 -17.0111 2
      vertex 15.9335 -26.9889 2
    endloop
  endfacet
  facet normal 0 0 -1
    outer loop
      vertex 15.6116 -26.8431 2
      vertex 15.6116 -17.1569 2
      vertex 15.9335 -17.0111 2
    endloop
  endfacet
  facet normal 0 0 -1
    outer loop
      vertex 15.3 -26.6765 2
      vertex 15.6116 -17.1569 2
      vertex 15.6116 -26.8431 2
    endloop
  endfacet
  facet normal 0 0 -1
    outer loop
      vertex 15.3 -26.6765 2
      vertex 15.3 -17.3235 2
      vertex 15.6116 -17.1569 2
    endloop
  endfacet
  facet normal 0 0 -1
    outer loop
      vertex 14.9999 -26.4899 2
      vertex 15.3 -17.3235 2
      vertex 15.3 -26.6765 2
    endloop
  endfacet
  facet normal 0 0 -1
    outer loop
      vertex 14.9999 -26.4899 2
      vertex 14.9999 -17.5101 2
      vertex 15.3 -17.3235 2
    endloop
  endfacet
  facet normal 0 0 -1
    outer loop
      vertex 14.7127 -26.2841 2
      vertex 14.9999 -17.5101 2
      vertex 14.9999 -26.4899 2
    endloop
  endfacet
  facet normal 0 0 -1
    outer loop
      vertex 14.7127 -26.2841 2
      vertex 14.7127 -17.7159 2
      vertex 14.9999 -17.5101 2
    endloop
  endfacet
  facet normal 0 0 -1
    outer loop
      vertex 14.4395 -26.0599 2
      vertex 14.7127 -17.7159 2
      vertex 14.7127 -26.2841 2
    endloop
  endfacet
  facet normal 0 0 -1
    outer loop
      vertex 14.4395 -26.0599 2
      vertex 14.4395 -17.9401 2
      vertex 14.7127 -17.7159 2
    endloop
  endfacet
  facet normal 0 0 -1
    outer loop
      vertex 14.1816 -25.8184 2
      vertex 14.4395 -17.9401 2
      vertex 14.4395 -26.0599 2
    endloop
  endfacet
  facet normal 0 0 -1
    outer loop
      vertex 14.1816 -25.8184 2
      vertex 14.1816 -18.1816 2
      vertex 14.4395 -17.9401 2
    endloop
  endfacet
  facet normal 0 0 -1
    outer loop
      vertex 13.9401 -25.5605 2
      vertex 14.1816 -18.1816 2
      vertex 14.1816 -25.8184 2
    endloop
  endfacet
  facet normal 0 0 -1
    outer loop
      vertex 13.9401 -25.5605 2
      vertex 13.9401 -18.4395 2
      vertex 14.1816 -18.1816 2
    endloop
  endfacet
  facet normal 0 0 -1
    outer loop
      vertex 13.7159 -25.2873 2
      vertex 13.9401 -18.4395 2
      vertex 13.9401 -25.5605 2
    endloop
  endfacet
  facet normal 0 0 -1
    outer loop
      vertex 13.7159 -25.2873 2
      vertex 13.7159 -18.7127 2
      vertex 13.9401 -18.4395 2
    endloop
  endfacet
  facet normal 0 0 -1
    outer loop
      vertex 13.5101 -25.0001 2
      vertex 13.7159 -18.7127 2
      vertex 13.7159 -25.2873 2
    endloop
  endfacet
  facet normal 0 0 -1
    outer loop
      vertex 13.5101 -25.0001 2
      vertex 13.5101 -18.9999 2
      vertex 13.7159 -18.7127 2
    endloop
  endfacet
  facet normal 0 0 -1
    outer loop
      vertex 13.3235 -24.7 2
      vertex 13.5101 -18.9999 2
      vertex 13.5101 -25.0001 2
    endloop
  endfacet
  facet normal 0 0 -1
    outer loop
      vertex 13.3235 -24.7 2
      vertex 13.3235 -19.3 2
      vertex 13.5101 -18.9999 2
    endloop
  endfacet
  facet normal 0 0 -1
    outer loop
      vertex 13.1569 -24.3884 2
      vertex 13.3235 -19.3 2
      vertex 13.3235 -24.7 2
    endloop
  endfacet
  facet normal 0 0 -1
    outer loop
      vertex 13.1569 -24.3884 2
      vertex 13.1569 -19.6116 2
      vertex 13.3235 -19.3 2
    endloop
  endfacet
  facet normal 0 0 -1
    outer loop
      vertex 13.0111 -24.0665 2
      vertex 13.1569 -19.6116 2
      vertex 13.1569 -24.3884 2
    endloop
  endfacet
  facet normal 0 0 -1
    outer loop
      vertex 13.0111 -24.0665 2
      vertex 13.0111 -19.9335 2
      vertex 13.1569 -19.6116 2
    endloop
  endfacet
  facet normal 0 0 -1
    outer loop
      vertex 12.8866 -23.7358 2
      vertex 13.0111 -19.9335 2
      vertex 13.0111 -24.0665 2
    endloop
  endfacet
  facet normal 0 0 -1
    outer loop
      vertex 12.8866 -23.7358 2
      vertex 12.8866 -20.2642 2
      vertex 13.0111 -19.9335 2
    endloop
  endfacet
  facet normal 0 0 -1
    outer loop
      vertex 12.784 -23.3976 2
      vertex 12.8866 -20.2642 2
      vertex 12.8866 -23.7358 2
    endloop
  endfacet
  facet normal 0 0 -1
    outer loop
      vertex 12.784 -23.3976 2
      vertex 12.784 -20.6024 2
      vertex 12.8866 -20.2642 2
    endloop
  endfacet
  facet normal 0 0 -1
    outer loop
      vertex 12.7038 -23.0535 2
      vertex 12.784 -20.6024 2
      vertex 12.784 -23.3976 2
    endloop
  endfacet
  facet normal 0 0 -1
    outer loop
      vertex 12.7038 -23.0535 2
      vertex 12.7038 -20.9465 2
      vertex 12.784 -20.6024 2
    endloop
  endfacet
  facet normal 0 0 -1
    outer loop
      vertex 12.6462 -22.7048 2
      vertex 12.7038 -20.9465 2
      vertex 12.7038 -23.0535 2
    endloop
  endfacet
  facet normal 0 0 -1
    outer loop
      vertex 12.6462 -22.7048 2
      vertex 12.6462 -21.2952 2
      vertex 12.7038 -20.9465 2
    endloop
  endfacet
  facet normal 0 0 -1
    outer loop
      vertex 12.6116 -22.3532 2
      vertex 12.6462 -21.2952 2
      vertex 12.6462 -22.7048 2
    endloop
  endfacet
  facet normal 0 0 -1
    outer loop
      vertex 12.6116 -22.3532 2
      vertex 12.6116 -21.6468 2
      vertex 12.6462 -21.2952 2
    endloop
  endfacet
  facet normal 0 -0 -1
    outer loop
      vertex 12.6116 -21.6468 2
      vertex 12.6116 -22.3532 2
      vertex 12.6 -22 2
    endloop
  endfacet
  facet normal -0.582469 -0.812853 0
    outer loop
      vertex 14.7127 -26.2841 2
      vertex 14.9999 -26.4899 2.6
      vertex 14.7127 -26.2841 2.6
    endloop
  endfacet
  facet normal -0.582469 -0.812853 -0
    outer loop
      vertex 14.9999 -26.4899 2.6
      vertex 14.7127 -26.2841 2
      vertex 14.9999 -26.4899 2
    endloop
  endfacet
  facet normal -0.683517 -0.729934 0
    outer loop
      vertex 14.1816 -25.8184 2
      vertex 14.4395 -26.0599 2.6
      vertex 14.1816 -25.8184 2.6
    endloop
  endfacet
  facet normal -0.683517 -0.729934 -0
    outer loop
      vertex 14.4395 -26.0599 2.6
      vertex 14.1816 -25.8184 2
      vertex 14.4395 -26.0599 2
    endloop
  endfacet
  facet normal -0.0979342 -0.995193 0
    outer loop
      vertex 17.2952 -27.3538 2
      vertex 17.6468 -27.3884 2.6
      vertex 17.2952 -27.3538 2.6
    endloop
  endfacet
  facet normal -0.0979342 -0.995193 -0
    outer loop
      vertex 17.6468 -27.3884 2.6
      vertex 17.2952 -27.3538 2
      vertex 17.6468 -27.3884 2
    endloop
  endfacet
  facet normal 0.98663 0.162976 0
    outer loop
      vertex 23.3538 -21.2952 2.6
      vertex 23.2962 -20.9465 2
      vertex 23.2962 -20.9465 2.6
    endloop
  endfacet
  facet normal 0.98663 0.162976 0
    outer loop
      vertex 23.2962 -20.9465 2
      vertex 23.3538 -21.2952 2.6
      vertex 23.3538 -21.2952 2
    endloop
  endfacet
  facet normal 0.956934 0.290306 0
    outer loop
      vertex 23.216 -20.6024 2.6
      vertex 23.1134 -20.2642 2
      vertex 23.1134 -20.2642 2.6
    endloop
  endfacet
  facet normal 0.956934 0.290306 0
    outer loop
      vertex 23.1134 -20.2642 2
      vertex 23.216 -20.6024 2.6
      vertex 23.216 -20.6024 2
    endloop
  endfacet
  facet normal -0.910918 0.412587 0
    outer loop
      vertex 13.0111 -19.9335 2
      vertex 13.1569 -19.6116 2.6
      vertex 13.1569 -19.6116 2
    endloop
  endfacet
  facet normal -0.910918 0.412587 0
    outer loop
      vertex 13.1569 -19.6116 2.6
      vertex 13.0111 -19.9335 2
      vertex 13.0111 -19.9335 2.6
    endloop
  endfacet
  facet normal 0.0979342 0.995193 -0
    outer loop
      vertex 18.7048 -16.6462 2
      vertex 18.3532 -16.6116 2.6
      vertex 18.7048 -16.6462 2.6
    endloop
  endfacet
  facet normal 0.0979342 0.995193 0
    outer loop
      vertex 18.3532 -16.6116 2.6
      vertex 18.7048 -16.6462 2
      vertex 18.3532 -16.6116 2
    endloop
  endfacet
  facet normal 0.973898 -0.226988 0
    outer loop
      vertex 23.216 -23.3976 2.6
      vertex 23.2962 -23.0535 2
      vertex 23.2962 -23.0535 2.6
    endloop
  endfacet
  facet normal 0.973898 -0.226988 0
    outer loop
      vertex 23.2962 -23.0535 2
      vertex 23.216 -23.3976 2.6
      vertex 23.216 -23.3976 2
    endloop
  endfacet
  facet normal 0.98663 -0.162976 0
    outer loop
      vertex 23.2962 -23.0535 2.6
      vertex 23.3538 -22.7048 2
      vertex 23.3538 -22.7048 2.6
    endloop
  endfacet
  facet normal 0.98663 -0.162976 0
    outer loop
      vertex 23.3538 -22.7048 2
      vertex 23.2962 -23.0535 2.6
      vertex 23.2962 -23.0535 2
    endloop
  endfacet
  facet normal 0.956934 -0.290306 0
    outer loop
      vertex 23.1134 -23.7358 2.6
      vertex 23.216 -23.3976 2
      vertex 23.216 -23.3976 2.6
    endloop
  endfacet
  facet normal 0.956934 -0.290306 0
    outer loop
      vertex 23.216 -23.3976 2
      vertex 23.1134 -23.7358 2.6
      vertex 23.1134 -23.7358 2
    endloop
  endfacet
  facet normal 0.729934 -0.683517 0
    outer loop
      vertex 21.8184 -25.8184 2.6
      vertex 22.0599 -25.5605 2
      vertex 22.0599 -25.5605 2.6
    endloop
  endfacet
  facet normal 0.729934 -0.683517 0
    outer loop
      vertex 22.0599 -25.5605 2
      vertex 21.8184 -25.8184 2.6
      vertex 21.8184 -25.8184 2
    endloop
  endfacet
  facet normal 0.84922 -0.528039 0
    outer loop
      vertex 22.4899 -25.0001 2.6
      vertex 22.6765 -24.7 2
      vertex 22.6765 -24.7 2.6
    endloop
  endfacet
  facet normal 0.84922 -0.528039 0
    outer loop
      vertex 22.6765 -24.7 2
      vertex 22.4899 -25.0001 2.6
      vertex 22.4899 -25.0001 2
    endloop
  endfacet
  facet normal 0.226988 -0.973898 0
    outer loop
      vertex 19.0535 -27.2962 2
      vertex 19.3976 -27.216 2.6
      vertex 19.0535 -27.2962 2.6
    endloop
  endfacet
  facet normal 0.226988 -0.973898 0
    outer loop
      vertex 19.3976 -27.216 2.6
      vertex 19.0535 -27.2962 2
      vertex 19.3976 -27.216 2
    endloop
  endfacet
  facet normal 0.0328249 -0.999461 0
    outer loop
      vertex 18 -27.4 2
      vertex 18.3532 -27.3884 2.6
      vertex 18 -27.4 2.6
    endloop
  endfacet
  facet normal 0.0328249 -0.999461 0
    outer loop
      vertex 18.3532 -27.3884 2.6
      vertex 18 -27.4 2
      vertex 18.3532 -27.3884 2
    endloop
  endfacet
  facet normal 0.471499 -0.881867 0
    outer loop
      vertex 20.3884 -26.8431 2
      vertex 20.7 -26.6765 2.6
      vertex 20.3884 -26.8431 2.6
    endloop
  endfacet
  facet normal 0.471499 -0.881867 0
    outer loop
      vertex 20.7 -26.6765 2.6
      vertex 20.3884 -26.8431 2
      vertex 20.7 -26.6765 2
    endloop
  endfacet
  facet normal 0.412587 -0.910918 0
    outer loop
      vertex 20.0665 -26.9889 2
      vertex 20.3884 -26.8431 2.6
      vertex 20.0665 -26.9889 2.6
    endloop
  endfacet
  facet normal 0.412587 -0.910918 0
    outer loop
      vertex 20.3884 -26.8431 2.6
      vertex 20.0665 -26.9889 2
      vertex 20.3884 -26.8431 2
    endloop
  endfacet
  facet normal 0.634377 -0.773024 0
    outer loop
      vertex 21.2873 -26.2841 2
      vertex 21.5605 -26.0599 2.6
      vertex 21.2873 -26.2841 2.6
    endloop
  endfacet
  facet normal 0.634377 -0.773024 0
    outer loop
      vertex 21.5605 -26.0599 2.6
      vertex 21.2873 -26.2841 2
      vertex 21.5605 -26.0599 2
    endloop
  endfacet
  facet normal -0.812853 -0.582469 0
    outer loop
      vertex 13.7159 -25.2873 2
      vertex 13.5101 -25.0001 2.6
      vertex 13.5101 -25.0001 2
    endloop
  endfacet
  facet normal -0.812853 -0.582469 0
    outer loop
      vertex 13.5101 -25.0001 2.6
      vertex 13.7159 -25.2873 2
      vertex 13.7159 -25.2873 2.6
    endloop
  endfacet
  facet normal -0.910918 -0.412587 0
    outer loop
      vertex 13.1569 -24.3884 2
      vertex 13.0111 -24.0665 2.6
      vertex 13.0111 -24.0665 2
    endloop
  endfacet
  facet normal -0.910918 -0.412587 0
    outer loop
      vertex 13.0111 -24.0665 2.6
      vertex 13.1569 -24.3884 2
      vertex 13.1569 -24.3884 2.6
    endloop
  endfacet
  facet normal -0.956934 -0.290306 0
    outer loop
      vertex 12.8866 -23.7358 2
      vertex 12.784 -23.3976 2.6
      vertex 12.784 -23.3976 2
    endloop
  endfacet
  facet normal -0.956934 -0.290306 0
    outer loop
      vertex 12.784 -23.3976 2.6
      vertex 12.8866 -23.7358 2
      vertex 12.8866 -23.7358 2.6
    endloop
  endfacet
  facet normal -0.973898 -0.226988 0
    outer loop
      vertex 12.784 -23.3976 2
      vertex 12.7038 -23.0535 2.6
      vertex 12.7038 -23.0535 2
    endloop
  endfacet
  facet normal -0.973898 -0.226988 0
    outer loop
      vertex 12.7038 -23.0535 2.6
      vertex 12.784 -23.3976 2
      vertex 12.784 -23.3976 2.6
    endloop
  endfacet
  facet normal -0.999461 -0.0328249 0
    outer loop
      vertex 12.6116 -22.3532 2
      vertex 12.6 -22 2.6
      vertex 12.6 -22 2
    endloop
  endfacet
  facet normal -0.999461 -0.0328249 0
    outer loop
      vertex 12.6 -22 2.6
      vertex 12.6116 -22.3532 2
      vertex 12.6116 -22.3532 2.6
    endloop
  endfacet
  facet normal -0.999461 0.0328249 0
    outer loop
      vertex 12.6 -22 2
      vertex 12.6116 -21.6468 2.6
      vertex 12.6116 -21.6468 2
    endloop
  endfacet
  facet normal -0.999461 0.0328249 0
    outer loop
      vertex 12.6116 -21.6468 2.6
      vertex 12.6 -22 2
      vertex 12.6 -22 2.6
    endloop
  endfacet
  facet normal -0.634377 -0.773024 0
    outer loop
      vertex 14.4395 -26.0599 2
      vertex 14.7127 -26.2841 2.6
      vertex 14.4395 -26.0599 2.6
    endloop
  endfacet
  facet normal -0.634377 -0.773024 -0
    outer loop
      vertex 14.7127 -26.2841 2.6
      vertex 14.4395 -26.0599 2
      vertex 14.7127 -26.2841 2
    endloop
  endfacet
  facet normal -0.471499 -0.881867 0
    outer loop
      vertex 15.3 -26.6765 2
      vertex 15.6116 -26.8431 2.6
      vertex 15.3 -26.6765 2.6
    endloop
  endfacet
  facet normal -0.471499 -0.881867 -0
    outer loop
      vertex 15.6116 -26.8431 2.6
      vertex 15.3 -26.6765 2
      vertex 15.6116 -26.8431 2
    endloop
  endfacet
  facet normal -0.528039 -0.84922 0
    outer loop
      vertex 14.9999 -26.4899 2
      vertex 15.3 -26.6765 2.6
      vertex 14.9999 -26.4899 2.6
    endloop
  endfacet
  facet normal -0.528039 -0.84922 -0
    outer loop
      vertex 15.3 -26.6765 2.6
      vertex 14.9999 -26.4899 2
      vertex 15.3 -26.6765 2
    endloop
  endfacet
  facet normal -0.290306 -0.956934 0
    outer loop
      vertex 16.2642 -27.1134 2
      vertex 16.6024 -27.216 2.6
      vertex 16.2642 -27.1134 2.6
    endloop
  endfacet
  facet normal -0.290306 -0.956934 -0
    outer loop
      vertex 16.6024 -27.216 2.6
      vertex 16.2642 -27.1134 2
      vertex 16.6024 -27.216 2
    endloop
  endfacet
  facet normal 0.773024 0.634377 0
    outer loop
      vertex 22.2841 -18.7127 2.6
      vertex 22.0599 -18.4395 2
      vertex 22.0599 -18.4395 2.6
    endloop
  endfacet
  facet normal 0.773024 0.634377 0
    outer loop
      vertex 22.0599 -18.4395 2
      vertex 22.2841 -18.7127 2.6
      vertex 22.2841 -18.7127 2
    endloop
  endfacet
  facet normal 0.471499 0.881867 -0
    outer loop
      vertex 20.7 -17.3235 2
      vertex 20.3884 -17.1569 2.6
      vertex 20.7 -17.3235 2.6
    endloop
  endfacet
  facet normal 0.471499 0.881867 0
    outer loop
      vertex 20.3884 -17.1569 2.6
      vertex 20.7 -17.3235 2
      vertex 20.3884 -17.1569 2
    endloop
  endfacet
  facet normal -0.773024 0.634377 0
    outer loop
      vertex 13.7159 -18.7127 2
      vertex 13.9401 -18.4395 2.6
      vertex 13.9401 -18.4395 2
    endloop
  endfacet
  facet normal -0.773024 0.634377 0
    outer loop
      vertex 13.9401 -18.4395 2.6
      vertex 13.7159 -18.7127 2
      vertex 13.7159 -18.7127 2.6
    endloop
  endfacet
  facet normal -0.973898 0.226988 0
    outer loop
      vertex 12.7038 -20.9465 2
      vertex 12.784 -20.6024 2.6
      vertex 12.784 -20.6024 2
    endloop
  endfacet
  facet normal -0.973898 0.226988 0
    outer loop
      vertex 12.784 -20.6024 2.6
      vertex 12.7038 -20.9465 2
      vertex 12.7038 -20.9465 2.6
    endloop
  endfacet
  facet normal -0.995193 0.0979342 0
    outer loop
      vertex 12.6116 -21.6468 2
      vertex 12.6462 -21.2952 2.6
      vertex 12.6462 -21.2952 2
    endloop
  endfacet
  facet normal -0.995193 0.0979342 0
    outer loop
      vertex 12.6462 -21.2952 2.6
      vertex 12.6116 -21.6468 2
      vertex 12.6116 -21.6468 2.6
    endloop
  endfacet
  facet normal 0.0328249 0.999461 -0
    outer loop
      vertex 18.3532 -16.6116 2
      vertex 18 -16.6 2.6
      vertex 18.3532 -16.6116 2.6
    endloop
  endfacet
  facet normal 0.0328249 0.999461 0
    outer loop
      vertex 18 -16.6 2.6
      vertex 18.3532 -16.6116 2
      vertex 18 -16.6 2
    endloop
  endfacet
  facet normal 0.290306 0.956934 -0
    outer loop
      vertex 19.7358 -16.8866 2
      vertex 19.3976 -16.784 2.6
      vertex 19.7358 -16.8866 2.6
    endloop
  endfacet
  facet normal 0.290306 0.956934 0
    outer loop
      vertex 19.3976 -16.784 2.6
      vertex 19.7358 -16.8866 2
      vertex 19.3976 -16.784 2
    endloop
  endfacet
  facet normal 0.162976 0.98663 -0
    outer loop
      vertex 19.0535 -16.7038 2
      vertex 18.7048 -16.6462 2.6
      vertex 19.0535 -16.7038 2.6
    endloop
  endfacet
  facet normal 0.162976 0.98663 0
    outer loop
      vertex 18.7048 -16.6462 2.6
      vertex 19.0535 -16.7038 2
      vertex 18.7048 -16.6462 2
    endloop
  endfacet
  facet normal 0.935875 -0.352333 0
    outer loop
      vertex 22.9889 -24.0665 2.6
      vertex 23.1134 -23.7358 2
      vertex 23.1134 -23.7358 2.6
    endloop
  endfacet
  facet normal 0.935875 -0.352333 0
    outer loop
      vertex 23.1134 -23.7358 2
      vertex 22.9889 -24.0665 2.6
      vertex 22.9889 -24.0665 2
    endloop
  endfacet
  facet normal 0.773024 -0.634377 0
    outer loop
      vertex 22.0599 -25.5605 2.6
      vertex 22.2841 -25.2873 2
      vertex 22.2841 -25.2873 2.6
    endloop
  endfacet
  facet normal 0.773024 -0.634377 0
    outer loop
      vertex 22.2841 -25.2873 2
      vertex 22.0599 -25.5605 2.6
      vertex 22.0599 -25.5605 2
    endloop
  endfacet
  facet normal 0.881867 -0.471499 0
    outer loop
      vertex 22.6765 -24.7 2.6
      vertex 22.8431 -24.3884 2
      vertex 22.8431 -24.3884 2.6
    endloop
  endfacet
  facet normal 0.881867 -0.471499 0
    outer loop
      vertex 22.8431 -24.3884 2
      vertex 22.6765 -24.7 2.6
      vertex 22.6765 -24.7 2
    endloop
  endfacet
  facet normal 0.290306 -0.956934 0
    outer loop
      vertex 19.3976 -27.216 2
      vertex 19.7358 -27.1134 2.6
      vertex 19.3976 -27.216 2.6
    endloop
  endfacet
  facet normal 0.290306 -0.956934 0
    outer loop
      vertex 19.7358 -27.1134 2.6
      vertex 19.3976 -27.216 2
      vertex 19.7358 -27.1134 2
    endloop
  endfacet
  facet normal -0.773024 -0.634377 0
    outer loop
      vertex 13.9401 -25.5605 2
      vertex 13.7159 -25.2873 2.6
      vertex 13.7159 -25.2873 2
    endloop
  endfacet
  facet normal -0.773024 -0.634377 0
    outer loop
      vertex 13.7159 -25.2873 2.6
      vertex 13.9401 -25.5605 2
      vertex 13.9401 -25.5605 2.6
    endloop
  endfacet
  facet normal -0.352333 -0.935875 0
    outer loop
      vertex 15.9335 -26.9889 2
      vertex 16.2642 -27.1134 2.6
      vertex 15.9335 -26.9889 2.6
    endloop
  endfacet
  facet normal -0.352333 -0.935875 -0
    outer loop
      vertex 16.2642 -27.1134 2.6
      vertex 15.9335 -26.9889 2
      vertex 16.2642 -27.1134 2
    endloop
  endfacet
  facet normal -0.412587 -0.910918 0
    outer loop
      vertex 15.6116 -26.8431 2
      vertex 15.9335 -26.9889 2.6
      vertex 15.6116 -26.8431 2.6
    endloop
  endfacet
  facet normal -0.412587 -0.910918 -0
    outer loop
      vertex 15.9335 -26.9889 2.6
      vertex 15.6116 -26.8431 2
      vertex 15.9335 -26.9889 2
    endloop
  endfacet
  facet normal -0.162976 -0.98663 0
    outer loop
      vertex 16.9465 -27.2962 2
      vertex 17.2952 -27.3538 2.6
      vertex 16.9465 -27.2962 2.6
    endloop
  endfacet
  facet normal -0.162976 -0.98663 -0
    outer loop
      vertex 17.2952 -27.3538 2.6
      vertex 16.9465 -27.2962 2
      vertex 17.2952 -27.3538 2
    endloop
  endfacet
  facet normal -0.226988 -0.973898 0
    outer loop
      vertex 16.6024 -27.216 2
      vertex 16.9465 -27.2962 2.6
      vertex 16.6024 -27.216 2.6
    endloop
  endfacet
  facet normal -0.226988 -0.973898 -0
    outer loop
      vertex 16.9465 -27.2962 2.6
      vertex 16.6024 -27.216 2
      vertex 16.9465 -27.2962 2
    endloop
  endfacet
  facet normal 0.973898 0.226988 0
    outer loop
      vertex 23.2962 -20.9465 2.6
      vertex 23.216 -20.6024 2
      vertex 23.216 -20.6024 2.6
    endloop
  endfacet
  facet normal 0.973898 0.226988 0
    outer loop
      vertex 23.216 -20.6024 2
      vertex 23.2962 -20.9465 2.6
      vertex 23.2962 -20.9465 2
    endloop
  endfacet
  facet normal 0.995193 0.0979342 0
    outer loop
      vertex 23.3884 -21.6468 2.6
      vertex 23.3538 -21.2952 2
      vertex 23.3538 -21.2952 2.6
    endloop
  endfacet
  facet normal 0.995193 0.0979342 0
    outer loop
      vertex 23.3538 -21.2952 2
      vertex 23.3884 -21.6468 2.6
      vertex 23.3884 -21.6468 2
    endloop
  endfacet
  facet normal 0.999461 0.0328249 0
    outer loop
      vertex 23.4 -22 2.6
      vertex 23.3884 -21.6468 2
      vertex 23.3884 -21.6468 2.6
    endloop
  endfacet
  facet normal 0.999461 0.0328249 0
    outer loop
      vertex 23.3884 -21.6468 2
      vertex 23.4 -22 2.6
      vertex 23.4 -22 2
    endloop
  endfacet
  facet normal 0.729934 0.683517 0
    outer loop
      vertex 22.0599 -18.4395 2.6
      vertex 21.8184 -18.1816 2
      vertex 21.8184 -18.1816 2.6
    endloop
  endfacet
  facet normal 0.729934 0.683517 0
    outer loop
      vertex 21.8184 -18.1816 2
      vertex 22.0599 -18.4395 2.6
      vertex 22.0599 -18.4395 2
    endloop
  endfacet
  facet normal 0.935875 0.352333 0
    outer loop
      vertex 23.1134 -20.2642 2.6
      vertex 22.9889 -19.9335 2
      vertex 22.9889 -19.9335 2.6
    endloop
  endfacet
  facet normal 0.935875 0.352333 0
    outer loop
      vertex 22.9889 -19.9335 2
      vertex 23.1134 -20.2642 2.6
      vertex 23.1134 -20.2642 2
    endloop
  endfacet
  facet normal 0.881867 0.471499 0
    outer loop
      vertex 22.8431 -19.6116 2.6
      vertex 22.6765 -19.3 2
      vertex 22.6765 -19.3 2.6
    endloop
  endfacet
  facet normal 0.881867 0.471499 0
    outer loop
      vertex 22.6765 -19.3 2
      vertex 22.8431 -19.6116 2.6
      vertex 22.8431 -19.6116 2
    endloop
  endfacet
  facet normal -0.162976 0.98663 0
    outer loop
      vertex 17.2952 -16.6462 2
      vertex 16.9465 -16.7038 2.6
      vertex 17.2952 -16.6462 2.6
    endloop
  endfacet
  facet normal -0.162976 0.98663 0
    outer loop
      vertex 16.9465 -16.7038 2.6
      vertex 17.2952 -16.6462 2
      vertex 16.9465 -16.7038 2
    endloop
  endfacet
  facet normal -0.683517 0.729934 0
    outer loop
      vertex 14.4395 -17.9401 2
      vertex 14.1816 -18.1816 2.6
      vertex 14.4395 -17.9401 2.6
    endloop
  endfacet
  facet normal -0.683517 0.729934 0
    outer loop
      vertex 14.1816 -18.1816 2.6
      vertex 14.4395 -17.9401 2
      vertex 14.1816 -18.1816 2
    endloop
  endfacet
  facet normal -0.98663 0.162976 0
    outer loop
      vertex 12.6462 -21.2952 2
      vertex 12.7038 -20.9465 2.6
      vertex 12.7038 -20.9465 2
    endloop
  endfacet
  facet normal -0.98663 0.162976 0
    outer loop
      vertex 12.7038 -20.9465 2.6
      vertex 12.6462 -21.2952 2
      vertex 12.6462 -21.2952 2.6
    endloop
  endfacet
  facet normal 0.352333 0.935875 -0
    outer loop
      vertex 20.0665 -17.0111 2
      vertex 19.7358 -16.8866 2.6
      vertex 20.0665 -17.0111 2.6
    endloop
  endfacet
  facet normal 0.352333 0.935875 0
    outer loop
      vertex 19.7358 -16.8866 2.6
      vertex 20.0665 -17.0111 2
      vertex 19.7358 -16.8866 2
    endloop
  endfacet
  facet normal 0.412587 0.910918 -0
    outer loop
      vertex 20.3884 -17.1569 2
      vertex 20.0665 -17.0111 2.6
      vertex 20.3884 -17.1569 2.6
    endloop
  endfacet
  facet normal 0.412587 0.910918 0
    outer loop
      vertex 20.0665 -17.0111 2.6
      vertex 20.3884 -17.1569 2
      vertex 20.0665 -17.0111 2
    endloop
  endfacet
  facet normal 0.226988 0.973898 -0
    outer loop
      vertex 19.3976 -16.784 2
      vertex 19.0535 -16.7038 2.6
      vertex 19.3976 -16.784 2.6
    endloop
  endfacet
  facet normal 0.226988 0.973898 0
    outer loop
      vertex 19.0535 -16.7038 2.6
      vertex 19.3976 -16.784 2
      vertex 19.0535 -16.7038 2
    endloop
  endfacet
  facet normal 0.812853 0.582469 0
    outer loop
      vertex 22.4899 -18.9999 2.6
      vertex 22.2841 -18.7127 2
      vertex 22.2841 -18.7127 2.6
    endloop
  endfacet
  facet normal 0.812853 0.582469 0
    outer loop
      vertex 22.2841 -18.7127 2
      vertex 22.4899 -18.9999 2.6
      vertex 22.4899 -18.9999 2
    endloop
  endfacet
  facet normal 0.84922 0.528039 0
    outer loop
      vertex 22.6765 -19.3 2.6
      vertex 22.4899 -18.9999 2
      vertex 22.4899 -18.9999 2.6
    endloop
  endfacet
  facet normal 0.84922 0.528039 0
    outer loop
      vertex 22.4899 -18.9999 2
      vertex 22.6765 -19.3 2.6
      vertex 22.6765 -19.3 2
    endloop
  endfacet
  facet normal 0.582469 0.812853 -0
    outer loop
      vertex 21.2873 -17.7159 2
      vertex 21.0001 -17.5101 2.6
      vertex 21.2873 -17.7159 2.6
    endloop
  endfacet
  facet normal 0.582469 0.812853 0
    outer loop
      vertex 21.0001 -17.5101 2.6
      vertex 21.2873 -17.7159 2
      vertex 21.0001 -17.5101 2
    endloop
  endfacet
  facet normal 0.683517 0.729934 -0
    outer loop
      vertex 21.8184 -18.1816 2
      vertex 21.5605 -17.9401 2.6
      vertex 21.8184 -18.1816 2.6
    endloop
  endfacet
  facet normal 0.683517 0.729934 0
    outer loop
      vertex 21.5605 -17.9401 2.6
      vertex 21.8184 -18.1816 2
      vertex 21.5605 -17.9401 2
    endloop
  endfacet
  facet normal 0.528039 0.84922 -0
    outer loop
      vertex 21.0001 -17.5101 2
      vertex 20.7 -17.3235 2.6
      vertex 21.0001 -17.5101 2.6
    endloop
  endfacet
  facet normal 0.528039 0.84922 0
    outer loop
      vertex 20.7 -17.3235 2.6
      vertex 21.0001 -17.5101 2
      vertex 20.7 -17.3235 2
    endloop
  endfacet
  facet normal 0.910918 0.412587 0
    outer loop
      vertex 22.9889 -19.9335 2.6
      vertex 22.8431 -19.6116 2
      vertex 22.8431 -19.6116 2.6
    endloop
  endfacet
  facet normal 0.910918 0.412587 0
    outer loop
      vertex 22.8431 -19.6116 2
      vertex 22.9889 -19.9335 2.6
      vertex 22.9889 -19.9335 2
    endloop
  endfacet
  facet normal -0.352333 0.935875 0
    outer loop
      vertex 16.2642 -16.8866 2
      vertex 15.9335 -17.0111 2.6
      vertex 16.2642 -16.8866 2.6
    endloop
  endfacet
  facet normal -0.352333 0.935875 0
    outer loop
      vertex 15.9335 -17.0111 2.6
      vertex 16.2642 -16.8866 2
      vertex 15.9335 -17.0111 2
    endloop
  endfacet
  facet normal -0.226988 0.973898 0
    outer loop
      vertex 16.9465 -16.7038 2
      vertex 16.6024 -16.784 2.6
      vertex 16.9465 -16.7038 2.6
    endloop
  endfacet
  facet normal -0.226988 0.973898 0
    outer loop
      vertex 16.6024 -16.784 2.6
      vertex 16.9465 -16.7038 2
      vertex 16.6024 -16.784 2
    endloop
  endfacet
  facet normal -0.84922 0.528039 0
    outer loop
      vertex 13.3235 -19.3 2
      vertex 13.5101 -18.9999 2.6
      vertex 13.5101 -18.9999 2
    endloop
  endfacet
  facet normal -0.84922 0.528039 0
    outer loop
      vertex 13.5101 -18.9999 2.6
      vertex 13.3235 -19.3 2
      vertex 13.3235 -19.3 2.6
    endloop
  endfacet
  facet normal -0.881867 0.471499 0
    outer loop
      vertex 13.1569 -19.6116 2
      vertex 13.3235 -19.3 2.6
      vertex 13.3235 -19.3 2
    endloop
  endfacet
  facet normal -0.881867 0.471499 0
    outer loop
      vertex 13.3235 -19.3 2.6
      vertex 13.1569 -19.6116 2
      vertex 13.1569 -19.6116 2.6
    endloop
  endfacet
  facet normal -0.935875 0.352333 0
    outer loop
      vertex 12.8866 -20.2642 2
      vertex 13.0111 -19.9335 2.6
      vertex 13.0111 -19.9335 2
    endloop
  endfacet
  facet normal -0.935875 0.352333 0
    outer loop
      vertex 13.0111 -19.9335 2.6
      vertex 12.8866 -20.2642 2
      vertex 12.8866 -20.2642 2.6
    endloop
  endfacet
  facet normal 0.634377 0.773024 -0
    outer loop
      vertex 21.5605 -17.9401 2
      vertex 21.2873 -17.7159 2.6
      vertex 21.5605 -17.9401 2.6
    endloop
  endfacet
  facet normal 0.634377 0.773024 0
    outer loop
      vertex 21.2873 -17.7159 2.6
      vertex 21.5605 -17.9401 2
      vertex 21.2873 -17.7159 2
    endloop
  endfacet
  facet normal -0.528039 0.84922 0
    outer loop
      vertex 15.3 -17.3235 2
      vertex 14.9999 -17.5101 2.6
      vertex 15.3 -17.3235 2.6
    endloop
  endfacet
  facet normal -0.528039 0.84922 0
    outer loop
      vertex 14.9999 -17.5101 2.6
      vertex 15.3 -17.3235 2
      vertex 14.9999 -17.5101 2
    endloop
  endfacet
  facet normal -0.582469 0.812853 0
    outer loop
      vertex 14.9999 -17.5101 2
      vertex 14.7127 -17.7159 2.6
      vertex 14.9999 -17.5101 2.6
    endloop
  endfacet
  facet normal -0.582469 0.812853 0
    outer loop
      vertex 14.7127 -17.7159 2.6
      vertex 14.9999 -17.5101 2
      vertex 14.7127 -17.7159 2
    endloop
  endfacet
  facet normal -0.634377 0.773024 0
    outer loop
      vertex 14.7127 -17.7159 2
      vertex 14.4395 -17.9401 2.6
      vertex 14.7127 -17.7159 2.6
    endloop
  endfacet
  facet normal -0.634377 0.773024 0
    outer loop
      vertex 14.4395 -17.9401 2.6
      vertex 14.7127 -17.7159 2
      vertex 14.4395 -17.9401 2
    endloop
  endfacet
  facet normal -0.290306 0.956934 0
    outer loop
      vertex 16.6024 -16.784 2
      vertex 16.2642 -16.8866 2.6
      vertex 16.6024 -16.784 2.6
    endloop
  endfacet
  facet normal -0.290306 0.956934 0
    outer loop
      vertex 16.2642 -16.8866 2.6
      vertex 16.6024 -16.784 2
      vertex 16.2642 -16.8866 2
    endloop
  endfacet
  facet normal -0.0979342 0.995193 0
    outer loop
      vertex 17.6468 -16.6116 2
      vertex 17.2952 -16.6462 2.6
      vertex 17.6468 -16.6116 2.6
    endloop
  endfacet
  facet normal -0.0979342 0.995193 0
    outer loop
      vertex 17.2952 -16.6462 2.6
      vertex 17.6468 -16.6116 2
      vertex 17.2952 -16.6462 2
    endloop
  endfacet
  facet normal -0.0328249 0.999461 0
    outer loop
      vertex 18 -16.6 2
      vertex 17.6468 -16.6116 2.6
      vertex 18 -16.6 2.6
    endloop
  endfacet
  facet normal -0.0328249 0.999461 0
    outer loop
      vertex 17.6468 -16.6116 2.6
      vertex 18 -16.6 2
      vertex 17.6468 -16.6116 2
    endloop
  endfacet
  facet normal -0.729934 0.683517 0
    outer loop
      vertex 13.9401 -18.4395 2
      vertex 14.1816 -18.1816 2.6
      vertex 14.1816 -18.1816 2
    endloop
  endfacet
  facet normal -0.729934 0.683517 0
    outer loop
      vertex 14.1816 -18.1816 2.6
      vertex 13.9401 -18.4395 2
      vertex 13.9401 -18.4395 2.6
    endloop
  endfacet
  facet normal -0.956934 0.290306 0
    outer loop
      vertex 12.784 -20.6024 2
      vertex 12.8866 -20.2642 2.6
      vertex 12.8866 -20.2642 2
    endloop
  endfacet
  facet normal -0.956934 0.290306 0
    outer loop
      vertex 12.8866 -20.2642 2.6
      vertex 12.784 -20.6024 2
      vertex 12.784 -20.6024 2.6
    endloop
  endfacet
  facet normal -0.812853 0.582469 0
    outer loop
      vertex 13.5101 -18.9999 2
      vertex 13.7159 -18.7127 2.6
      vertex 13.7159 -18.7127 2
    endloop
  endfacet
  facet normal -0.812853 0.582469 0
    outer loop
      vertex 13.7159 -18.7127 2.6
      vertex 13.5101 -18.9999 2
      vertex 13.5101 -18.9999 2.6
    endloop
  endfacet
  facet normal -0.471499 0.881867 0
    outer loop
      vertex 15.6116 -17.1569 2
      vertex 15.3 -17.3235 2.6
      vertex 15.6116 -17.1569 2.6
    endloop
  endfacet
  facet normal -0.471499 0.881867 0
    outer loop
      vertex 15.3 -17.3235 2.6
      vertex 15.6116 -17.1569 2
      vertex 15.3 -17.3235 2
    endloop
  endfacet
  facet normal -0.412587 0.910918 0
    outer loop
      vertex 15.9335 -17.0111 2
      vertex 15.6116 -17.1569 2.6
      vertex 15.9335 -17.0111 2.6
    endloop
  endfacet
  facet normal -0.412587 0.910918 0
    outer loop
      vertex 15.6116 -17.1569 2.6
      vertex 15.9335 -17.0111 2
      vertex 15.6116 -17.1569 2
    endloop
  endfacet
endsolid OpenSCAD_Model
