solid OpenSCAD_Model
  facet normal -0.707111 0.707103 0
    outer loop
      vertex -40 -2.82843 0
      vertex -37.1716 0 2
      vertex -37.1716 0 0
    endloop
  endfacet
  facet normal -0.707111 0.707103 0
    outer loop
      vertex -37.1716 0 2
      vertex -40 -2.82843 0
      vertex -40 -2.82843 2
    endloop
  endfacet
  facet normal 0.707111 0.707103 0
    outer loop
      vertex 40 -2.82843 2
      vertex 37.1716 0 0
      vertex 37.1716 0 2
    endloop
  endfacet
  facet normal 0.707111 0.707103 0
    outer loop
      vertex 37.1716 0 0
      vertex 40 -2.82843 2
      vertex 40 -2.82843 0
    endloop
  endfacet
  facet normal -1 0 0
    outer loop
      vertex -40 -80 0
      vertex -40 -2.82843 2
      vertex -40 -2.82843 0
    endloop
  endfacet
  facet normal -1 -0 0
    outer loop
      vertex -40 -2.82843 2
      vertex -40 -80 0
      vertex -40 -80 2
    endloop
  endfacet
  facet normal 0 -1 0
    outer loop
      vertex -40 -80 0
      vertex 40 -80 2
      vertex -40 -80 2
    endloop
  endfacet
  facet normal 0 -1 -0
    outer loop
      vertex 40 -80 2
      vertex -40 -80 0
      vertex 40 -80 0
    endloop
  endfacet
  facet normal 1 -0 0
    outer loop
      vertex 40 -80 2
      vertex 40 -2.82843 0
      vertex 40 -2.82843 2
    endloop
  endfacet
  facet normal 1 0 0
    outer loop
      vertex 40 -2.82843 0
      vertex 40 -80 2
      vertex 40 -80 0
    endloop
  endfacet
  facet normal 0 1 -0
    outer loop
      vertex 37.1716 0 0
      vertex -37.1716 0 2
      vertex 37.1716 0 2
    endloop
  endfacet
  facet normal 0 1 0
    outer loop
      vertex -37.1716 0 2
      vertex 37.1716 0 0
      vertex -37.1716 0 0
    endloop
  endfacet
  facet normal 0 0 -1
    outer loop
      vertex 5.03047 -45.826 0
      vertex -27.8305 -45.826 0
      vertex 5.08446 -45.725 0
    endloop
  endfacet
  facet normal 0 0 -1
    outer loop
      vertex 5.36256 -11.8374 0
      vertex -27.6537 -10.7145 0
      vertex -27.65 -10.6 0
    endloop
  endfacet
  facet normal 0 0 -1
    outer loop
      vertex -27.8845 -45.725 0
      vertex 5.08446 -45.725 0
      vertex -27.8305 -45.826 0
    endloop
  endfacet
  facet normal 0 0 -1
    outer loop
      vertex 5.36256 -11.8374 0
      vertex -27.665 -10.8284 0
      vertex -27.6537 -10.7145 0
    endloop
  endfacet
  facet normal 0 0 -1
    outer loop
      vertex 5.08446 -45.725 0
      vertex -27.8845 -45.725 0
      vertex 5.14493 -45.6278 0
    endloop
  endfacet
  facet normal 0 0 -1
    outer loop
      vertex 5.36256 -11.8374 0
      vertex -27.6836 -10.9414 0
      vertex -27.665 -10.8284 0
    endloop
  endfacet
  facet normal 0 0 -1
    outer loop
      vertex -27.9449 -45.6278 0
      vertex 5.14493 -45.6278 0
      vertex -27.8845 -45.725 0
    endloop
  endfacet
  facet normal 0 0 -1
    outer loop
      vertex 5.36256 -11.8374 0
      vertex -27.7096 -11.0529 0
      vertex -27.6836 -10.9414 0
    endloop
  endfacet
  facet normal 0 0 -1
    outer loop
      vertex 5.14493 -45.6278 0
      vertex -27.9449 -45.6278 0
      vertex 5.21163 -45.5347 0
    endloop
  endfacet
  facet normal 0 0 -1
    outer loop
      vertex 5.36256 -11.8374 0
      vertex -27.7429 -11.1625 0
      vertex -27.7096 -11.0529 0
    endloop
  endfacet
  facet normal 0 0 -1
    outer loop
      vertex -28.0116 -45.5347 0
      vertex 5.21163 -45.5347 0
      vertex -27.9449 -45.6278 0
    endloop
  endfacet
  facet normal 0 0 -1
    outer loop
      vertex 5.36256 -11.8374 0
      vertex -27.7832 -11.2697 0
      vertex -27.7429 -11.1625 0
    endloop
  endfacet
  facet normal 0 0 -1
    outer loop
      vertex 5.21163 -45.5347 0
      vertex -28.0116 -45.5347 0
      vertex 5.28428 -45.4461 0
    endloop
  endfacet
  facet normal 0 0 -1
    outer loop
      vertex 5.36256 -11.8374 0
      vertex -27.8305 -11.374 0
      vertex -27.7832 -11.2697 0
    endloop
  endfacet
  facet normal 0 0 -1
    outer loop
      vertex -28.0843 -45.4461 0
      vertex 5.28428 -45.4461 0
      vertex -28.0116 -45.5347 0
    endloop
  endfacet
  facet normal 0 0 -1
    outer loop
      vertex 5.36256 -11.8374 0
      vertex -27.8845 -11.475 0
      vertex -27.8305 -11.374 0
    endloop
  endfacet
  facet normal 0 0 -1
    outer loop
      vertex 5.28428 -45.4461 0
      vertex -28.0843 -45.4461 0
      vertex 5.36256 -45.3626 0
    endloop
  endfacet
  facet normal 0 0 -1
    outer loop
      vertex 5.36256 -11.8374 0
      vertex -27.9449 -11.5722 0
      vertex -27.8845 -11.475 0
    endloop
  endfacet
  facet normal 0 0 -1
    outer loop
      vertex -28.1626 -45.3626 0
      vertex 5.36256 -45.3626 0
      vertex -28.0843 -45.4461 0
    endloop
  endfacet
  facet normal 0 0 -1
    outer loop
      vertex 5.36256 -11.8374 0
      vertex -28.0116 -11.6653 0
      vertex -27.9449 -11.5722 0
    endloop
  endfacet
  facet normal 0 0 -1
    outer loop
      vertex 5.36256 -45.3626 0
      vertex -28.1626 -45.3626 0
      vertex 5.36256 -11.8374 0
    endloop
  endfacet
  facet normal 0 0 -1
    outer loop
      vertex 5.36256 -11.8374 0
      vertex -28.0843 -11.7539 0
      vertex -28.0116 -11.6653 0
    endloop
  endfacet
  facet normal 0 0 -1
    outer loop
      vertex -28.1626 -11.8374 0
      vertex 5.36256 -11.8374 0
      vertex -28.1626 -45.3626 0
    endloop
  endfacet
  facet normal 0 0 -1
    outer loop
      vertex 5.36256 -11.8374 0
      vertex -28.1626 -11.8374 0
      vertex -28.0843 -11.7539 0
    endloop
  endfacet
  facet normal 0 0 -1
    outer loop
      vertex -28.2461 -45.2843 0
      vertex -28.1626 -11.8374 0
      vertex -28.1626 -45.3626 0
    endloop
  endfacet
  facet normal 0 0 -1
    outer loop
      vertex -28.2461 -45.2843 0
      vertex -28.2461 -11.9157 0
      vertex -28.1626 -11.8374 0
    endloop
  endfacet
  facet normal 0 0 -1
    outer loop
      vertex -28.3347 -45.2116 0
      vertex -28.2461 -11.9157 0
      vertex -28.2461 -45.2843 0
    endloop
  endfacet
  facet normal 0 0 -1
    outer loop
      vertex -28.3347 -45.2116 0
      vertex -28.3347 -11.9884 0
      vertex -28.2461 -11.9157 0
    endloop
  endfacet
  facet normal 0 0 -1
    outer loop
      vertex -28.4278 -45.1449 0
      vertex -28.3347 -11.9884 0
      vertex -28.3347 -45.2116 0
    endloop
  endfacet
  facet normal 0 0 -1
    outer loop
      vertex -28.4278 -45.1449 0
      vertex -28.4278 -12.0551 0
      vertex -28.3347 -11.9884 0
    endloop
  endfacet
  facet normal 0 0 -1
    outer loop
      vertex -28.525 -45.0845 0
      vertex -28.4278 -12.0551 0
      vertex -28.4278 -45.1449 0
    endloop
  endfacet
  facet normal 0 0 -1
    outer loop
      vertex -28.525 -45.0845 0
      vertex -28.525 -12.1155 0
      vertex -28.4278 -12.0551 0
    endloop
  endfacet
  facet normal 0 0 -1
    outer loop
      vertex -28.626 -45.0305 0
      vertex -28.525 -12.1155 0
      vertex -28.525 -45.0845 0
    endloop
  endfacet
  facet normal 0 0 -1
    outer loop
      vertex -28.626 -45.0305 0
      vertex -28.626 -12.1695 0
      vertex -28.525 -12.1155 0
    endloop
  endfacet
  facet normal 0 0 -1
    outer loop
      vertex -28.7303 -44.9832 0
      vertex -28.626 -12.1695 0
      vertex -28.626 -45.0305 0
    endloop
  endfacet
  facet normal 0 0 -1
    outer loop
      vertex -28.7303 -44.9832 0
      vertex -28.7303 -12.2168 0
      vertex -28.626 -12.1695 0
    endloop
  endfacet
  facet normal 0 0 -1
    outer loop
      vertex -28.8375 -44.9429 0
      vertex -28.7303 -12.2168 0
      vertex -28.7303 -44.9832 0
    endloop
  endfacet
  facet normal 0 0 -1
    outer loop
      vertex -28.8375 -44.9429 0
      vertex -28.8375 -12.2571 0
      vertex -28.7303 -12.2168 0
    endloop
  endfacet
  facet normal 0 0 -1
    outer loop
      vertex -28.9471 -44.9096 0
      vertex -28.8375 -12.2571 0
      vertex -28.8375 -44.9429 0
    endloop
  endfacet
  facet normal 0 0 -1
    outer loop
      vertex -28.9471 -44.9096 0
      vertex -28.9471 -12.2904 0
      vertex -28.8375 -12.2571 0
    endloop
  endfacet
  facet normal 0 0 -1
    outer loop
      vertex -29.0586 -44.8836 0
      vertex -28.9471 -12.2904 0
      vertex -28.9471 -44.9096 0
    endloop
  endfacet
  facet normal 0 0 -1
    outer loop
      vertex -29.0586 -44.8836 0
      vertex -29.0586 -12.3164 0
      vertex -28.9471 -12.2904 0
    endloop
  endfacet
  facet normal 0 0 -1
    outer loop
      vertex -29.1716 -44.865 0
      vertex -29.0586 -12.3164 0
      vertex -29.0586 -44.8836 0
    endloop
  endfacet
  facet normal 0 0 -1
    outer loop
      vertex -29.1716 -44.865 0
      vertex -29.1716 -12.335 0
      vertex -29.0586 -12.3164 0
    endloop
  endfacet
  facet normal 0 0 -1
    outer loop
      vertex -29.2855 -44.8537 0
      vertex -29.1716 -12.335 0
      vertex -29.1716 -44.865 0
    endloop
  endfacet
  facet normal 0 0 -1
    outer loop
      vertex -29.2855 -44.8537 0
      vertex -29.2855 -12.3463 0
      vertex -29.1716 -12.335 0
    endloop
  endfacet
  facet normal 0 0 -1
    outer loop
      vertex -29.4 -44.85 0
      vertex -29.2855 -12.3463 0
      vertex -29.2855 -44.8537 0
    endloop
  endfacet
  facet normal 0 0 -1
    outer loop
      vertex -29.4 -44.85 0
      vertex -29.4 -12.35 0
      vertex -29.2855 -12.3463 0
    endloop
  endfacet
  facet normal 0 0 -1
    outer loop
      vertex -29.5145 -44.8537 0
      vertex -29.4 -12.35 0
      vertex -29.4 -44.85 0
    endloop
  endfacet
  facet normal 0 0 -1
    outer loop
      vertex -29.5145 -44.8537 0
      vertex -29.5145 -12.3463 0
      vertex -29.4 -12.35 0
    endloop
  endfacet
  facet normal 0 0 -1
    outer loop
      vertex -29.6284 -44.865 0
      vertex -29.5145 -12.3463 0
      vertex -29.5145 -44.8537 0
    endloop
  endfacet
  facet normal 0 0 -1
    outer loop
      vertex -29.6284 -44.865 0
      vertex -29.6284 -12.335 0
      vertex -29.5145 -12.3463 0
    endloop
  endfacet
  facet normal 0 0 -1
    outer loop
      vertex -29.7414 -44.8836 0
      vertex -29.6284 -12.335 0
      vertex -29.6284 -44.865 0
    endloop
  endfacet
  facet normal 0 0 -1
    outer loop
      vertex -29.7414 -44.8836 0
      vertex -29.7414 -12.3164 0
      vertex -29.6284 -12.335 0
    endloop
  endfacet
  facet normal 0 0 -1
    outer loop
      vertex -29.8529 -44.9096 0
      vertex -29.7414 -12.3164 0
      vertex -29.7414 -44.8836 0
    endloop
  endfacet
  facet normal 0 0 -1
    outer loop
      vertex -29.8529 -44.9096 0
      vertex -29.8529 -12.2904 0
      vertex -29.7414 -12.3164 0
    endloop
  endfacet
  facet normal 0 0 -1
    outer loop
      vertex -29.9625 -44.9429 0
      vertex -29.8529 -12.2904 0
      vertex -29.8529 -44.9096 0
    endloop
  endfacet
  facet normal 0 0 -1
    outer loop
      vertex -29.9625 -44.9429 0
      vertex -29.9625 -12.2571 0
      vertex -29.8529 -12.2904 0
    endloop
  endfacet
  facet normal 0 0 -1
    outer loop
      vertex -30.0697 -44.9832 0
      vertex -29.9625 -12.2571 0
      vertex -29.9625 -44.9429 0
    endloop
  endfacet
  facet normal 0 0 -1
    outer loop
      vertex -30.0697 -44.9832 0
      vertex -30.0697 -12.2168 0
      vertex -29.9625 -12.2571 0
    endloop
  endfacet
  facet normal 0 0 -1
    outer loop
      vertex -30.174 -45.0305 0
      vertex -30.0697 -12.2168 0
      vertex -30.0697 -44.9832 0
    endloop
  endfacet
  facet normal 0 0 -1
    outer loop
      vertex -30.174 -45.0305 0
      vertex -30.174 -12.1695 0
      vertex -30.0697 -12.2168 0
    endloop
  endfacet
  facet normal 0 0 -1
    outer loop
      vertex -30.275 -45.0845 0
      vertex -30.174 -12.1695 0
      vertex -30.174 -45.0305 0
    endloop
  endfacet
  facet normal 0 0 -1
    outer loop
      vertex -30.275 -45.0845 0
      vertex -30.275 -12.1155 0
      vertex -30.174 -12.1695 0
    endloop
  endfacet
  facet normal 0 0 -1
    outer loop
      vertex -30.3722 -45.1449 0
      vertex -30.275 -12.1155 0
      vertex -30.275 -45.0845 0
    endloop
  endfacet
  facet normal 0 0 -1
    outer loop
      vertex -30.3722 -45.1449 0
      vertex -30.3722 -12.0551 0
      vertex -30.275 -12.1155 0
    endloop
  endfacet
  facet normal 0 0 -1
    outer loop
      vertex -30.4653 -45.2116 0
      vertex -30.3722 -12.0551 0
      vertex -30.3722 -45.1449 0
    endloop
  endfacet
  facet normal 0 0 -1
    outer loop
      vertex -30.4653 -45.2116 0
      vertex -30.4653 -11.9884 0
      vertex -30.3722 -12.0551 0
    endloop
  endfacet
  facet normal 0 0 -1
    outer loop
      vertex -30.5539 -45.2843 0
      vertex -30.4653 -11.9884 0
      vertex -30.4653 -45.2116 0
    endloop
  endfacet
  facet normal 0 0 -1
    outer loop
      vertex -30.5539 -45.2843 0
      vertex -30.5539 -11.9157 0
      vertex -30.4653 -11.9884 0
    endloop
  endfacet
  facet normal 0 0 -1
    outer loop
      vertex -30.6374 -45.3626 0
      vertex -30.5539 -11.9157 0
      vertex -30.5539 -45.2843 0
    endloop
  endfacet
  facet normal 0 0 -1
    outer loop
      vertex -30.6374 -45.3626 0
      vertex -30.6374 -11.8374 0
      vertex -30.5539 -11.9157 0
    endloop
  endfacet
  facet normal 0 0 -1
    outer loop
      vertex -30.7157 -45.4461 0
      vertex -30.6374 -11.8374 0
      vertex -30.6374 -45.3626 0
    endloop
  endfacet
  facet normal 0 0 -1
    outer loop
      vertex -30.7157 -45.4461 0
      vertex -30.7157 -11.7539 0
      vertex -30.6374 -11.8374 0
    endloop
  endfacet
  facet normal 0 0 -1
    outer loop
      vertex -30.7884 -45.5347 0
      vertex -30.7157 -11.7539 0
      vertex -30.7157 -45.4461 0
    endloop
  endfacet
  facet normal 0 0 -1
    outer loop
      vertex -30.7884 -45.5347 0
      vertex -30.7884 -11.6653 0
      vertex -30.7157 -11.7539 0
    endloop
  endfacet
  facet normal 0 0 -1
    outer loop
      vertex -30.8551 -45.6278 0
      vertex -30.7884 -11.6653 0
      vertex -30.7884 -45.5347 0
    endloop
  endfacet
  facet normal 0 0 -1
    outer loop
      vertex -30.8551 -45.6278 0
      vertex -30.8551 -11.5722 0
      vertex -30.7884 -11.6653 0
    endloop
  endfacet
  facet normal 0 0 -1
    outer loop
      vertex -40 -2.82843 0
      vertex -30.8551 -45.6278 0
      vertex -30.9155 -45.725 0
    endloop
  endfacet
  facet normal 0 0 -1
    outer loop
      vertex -30.8551 -45.6278 0
      vertex -40 -2.82843 0
      vertex -30.8551 -11.5722 0
    endloop
  endfacet
  facet normal 0 0 -1
    outer loop
      vertex -40 -2.82843 0
      vertex -30.9155 -45.725 0
      vertex -30.9695 -45.826 0
    endloop
  endfacet
  facet normal 0 0 -1
    outer loop
      vertex -30.8551 -11.5722 0
      vertex -40 -2.82843 0
      vertex -30.9155 -11.475 0
    endloop
  endfacet
  facet normal 0 0 -1
    outer loop
      vertex -40 -2.82843 0
      vertex -30.9695 -45.826 0
      vertex -31.0168 -45.9303 0
    endloop
  endfacet
  facet normal 0 0 -1
    outer loop
      vertex -30.9155 -11.475 0
      vertex -40 -2.82843 0
      vertex -30.9695 -11.374 0
    endloop
  endfacet
  facet normal 0 0 -1
    outer loop
      vertex -40 -2.82843 0
      vertex -31.0168 -45.9303 0
      vertex -31.0571 -46.0375 0
    endloop
  endfacet
  facet normal 0 0 -1
    outer loop
      vertex -30.9695 -11.374 0
      vertex -40 -2.82843 0
      vertex -31.0168 -11.2697 0
    endloop
  endfacet
  facet normal 0 0 -1
    outer loop
      vertex -40 -2.82843 0
      vertex -31.0571 -46.0375 0
      vertex -31.0904 -46.1471 0
    endloop
  endfacet
  facet normal 0 0 -1
    outer loop
      vertex -31.0168 -11.2697 0
      vertex -40 -2.82843 0
      vertex -31.0571 -11.1625 0
    endloop
  endfacet
  facet normal 0 0 -1
    outer loop
      vertex -40 -2.82843 0
      vertex -31.0904 -46.1471 0
      vertex -31.1164 -46.2586 0
    endloop
  endfacet
  facet normal 0 0 -1
    outer loop
      vertex -31.0571 -11.1625 0
      vertex -40 -2.82843 0
      vertex -31.0904 -11.0529 0
    endloop
  endfacet
  facet normal 0 0 -1
    outer loop
      vertex -40 -2.82843 0
      vertex -31.1164 -46.2586 0
      vertex -31.135 -46.3716 0
    endloop
  endfacet
  facet normal 0 0 -1
    outer loop
      vertex -31.0904 -11.0529 0
      vertex -40 -2.82843 0
      vertex -31.1164 -10.9414 0
    endloop
  endfacet
  facet normal 0 0 -1
    outer loop
      vertex -40 -2.82843 0
      vertex -31.135 -46.3716 0
      vertex -31.1463 -46.4855 0
    endloop
  endfacet
  facet normal 0 0 -1
    outer loop
      vertex -31.1164 -10.9414 0
      vertex -40 -2.82843 0
      vertex -31.135 -10.8284 0
    endloop
  endfacet
  facet normal 0 0 -1
    outer loop
      vertex -40 -80 0
      vertex -31.1463 -46.4855 0
      vertex -31.15 -46.6 0
    endloop
  endfacet
  facet normal 0 0 -1
    outer loop
      vertex -31.135 -10.8284 0
      vertex -40 -2.82843 0
      vertex -31.1463 -10.7145 0
    endloop
  endfacet
  facet normal 0 0 -1
    outer loop
      vertex 40 -80 0
      vertex 8.33503 -46.3716 0
      vertex 40 -2.82843 0
    endloop
  endfacet
  facet normal 0 0 -1
    outer loop
      vertex 40 -2.82843 0
      vertex 8.34625 -10.7145 0
      vertex 8.35 -10.6 0
    endloop
  endfacet
  facet normal 0 0 -1
    outer loop
      vertex 8.31637 -46.2586 0
      vertex 40 -2.82843 0
      vertex 8.33503 -46.3716 0
    endloop
  endfacet
  facet normal 0 0 -1
    outer loop
      vertex 40 -2.82843 0
      vertex 8.33503 -10.8284 0
      vertex 8.34625 -10.7145 0
    endloop
  endfacet
  facet normal 0 0 -1
    outer loop
      vertex 8.29037 -46.1471 0
      vertex 40 -2.82843 0
      vertex 8.31637 -46.2586 0
    endloop
  endfacet
  facet normal 0 0 -1
    outer loop
      vertex 40 -2.82843 0
      vertex 8.31637 -10.9414 0
      vertex 8.33503 -10.8284 0
    endloop
  endfacet
  facet normal 0 0 -1
    outer loop
      vertex 8.25713 -46.0375 0
      vertex 40 -2.82843 0
      vertex 8.29037 -46.1471 0
    endloop
  endfacet
  facet normal 0 0 -1
    outer loop
      vertex 40 -2.82843 0
      vertex 8.29037 -11.0529 0
      vertex 8.31637 -10.9414 0
    endloop
  endfacet
  facet normal 0 0 -1
    outer loop
      vertex 8.21679 -45.9303 0
      vertex 40 -2.82843 0
      vertex 8.25713 -46.0375 0
    endloop
  endfacet
  facet normal 0 0 -1
    outer loop
      vertex 40 -2.82843 0
      vertex 8.25713 -11.1625 0
      vertex 8.29037 -11.0529 0
    endloop
  endfacet
  facet normal 0 0 -1
    outer loop
      vertex 8.16953 -45.826 0
      vertex 40 -2.82843 0
      vertex 8.21679 -45.9303 0
    endloop
  endfacet
  facet normal 0 0 -1
    outer loop
      vertex 40 -2.82843 0
      vertex 8.21679 -11.2697 0
      vertex 8.25713 -11.1625 0
    endloop
  endfacet
  facet normal 0 0 -1
    outer loop
      vertex 8.11554 -45.725 0
      vertex 40 -2.82843 0
      vertex 8.16953 -45.826 0
    endloop
  endfacet
  facet normal 0 0 -1
    outer loop
      vertex 40 -2.82843 0
      vertex 8.16953 -11.374 0
      vertex 8.21679 -11.2697 0
    endloop
  endfacet
  facet normal 0 0 -1
    outer loop
      vertex 8.05507 -45.6278 0
      vertex 40 -2.82843 0
      vertex 8.11554 -45.725 0
    endloop
  endfacet
  facet normal 0 0 -1
    outer loop
      vertex 40 -2.82843 0
      vertex 8.11554 -11.475 0
      vertex 8.16953 -11.374 0
    endloop
  endfacet
  facet normal 0 0 -1
    outer loop
      vertex 7.98837 -45.5347 0
      vertex 40 -2.82843 0
      vertex 8.05507 -45.6278 0
    endloop
  endfacet
  facet normal 0 0 -1
    outer loop
      vertex 40 -2.82843 0
      vertex 8.05507 -11.5722 0
      vertex 8.11554 -11.475 0
    endloop
  endfacet
  facet normal 0 0 -1
    outer loop
      vertex 7.98837 -11.6653 0
      vertex 40 -2.82843 0
      vertex 7.98837 -45.5347 0
    endloop
  endfacet
  facet normal 0 0 -1
    outer loop
      vertex 40 -2.82843 0
      vertex 7.98837 -11.6653 0
      vertex 8.05507 -11.5722 0
    endloop
  endfacet
  facet normal 0 0 -1
    outer loop
      vertex 7.91572 -45.4461 0
      vertex 7.98837 -11.6653 0
      vertex 7.98837 -45.5347 0
    endloop
  endfacet
  facet normal 0 0 -1
    outer loop
      vertex 7.91572 -45.4461 0
      vertex 7.91572 -11.7539 0
      vertex 7.98837 -11.6653 0
    endloop
  endfacet
  facet normal 0 0 -1
    outer loop
      vertex 7.83744 -45.3626 0
      vertex 7.91572 -11.7539 0
      vertex 7.91572 -45.4461 0
    endloop
  endfacet
  facet normal 0 0 -1
    outer loop
      vertex 7.83744 -45.3626 0
      vertex 7.83744 -11.8374 0
      vertex 7.91572 -11.7539 0
    endloop
  endfacet
  facet normal 0 0 -1
    outer loop
      vertex 7.75385 -45.2843 0
      vertex 7.83744 -11.8374 0
      vertex 7.83744 -45.3626 0
    endloop
  endfacet
  facet normal 0 0 -1
    outer loop
      vertex 7.75385 -45.2843 0
      vertex 7.75385 -11.9157 0
      vertex 7.83744 -11.8374 0
    endloop
  endfacet
  facet normal 0 0 -1
    outer loop
      vertex 7.66533 -45.2116 0
      vertex 7.75385 -11.9157 0
      vertex 7.75385 -45.2843 0
    endloop
  endfacet
  facet normal 0 0 -1
    outer loop
      vertex 7.66533 -45.2116 0
      vertex 7.66533 -11.9884 0
      vertex 7.75385 -11.9157 0
    endloop
  endfacet
  facet normal 0 0 -1
    outer loop
      vertex 7.57225 -45.1449 0
      vertex 7.66533 -11.9884 0
      vertex 7.66533 -45.2116 0
    endloop
  endfacet
  facet normal 0 0 -1
    outer loop
      vertex 7.57225 -45.1449 0
      vertex 7.57225 -12.0551 0
      vertex 7.66533 -11.9884 0
    endloop
  endfacet
  facet normal 0 0 -1
    outer loop
      vertex 7.475 -45.0845 0
      vertex 7.57225 -12.0551 0
      vertex 7.57225 -45.1449 0
    endloop
  endfacet
  facet normal 0 0 -1
    outer loop
      vertex 7.475 -45.0845 0
      vertex 7.475 -12.1155 0
      vertex 7.57225 -12.0551 0
    endloop
  endfacet
  facet normal 0 0 -1
    outer loop
      vertex 7.374 -45.0305 0
      vertex 7.475 -12.1155 0
      vertex 7.475 -45.0845 0
    endloop
  endfacet
  facet normal 0 0 -1
    outer loop
      vertex 7.374 -45.0305 0
      vertex 7.374 -12.1695 0
      vertex 7.475 -12.1155 0
    endloop
  endfacet
  facet normal 0 0 -1
    outer loop
      vertex 7.2697 -44.9832 0
      vertex 7.374 -12.1695 0
      vertex 7.374 -45.0305 0
    endloop
  endfacet
  facet normal 0 0 -1
    outer loop
      vertex 7.2697 -44.9832 0
      vertex 7.2697 -12.2168 0
      vertex 7.374 -12.1695 0
    endloop
  endfacet
  facet normal 0 0 -1
    outer loop
      vertex 7.16252 -44.9429 0
      vertex 7.2697 -12.2168 0
      vertex 7.2697 -44.9832 0
    endloop
  endfacet
  facet normal 0 0 -1
    outer loop
      vertex 7.16252 -44.9429 0
      vertex 7.16252 -12.2571 0
      vertex 7.2697 -12.2168 0
    endloop
  endfacet
  facet normal 0 0 -1
    outer loop
      vertex 7.05293 -44.9096 0
      vertex 7.16252 -12.2571 0
      vertex 7.16252 -44.9429 0
    endloop
  endfacet
  facet normal 0 0 -1
    outer loop
      vertex 7.05293 -44.9096 0
      vertex 7.05293 -12.2904 0
      vertex 7.16252 -12.2571 0
    endloop
  endfacet
  facet normal 0 0 -1
    outer loop
      vertex 6.94141 -44.8836 0
      vertex 7.05293 -12.2904 0
      vertex 7.05293 -44.9096 0
    endloop
  endfacet
  facet normal 0 0 -1
    outer loop
      vertex 6.94141 -44.8836 0
      vertex 6.94141 -12.3164 0
      vertex 7.05293 -12.2904 0
    endloop
  endfacet
  facet normal 0 0 -1
    outer loop
      vertex 6.82842 -44.865 0
      vertex 6.94141 -12.3164 0
      vertex 6.94141 -44.8836 0
    endloop
  endfacet
  facet normal 0 0 -1
    outer loop
      vertex 6.82842 -44.865 0
      vertex 6.82842 -12.335 0
      vertex 6.94141 -12.3164 0
    endloop
  endfacet
  facet normal 0 0 -1
    outer loop
      vertex 6.71445 -44.8537 0
      vertex 6.82842 -12.335 0
      vertex 6.82842 -44.865 0
    endloop
  endfacet
  facet normal 0 0 -1
    outer loop
      vertex 6.71445 -44.8537 0
      vertex 6.71445 -12.3463 0
      vertex 6.82842 -12.335 0
    endloop
  endfacet
  facet normal 0 0 -1
    outer loop
      vertex 6.6 -44.85 0
      vertex 6.71445 -12.3463 0
      vertex 6.71445 -44.8537 0
    endloop
  endfacet
  facet normal 0 0 -1
    outer loop
      vertex 6.6 -44.85 0
      vertex 6.6 -12.35 0
      vertex 6.71445 -12.3463 0
    endloop
  endfacet
  facet normal 0 0 -1
    outer loop
      vertex 6.48554 -44.8537 0
      vertex 6.6 -12.35 0
      vertex 6.6 -44.85 0
    endloop
  endfacet
  facet normal 0 0 -1
    outer loop
      vertex 6.48554 -44.8537 0
      vertex 6.48554 -12.3463 0
      vertex 6.6 -12.35 0
    endloop
  endfacet
  facet normal 0 0 -1
    outer loop
      vertex 6.37158 -44.865 0
      vertex 6.48554 -12.3463 0
      vertex 6.48554 -44.8537 0
    endloop
  endfacet
  facet normal 0 0 -1
    outer loop
      vertex 6.37158 -44.865 0
      vertex 6.37158 -12.335 0
      vertex 6.48554 -12.3463 0
    endloop
  endfacet
  facet normal 0 0 -1
    outer loop
      vertex 6.25859 -44.8836 0
      vertex 6.37158 -12.335 0
      vertex 6.37158 -44.865 0
    endloop
  endfacet
  facet normal 0 0 -1
    outer loop
      vertex 6.25859 -44.8836 0
      vertex 6.25859 -12.3164 0
      vertex 6.37158 -12.335 0
    endloop
  endfacet
  facet normal 0 0 -1
    outer loop
      vertex 6.14707 -44.9096 0
      vertex 6.25859 -12.3164 0
      vertex 6.25859 -44.8836 0
    endloop
  endfacet
  facet normal 0 0 -1
    outer loop
      vertex 6.14707 -44.9096 0
      vertex 6.14707 -12.2904 0
      vertex 6.25859 -12.3164 0
    endloop
  endfacet
  facet normal 0 0 -1
    outer loop
      vertex 6.03748 -44.9429 0
      vertex 6.14707 -12.2904 0
      vertex 6.14707 -44.9096 0
    endloop
  endfacet
  facet normal 0 0 -1
    outer loop
      vertex 6.03748 -44.9429 0
      vertex 6.03748 -12.2571 0
      vertex 6.14707 -12.2904 0
    endloop
  endfacet
  facet normal 0 0 -1
    outer loop
      vertex 5.9303 -44.9832 0
      vertex 6.03748 -12.2571 0
      vertex 6.03748 -44.9429 0
    endloop
  endfacet
  facet normal 0 0 -1
    outer loop
      vertex 5.9303 -44.9832 0
      vertex 5.9303 -12.2168 0
      vertex 6.03748 -12.2571 0
    endloop
  endfacet
  facet normal 0 0 -1
    outer loop
      vertex 5.82599 -45.0305 0
      vertex 5.9303 -12.2168 0
      vertex 5.9303 -44.9832 0
    endloop
  endfacet
  facet normal 0 0 -1
    outer loop
      vertex 5.82599 -45.0305 0
      vertex 5.82599 -12.1695 0
      vertex 5.9303 -12.2168 0
    endloop
  endfacet
  facet normal 0 0 -1
    outer loop
      vertex 5.725 -45.0845 0
      vertex 5.82599 -12.1695 0
      vertex 5.82599 -45.0305 0
    endloop
  endfacet
  facet normal 0 0 -1
    outer loop
      vertex 5.725 -45.0845 0
      vertex 5.725 -12.1155 0
      vertex 5.82599 -12.1695 0
    endloop
  endfacet
  facet normal 0 0 -1
    outer loop
      vertex 5.62775 -45.1449 0
      vertex 5.725 -12.1155 0
      vertex 5.725 -45.0845 0
    endloop
  endfacet
  facet normal 0 0 -1
    outer loop
      vertex 5.62775 -45.1449 0
      vertex 5.62775 -12.0551 0
      vertex 5.725 -12.1155 0
    endloop
  endfacet
  facet normal 0 0 -1
    outer loop
      vertex 5.53467 -45.2116 0
      vertex 5.62775 -12.0551 0
      vertex 5.62775 -45.1449 0
    endloop
  endfacet
  facet normal 0 0 -1
    outer loop
      vertex 5.53467 -45.2116 0
      vertex 5.53467 -11.9884 0
      vertex 5.62775 -12.0551 0
    endloop
  endfacet
  facet normal 0 0 -1
    outer loop
      vertex 5.44614 -45.2843 0
      vertex 5.53467 -11.9884 0
      vertex 5.53467 -45.2116 0
    endloop
  endfacet
  facet normal 0 0 -1
    outer loop
      vertex 5.44614 -45.2843 0
      vertex 5.44614 -11.9157 0
      vertex 5.53467 -11.9884 0
    endloop
  endfacet
  facet normal 0 0 -1
    outer loop
      vertex 5.36256 -45.3626 0
      vertex 5.44614 -11.9157 0
      vertex 5.44614 -45.2843 0
    endloop
  endfacet
  facet normal 0 0 -1
    outer loop
      vertex 5.36256 -45.3626 0
      vertex 5.36256 -11.8374 0
      vertex 5.44614 -11.9157 0
    endloop
  endfacet
  facet normal 0 0 -1
    outer loop
      vertex -27.7832 -45.9303 0
      vertex 4.98321 -45.9303 0
      vertex -27.7429 -46.0375 0
    endloop
  endfacet
  facet normal 0 0 -1
    outer loop
      vertex 4.98321 -45.9303 0
      vertex -27.7832 -45.9303 0
      vertex 5.03047 -45.826 0
    endloop
  endfacet
  facet normal 0 0 -1
    outer loop
      vertex 4.94287 -46.0375 0
      vertex -27.7429 -46.0375 0
      vertex 4.98321 -45.9303 0
    endloop
  endfacet
  facet normal 0 0 -1
    outer loop
      vertex -27.8305 -45.826 0
      vertex 5.03047 -45.826 0
      vertex -27.7832 -45.9303 0
    endloop
  endfacet
  facet normal 0 0 -1
    outer loop
      vertex -27.7429 -46.0375 0
      vertex 4.94287 -46.0375 0
      vertex -27.7096 -46.1471 0
    endloop
  endfacet
  facet normal 0 0 -1
    outer loop
      vertex 5.36256 -11.8374 0
      vertex -27.65 -10.6 0
      vertex 5.28428 -11.7539 0
    endloop
  endfacet
  facet normal 0 0 -1
    outer loop
      vertex 4.90963 -46.1471 0
      vertex -27.7096 -46.1471 0
      vertex 4.94287 -46.0375 0
    endloop
  endfacet
  facet normal 0 0 -1
    outer loop
      vertex 5.28428 -11.7539 0
      vertex -27.65 -10.6 0
      vertex 5.21163 -11.6653 0
    endloop
  endfacet
  facet normal 0 0 -1
    outer loop
      vertex -27.7096 -46.1471 0
      vertex 4.90963 -46.1471 0
      vertex -27.6836 -46.2586 0
    endloop
  endfacet
  facet normal 0 0 -1
    outer loop
      vertex 5.21163 -11.6653 0
      vertex -27.65 -10.6 0
      vertex 5.14493 -11.5722 0
    endloop
  endfacet
  facet normal 0 0 -1
    outer loop
      vertex 4.88363 -46.2586 0
      vertex -27.6836 -46.2586 0
      vertex 4.90963 -46.1471 0
    endloop
  endfacet
  facet normal 0 0 -1
    outer loop
      vertex 5.14493 -11.5722 0
      vertex -27.65 -10.6 0
      vertex 5.08446 -11.475 0
    endloop
  endfacet
  facet normal 0 0 -1
    outer loop
      vertex -27.6836 -46.2586 0
      vertex 4.88363 -46.2586 0
      vertex -27.665 -46.3716 0
    endloop
  endfacet
  facet normal 0 0 -1
    outer loop
      vertex 5.08446 -11.475 0
      vertex -27.65 -10.6 0
      vertex 5.03047 -11.374 0
    endloop
  endfacet
  facet normal 0 0 -1
    outer loop
      vertex 4.86497 -46.3716 0
      vertex -27.665 -46.3716 0
      vertex 4.88363 -46.2586 0
    endloop
  endfacet
  facet normal 0 0 -1
    outer loop
      vertex 5.03047 -11.374 0
      vertex -27.65 -10.6 0
      vertex 4.98321 -11.2697 0
    endloop
  endfacet
  facet normal 0 0 -1
    outer loop
      vertex -27.665 -46.3716 0
      vertex 4.86497 -46.3716 0
      vertex -27.6537 -46.4855 0
    endloop
  endfacet
  facet normal 0 0 -1
    outer loop
      vertex 4.98321 -11.2697 0
      vertex -27.65 -10.6 0
      vertex 4.94287 -11.1625 0
    endloop
  endfacet
  facet normal 0 0 -1
    outer loop
      vertex 4.85375 -46.4855 0
      vertex -27.6537 -46.4855 0
      vertex 4.86497 -46.3716 0
    endloop
  endfacet
  facet normal 0 0 -1
    outer loop
      vertex 4.94287 -11.1625 0
      vertex -27.65 -10.6 0
      vertex 4.90963 -11.0529 0
    endloop
  endfacet
  facet normal 0 0 -1
    outer loop
      vertex -27.6537 -46.4855 0
      vertex 4.85375 -46.4855 0
      vertex -27.65 -46.6 0
    endloop
  endfacet
  facet normal 0 0 -1
    outer loop
      vertex 4.90963 -11.0529 0
      vertex -27.65 -10.6 0
      vertex 4.88363 -10.9414 0
    endloop
  endfacet
  facet normal 0 0 -1
    outer loop
      vertex -27.65 -46.6 0
      vertex 4.85375 -46.4855 0
      vertex 4.85 -46.6 0
    endloop
  endfacet
  facet normal 0 0 -1
    outer loop
      vertex 4.88363 -10.9414 0
      vertex -27.65 -10.6 0
      vertex 4.86497 -10.8284 0
    endloop
  endfacet
  facet normal 0 0 -1
    outer loop
      vertex 8.34625 -46.4855 0
      vertex 40 -80 0
      vertex 8.35 -46.6 0
    endloop
  endfacet
  facet normal 0 0 -1
    outer loop
      vertex 8.33503 -46.3716 0
      vertex 40 -80 0
      vertex 8.34625 -46.4855 0
    endloop
  endfacet
  facet normal 0 0 -1
    outer loop
      vertex 40 -80 0
      vertex 8.34625 -46.7145 0
      vertex 8.35 -46.6 0
    endloop
  endfacet
  facet normal 0 0 -1
    outer loop
      vertex 40 -80 0
      vertex 8.33503 -46.8284 0
      vertex 8.34625 -46.7145 0
    endloop
  endfacet
  facet normal 0 0 -1
    outer loop
      vertex 40 -80 0
      vertex 8.31637 -46.9414 0
      vertex 8.33503 -46.8284 0
    endloop
  endfacet
  facet normal 0 0 -1
    outer loop
      vertex 40 -80 0
      vertex 8.29037 -47.0529 0
      vertex 8.31637 -46.9414 0
    endloop
  endfacet
  facet normal 0 0 -1
    outer loop
      vertex 40 -80 0
      vertex 8.25713 -47.1625 0
      vertex 8.29037 -47.0529 0
    endloop
  endfacet
  facet normal 0 0 -1
    outer loop
      vertex 40 -80 0
      vertex 8.21679 -47.2697 0
      vertex 8.25713 -47.1625 0
    endloop
  endfacet
  facet normal 0 0 -1
    outer loop
      vertex 40 -80 0
      vertex 8.16953 -47.374 0
      vertex 8.21679 -47.2697 0
    endloop
  endfacet
  facet normal 0 0 -1
    outer loop
      vertex 40 -80 0
      vertex 8.11554 -47.475 0
      vertex 8.16953 -47.374 0
    endloop
  endfacet
  facet normal 0 0 -1
    outer loop
      vertex 40 -80 0
      vertex 8.05507 -47.5722 0
      vertex 8.11554 -47.475 0
    endloop
  endfacet
  facet normal 0 0 -1
    outer loop
      vertex 40 -80 0
      vertex 7.98837 -47.6653 0
      vertex 8.05507 -47.5722 0
    endloop
  endfacet
  facet normal 0 0 -1
    outer loop
      vertex 40 -80 0
      vertex 7.91572 -47.7539 0
      vertex 7.98837 -47.6653 0
    endloop
  endfacet
  facet normal 0 0 -1
    outer loop
      vertex 40 -80 0
      vertex 7.83744 -47.8374 0
      vertex 7.91572 -47.7539 0
    endloop
  endfacet
  facet normal 0 0 -1
    outer loop
      vertex 40 -80 0
      vertex 7.75385 -47.9157 0
      vertex 7.83744 -47.8374 0
    endloop
  endfacet
  facet normal 0 0 -1
    outer loop
      vertex 40 -80 0
      vertex 7.66533 -47.9884 0
      vertex 7.75385 -47.9157 0
    endloop
  endfacet
  facet normal 0 0 -1
    outer loop
      vertex 40 -80 0
      vertex 7.57225 -48.0551 0
      vertex 7.66533 -47.9884 0
    endloop
  endfacet
  facet normal 0 0 -1
    outer loop
      vertex 40 -80 0
      vertex 7.475 -48.1155 0
      vertex 7.57225 -48.0551 0
    endloop
  endfacet
  facet normal 0 0 -1
    outer loop
      vertex 40 -80 0
      vertex 7.374 -48.1695 0
      vertex 7.475 -48.1155 0
    endloop
  endfacet
  facet normal 0 0 -1
    outer loop
      vertex 40 -80 0
      vertex 7.2697 -48.2168 0
      vertex 7.374 -48.1695 0
    endloop
  endfacet
  facet normal 0 0 -1
    outer loop
      vertex 40 -80 0
      vertex 7.16252 -48.2571 0
      vertex 7.2697 -48.2168 0
    endloop
  endfacet
  facet normal 0 0 -1
    outer loop
      vertex 40 -80 0
      vertex 7.05293 -48.2904 0
      vertex 7.16252 -48.2571 0
    endloop
  endfacet
  facet normal 0 0 -1
    outer loop
      vertex 40 -80 0
      vertex 6.94141 -48.3164 0
      vertex 7.05293 -48.2904 0
    endloop
  endfacet
  facet normal 0 0 -1
    outer loop
      vertex 40 -80 0
      vertex 6.82842 -48.335 0
      vertex 6.94141 -48.3164 0
    endloop
  endfacet
  facet normal 0 0 -1
    outer loop
      vertex 40 -80 0
      vertex 6.71445 -48.3463 0
      vertex 6.82842 -48.335 0
    endloop
  endfacet
  facet normal 0 0 -1
    outer loop
      vertex 40 -80 0
      vertex 6.6 -48.35 0
      vertex 6.71445 -48.3463 0
    endloop
  endfacet
  facet normal 0 0 -1
    outer loop
      vertex 40 -80 0
      vertex 6.48554 -48.3463 0
      vertex 6.6 -48.35 0
    endloop
  endfacet
  facet normal 0 0 -1
    outer loop
      vertex 40 -80 0
      vertex 6.37158 -48.335 0
      vertex 6.48554 -48.3463 0
    endloop
  endfacet
  facet normal 0 0 -1
    outer loop
      vertex 40 -80 0
      vertex 6.25859 -48.3164 0
      vertex 6.37158 -48.335 0
    endloop
  endfacet
  facet normal 0 0 -1
    outer loop
      vertex -40 -80 0
      vertex 6.25859 -48.3164 0
      vertex 40 -80 0
    endloop
  endfacet
  facet normal -0 0 -1
    outer loop
      vertex 6.25859 -48.3164 0
      vertex -40 -80 0
      vertex 6.14707 -48.2904 0
    endloop
  endfacet
  facet normal -0 0 -1
    outer loop
      vertex 6.14707 -48.2904 0
      vertex -40 -80 0
      vertex 6.03748 -48.2571 0
    endloop
  endfacet
  facet normal -0 0 -1
    outer loop
      vertex 6.03748 -48.2571 0
      vertex -40 -80 0
      vertex 5.9303 -48.2168 0
    endloop
  endfacet
  facet normal -0 0 -1
    outer loop
      vertex 5.9303 -48.2168 0
      vertex -40 -80 0
      vertex 5.82599 -48.1695 0
    endloop
  endfacet
  facet normal -0 0 -1
    outer loop
      vertex 5.82599 -48.1695 0
      vertex -40 -80 0
      vertex 5.725 -48.1155 0
    endloop
  endfacet
  facet normal -0 0 -1
    outer loop
      vertex 5.725 -48.1155 0
      vertex -40 -80 0
      vertex 5.62775 -48.0551 0
    endloop
  endfacet
  facet normal 0 -0 -1
    outer loop
      vertex -28.4278 -48.0551 0
      vertex 5.62775 -48.0551 0
      vertex -40 -80 0
    endloop
  endfacet
  facet normal 0 0 -1
    outer loop
      vertex 4.86497 -10.8284 0
      vertex -27.65 -10.6 0
      vertex 4.85375 -10.7145 0
    endloop
  endfacet
  facet normal 0 0 -1
    outer loop
      vertex 4.85375 -46.7145 0
      vertex -27.65 -46.6 0
      vertex 4.85 -46.6 0
    endloop
  endfacet
  facet normal 0 0 -1
    outer loop
      vertex -27.6537 -46.7145 0
      vertex 4.85375 -46.7145 0
      vertex 4.86497 -46.8284 0
    endloop
  endfacet
  facet normal 0 0 -1
    outer loop
      vertex -27.665 -46.8284 0
      vertex 4.86497 -46.8284 0
      vertex 4.88363 -46.9414 0
    endloop
  endfacet
  facet normal 0 0 -1
    outer loop
      vertex -27.6836 -46.9414 0
      vertex 4.88363 -46.9414 0
      vertex 4.90963 -47.0529 0
    endloop
  endfacet
  facet normal 0 0 -1
    outer loop
      vertex -27.7096 -47.0529 0
      vertex 4.90963 -47.0529 0
      vertex 4.94287 -47.1625 0
    endloop
  endfacet
  facet normal 0 0 -1
    outer loop
      vertex -27.7429 -47.1625 0
      vertex 4.94287 -47.1625 0
      vertex 4.98321 -47.2697 0
    endloop
  endfacet
  facet normal 0 0 -1
    outer loop
      vertex -27.7832 -47.2697 0
      vertex 4.98321 -47.2697 0
      vertex 5.03047 -47.374 0
    endloop
  endfacet
  facet normal 0 0 -1
    outer loop
      vertex -27.8305 -47.374 0
      vertex 5.03047 -47.374 0
      vertex 5.08446 -47.475 0
    endloop
  endfacet
  facet normal 0 0 -1
    outer loop
      vertex -27.8845 -47.475 0
      vertex 5.08446 -47.475 0
      vertex 5.14493 -47.5722 0
    endloop
  endfacet
  facet normal 0 0 -1
    outer loop
      vertex -27.9449 -47.5722 0
      vertex 5.14493 -47.5722 0
      vertex 5.21163 -47.6653 0
    endloop
  endfacet
  facet normal 0 0 -1
    outer loop
      vertex -28.0116 -47.6653 0
      vertex 5.21163 -47.6653 0
      vertex 5.28428 -47.7539 0
    endloop
  endfacet
  facet normal 0 0 -1
    outer loop
      vertex -28.0843 -47.7539 0
      vertex 5.28428 -47.7539 0
      vertex 5.36256 -47.8374 0
    endloop
  endfacet
  facet normal 0 0 -1
    outer loop
      vertex -28.1626 -47.8374 0
      vertex 5.36256 -47.8374 0
      vertex 5.44614 -47.9157 0
    endloop
  endfacet
  facet normal 0 0 -1
    outer loop
      vertex 5.62775 -48.0551 0
      vertex -28.4278 -48.0551 0
      vertex 5.53467 -47.9884 0
    endloop
  endfacet
  facet normal 0 0 -1
    outer loop
      vertex 4.85375 -46.7145 0
      vertex -27.6537 -46.7145 0
      vertex -27.65 -46.6 0
    endloop
  endfacet
  facet normal 0 0 -1
    outer loop
      vertex 4.86497 -46.8284 0
      vertex -27.665 -46.8284 0
      vertex -27.6537 -46.7145 0
    endloop
  endfacet
  facet normal 0 0 -1
    outer loop
      vertex 4.88363 -46.9414 0
      vertex -27.6836 -46.9414 0
      vertex -27.665 -46.8284 0
    endloop
  endfacet
  facet normal 0 0 -1
    outer loop
      vertex 4.90963 -47.0529 0
      vertex -27.7096 -47.0529 0
      vertex -27.6836 -46.9414 0
    endloop
  endfacet
  facet normal 0 0 -1
    outer loop
      vertex 4.94287 -47.1625 0
      vertex -27.7429 -47.1625 0
      vertex -27.7096 -47.0529 0
    endloop
  endfacet
  facet normal 0 0 -1
    outer loop
      vertex 4.98321 -47.2697 0
      vertex -27.7832 -47.2697 0
      vertex -27.7429 -47.1625 0
    endloop
  endfacet
  facet normal 0 0 -1
    outer loop
      vertex 5.03047 -47.374 0
      vertex -27.8305 -47.374 0
      vertex -27.7832 -47.2697 0
    endloop
  endfacet
  facet normal 0 0 -1
    outer loop
      vertex 5.08446 -47.475 0
      vertex -27.8845 -47.475 0
      vertex -27.8305 -47.374 0
    endloop
  endfacet
  facet normal 0 0 -1
    outer loop
      vertex 5.14493 -47.5722 0
      vertex -27.9449 -47.5722 0
      vertex -27.8845 -47.475 0
    endloop
  endfacet
  facet normal 0 0 -1
    outer loop
      vertex 5.21163 -47.6653 0
      vertex -28.0116 -47.6653 0
      vertex -27.9449 -47.5722 0
    endloop
  endfacet
  facet normal 0 0 -1
    outer loop
      vertex 5.28428 -47.7539 0
      vertex -28.0843 -47.7539 0
      vertex -28.0116 -47.6653 0
    endloop
  endfacet
  facet normal 0 0 -1
    outer loop
      vertex 5.36256 -47.8374 0
      vertex -28.1626 -47.8374 0
      vertex -28.0843 -47.7539 0
    endloop
  endfacet
  facet normal 0 -0 -1
    outer loop
      vertex -28.3347 -47.9884 0
      vertex 5.53467 -47.9884 0
      vertex -28.4278 -48.0551 0
    endloop
  endfacet
  facet normal 0 0 -1
    outer loop
      vertex 5.44614 -47.9157 0
      vertex -28.2461 -47.9157 0
      vertex -28.1626 -47.8374 0
    endloop
  endfacet
  facet normal -0 0 -1
    outer loop
      vertex 5.44614 -47.9157 0
      vertex -28.3347 -47.9884 0
      vertex -28.2461 -47.9157 0
    endloop
  endfacet
  facet normal 0 0 -1
    outer loop
      vertex 5.53467 -47.9884 0
      vertex -28.3347 -47.9884 0
      vertex 5.44614 -47.9157 0
    endloop
  endfacet
  facet normal 0 0 -1
    outer loop
      vertex -28.4278 -48.0551 0
      vertex -40 -80 0
      vertex -28.525 -48.1155 0
    endloop
  endfacet
  facet normal 0 0 -1
    outer loop
      vertex -28.525 -48.1155 0
      vertex -40 -80 0
      vertex -28.626 -48.1695 0
    endloop
  endfacet
  facet normal 0 0 -1
    outer loop
      vertex -28.626 -48.1695 0
      vertex -40 -80 0
      vertex -28.7303 -48.2168 0
    endloop
  endfacet
  facet normal 0 0 -1
    outer loop
      vertex -28.7303 -48.2168 0
      vertex -40 -80 0
      vertex -28.8375 -48.2571 0
    endloop
  endfacet
  facet normal 0 0 -1
    outer loop
      vertex -28.8375 -48.2571 0
      vertex -40 -80 0
      vertex -28.9471 -48.2904 0
    endloop
  endfacet
  facet normal 0 0 -1
    outer loop
      vertex -28.9471 -48.2904 0
      vertex -40 -80 0
      vertex -29.0586 -48.3164 0
    endloop
  endfacet
  facet normal 0 0 -1
    outer loop
      vertex -29.0586 -48.3164 0
      vertex -40 -80 0
      vertex -29.1716 -48.335 0
    endloop
  endfacet
  facet normal 0 0 -1
    outer loop
      vertex -29.1716 -48.335 0
      vertex -40 -80 0
      vertex -29.2855 -48.3463 0
    endloop
  endfacet
  facet normal 0 0 -1
    outer loop
      vertex -29.2855 -48.3463 0
      vertex -40 -80 0
      vertex -29.4 -48.35 0
    endloop
  endfacet
  facet normal -0 0 -1
    outer loop
      vertex -29.4 -48.35 0
      vertex -40 -80 0
      vertex -29.5145 -48.3463 0
    endloop
  endfacet
  facet normal -0 0 -1
    outer loop
      vertex -29.5145 -48.3463 0
      vertex -40 -80 0
      vertex -29.6284 -48.335 0
    endloop
  endfacet
  facet normal -0 0 -1
    outer loop
      vertex -29.6284 -48.335 0
      vertex -40 -80 0
      vertex -29.7414 -48.3164 0
    endloop
  endfacet
  facet normal -0 0 -1
    outer loop
      vertex -29.7414 -48.3164 0
      vertex -40 -80 0
      vertex -29.8529 -48.2904 0
    endloop
  endfacet
  facet normal -0 0 -1
    outer loop
      vertex -29.8529 -48.2904 0
      vertex -40 -80 0
      vertex -29.9625 -48.2571 0
    endloop
  endfacet
  facet normal -0 0 -1
    outer loop
      vertex -29.9625 -48.2571 0
      vertex -40 -80 0
      vertex -30.0697 -48.2168 0
    endloop
  endfacet
  facet normal 0 0 -1
    outer loop
      vertex -31.1463 -10.7145 0
      vertex -40 -2.82843 0
      vertex -31.15 -10.6 0
    endloop
  endfacet
  facet normal 0 0 -1
    outer loop
      vertex -40 -80 0
      vertex -31.15 -46.6 0
      vertex -31.1463 -46.7145 0
    endloop
  endfacet
  facet normal 0 0 -1
    outer loop
      vertex -40 -80 0
      vertex -31.1463 -46.7145 0
      vertex -31.135 -46.8284 0
    endloop
  endfacet
  facet normal -0 0 -1
    outer loop
      vertex -30.0697 -48.2168 0
      vertex -40 -80 0
      vertex -30.174 -48.1695 0
    endloop
  endfacet
  facet normal 0 0 -1
    outer loop
      vertex -40 -80 0
      vertex -30.275 -48.1155 0
      vertex -30.174 -48.1695 0
    endloop
  endfacet
  facet normal 0 0 -1
    outer loop
      vertex -40 -80 0
      vertex -30.3722 -48.0551 0
      vertex -30.275 -48.1155 0
    endloop
  endfacet
  facet normal 0 0 -1
    outer loop
      vertex -40 -80 0
      vertex -30.4653 -47.9884 0
      vertex -30.3722 -48.0551 0
    endloop
  endfacet
  facet normal 0 0 -1
    outer loop
      vertex -40 -80 0
      vertex -30.5539 -47.9157 0
      vertex -30.4653 -47.9884 0
    endloop
  endfacet
  facet normal 0 0 -1
    outer loop
      vertex -40 -80 0
      vertex -30.6374 -47.8374 0
      vertex -30.5539 -47.9157 0
    endloop
  endfacet
  facet normal 0 0 -1
    outer loop
      vertex -40 -80 0
      vertex -30.7157 -47.7539 0
      vertex -30.6374 -47.8374 0
    endloop
  endfacet
  facet normal 0 0 -1
    outer loop
      vertex -40 -80 0
      vertex -30.7884 -47.6653 0
      vertex -30.7157 -47.7539 0
    endloop
  endfacet
  facet normal 0 0 -1
    outer loop
      vertex -40 -80 0
      vertex -30.8551 -47.5722 0
      vertex -30.7884 -47.6653 0
    endloop
  endfacet
  facet normal 0 0 -1
    outer loop
      vertex -40 -80 0
      vertex -30.9155 -47.475 0
      vertex -30.8551 -47.5722 0
    endloop
  endfacet
  facet normal 0 0 -1
    outer loop
      vertex -40 -80 0
      vertex -30.9695 -47.374 0
      vertex -30.9155 -47.475 0
    endloop
  endfacet
  facet normal 0 0 -1
    outer loop
      vertex -40 -80 0
      vertex -31.0168 -47.2697 0
      vertex -30.9695 -47.374 0
    endloop
  endfacet
  facet normal 0 0 -1
    outer loop
      vertex -40 -80 0
      vertex -31.0571 -47.1625 0
      vertex -31.0168 -47.2697 0
    endloop
  endfacet
  facet normal 0 0 -1
    outer loop
      vertex -40 -80 0
      vertex -31.0904 -47.0529 0
      vertex -31.0571 -47.1625 0
    endloop
  endfacet
  facet normal 0 0 -1
    outer loop
      vertex -40 -80 0
      vertex -31.1164 -46.9414 0
      vertex -31.0904 -47.0529 0
    endloop
  endfacet
  facet normal 0 0 -1
    outer loop
      vertex -40 -80 0
      vertex -31.135 -46.8284 0
      vertex -31.1164 -46.9414 0
    endloop
  endfacet
  facet normal -0 0 -1
    outer loop
      vertex -31.1463 -46.4855 0
      vertex -40 -80 0
      vertex -40 -2.82843 0
    endloop
  endfacet
  facet normal 0 0 -1
    outer loop
      vertex -31.15 -10.6 0
      vertex -40 -2.82843 0
      vertex -37.1716 0 0
    endloop
  endfacet
  facet normal -0 0 -1
    outer loop
      vertex 40 -2.82843 0
      vertex 8.35 -10.6 0
      vertex 37.1716 0 0
    endloop
  endfacet
  facet normal 0 0 -1
    outer loop
      vertex 8.34625 -10.4855 0
      vertex 37.1716 0 0
      vertex 8.35 -10.6 0
    endloop
  endfacet
  facet normal 0 0 -1
    outer loop
      vertex 8.33503 -10.3716 0
      vertex 37.1716 0 0
      vertex 8.34625 -10.4855 0
    endloop
  endfacet
  facet normal 0 0 -1
    outer loop
      vertex 8.31637 -10.2586 0
      vertex 37.1716 0 0
      vertex 8.33503 -10.3716 0
    endloop
  endfacet
  facet normal 0 0 -1
    outer loop
      vertex 8.29037 -10.1471 0
      vertex 37.1716 0 0
      vertex 8.31637 -10.2586 0
    endloop
  endfacet
  facet normal 0 0 -1
    outer loop
      vertex 8.25713 -10.0375 0
      vertex 37.1716 0 0
      vertex 8.29037 -10.1471 0
    endloop
  endfacet
  facet normal 0 0 -1
    outer loop
      vertex 8.21679 -9.9303 0
      vertex 37.1716 0 0
      vertex 8.25713 -10.0375 0
    endloop
  endfacet
  facet normal 0 0 -1
    outer loop
      vertex 8.16953 -9.82599 0
      vertex 37.1716 0 0
      vertex 8.21679 -9.9303 0
    endloop
  endfacet
  facet normal 0 0 -1
    outer loop
      vertex 8.11554 -9.725 0
      vertex 37.1716 0 0
      vertex 8.16953 -9.82599 0
    endloop
  endfacet
  facet normal 0 0 -1
    outer loop
      vertex 8.05507 -9.62775 0
      vertex 37.1716 0 0
      vertex 8.11554 -9.725 0
    endloop
  endfacet
  facet normal 0 0 -1
    outer loop
      vertex 7.98837 -9.53467 0
      vertex 37.1716 0 0
      vertex 8.05507 -9.62775 0
    endloop
  endfacet
  facet normal 0 0 -1
    outer loop
      vertex 7.91572 -9.44614 0
      vertex 37.1716 0 0
      vertex 7.98837 -9.53467 0
    endloop
  endfacet
  facet normal 0 0 -1
    outer loop
      vertex 7.83744 -9.36256 0
      vertex 37.1716 0 0
      vertex 7.91572 -9.44614 0
    endloop
  endfacet
  facet normal 0 0 -1
    outer loop
      vertex 7.75385 -9.28428 0
      vertex 37.1716 0 0
      vertex 7.83744 -9.36256 0
    endloop
  endfacet
  facet normal 0 0 -1
    outer loop
      vertex 7.66533 -9.21163 0
      vertex 37.1716 0 0
      vertex 7.75385 -9.28428 0
    endloop
  endfacet
  facet normal 0 0 -1
    outer loop
      vertex 7.57225 -9.14493 0
      vertex 37.1716 0 0
      vertex 7.66533 -9.21163 0
    endloop
  endfacet
  facet normal 0 0 -1
    outer loop
      vertex 7.475 -9.08446 0
      vertex 37.1716 0 0
      vertex 7.57225 -9.14493 0
    endloop
  endfacet
  facet normal 0 0 -1
    outer loop
      vertex 7.374 -9.03047 0
      vertex 37.1716 0 0
      vertex 7.475 -9.08446 0
    endloop
  endfacet
  facet normal 0 0 -1
    outer loop
      vertex 7.2697 -8.98321 0
      vertex 37.1716 0 0
      vertex 7.374 -9.03047 0
    endloop
  endfacet
  facet normal 0 0 -1
    outer loop
      vertex 7.16252 -8.94287 0
      vertex 37.1716 0 0
      vertex 7.2697 -8.98321 0
    endloop
  endfacet
  facet normal 0 0 -1
    outer loop
      vertex 7.05293 -8.90963 0
      vertex 37.1716 0 0
      vertex 7.16252 -8.94287 0
    endloop
  endfacet
  facet normal 0 0 -1
    outer loop
      vertex 6.94141 -8.88363 0
      vertex 37.1716 0 0
      vertex 7.05293 -8.90963 0
    endloop
  endfacet
  facet normal 0 0 -1
    outer loop
      vertex 6.82842 -8.86497 0
      vertex 37.1716 0 0
      vertex 6.94141 -8.88363 0
    endloop
  endfacet
  facet normal 0 0 -1
    outer loop
      vertex 6.71445 -8.85375 0
      vertex 37.1716 0 0
      vertex 6.82842 -8.86497 0
    endloop
  endfacet
  facet normal 0 0 -1
    outer loop
      vertex 6.6 -8.85 0
      vertex 37.1716 0 0
      vertex 6.71445 -8.85375 0
    endloop
  endfacet
  facet normal 0 0 -1
    outer loop
      vertex 6.48554 -8.85375 0
      vertex 37.1716 0 0
      vertex 6.6 -8.85 0
    endloop
  endfacet
  facet normal 0 0 -1
    outer loop
      vertex -37.1716 0 0
      vertex 6.48554 -8.85375 0
      vertex 6.37158 -8.86497 0
    endloop
  endfacet
  facet normal 0 0 -1
    outer loop
      vertex -37.1716 0 0
      vertex 6.37158 -8.86497 0
      vertex 6.25859 -8.88363 0
    endloop
  endfacet
  facet normal 0 0 -1
    outer loop
      vertex -37.1716 0 0
      vertex 6.25859 -8.88363 0
      vertex 6.14707 -8.90963 0
    endloop
  endfacet
  facet normal 0 0 -1
    outer loop
      vertex 4.85375 -10.7145 0
      vertex -27.65 -10.6 0
      vertex 4.85 -10.6 0
    endloop
  endfacet
  facet normal 0 0 -1
    outer loop
      vertex 4.85 -10.6 0
      vertex -27.65 -10.6 0
      vertex 4.85375 -10.4855 0
    endloop
  endfacet
  facet normal 0 0 -1
    outer loop
      vertex -27.6537 -10.4855 0
      vertex 4.85375 -10.4855 0
      vertex -27.65 -10.6 0
    endloop
  endfacet
  facet normal 0 0 -1
    outer loop
      vertex 4.85375 -10.4855 0
      vertex -27.6537 -10.4855 0
      vertex 4.86497 -10.3716 0
    endloop
  endfacet
  facet normal 0 0 -1
    outer loop
      vertex -27.665 -10.3716 0
      vertex 4.86497 -10.3716 0
      vertex -27.6537 -10.4855 0
    endloop
  endfacet
  facet normal 0 0 -1
    outer loop
      vertex 4.86497 -10.3716 0
      vertex -27.665 -10.3716 0
      vertex 4.88363 -10.2586 0
    endloop
  endfacet
  facet normal 0 0 -1
    outer loop
      vertex -27.6836 -10.2586 0
      vertex 4.88363 -10.2586 0
      vertex -27.665 -10.3716 0
    endloop
  endfacet
  facet normal 0 0 -1
    outer loop
      vertex 4.88363 -10.2586 0
      vertex -27.6836 -10.2586 0
      vertex 4.90963 -10.1471 0
    endloop
  endfacet
  facet normal 0 0 -1
    outer loop
      vertex -27.7096 -10.1471 0
      vertex 4.90963 -10.1471 0
      vertex -27.6836 -10.2586 0
    endloop
  endfacet
  facet normal 0 0 -1
    outer loop
      vertex 4.90963 -10.1471 0
      vertex -27.7096 -10.1471 0
      vertex 4.94287 -10.0375 0
    endloop
  endfacet
  facet normal 0 0 -1
    outer loop
      vertex -27.7429 -10.0375 0
      vertex 4.94287 -10.0375 0
      vertex -27.7096 -10.1471 0
    endloop
  endfacet
  facet normal 0 0 -1
    outer loop
      vertex 4.94287 -10.0375 0
      vertex -27.7429 -10.0375 0
      vertex 4.98321 -9.9303 0
    endloop
  endfacet
  facet normal 0 0 -1
    outer loop
      vertex -27.7832 -9.9303 0
      vertex 4.98321 -9.9303 0
      vertex -27.7429 -10.0375 0
    endloop
  endfacet
  facet normal 0 0 -1
    outer loop
      vertex 4.98321 -9.9303 0
      vertex -27.7832 -9.9303 0
      vertex 5.03047 -9.82599 0
    endloop
  endfacet
  facet normal 0 0 -1
    outer loop
      vertex -27.8305 -9.82599 0
      vertex 5.03047 -9.82599 0
      vertex -27.7832 -9.9303 0
    endloop
  endfacet
  facet normal 0 0 -1
    outer loop
      vertex 5.03047 -9.82599 0
      vertex -27.8305 -9.82599 0
      vertex 5.08446 -9.725 0
    endloop
  endfacet
  facet normal 0 0 -1
    outer loop
      vertex -27.8845 -9.725 0
      vertex 5.08446 -9.725 0
      vertex -27.8305 -9.82599 0
    endloop
  endfacet
  facet normal 0 0 -1
    outer loop
      vertex 5.08446 -9.725 0
      vertex -27.8845 -9.725 0
      vertex 5.14493 -9.62775 0
    endloop
  endfacet
  facet normal 0 0 -1
    outer loop
      vertex -27.9449 -9.62775 0
      vertex 5.14493 -9.62775 0
      vertex -27.8845 -9.725 0
    endloop
  endfacet
  facet normal 0 0 -1
    outer loop
      vertex 5.14493 -9.62775 0
      vertex -27.9449 -9.62775 0
      vertex 5.21163 -9.53467 0
    endloop
  endfacet
  facet normal 0 0 -1
    outer loop
      vertex -28.0116 -9.53467 0
      vertex 5.21163 -9.53467 0
      vertex -27.9449 -9.62775 0
    endloop
  endfacet
  facet normal 0 0 -1
    outer loop
      vertex 5.21163 -9.53467 0
      vertex -28.0116 -9.53467 0
      vertex 5.28428 -9.44614 0
    endloop
  endfacet
  facet normal 0 0 -1
    outer loop
      vertex -28.0843 -9.44614 0
      vertex 5.28428 -9.44614 0
      vertex -28.0116 -9.53467 0
    endloop
  endfacet
  facet normal 0 0 -1
    outer loop
      vertex 5.28428 -9.44614 0
      vertex -28.0843 -9.44614 0
      vertex 5.36256 -9.36256 0
    endloop
  endfacet
  facet normal 0 0 -1
    outer loop
      vertex -28.1626 -9.36256 0
      vertex 5.36256 -9.36256 0
      vertex -28.0843 -9.44614 0
    endloop
  endfacet
  facet normal 0 0 -1
    outer loop
      vertex 5.36256 -9.36256 0
      vertex -28.1626 -9.36256 0
      vertex 5.44614 -9.28428 0
    endloop
  endfacet
  facet normal 0 0 -1
    outer loop
      vertex -28.2461 -9.28428 0
      vertex 5.44614 -9.28428 0
      vertex -28.1626 -9.36256 0
    endloop
  endfacet
  facet normal 0 0 -1
    outer loop
      vertex 5.44614 -9.28428 0
      vertex -28.2461 -9.28428 0
      vertex 5.53467 -9.21163 0
    endloop
  endfacet
  facet normal 0 0 -1
    outer loop
      vertex -28.3347 -9.21163 0
      vertex 5.53467 -9.21163 0
      vertex -28.2461 -9.28428 0
    endloop
  endfacet
  facet normal 0 0 -1
    outer loop
      vertex 5.53467 -9.21163 0
      vertex -28.3347 -9.21163 0
      vertex 5.62775 -9.14493 0
    endloop
  endfacet
  facet normal 0 0 -1
    outer loop
      vertex -28.4278 -9.14493 0
      vertex 5.62775 -9.14493 0
      vertex -28.3347 -9.21163 0
    endloop
  endfacet
  facet normal 0 0 -1
    outer loop
      vertex -37.1716 0 0
      vertex 5.62775 -9.14493 0
      vertex -28.4278 -9.14493 0
    endloop
  endfacet
  facet normal 0 0 -1
    outer loop
      vertex 5.62775 -9.14493 0
      vertex -37.1716 0 0
      vertex 5.725 -9.08446 0
    endloop
  endfacet
  facet normal 0 0 -1
    outer loop
      vertex 5.725 -9.08446 0
      vertex -37.1716 0 0
      vertex 5.82599 -9.03047 0
    endloop
  endfacet
  facet normal 0 0 -1
    outer loop
      vertex 5.82599 -9.03047 0
      vertex -37.1716 0 0
      vertex 5.9303 -8.98321 0
    endloop
  endfacet
  facet normal 0 0 -1
    outer loop
      vertex 5.9303 -8.98321 0
      vertex -37.1716 0 0
      vertex 6.03748 -8.94287 0
    endloop
  endfacet
  facet normal 0 0 -1
    outer loop
      vertex 6.03748 -8.94287 0
      vertex -37.1716 0 0
      vertex 6.14707 -8.90963 0
    endloop
  endfacet
  facet normal 0 0 -1
    outer loop
      vertex -37.1716 0 0
      vertex -28.4278 -9.14493 0
      vertex -28.525 -9.08446 0
    endloop
  endfacet
  facet normal 0 0 -1
    outer loop
      vertex -37.1716 0 0
      vertex -28.525 -9.08446 0
      vertex -28.626 -9.03047 0
    endloop
  endfacet
  facet normal 0 0 -1
    outer loop
      vertex -37.1716 0 0
      vertex -28.626 -9.03047 0
      vertex -28.7303 -8.98321 0
    endloop
  endfacet
  facet normal 0 0 -1
    outer loop
      vertex -37.1716 0 0
      vertex -28.7303 -8.98321 0
      vertex -28.8375 -8.94287 0
    endloop
  endfacet
  facet normal 0 0 -1
    outer loop
      vertex -37.1716 0 0
      vertex -28.8375 -8.94287 0
      vertex -28.9471 -8.90963 0
    endloop
  endfacet
  facet normal 0 0 -1
    outer loop
      vertex -37.1716 0 0
      vertex -28.9471 -8.90963 0
      vertex -29.0586 -8.88363 0
    endloop
  endfacet
  facet normal 0 0 -1
    outer loop
      vertex -37.1716 0 0
      vertex -29.0586 -8.88363 0
      vertex -29.1716 -8.86497 0
    endloop
  endfacet
  facet normal 0 0 -1
    outer loop
      vertex -37.1716 0 0
      vertex -29.1716 -8.86497 0
      vertex -29.2855 -8.85375 0
    endloop
  endfacet
  facet normal 0 0 -1
    outer loop
      vertex -37.1716 0 0
      vertex -29.2855 -8.85375 0
      vertex -29.4 -8.85 0
    endloop
  endfacet
  facet normal 0 0 -1
    outer loop
      vertex -37.1716 0 0
      vertex -29.4 -8.85 0
      vertex -29.5145 -8.85375 0
    endloop
  endfacet
  facet normal 0 0 -1
    outer loop
      vertex -37.1716 0 0
      vertex -29.5145 -8.85375 0
      vertex -29.6284 -8.86497 0
    endloop
  endfacet
  facet normal 0 0 -1
    outer loop
      vertex 6.48554 -8.85375 0
      vertex -37.1716 0 0
      vertex 37.1716 0 0
    endloop
  endfacet
  facet normal 0 0 -1
    outer loop
      vertex -29.7414 -8.88363 0
      vertex -37.1716 0 0
      vertex -29.6284 -8.86497 0
    endloop
  endfacet
  facet normal 0 0 -1
    outer loop
      vertex -29.8529 -8.90963 0
      vertex -37.1716 0 0
      vertex -29.7414 -8.88363 0
    endloop
  endfacet
  facet normal 0 0 -1
    outer loop
      vertex -29.9625 -8.94287 0
      vertex -37.1716 0 0
      vertex -29.8529 -8.90963 0
    endloop
  endfacet
  facet normal 0 0 -1
    outer loop
      vertex -30.0697 -8.98321 0
      vertex -37.1716 0 0
      vertex -29.9625 -8.94287 0
    endloop
  endfacet
  facet normal 0 0 -1
    outer loop
      vertex -30.174 -9.03047 0
      vertex -37.1716 0 0
      vertex -30.0697 -8.98321 0
    endloop
  endfacet
  facet normal 0 0 -1
    outer loop
      vertex -30.275 -9.08446 0
      vertex -37.1716 0 0
      vertex -30.174 -9.03047 0
    endloop
  endfacet
  facet normal 0 0 -1
    outer loop
      vertex -30.3722 -9.14493 0
      vertex -37.1716 0 0
      vertex -30.275 -9.08446 0
    endloop
  endfacet
  facet normal 0 0 -1
    outer loop
      vertex -30.4653 -9.21163 0
      vertex -37.1716 0 0
      vertex -30.3722 -9.14493 0
    endloop
  endfacet
  facet normal 0 0 -1
    outer loop
      vertex -30.5539 -9.28428 0
      vertex -37.1716 0 0
      vertex -30.4653 -9.21163 0
    endloop
  endfacet
  facet normal 0 0 -1
    outer loop
      vertex -30.6374 -9.36256 0
      vertex -37.1716 0 0
      vertex -30.5539 -9.28428 0
    endloop
  endfacet
  facet normal 0 0 -1
    outer loop
      vertex -30.7157 -9.44614 0
      vertex -37.1716 0 0
      vertex -30.6374 -9.36256 0
    endloop
  endfacet
  facet normal 0 0 -1
    outer loop
      vertex -30.7884 -9.53467 0
      vertex -37.1716 0 0
      vertex -30.7157 -9.44614 0
    endloop
  endfacet
  facet normal 0 0 -1
    outer loop
      vertex -30.8551 -9.62775 0
      vertex -37.1716 0 0
      vertex -30.7884 -9.53467 0
    endloop
  endfacet
  facet normal 0 0 -1
    outer loop
      vertex -30.9155 -9.725 0
      vertex -37.1716 0 0
      vertex -30.8551 -9.62775 0
    endloop
  endfacet
  facet normal 0 0 -1
    outer loop
      vertex -30.9695 -9.82599 0
      vertex -37.1716 0 0
      vertex -30.9155 -9.725 0
    endloop
  endfacet
  facet normal 0 0 -1
    outer loop
      vertex -31.0168 -9.9303 0
      vertex -37.1716 0 0
      vertex -30.9695 -9.82599 0
    endloop
  endfacet
  facet normal 0 0 -1
    outer loop
      vertex -31.0571 -10.0375 0
      vertex -37.1716 0 0
      vertex -31.0168 -9.9303 0
    endloop
  endfacet
  facet normal 0 0 -1
    outer loop
      vertex -31.0904 -10.1471 0
      vertex -37.1716 0 0
      vertex -31.0571 -10.0375 0
    endloop
  endfacet
  facet normal 0 0 -1
    outer loop
      vertex -31.1164 -10.2586 0
      vertex -37.1716 0 0
      vertex -31.0904 -10.1471 0
    endloop
  endfacet
  facet normal 0 0 -1
    outer loop
      vertex -31.135 -10.3716 0
      vertex -37.1716 0 0
      vertex -31.1164 -10.2586 0
    endloop
  endfacet
  facet normal 0 0 -1
    outer loop
      vertex -31.1463 -10.4855 0
      vertex -37.1716 0 0
      vertex -31.135 -10.3716 0
    endloop
  endfacet
  facet normal 0 0 -1
    outer loop
      vertex -37.1716 0 0
      vertex -31.1463 -10.4855 0
      vertex -31.15 -10.6 0
    endloop
  endfacet
  facet normal -0 0 1
    outer loop
      vertex -35.4 -39.4 2
      vertex -20.5 -40.6 2
      vertex -20.5 -39.4 2
    endloop
  endfacet
  facet normal 0 0 1
    outer loop
      vertex -20.5 -40.6 2
      vertex -35.4 -39.4 2
      vertex -35.4 -40.6 2
    endloop
  endfacet
  facet normal 0 0 1
    outer loop
      vertex -15.5 -4.96201 2
      vertex -20.5 -4.6 2
      vertex -20.5 -4.96201 2
    endloop
  endfacet
  facet normal -0 0 1
    outer loop
      vertex -35.4 -19.5 2
      vertex -35.038 -24.5 2
      vertex -35.038 -19.5 2
    endloop
  endfacet
  facet normal 0 0 1
    outer loop
      vertex -35.038 -24.5 2
      vertex -35.4 -19.5 2
      vertex -35.4 -24.5 2
    endloop
  endfacet
  facet normal 0 0 1
    outer loop
      vertex -15.5 -75.038 2
      vertex -20.5 -75.038 2
      vertex -15.5 -75.4 2
    endloop
  endfacet
  facet normal 0 0 1
    outer loop
      vertex -20.5 -39.4 2
      vertex -15.5 -39.4 2
      vertex -15.5 -39.038 2
    endloop
  endfacet
  facet normal 0 0 1
    outer loop
      vertex -15.5 -39.4 2
      vertex -20.5 -39.4 2
      vertex -15.5 -40.6 2
    endloop
  endfacet
  facet normal 0 0 1
    outer loop
      vertex -20.5 -39.4 2
      vertex -15.5 -39.038 2
      vertex -20.5 -39.038 2
    endloop
  endfacet
  facet normal 0 0 1
    outer loop
      vertex -20.5 -40.6 2
      vertex -15.5 -40.6 2
      vertex -20.5 -39.4 2
    endloop
  endfacet
  facet normal 0 0 1
    outer loop
      vertex -15.5 -40.6 2
      vertex -20.5 -40.6 2
      vertex -15.5 -40.962 2
    endloop
  endfacet
  facet normal 0 0 1
    outer loop
      vertex -15.5 -40.962 2
      vertex -20.5 -40.6 2
      vertex -20.5 -40.962 2
    endloop
  endfacet
  facet normal -0 0 1
    outer loop
      vertex -0.96201 -55.5 2
      vertex -0.599999 -60.5 2
      vertex -0.599999 -55.5 2
    endloop
  endfacet
  facet normal 0 0 1
    outer loop
      vertex -0.599999 -60.5 2
      vertex -0.96201 -55.5 2
      vertex -0.96201 -60.5 2
    endloop
  endfacet
  facet normal -0 0 1
    outer loop
      vertex -15.5 -39.4 2
      vertex -0.599999 -40.6 2
      vertex -0.599999 -39.4 2
    endloop
  endfacet
  facet normal 0 0 1
    outer loop
      vertex -0.599999 -40.6 2
      vertex -15.5 -39.4 2
      vertex -15.5 -40.6 2
    endloop
  endfacet
  facet normal -0 0 1
    outer loop
      vertex -0.96201 -19.5 2
      vertex -0.599999 -24.5 2
      vertex -0.599999 -19.5 2
    endloop
  endfacet
  facet normal 0 0 1
    outer loop
      vertex -0.599999 -24.5 2
      vertex -0.96201 -19.5 2
      vertex -0.96201 -24.5 2
    endloop
  endfacet
  facet normal -0 0 1
    outer loop
      vertex 0.599999 -39.4 2
      vertex 15.5 -40.6 2
      vertex 15.5 -39.4 2
    endloop
  endfacet
  facet normal 0 0 1
    outer loop
      vertex 15.5 -40.6 2
      vertex 0.599999 -39.4 2
      vertex 0.599999 -40.6 2
    endloop
  endfacet
  facet normal 0 0 1
    outer loop
      vertex 20.5 -4.96201 2
      vertex 15.5 -4.6 2
      vertex 15.5 -4.96201 2
    endloop
  endfacet
  facet normal -0 0 1
    outer loop
      vertex 0.599999 -19.5 2
      vertex 0.96201 -24.5 2
      vertex 0.96201 -19.5 2
    endloop
  endfacet
  facet normal 0 0 1
    outer loop
      vertex 0.96201 -24.5 2
      vertex 0.599999 -19.5 2
      vertex 0.599999 -24.5 2
    endloop
  endfacet
  facet normal 0 0 1
    outer loop
      vertex 20.5 -75.038 2
      vertex 15.5 -75.038 2
      vertex 20.5 -75.4 2
    endloop
  endfacet
  facet normal 0 0 1
    outer loop
      vertex 15.5 -39.4 2
      vertex 20.5 -39.4 2
      vertex 20.5 -39.038 2
    endloop
  endfacet
  facet normal 0 0 1
    outer loop
      vertex 20.5 -39.4 2
      vertex 15.5 -39.4 2
      vertex 20.5 -40.6 2
    endloop
  endfacet
  facet normal 0 0 1
    outer loop
      vertex 15.5 -39.4 2
      vertex 20.5 -39.038 2
      vertex 15.5 -39.038 2
    endloop
  endfacet
  facet normal 0 0 1
    outer loop
      vertex 15.5 -40.6 2
      vertex 20.5 -40.6 2
      vertex 15.5 -39.4 2
    endloop
  endfacet
  facet normal 0 0 1
    outer loop
      vertex 20.5 -40.6 2
      vertex 15.5 -40.6 2
      vertex 20.5 -40.962 2
    endloop
  endfacet
  facet normal 0 0 1
    outer loop
      vertex 20.5 -40.962 2
      vertex 15.5 -40.6 2
      vertex 15.5 -40.962 2
    endloop
  endfacet
  facet normal -0 0 1
    outer loop
      vertex 35.038 -55.5 2
      vertex 35.4 -60.5 2
      vertex 35.4 -55.5 2
    endloop
  endfacet
  facet normal 0 0 1
    outer loop
      vertex 35.4 -60.5 2
      vertex 35.038 -55.5 2
      vertex 35.038 -60.5 2
    endloop
  endfacet
  facet normal -0 0 1
    outer loop
      vertex 20.5 -39.4 2
      vertex 35.4 -40.6 2
      vertex 35.4 -39.4 2
    endloop
  endfacet
  facet normal 0 0 1
    outer loop
      vertex 35.4 -40.6 2
      vertex 20.5 -39.4 2
      vertex 20.5 -40.6 2
    endloop
  endfacet
  facet normal -0 0 1
    outer loop
      vertex 35.038 -19.5 2
      vertex 35.4 -24.5 2
      vertex 35.4 -19.5 2
    endloop
  endfacet
  facet normal 0 0 1
    outer loop
      vertex 35.4 -24.5 2
      vertex 35.038 -19.5 2
      vertex 35.038 -24.5 2
    endloop
  endfacet
  facet normal 0 0 1
    outer loop
      vertex 37.1716 0 2
      vertex 20.5 -4.6 2
      vertex 35.4 -4.6 2
    endloop
  endfacet
  facet normal 0 0 1
    outer loop
      vertex 20.5 -4.6 2
      vertex 15.5 -4.6 2
      vertex 20.5 -4.96201 2
    endloop
  endfacet
  facet normal 0 0 1
    outer loop
      vertex 37.1716 0 2
      vertex 15.5 -4.6 2
      vertex 20.5 -4.6 2
    endloop
  endfacet
  facet normal 0 0 1
    outer loop
      vertex 37.1716 0 2
      vertex 0.599999 -4.6 2
      vertex 15.5 -4.6 2
    endloop
  endfacet
  facet normal 0 0 1
    outer loop
      vertex -0.599999 -19.5 2
      vertex 0.599999 -19.5 2
      vertex 0.599999 -4.6 2
    endloop
  endfacet
  facet normal 0 0 1
    outer loop
      vertex 0.599999 -19.5 2
      vertex -0.599999 -19.5 2
      vertex 0.599999 -24.5 2
    endloop
  endfacet
  facet normal 0 0 1
    outer loop
      vertex 0.599999 -24.5 2
      vertex -0.599999 -24.5 2
      vertex 0.599999 -39.4 2
    endloop
  endfacet
  facet normal 0 0 1
    outer loop
      vertex -0.599999 -39.4 2
      vertex 0.599999 -39.4 2
      vertex -0.599999 -24.5 2
    endloop
  endfacet
  facet normal 0 0 1
    outer loop
      vertex 0.599999 -39.4 2
      vertex -0.599999 -39.4 2
      vertex 0.599999 -40.6 2
    endloop
  endfacet
  facet normal 0 0 1
    outer loop
      vertex 0.599999 -40.6 2
      vertex -0.599999 -40.6 2
      vertex 0.599999 -55.5 2
    endloop
  endfacet
  facet normal 0 0 1
    outer loop
      vertex -0.599999 -19.5 2
      vertex 0.599999 -4.6 2
      vertex -0.599999 -4.6 2
    endloop
  endfacet
  facet normal 0 0 1
    outer loop
      vertex 37.1716 0 2
      vertex -0.599999 -4.6 2
      vertex 0.599999 -4.6 2
    endloop
  endfacet
  facet normal -0 0 1
    outer loop
      vertex -37.1716 0 2
      vertex -0.599999 -4.6 2
      vertex 37.1716 0 2
    endloop
  endfacet
  facet normal 0 0 1
    outer loop
      vertex -15.5 -4.6 2
      vertex -20.5 -4.6 2
      vertex -15.5 -4.96201 2
    endloop
  endfacet
  facet normal 0 0 1
    outer loop
      vertex -0.599999 -4.6 2
      vertex -37.1716 0 2
      vertex -15.5 -4.6 2
    endloop
  endfacet
  facet normal 0 0 1
    outer loop
      vertex -15.5 -4.6 2
      vertex -37.1716 0 2
      vertex -20.5 -4.6 2
    endloop
  endfacet
  facet normal 0 0 1
    outer loop
      vertex -40 -2.82843 2
      vertex -35.4 -19.5 2
      vertex -35.4 -4.6 2
    endloop
  endfacet
  facet normal 0 0 1
    outer loop
      vertex -35.4 -19.5 2
      vertex -40 -2.82843 2
      vertex -35.4 -24.5 2
    endloop
  endfacet
  facet normal 0 0 1
    outer loop
      vertex -35.4 -24.5 2
      vertex -40 -2.82843 2
      vertex -35.4 -39.4 2
    endloop
  endfacet
  facet normal 0 0 1
    outer loop
      vertex -35.4 -39.4 2
      vertex -40 -2.82843 2
      vertex -35.4 -40.6 2
    endloop
  endfacet
  facet normal 0 0 1
    outer loop
      vertex -40 -80 2
      vertex -35.4 -40.6 2
      vertex -40 -2.82843 2
    endloop
  endfacet
  facet normal 0 0 1
    outer loop
      vertex -35.4 -40.6 2
      vertex -40 -80 2
      vertex -35.4 -55.5 2
    endloop
  endfacet
  facet normal -0 0 1
    outer loop
      vertex -40 -2.82843 2
      vertex -35.4 -4.6 2
      vertex -37.1716 0 2
    endloop
  endfacet
  facet normal 0 0 1
    outer loop
      vertex -20.5 -4.6 2
      vertex -37.1716 0 2
      vertex -35.4 -4.6 2
    endloop
  endfacet
  facet normal 0 0 1
    outer loop
      vertex 35.4 -4.6 2
      vertex 40 -2.82843 2
      vertex 37.1716 0 2
    endloop
  endfacet
  facet normal 0 0 1
    outer loop
      vertex 40 -2.82843 2
      vertex 35.4 -4.6 2
      vertex 35.4 -19.5 2
    endloop
  endfacet
  facet normal 0 0 1
    outer loop
      vertex 40 -2.82843 2
      vertex 35.4 -19.5 2
      vertex 35.4 -24.5 2
    endloop
  endfacet
  facet normal 0 0 1
    outer loop
      vertex 35.4 -39.4 2
      vertex 40 -2.82843 2
      vertex 35.4 -24.5 2
    endloop
  endfacet
  facet normal 0 0 1
    outer loop
      vertex 40 -2.82843 2
      vertex 35.4 -39.4 2
      vertex 40 -80 2
    endloop
  endfacet
  facet normal -0 0 1
    outer loop
      vertex 35.4 -40.6 2
      vertex 40 -80 2
      vertex 35.4 -39.4 2
    endloop
  endfacet
  facet normal -0 0 1
    outer loop
      vertex 35.4 -55.5 2
      vertex 40 -80 2
      vertex 35.4 -40.6 2
    endloop
  endfacet
  facet normal -0 0 1
    outer loop
      vertex 35.4 -60.5 2
      vertex 40 -80 2
      vertex 35.4 -55.5 2
    endloop
  endfacet
  facet normal -0 0 1
    outer loop
      vertex 35.4 -75.4 2
      vertex 40 -80 2
      vertex 35.4 -60.5 2
    endloop
  endfacet
  facet normal -0 0 1
    outer loop
      vertex 20.5 -75.4 2
      vertex 40 -80 2
      vertex 35.4 -75.4 2
    endloop
  endfacet
  facet normal 0 0 1
    outer loop
      vertex 15.5 -75.4 2
      vertex 20.5 -75.4 2
      vertex 15.5 -75.038 2
    endloop
  endfacet
  facet normal 0 0 1
    outer loop
      vertex 20.5 -75.4 2
      vertex 15.5 -75.4 2
      vertex 40 -80 2
    endloop
  endfacet
  facet normal -0 0 1
    outer loop
      vertex 0.599999 -75.4 2
      vertex 40 -80 2
      vertex 15.5 -75.4 2
    endloop
  endfacet
  facet normal 0 0 1
    outer loop
      vertex 0.599999 -24.5 2
      vertex -0.599999 -19.5 2
      vertex -0.599999 -24.5 2
    endloop
  endfacet
  facet normal 0 0 1
    outer loop
      vertex -0.599999 -40.6 2
      vertex 0.599999 -40.6 2
      vertex -0.599999 -39.4 2
    endloop
  endfacet
  facet normal 0 0 1
    outer loop
      vertex -0.599999 -55.5 2
      vertex 0.599999 -55.5 2
      vertex -0.599999 -40.6 2
    endloop
  endfacet
  facet normal 0 0 1
    outer loop
      vertex 0.599999 -55.5 2
      vertex -0.599999 -55.5 2
      vertex 0.599999 -60.5 2
    endloop
  endfacet
  facet normal 0 0 1
    outer loop
      vertex -0.599999 -60.5 2
      vertex 0.599999 -60.5 2
      vertex -0.599999 -55.5 2
    endloop
  endfacet
  facet normal 0 0 1
    outer loop
      vertex 0.599999 -60.5 2
      vertex -0.599999 -60.5 2
      vertex 0.599999 -75.4 2
    endloop
  endfacet
  facet normal 0 0 1
    outer loop
      vertex -0.599999 -75.4 2
      vertex 0.599999 -75.4 2
      vertex -0.599999 -60.5 2
    endloop
  endfacet
  facet normal -0 0 1
    outer loop
      vertex -0.599999 -75.4 2
      vertex 40 -80 2
      vertex 0.599999 -75.4 2
    endloop
  endfacet
  facet normal 0 0 1
    outer loop
      vertex -40 -80 2
      vertex -0.599999 -75.4 2
      vertex -15.5 -75.4 2
    endloop
  endfacet
  facet normal 0 0 1
    outer loop
      vertex -20.5 -75.4 2
      vertex -15.5 -75.4 2
      vertex -20.5 -75.038 2
    endloop
  endfacet
  facet normal 0 0 1
    outer loop
      vertex -40 -80 2
      vertex -15.5 -75.4 2
      vertex -20.5 -75.4 2
    endloop
  endfacet
  facet normal 0 0 1
    outer loop
      vertex -40 -80 2
      vertex -20.5 -75.4 2
      vertex -35.4 -75.4 2
    endloop
  endfacet
  facet normal 0 0 1
    outer loop
      vertex -35.4 -55.5 2
      vertex -40 -80 2
      vertex -35.4 -60.5 2
    endloop
  endfacet
  facet normal 0 0 1
    outer loop
      vertex -0.599999 -75.4 2
      vertex -40 -80 2
      vertex 40 -80 2
    endloop
  endfacet
  facet normal 0 0 1
    outer loop
      vertex -35.4 -60.5 2
      vertex -40 -80 2
      vertex -35.4 -75.4 2
    endloop
  endfacet
  facet normal -0 0 1
    outer loop
      vertex 0.599999 -55.5 2
      vertex 0.96201 -60.5 2
      vertex 0.96201 -55.5 2
    endloop
  endfacet
  facet normal 0 0 1
    outer loop
      vertex 0.96201 -60.5 2
      vertex 0.599999 -55.5 2
      vertex 0.599999 -60.5 2
    endloop
  endfacet
  facet normal -0 0 1
    outer loop
      vertex -35.4 -55.5 2
      vertex -35.038 -60.5 2
      vertex -35.038 -55.5 2
    endloop
  endfacet
  facet normal 0 0 1
    outer loop
      vertex -35.038 -60.5 2
      vertex -35.4 -55.5 2
      vertex -35.4 -60.5 2
    endloop
  endfacet
  facet normal 1 0 0
    outer loop
      vertex -35.4 -24.5 2
      vertex -35.4 -39.4 2
      vertex -35.4 -24.5 1.3532
    endloop
  endfacet
  facet normal 1 0 0
    outer loop
      vertex -35.4 -19.5 1.3532
      vertex -35.4 -4.6 2
      vertex -35.4 -19.5 2
    endloop
  endfacet
  facet normal 1 0 0
    outer loop
      vertex -35.4 -4.6 2
      vertex -35.4 -19.5 1.3532
      vertex -35.4 -4.6 0.6
    endloop
  endfacet
  facet normal 1 -0 0
    outer loop
      vertex -35.4 -24.5 1.3532
      vertex -35.4 -4.6 0.6
      vertex -35.4 -19.5 1.3532
    endloop
  endfacet
  facet normal 1 0 0
    outer loop
      vertex -35.4 -24.5 1.3532
      vertex -35.4 -39.4 0.6
      vertex -35.4 -4.6 0.6
    endloop
  endfacet
  facet normal 1 0 0
    outer loop
      vertex -35.4 -39.4 0.6
      vertex -35.4 -24.5 1.3532
      vertex -35.4 -39.4 2
    endloop
  endfacet
  facet normal 0 1 0
    outer loop
      vertex -0.599999 -39.4 2
      vertex -15.5 -39.4 1.3532
      vertex -15.5 -39.4 2
    endloop
  endfacet
  facet normal 0 1 0
    outer loop
      vertex -15.5 -39.4 1.3532
      vertex -0.599999 -39.4 0.6
      vertex -20.5 -39.4 1.3532
    endloop
  endfacet
  facet normal 0 1 -0
    outer loop
      vertex -0.599999 -39.4 0.6
      vertex -15.5 -39.4 1.3532
      vertex -0.599999 -39.4 2
    endloop
  endfacet
  facet normal 0 1 -0
    outer loop
      vertex -20.5 -39.4 1.3532
      vertex -35.4 -39.4 2
      vertex -20.5 -39.4 2
    endloop
  endfacet
  facet normal 0 1 0
    outer loop
      vertex -20.5 -39.4 1.3532
      vertex -35.4 -39.4 0.6
      vertex -35.4 -39.4 2
    endloop
  endfacet
  facet normal 0 1 0
    outer loop
      vertex -35.4 -39.4 0.6
      vertex -20.5 -39.4 1.3532
      vertex -0.599999 -39.4 0.6
    endloop
  endfacet
  facet normal -1 0 0
    outer loop
      vertex -0.599999 -4.6 0.6
      vertex -0.599999 -19.5 1.3532
      vertex -0.599999 -4.6 2
    endloop
  endfacet
  facet normal -1 0 0
    outer loop
      vertex -0.599999 -4.6 0.6
      vertex -0.599999 -24.5 1.3532
      vertex -0.599999 -19.5 1.3532
    endloop
  endfacet
  facet normal -1 0 0
    outer loop
      vertex -0.599999 -39.4 0.6
      vertex -0.599999 -24.5 1.3532
      vertex -0.599999 -4.6 0.6
    endloop
  endfacet
  facet normal -1 0 0
    outer loop
      vertex -0.599999 -39.4 2
      vertex -0.599999 -24.5 1.3532
      vertex -0.599999 -39.4 0.6
    endloop
  endfacet
  facet normal -1 0 0
    outer loop
      vertex -0.599999 -24.5 1.3532
      vertex -0.599999 -39.4 2
      vertex -0.599999 -24.5 2
    endloop
  endfacet
  facet normal -1 -0 0
    outer loop
      vertex -0.599999 -4.6 2
      vertex -0.599999 -19.5 1.3532
      vertex -0.599999 -19.5 2
    endloop
  endfacet
  facet normal 0 -1 0
    outer loop
      vertex -35.4 -4.6 2
      vertex -20.5 -4.6 1.3532
      vertex -20.5 -4.6 2
    endloop
  endfacet
  facet normal 0 -1 -0
    outer loop
      vertex -20.5 -4.6 1.3532
      vertex -35.4 -4.6 0.6
      vertex -15.5 -4.6 1.3532
    endloop
  endfacet
  facet normal 0 -1 0
    outer loop
      vertex -35.4 -4.6 0.6
      vertex -20.5 -4.6 1.3532
      vertex -35.4 -4.6 2
    endloop
  endfacet
  facet normal 0 -1 0
    outer loop
      vertex -15.5 -4.6 1.3532
      vertex -0.599999 -4.6 2
      vertex -15.5 -4.6 2
    endloop
  endfacet
  facet normal 0 -1 0
    outer loop
      vertex -15.5 -4.6 1.3532
      vertex -0.599999 -4.6 0.6
      vertex -0.599999 -4.6 2
    endloop
  endfacet
  facet normal 0 -1 0
    outer loop
      vertex -0.599999 -4.6 0.6
      vertex -15.5 -4.6 1.3532
      vertex -35.4 -4.6 0.6
    endloop
  endfacet
  facet normal 0 0 1
    outer loop
      vertex -27.6537 -10.7145 0.6
      vertex -0.599999 -4.6 0.6
      vertex -27.65 -10.6 0.6
    endloop
  endfacet
  facet normal 0 0 1
    outer loop
      vertex -0.599999 -4.6 0.6
      vertex -27.6537 -10.4855 0.6
      vertex -27.65 -10.6 0.6
    endloop
  endfacet
  facet normal 0 0 1
    outer loop
      vertex -0.599999 -4.6 0.6
      vertex -27.665 -10.3716 0.6
      vertex -27.6537 -10.4855 0.6
    endloop
  endfacet
  facet normal 0 0 1
    outer loop
      vertex -0.599999 -4.6 0.6
      vertex -27.6836 -10.2586 0.6
      vertex -27.665 -10.3716 0.6
    endloop
  endfacet
  facet normal 0 0 1
    outer loop
      vertex -0.599999 -4.6 0.6
      vertex -27.7096 -10.1471 0.6
      vertex -27.6836 -10.2586 0.6
    endloop
  endfacet
  facet normal 0 0 1
    outer loop
      vertex -0.599999 -4.6 0.6
      vertex -27.7429 -10.0375 0.6
      vertex -27.7096 -10.1471 0.6
    endloop
  endfacet
  facet normal 0 0 1
    outer loop
      vertex -0.599999 -4.6 0.6
      vertex -27.7832 -9.9303 0.6
      vertex -27.7429 -10.0375 0.6
    endloop
  endfacet
  facet normal 0 0 1
    outer loop
      vertex -0.599999 -4.6 0.6
      vertex -27.8305 -9.82599 0.6
      vertex -27.7832 -9.9303 0.6
    endloop
  endfacet
  facet normal 0 0 1
    outer loop
      vertex -0.599999 -4.6 0.6
      vertex -27.8845 -9.725 0.6
      vertex -27.8305 -9.82599 0.6
    endloop
  endfacet
  facet normal 0 0 1
    outer loop
      vertex -0.599999 -4.6 0.6
      vertex -27.9449 -9.62775 0.6
      vertex -27.8845 -9.725 0.6
    endloop
  endfacet
  facet normal 0 0 1
    outer loop
      vertex -0.599999 -4.6 0.6
      vertex -28.0116 -9.53467 0.6
      vertex -27.9449 -9.62775 0.6
    endloop
  endfacet
  facet normal 0 0 1
    outer loop
      vertex -0.599999 -4.6 0.6
      vertex -28.0843 -9.44614 0.6
      vertex -28.0116 -9.53467 0.6
    endloop
  endfacet
  facet normal 0 0 1
    outer loop
      vertex -0.599999 -4.6 0.6
      vertex -28.1626 -9.36256 0.6
      vertex -28.0843 -9.44614 0.6
    endloop
  endfacet
  facet normal 0 0 1
    outer loop
      vertex -0.599999 -4.6 0.6
      vertex -28.2461 -9.28428 0.6
      vertex -28.1626 -9.36256 0.6
    endloop
  endfacet
  facet normal 0 0 1
    outer loop
      vertex -0.599999 -4.6 0.6
      vertex -28.3347 -9.21163 0.6
      vertex -28.2461 -9.28428 0.6
    endloop
  endfacet
  facet normal 0 0 1
    outer loop
      vertex -0.599999 -4.6 0.6
      vertex -28.4278 -9.14493 0.6
      vertex -28.3347 -9.21163 0.6
    endloop
  endfacet
  facet normal 0 0 1
    outer loop
      vertex -0.599999 -4.6 0.6
      vertex -28.525 -9.08446 0.6
      vertex -28.4278 -9.14493 0.6
    endloop
  endfacet
  facet normal 0 0 1
    outer loop
      vertex -0.599999 -4.6 0.6
      vertex -28.626 -9.03047 0.6
      vertex -28.525 -9.08446 0.6
    endloop
  endfacet
  facet normal 0 0 1
    outer loop
      vertex -0.599999 -4.6 0.6
      vertex -28.7303 -8.98321 0.6
      vertex -28.626 -9.03047 0.6
    endloop
  endfacet
  facet normal -0 0 1
    outer loop
      vertex -35.4 -4.6 0.6
      vertex -28.7303 -8.98321 0.6
      vertex -0.599999 -4.6 0.6
    endloop
  endfacet
  facet normal 0 0 1
    outer loop
      vertex -28.7303 -8.98321 0.6
      vertex -35.4 -4.6 0.6
      vertex -28.8375 -8.94287 0.6
    endloop
  endfacet
  facet normal 0 0 1
    outer loop
      vertex -28.8375 -8.94287 0.6
      vertex -35.4 -4.6 0.6
      vertex -28.9471 -8.90963 0.6
    endloop
  endfacet
  facet normal 0 0 1
    outer loop
      vertex -28.9471 -8.90963 0.6
      vertex -35.4 -4.6 0.6
      vertex -29.0586 -8.88363 0.6
    endloop
  endfacet
  facet normal 0 0 1
    outer loop
      vertex -29.0586 -8.88363 0.6
      vertex -35.4 -4.6 0.6
      vertex -29.1716 -8.86497 0.6
    endloop
  endfacet
  facet normal 0 0 1
    outer loop
      vertex -29.1716 -8.86497 0.6
      vertex -35.4 -4.6 0.6
      vertex -29.2855 -8.85375 0.6
    endloop
  endfacet
  facet normal 0 0 1
    outer loop
      vertex -29.2855 -8.85375 0.6
      vertex -35.4 -4.6 0.6
      vertex -29.4 -8.85 0.6
    endloop
  endfacet
  facet normal 0 0 1
    outer loop
      vertex -29.4 -8.85 0.6
      vertex -35.4 -4.6 0.6
      vertex -29.5145 -8.85375 0.6
    endloop
  endfacet
  facet normal 0 0 1
    outer loop
      vertex -31.1463 -10.4855 0.6
      vertex -35.4 -4.6 0.6
      vertex -31.15 -10.6 0.6
    endloop
  endfacet
  facet normal 0 0 1
    outer loop
      vertex -31.135 -10.3716 0.6
      vertex -35.4 -4.6 0.6
      vertex -31.1463 -10.4855 0.6
    endloop
  endfacet
  facet normal 0 0 1
    outer loop
      vertex -31.1164 -10.2586 0.6
      vertex -35.4 -4.6 0.6
      vertex -31.135 -10.3716 0.6
    endloop
  endfacet
  facet normal 0 0 1
    outer loop
      vertex -31.0904 -10.1471 0.6
      vertex -35.4 -4.6 0.6
      vertex -31.1164 -10.2586 0.6
    endloop
  endfacet
  facet normal 0 0 1
    outer loop
      vertex -31.0571 -10.0375 0.6
      vertex -35.4 -4.6 0.6
      vertex -31.0904 -10.1471 0.6
    endloop
  endfacet
  facet normal 0 0 1
    outer loop
      vertex -31.0168 -9.9303 0.6
      vertex -35.4 -4.6 0.6
      vertex -31.0571 -10.0375 0.6
    endloop
  endfacet
  facet normal 0 0 1
    outer loop
      vertex -30.9695 -9.82599 0.6
      vertex -35.4 -4.6 0.6
      vertex -31.0168 -9.9303 0.6
    endloop
  endfacet
  facet normal 0 0 1
    outer loop
      vertex -30.9155 -9.725 0.6
      vertex -35.4 -4.6 0.6
      vertex -30.9695 -9.82599 0.6
    endloop
  endfacet
  facet normal 0 0 1
    outer loop
      vertex -30.8551 -9.62775 0.6
      vertex -35.4 -4.6 0.6
      vertex -30.9155 -9.725 0.6
    endloop
  endfacet
  facet normal 0 0 1
    outer loop
      vertex -30.7884 -9.53467 0.6
      vertex -35.4 -4.6 0.6
      vertex -30.8551 -9.62775 0.6
    endloop
  endfacet
  facet normal 0 0 1
    outer loop
      vertex -30.7157 -9.44614 0.6
      vertex -35.4 -4.6 0.6
      vertex -30.7884 -9.53467 0.6
    endloop
  endfacet
  facet normal 0 0 1
    outer loop
      vertex -30.6374 -9.36256 0.6
      vertex -35.4 -4.6 0.6
      vertex -30.7157 -9.44614 0.6
    endloop
  endfacet
  facet normal 0 0 1
    outer loop
      vertex -30.5539 -9.28428 0.6
      vertex -35.4 -4.6 0.6
      vertex -30.6374 -9.36256 0.6
    endloop
  endfacet
  facet normal 0 0 1
    outer loop
      vertex -30.4653 -9.21163 0.6
      vertex -35.4 -4.6 0.6
      vertex -30.5539 -9.28428 0.6
    endloop
  endfacet
  facet normal 0 0 1
    outer loop
      vertex -30.3722 -9.14493 0.6
      vertex -35.4 -4.6 0.6
      vertex -30.4653 -9.21163 0.6
    endloop
  endfacet
  facet normal 0 0 1
    outer loop
      vertex -30.275 -9.08446 0.6
      vertex -35.4 -4.6 0.6
      vertex -30.3722 -9.14493 0.6
    endloop
  endfacet
  facet normal 0 0 1
    outer loop
      vertex -30.174 -9.03047 0.6
      vertex -35.4 -4.6 0.6
      vertex -30.275 -9.08446 0.6
    endloop
  endfacet
  facet normal 0 0 1
    outer loop
      vertex -30.0697 -8.98321 0.6
      vertex -35.4 -4.6 0.6
      vertex -30.174 -9.03047 0.6
    endloop
  endfacet
  facet normal 0 0 1
    outer loop
      vertex -29.9625 -8.94287 0.6
      vertex -35.4 -4.6 0.6
      vertex -30.0697 -8.98321 0.6
    endloop
  endfacet
  facet normal 0 0 1
    outer loop
      vertex -29.8529 -8.90963 0.6
      vertex -35.4 -4.6 0.6
      vertex -29.9625 -8.94287 0.6
    endloop
  endfacet
  facet normal 0 0 1
    outer loop
      vertex -29.7414 -8.88363 0.6
      vertex -35.4 -4.6 0.6
      vertex -29.8529 -8.90963 0.6
    endloop
  endfacet
  facet normal 0 0 1
    outer loop
      vertex -29.6284 -8.86497 0.6
      vertex -35.4 -4.6 0.6
      vertex -29.7414 -8.88363 0.6
    endloop
  endfacet
  facet normal 0 0 1
    outer loop
      vertex -29.5145 -8.85375 0.6
      vertex -35.4 -4.6 0.6
      vertex -29.6284 -8.86497 0.6
    endloop
  endfacet
  facet normal 0 0 1
    outer loop
      vertex -27.665 -10.8284 0.6
      vertex -0.599999 -4.6 0.6
      vertex -27.6537 -10.7145 0.6
    endloop
  endfacet
  facet normal 0 0 1
    outer loop
      vertex -27.6836 -10.9414 0.6
      vertex -0.599999 -4.6 0.6
      vertex -27.665 -10.8284 0.6
    endloop
  endfacet
  facet normal 0 0 1
    outer loop
      vertex -27.7096 -11.0529 0.6
      vertex -0.599999 -4.6 0.6
      vertex -27.6836 -10.9414 0.6
    endloop
  endfacet
  facet normal 0 0 1
    outer loop
      vertex -27.7429 -11.1625 0.6
      vertex -0.599999 -4.6 0.6
      vertex -27.7096 -11.0529 0.6
    endloop
  endfacet
  facet normal 0 0 1
    outer loop
      vertex -27.7832 -11.2697 0.6
      vertex -0.599999 -4.6 0.6
      vertex -27.7429 -11.1625 0.6
    endloop
  endfacet
  facet normal 0 0 1
    outer loop
      vertex -27.8305 -11.374 0.6
      vertex -0.599999 -4.6 0.6
      vertex -27.7832 -11.2697 0.6
    endloop
  endfacet
  facet normal 0 0 1
    outer loop
      vertex -27.8845 -11.475 0.6
      vertex -0.599999 -4.6 0.6
      vertex -27.8305 -11.374 0.6
    endloop
  endfacet
  facet normal 0 0 1
    outer loop
      vertex -0.599999 -4.6 0.6
      vertex -27.8845 -11.475 0.6
      vertex -0.599999 -39.4 0.6
    endloop
  endfacet
  facet normal -0 0 1
    outer loop
      vertex -27.9449 -11.5722 0.6
      vertex -0.599999 -39.4 0.6
      vertex -27.8845 -11.475 0.6
    endloop
  endfacet
  facet normal -0 0 1
    outer loop
      vertex -28.0116 -11.6653 0.6
      vertex -0.599999 -39.4 0.6
      vertex -27.9449 -11.5722 0.6
    endloop
  endfacet
  facet normal -0 0 1
    outer loop
      vertex -28.0843 -11.7539 0.6
      vertex -0.599999 -39.4 0.6
      vertex -28.0116 -11.6653 0.6
    endloop
  endfacet
  facet normal -0 0 1
    outer loop
      vertex -28.1626 -11.8374 0.6
      vertex -0.599999 -39.4 0.6
      vertex -28.0843 -11.7539 0.6
    endloop
  endfacet
  facet normal -0 0 1
    outer loop
      vertex -28.2461 -11.9157 0.6
      vertex -0.599999 -39.4 0.6
      vertex -28.1626 -11.8374 0.6
    endloop
  endfacet
  facet normal -0 0 1
    outer loop
      vertex -28.3347 -11.9884 0.6
      vertex -0.599999 -39.4 0.6
      vertex -28.2461 -11.9157 0.6
    endloop
  endfacet
  facet normal -0 0 1
    outer loop
      vertex -28.4278 -12.0551 0.6
      vertex -0.599999 -39.4 0.6
      vertex -28.3347 -11.9884 0.6
    endloop
  endfacet
  facet normal -0 0 1
    outer loop
      vertex -28.525 -12.1155 0.6
      vertex -0.599999 -39.4 0.6
      vertex -28.4278 -12.0551 0.6
    endloop
  endfacet
  facet normal 0 0 1
    outer loop
      vertex -35.4 -39.4 0.6
      vertex -28.525 -12.1155 0.6
      vertex -28.626 -12.1695 0.6
    endloop
  endfacet
  facet normal 0 0 1
    outer loop
      vertex -35.4 -39.4 0.6
      vertex -28.626 -12.1695 0.6
      vertex -28.7303 -12.2168 0.6
    endloop
  endfacet
  facet normal 0 0 1
    outer loop
      vertex -35.4 -39.4 0.6
      vertex -28.7303 -12.2168 0.6
      vertex -28.8375 -12.2571 0.6
    endloop
  endfacet
  facet normal 0 0 1
    outer loop
      vertex -35.4 -39.4 0.6
      vertex -28.8375 -12.2571 0.6
      vertex -28.9471 -12.2904 0.6
    endloop
  endfacet
  facet normal 0 0 1
    outer loop
      vertex -35.4 -39.4 0.6
      vertex -28.9471 -12.2904 0.6
      vertex -29.0586 -12.3164 0.6
    endloop
  endfacet
  facet normal 0 0 1
    outer loop
      vertex -35.4 -39.4 0.6
      vertex -29.0586 -12.3164 0.6
      vertex -29.1716 -12.335 0.6
    endloop
  endfacet
  facet normal 0 0 1
    outer loop
      vertex -35.4 -39.4 0.6
      vertex -29.1716 -12.335 0.6
      vertex -29.2855 -12.3463 0.6
    endloop
  endfacet
  facet normal 0 0 1
    outer loop
      vertex -35.4 -39.4 0.6
      vertex -29.2855 -12.3463 0.6
      vertex -29.4 -12.35 0.6
    endloop
  endfacet
  facet normal 0 0 1
    outer loop
      vertex -35.4 -39.4 0.6
      vertex -29.4 -12.35 0.6
      vertex -29.5145 -12.3463 0.6
    endloop
  endfacet
  facet normal 0 0 1
    outer loop
      vertex -35.4 -39.4 0.6
      vertex -29.5145 -12.3463 0.6
      vertex -29.6284 -12.335 0.6
    endloop
  endfacet
  facet normal 0 0 1
    outer loop
      vertex -35.4 -39.4 0.6
      vertex -29.6284 -12.335 0.6
      vertex -29.7414 -12.3164 0.6
    endloop
  endfacet
  facet normal 0 0 1
    outer loop
      vertex -35.4 -39.4 0.6
      vertex -29.7414 -12.3164 0.6
      vertex -29.8529 -12.2904 0.6
    endloop
  endfacet
  facet normal 0 0 1
    outer loop
      vertex -35.4 -39.4 0.6
      vertex -29.8529 -12.2904 0.6
      vertex -29.9625 -12.2571 0.6
    endloop
  endfacet
  facet normal 0 0 1
    outer loop
      vertex -35.4 -39.4 0.6
      vertex -29.9625 -12.2571 0.6
      vertex -30.0697 -12.2168 0.6
    endloop
  endfacet
  facet normal 0 0 1
    outer loop
      vertex -35.4 -39.4 0.6
      vertex -30.0697 -12.2168 0.6
      vertex -30.174 -12.1695 0.6
    endloop
  endfacet
  facet normal 0 0 1
    outer loop
      vertex -35.4 -39.4 0.6
      vertex -30.174 -12.1695 0.6
      vertex -30.275 -12.1155 0.6
    endloop
  endfacet
  facet normal 0 0 1
    outer loop
      vertex -35.4 -39.4 0.6
      vertex -30.275 -12.1155 0.6
      vertex -30.3722 -12.0551 0.6
    endloop
  endfacet
  facet normal 0 0 1
    outer loop
      vertex -35.4 -39.4 0.6
      vertex -30.3722 -12.0551 0.6
      vertex -30.4653 -11.9884 0.6
    endloop
  endfacet
  facet normal 0 0 1
    outer loop
      vertex -35.4 -39.4 0.6
      vertex -30.4653 -11.9884 0.6
      vertex -30.5539 -11.9157 0.6
    endloop
  endfacet
  facet normal 0 0 1
    outer loop
      vertex -35.4 -4.6 0.6
      vertex -31.1463 -10.7145 0.6
      vertex -31.15 -10.6 0.6
    endloop
  endfacet
  facet normal 0 0 1
    outer loop
      vertex -35.4 -4.6 0.6
      vertex -31.135 -10.8284 0.6
      vertex -31.1463 -10.7145 0.6
    endloop
  endfacet
  facet normal 0 0 1
    outer loop
      vertex -35.4 -4.6 0.6
      vertex -31.1164 -10.9414 0.6
      vertex -31.135 -10.8284 0.6
    endloop
  endfacet
  facet normal 0 0 1
    outer loop
      vertex -35.4 -4.6 0.6
      vertex -31.0904 -11.0529 0.6
      vertex -31.1164 -10.9414 0.6
    endloop
  endfacet
  facet normal 0 0 1
    outer loop
      vertex -35.4 -4.6 0.6
      vertex -31.0571 -11.1625 0.6
      vertex -31.0904 -11.0529 0.6
    endloop
  endfacet
  facet normal 0 0 1
    outer loop
      vertex -35.4 -4.6 0.6
      vertex -31.0168 -11.2697 0.6
      vertex -31.0571 -11.1625 0.6
    endloop
  endfacet
  facet normal 0 0 1
    outer loop
      vertex -35.4 -4.6 0.6
      vertex -30.9695 -11.374 0.6
      vertex -31.0168 -11.2697 0.6
    endloop
  endfacet
  facet normal 0 0 1
    outer loop
      vertex -35.4 -39.4 0.6
      vertex -30.9695 -11.374 0.6
      vertex -35.4 -4.6 0.6
    endloop
  endfacet
  facet normal 0 0 1
    outer loop
      vertex -30.9695 -11.374 0.6
      vertex -35.4 -39.4 0.6
      vertex -30.9155 -11.475 0.6
    endloop
  endfacet
  facet normal 0 0 1
    outer loop
      vertex -28.525 -12.1155 0.6
      vertex -35.4 -39.4 0.6
      vertex -0.599999 -39.4 0.6
    endloop
  endfacet
  facet normal 0 0 1
    outer loop
      vertex -30.6374 -11.8374 0.6
      vertex -35.4 -39.4 0.6
      vertex -30.5539 -11.9157 0.6
    endloop
  endfacet
  facet normal 0 0 1
    outer loop
      vertex -30.7157 -11.7539 0.6
      vertex -35.4 -39.4 0.6
      vertex -30.6374 -11.8374 0.6
    endloop
  endfacet
  facet normal 0 0 1
    outer loop
      vertex -30.7884 -11.6653 0.6
      vertex -35.4 -39.4 0.6
      vertex -30.7157 -11.7539 0.6
    endloop
  endfacet
  facet normal 0 0 1
    outer loop
      vertex -30.8551 -11.5722 0.6
      vertex -35.4 -39.4 0.6
      vertex -30.7884 -11.6653 0.6
    endloop
  endfacet
  facet normal 0 0 1
    outer loop
      vertex -30.9155 -11.475 0.6
      vertex -35.4 -39.4 0.6
      vertex -30.8551 -11.5722 0.6
    endloop
  endfacet
  facet normal -0.973873 -0.227092 0
    outer loop
      vertex -27.6836 -10.2586 0
      vertex -27.7096 -10.1471 0.6
      vertex -27.7096 -10.1471 0
    endloop
  endfacet
  facet normal -0.973873 -0.227092 0
    outer loop
      vertex -27.7096 -10.1471 0.6
      vertex -27.6836 -10.2586 0
      vertex -27.6836 -10.2586 0.6
    endloop
  endfacet
  facet normal -0.999478 -0.0322976 0
    outer loop
      vertex -27.65 -10.6 0
      vertex -27.6537 -10.4855 0.6
      vertex -27.6537 -10.4855 0
    endloop
  endfacet
  facet normal -0.999478 -0.0322976 0
    outer loop
      vertex -27.6537 -10.4855 0.6
      vertex -27.65 -10.6 0
      vertex -27.65 -10.6 0.6
    endloop
  endfacet
  facet normal 0.999478 -0.0322976 0
    outer loop
      vertex -31.15 -10.6 0.6
      vertex -31.1463 -10.4855 0
      vertex -31.1463 -10.4855 0.6
    endloop
  endfacet
  facet normal 0.999478 -0.0322976 0
    outer loop
      vertex -31.1463 -10.4855 0
      vertex -31.15 -10.6 0.6
      vertex -31.15 -10.6 0
    endloop
  endfacet
  facet normal -0.0327335 -0.999464 0
    outer loop
      vertex -29.4 -8.85 0
      vertex -29.2855 -8.85375 0.6
      vertex -29.4 -8.85 0.6
    endloop
  endfacet
  facet normal -0.0327335 -0.999464 -0
    outer loop
      vertex -29.2855 -8.85375 0.6
      vertex -29.4 -8.85 0
      vertex -29.2855 -8.85375 0
    endloop
  endfacet
  facet normal -0.729782 -0.68368 0
    outer loop
      vertex -28.0843 -9.44614 0
      vertex -28.1626 -9.36256 0.6
      vertex -28.1626 -9.36256 0
    endloop
  endfacet
  facet normal -0.729782 -0.68368 0
    outer loop
      vertex -28.1626 -9.36256 0.6
      vertex -28.0843 -9.44614 0
      vertex -28.0843 -9.44614 0.6
    endloop
  endfacet
  facet normal 0.812907 0.582394 0
    outer loop
      vertex -30.7884 -11.6653 0.6
      vertex -30.8551 -11.5722 0
      vertex -30.8551 -11.5722 0.6
    endloop
  endfacet
  facet normal 0.812907 0.582394 0
    outer loop
      vertex -30.8551 -11.5722 0
      vertex -30.7884 -11.6653 0.6
      vertex -30.7884 -11.6653 0
    endloop
  endfacet
  facet normal -0.956811 -0.29071 0
    outer loop
      vertex -27.7096 -10.1471 0
      vertex -27.7429 -10.0375 0.6
      vertex -27.7429 -10.0375 0
    endloop
  endfacet
  facet normal -0.956811 -0.29071 0
    outer loop
      vertex -27.7429 -10.0375 0.6
      vertex -27.7096 -10.1471 0
      vertex -27.7096 -10.1471 0.6
    endloop
  endfacet
  facet normal -0.412724 -0.910856 0
    outer loop
      vertex -28.7303 -8.98321 0
      vertex -28.626 -9.03047 0.6
      vertex -28.7303 -8.98321 0.6
    endloop
  endfacet
  facet normal -0.412724 -0.910856 -0
    outer loop
      vertex -28.626 -9.03047 0.6
      vertex -28.7303 -8.98321 0
      vertex -28.626 -9.03047 0
    endloop
  endfacet
  facet normal 0.849492 -0.527602 0
    outer loop
      vertex -30.9155 -9.725 0.6
      vertex -30.8551 -9.62775 0
      vertex -30.8551 -9.62775 0.6
    endloop
  endfacet
  facet normal 0.849492 -0.527602 0
    outer loop
      vertex -30.8551 -9.62775 0
      vertex -30.9155 -9.725 0.6
      vertex -30.9155 -9.725 0
    endloop
  endfacet
  facet normal 0.812847 -0.582477 0
    outer loop
      vertex -30.8551 -9.62775 0.6
      vertex -30.7884 -9.53467 0
      vertex -30.7884 -9.53467 0.6
    endloop
  endfacet
  facet normal 0.812847 -0.582477 0
    outer loop
      vertex -30.7884 -9.53467 0
      vertex -30.8551 -9.62775 0.6
      vertex -30.8551 -9.62775 0
    endloop
  endfacet
  facet normal 0.29023 -0.956957 0
    outer loop
      vertex -29.9625 -8.94287 0
      vertex -29.8529 -8.90963 0.6
      vertex -29.9625 -8.94287 0.6
    endloop
  endfacet
  facet normal 0.29023 -0.956957 0
    outer loop
      vertex -29.8529 -8.90963 0.6
      vertex -29.9625 -8.94287 0
      vertex -29.8529 -8.90963 0
    endloop
  endfacet
  facet normal -0.881869 0.471494 0
    outer loop
      vertex -27.8845 -11.475 0
      vertex -27.8305 -11.374 0.6
      vertex -27.8305 -11.374 0
    endloop
  endfacet
  facet normal -0.881869 0.471494 0
    outer loop
      vertex -27.8305 -11.374 0.6
      vertex -27.8845 -11.475 0
      vertex -27.8845 -11.475 0.6
    endloop
  endfacet
  facet normal -0.227092 0.973873 0
    outer loop
      vertex -28.9471 -12.2904 0
      vertex -29.0586 -12.3164 0.6
      vertex -28.9471 -12.2904 0.6
    endloop
  endfacet
  facet normal -0.227092 0.973873 0
    outer loop
      vertex -29.0586 -12.3164 0.6
      vertex -28.9471 -12.2904 0
      vertex -29.0586 -12.3164 0
    endloop
  endfacet
  facet normal -0.63433 0.773062 0
    outer loop
      vertex -28.2461 -11.9157 0
      vertex -28.3347 -11.9884 0.6
      vertex -28.2461 -11.9157 0.6
    endloop
  endfacet
  facet normal -0.63433 0.773062 0
    outer loop
      vertex -28.3347 -11.9884 0.6
      vertex -28.2461 -11.9157 0
      vertex -28.3347 -11.9884 0
    endloop
  endfacet
  facet normal 0.351889 0.936042 -0
    outer loop
      vertex -29.9625 -12.2571 0
      vertex -30.0697 -12.2168 0.6
      vertex -29.9625 -12.2571 0.6
    endloop
  endfacet
  facet normal 0.351889 0.936042 0
    outer loop
      vertex -30.0697 -12.2168 0.6
      vertex -29.9625 -12.2571 0
      vertex -30.0697 -12.2168 0
    endloop
  endfacet
  facet normal 0.527798 0.84937 -0
    outer loop
      vertex -30.275 -12.1155 0
      vertex -30.3722 -12.0551 0.6
      vertex -30.275 -12.1155 0.6
    endloop
  endfacet
  facet normal 0.527798 0.84937 0
    outer loop
      vertex -30.3722 -12.0551 0.6
      vertex -30.275 -12.1155 0
      vertex -30.3722 -12.0551 0
    endloop
  endfacet
  facet normal -0.91074 -0.41298 0
    outer loop
      vertex -27.7832 -9.9303 0
      vertex -27.8305 -9.82599 0.6
      vertex -27.8305 -9.82599 0
    endloop
  endfacet
  facet normal -0.91074 -0.41298 0
    outer loop
      vertex -27.8305 -9.82599 0.6
      vertex -27.7832 -9.9303 0
      vertex -27.7832 -9.9303 0.6
    endloop
  endfacet
  facet normal -0.88185 -0.471531 0
    outer loop
      vertex -27.8305 -9.82599 0
      vertex -27.8845 -9.725 0.6
      vertex -27.8845 -9.725 0
    endloop
  endfacet
  facet normal -0.88185 -0.471531 0
    outer loop
      vertex -27.8845 -9.725 0.6
      vertex -27.8305 -9.82599 0
      vertex -27.8305 -9.82599 0.6
    endloop
  endfacet
  facet normal -0.227092 -0.973873 0
    outer loop
      vertex -29.0586 -8.88363 0
      vertex -28.9471 -8.90963 0.6
      vertex -29.0586 -8.88363 0.6
    endloop
  endfacet
  facet normal -0.227092 -0.973873 -0
    outer loop
      vertex -28.9471 -8.90963 0.6
      vertex -29.0586 -8.88363 0
      vertex -28.9471 -8.90963 0
    endloop
  endfacet
  facet normal -0.098033 -0.995183 0
    outer loop
      vertex -29.2855 -8.85375 0
      vertex -29.1716 -8.86497 0.6
      vertex -29.2855 -8.85375 0.6
    endloop
  endfacet
  facet normal -0.098033 -0.995183 -0
    outer loop
      vertex -29.1716 -8.86497 0.6
      vertex -29.2855 -8.85375 0
      vertex -29.1716 -8.86497 0
    endloop
  endfacet
  facet normal -0.634069 -0.773276 0
    outer loop
      vertex -28.3347 -9.21163 0
      vertex -28.2461 -9.28428 0.6
      vertex -28.3347 -9.21163 0.6
    endloop
  endfacet
  facet normal -0.634069 -0.773276 -0
    outer loop
      vertex -28.2461 -9.28428 0.6
      vertex -28.3347 -9.21163 0
      vertex -28.2461 -9.28428 0
    endloop
  endfacet
  facet normal -0.471426 -0.881905 0
    outer loop
      vertex -28.626 -9.03047 0
      vertex -28.525 -9.08446 0.6
      vertex -28.626 -9.03047 0.6
    endloop
  endfacet
  facet normal -0.471426 -0.881905 -0
    outer loop
      vertex -28.525 -9.08446 0.6
      vertex -28.626 -9.03047 0
      vertex -28.525 -9.08446 0
    endloop
  endfacet
  facet normal -0.582394 -0.812907 0
    outer loop
      vertex -28.4278 -9.14493 0
      vertex -28.3347 -9.21163 0.6
      vertex -28.4278 -9.14493 0.6
    endloop
  endfacet
  facet normal -0.582394 -0.812907 -0
    outer loop
      vertex -28.3347 -9.21163 0.6
      vertex -28.4278 -9.14493 0
      vertex -28.3347 -9.21163 0
    endloop
  endfacet
  facet normal 0.91074 -0.41298 0
    outer loop
      vertex -31.0168 -9.9303 0.6
      vertex -30.9695 -9.82599 0
      vertex -30.9695 -9.82599 0.6
    endloop
  endfacet
  facet normal 0.91074 -0.41298 0
    outer loop
      vertex -30.9695 -9.82599 0
      vertex -31.0168 -9.9303 0.6
      vertex -31.0168 -9.9303 0
    endloop
  endfacet
  facet normal 0.973873 -0.227092 0
    outer loop
      vertex -31.1164 -10.2586 0.6
      vertex -31.0904 -10.1471 0
      vertex -31.0904 -10.1471 0.6
    endloop
  endfacet
  facet normal 0.973873 -0.227092 0
    outer loop
      vertex -31.0904 -10.1471 0
      vertex -31.1164 -10.2586 0.6
      vertex -31.1164 -10.2586 0
    endloop
  endfacet
  facet normal 0.995115 -0.0987252 0
    outer loop
      vertex -31.1463 -10.4855 0.6
      vertex -31.135 -10.3716 0
      vertex -31.135 -10.3716 0.6
    endloop
  endfacet
  facet normal 0.995115 -0.0987252 0
    outer loop
      vertex -31.135 -10.3716 0
      vertex -31.1463 -10.4855 0.6
      vertex -31.1463 -10.4855 0
    endloop
  endfacet
  facet normal 0.528239 -0.849096 0
    outer loop
      vertex -30.3722 -9.14493 0
      vertex -30.275 -9.08446 0.6
      vertex -30.3722 -9.14493 0.6
    endloop
  endfacet
  facet normal 0.528239 -0.849096 0
    outer loop
      vertex -30.275 -9.08446 0.6
      vertex -30.3722 -9.14493 0
      vertex -30.275 -9.08446 0
    endloop
  endfacet
  facet normal 0.412724 -0.910856 0
    outer loop
      vertex -30.174 -9.03047 0
      vertex -30.0697 -8.98321 0.6
      vertex -30.174 -9.03047 0.6
    endloop
  endfacet
  facet normal 0.412724 -0.910856 0
    outer loop
      vertex -30.0697 -8.98321 0.6
      vertex -30.174 -9.03047 0
      vertex -30.0697 -8.98321 0
    endloop
  endfacet
  facet normal 0.0327335 -0.999464 0
    outer loop
      vertex -29.5145 -8.85375 0
      vertex -29.4 -8.85 0.6
      vertex -29.5145 -8.85375 0.6
    endloop
  endfacet
  facet normal 0.0327335 -0.999464 0
    outer loop
      vertex -29.4 -8.85 0.6
      vertex -29.5145 -8.85375 0
      vertex -29.4 -8.85 0
    endloop
  endfacet
  facet normal -0.0322976 0.999478 0
    outer loop
      vertex -29.2855 -12.3463 0
      vertex -29.4 -12.35 0.6
      vertex -29.2855 -12.3463 0.6
    endloop
  endfacet
  facet normal -0.0322976 0.999478 0
    outer loop
      vertex -29.4 -12.35 0.6
      vertex -29.2855 -12.3463 0
      vertex -29.4 -12.35 0
    endloop
  endfacet
  facet normal -0.582394 0.812907 0
    outer loop
      vertex -28.3347 -11.9884 0
      vertex -28.4278 -12.0551 0.6
      vertex -28.3347 -11.9884 0.6
    endloop
  endfacet
  facet normal -0.582394 0.812907 0
    outer loop
      vertex -28.4278 -12.0551 0.6
      vertex -28.3347 -11.9884 0
      vertex -28.4278 -12.0551 0
    endloop
  endfacet
  facet normal -0.527798 0.84937 0
    outer loop
      vertex -28.4278 -12.0551 0
      vertex -28.525 -12.1155 0.6
      vertex -28.4278 -12.0551 0.6
    endloop
  endfacet
  facet normal -0.527798 0.84937 0
    outer loop
      vertex -28.525 -12.1155 0.6
      vertex -28.4278 -12.0551 0
      vertex -28.525 -12.1155 0
    endloop
  endfacet
  facet normal -0.956811 0.29071 0
    outer loop
      vertex -27.7429 -11.1625 0
      vertex -27.7096 -11.0529 0.6
      vertex -27.7096 -11.0529 0
    endloop
  endfacet
  facet normal -0.956811 0.29071 0
    outer loop
      vertex -27.7096 -11.0529 0.6
      vertex -27.7429 -11.1625 0
      vertex -27.7429 -11.1625 0.6
    endloop
  endfacet
  facet normal -0.973873 0.227092 0
    outer loop
      vertex -27.7096 -11.0529 0
      vertex -27.6836 -10.9414 0.6
      vertex -27.6836 -10.9414 0
    endloop
  endfacet
  facet normal -0.973873 0.227092 0
    outer loop
      vertex -27.6836 -10.9414 0.6
      vertex -27.7096 -11.0529 0
      vertex -27.7096 -11.0529 0.6
    endloop
  endfacet
  facet normal 0.0322976 0.999478 -0
    outer loop
      vertex -29.4 -12.35 0
      vertex -29.5145 -12.3463 0.6
      vertex -29.4 -12.35 0.6
    endloop
  endfacet
  facet normal 0.0322976 0.999478 0
    outer loop
      vertex -29.5145 -12.3463 0.6
      vertex -29.4 -12.35 0
      vertex -29.5145 -12.3463 0
    endloop
  endfacet
  facet normal 0.582394 0.812907 -0
    outer loop
      vertex -30.3722 -12.0551 0
      vertex -30.4653 -11.9884 0.6
      vertex -30.3722 -12.0551 0.6
    endloop
  endfacet
  facet normal 0.582394 0.812907 0
    outer loop
      vertex -30.4653 -11.9884 0.6
      vertex -30.3722 -12.0551 0
      vertex -30.4653 -11.9884 0
    endloop
  endfacet
  facet normal 0.773062 0.63433 0
    outer loop
      vertex -30.7157 -11.7539 0.6
      vertex -30.7884 -11.6653 0
      vertex -30.7884 -11.6653 0.6
    endloop
  endfacet
  facet normal 0.773062 0.63433 0
    outer loop
      vertex -30.7884 -11.6653 0
      vertex -30.7157 -11.7539 0.6
      vertex -30.7157 -11.7539 0
    endloop
  endfacet
  facet normal 0.910725 0.413013 0
    outer loop
      vertex -30.9695 -11.374 0.6
      vertex -31.0168 -11.2697 0
      vertex -31.0168 -11.2697 0.6
    endloop
  endfacet
  facet normal 0.910725 0.413013 0
    outer loop
      vertex -31.0168 -11.2697 0
      vertex -30.9695 -11.374 0.6
      vertex -30.9695 -11.374 0
    endloop
  endfacet
  facet normal 0.973873 0.227092 0
    outer loop
      vertex -31.0904 -11.0529 0.6
      vertex -31.1164 -10.9414 0
      vertex -31.1164 -10.9414 0.6
    endloop
  endfacet
  facet normal 0.973873 0.227092 0
    outer loop
      vertex -31.1164 -10.9414 0
      vertex -31.0904 -11.0529 0.6
      vertex -31.0904 -11.0529 0
    endloop
  endfacet
  facet normal 0.999478 0.0322976 0
    outer loop
      vertex -31.1463 -10.7145 0.6
      vertex -31.15 -10.6 0
      vertex -31.15 -10.6 0.6
    endloop
  endfacet
  facet normal 0.999478 0.0322976 0
    outer loop
      vertex -31.15 -10.6 0
      vertex -31.1463 -10.7145 0.6
      vertex -31.1463 -10.7145 0
    endloop
  endfacet
  facet normal -0.986722 -0.162416 0
    outer loop
      vertex -27.665 -10.3716 0
      vertex -27.6836 -10.2586 0.6
      vertex -27.6836 -10.2586 0
    endloop
  endfacet
  facet normal -0.986722 -0.162416 0
    outer loop
      vertex -27.6836 -10.2586 0.6
      vertex -27.665 -10.3716 0
      vertex -27.665 -10.3716 0.6
    endloop
  endfacet
  facet normal -0.936042 -0.351889 0
    outer loop
      vertex -27.7429 -10.0375 0
      vertex -27.7832 -9.9303 0.6
      vertex -27.7832 -9.9303 0
    endloop
  endfacet
  facet normal -0.936042 -0.351889 0
    outer loop
      vertex -27.7832 -9.9303 0.6
      vertex -27.7429 -10.0375 0
      vertex -27.7429 -10.0375 0.6
    endloop
  endfacet
  facet normal -0.772816 -0.63463 0
    outer loop
      vertex -28.0116 -9.53467 0
      vertex -28.0843 -9.44614 0.6
      vertex -28.0843 -9.44614 0
    endloop
  endfacet
  facet normal -0.772816 -0.63463 0
    outer loop
      vertex -28.0843 -9.44614 0.6
      vertex -28.0116 -9.53467 0
      vertex -28.0116 -9.53467 0.6
    endloop
  endfacet
  facet normal -0.849492 -0.527602 0
    outer loop
      vertex -27.8845 -9.725 0
      vertex -27.9449 -9.62775 0.6
      vertex -27.9449 -9.62775 0
    endloop
  endfacet
  facet normal -0.849492 -0.527602 0
    outer loop
      vertex -27.9449 -9.62775 0.6
      vertex -27.8845 -9.725 0
      vertex -27.8845 -9.725 0.6
    endloop
  endfacet
  facet normal -0.812847 -0.582477 0
    outer loop
      vertex -27.9449 -9.62775 0
      vertex -28.0116 -9.53467 0.6
      vertex -28.0116 -9.53467 0
    endloop
  endfacet
  facet normal -0.812847 -0.582477 0
    outer loop
      vertex -28.0116 -9.53467 0.6
      vertex -27.9449 -9.62775 0
      vertex -27.9449 -9.62775 0.6
    endloop
  endfacet
  facet normal -0.29023 -0.956957 0
    outer loop
      vertex -28.9471 -8.90963 0
      vertex -28.8375 -8.94287 0.6
      vertex -28.9471 -8.90963 0.6
    endloop
  endfacet
  facet normal -0.29023 -0.956957 -0
    outer loop
      vertex -28.8375 -8.94287 0.6
      vertex -28.9471 -8.90963 0
      vertex -28.8375 -8.94287 0
    endloop
  endfacet
  facet normal -0.162926 -0.986638 0
    outer loop
      vertex -29.1716 -8.86497 0
      vertex -29.0586 -8.88363 0.6
      vertex -29.1716 -8.86497 0.6
    endloop
  endfacet
  facet normal -0.162926 -0.986638 -0
    outer loop
      vertex -29.0586 -8.88363 0.6
      vertex -29.1716 -8.86497 0
      vertex -29.0586 -8.88363 0
    endloop
  endfacet
  facet normal -0.528239 -0.849096 0
    outer loop
      vertex -28.525 -9.08446 0
      vertex -28.4278 -9.14493 0.6
      vertex -28.525 -9.08446 0.6
    endloop
  endfacet
  facet normal -0.528239 -0.849096 -0
    outer loop
      vertex -28.4278 -9.14493 0.6
      vertex -28.525 -9.08446 0
      vertex -28.4278 -9.14493 0
    endloop
  endfacet
  facet normal -0.683935 -0.729543 0
    outer loop
      vertex -28.2461 -9.28428 0
      vertex -28.1626 -9.36256 0.6
      vertex -28.2461 -9.28428 0.6
    endloop
  endfacet
  facet normal -0.683935 -0.729543 -0
    outer loop
      vertex -28.1626 -9.36256 0.6
      vertex -28.2461 -9.28428 0
      vertex -28.1626 -9.36256 0
    endloop
  endfacet
  facet normal 0.772816 -0.63463 0
    outer loop
      vertex -30.7884 -9.53467 0.6
      vertex -30.7157 -9.44614 0
      vertex -30.7157 -9.44614 0.6
    endloop
  endfacet
  facet normal 0.772816 -0.63463 0
    outer loop
      vertex -30.7157 -9.44614 0
      vertex -30.7884 -9.53467 0.6
      vertex -30.7884 -9.53467 0
    endloop
  endfacet
  facet normal 0.88185 -0.471531 0
    outer loop
      vertex -30.9695 -9.82599 0.6
      vertex -30.9155 -9.725 0
      vertex -30.9155 -9.725 0.6
    endloop
  endfacet
  facet normal 0.88185 -0.471531 0
    outer loop
      vertex -30.9155 -9.725 0
      vertex -30.9695 -9.82599 0.6
      vertex -30.9695 -9.82599 0
    endloop
  endfacet
  facet normal 0.956811 -0.29071 0
    outer loop
      vertex -31.0904 -10.1471 0.6
      vertex -31.0571 -10.0375 0
      vertex -31.0571 -10.0375 0.6
    endloop
  endfacet
  facet normal 0.956811 -0.29071 0
    outer loop
      vertex -31.0571 -10.0375 0
      vertex -31.0904 -10.1471 0.6
      vertex -31.0904 -10.1471 0
    endloop
  endfacet
  facet normal 0.986722 -0.162416 0
    outer loop
      vertex -31.135 -10.3716 0.6
      vertex -31.1164 -10.2586 0
      vertex -31.1164 -10.2586 0.6
    endloop
  endfacet
  facet normal 0.986722 -0.162416 0
    outer loop
      vertex -31.1164 -10.2586 0
      vertex -31.135 -10.3716 0.6
      vertex -31.135 -10.3716 0
    endloop
  endfacet
  facet normal 0.683935 -0.729543 0
    outer loop
      vertex -30.6374 -9.36256 0
      vertex -30.5539 -9.28428 0.6
      vertex -30.6374 -9.36256 0.6
    endloop
  endfacet
  facet normal 0.683935 -0.729543 0
    outer loop
      vertex -30.5539 -9.28428 0.6
      vertex -30.6374 -9.36256 0
      vertex -30.5539 -9.28428 0
    endloop
  endfacet
  facet normal 0.582394 -0.812907 0
    outer loop
      vertex -30.4653 -9.21163 0
      vertex -30.3722 -9.14493 0.6
      vertex -30.4653 -9.21163 0.6
    endloop
  endfacet
  facet normal 0.582394 -0.812907 0
    outer loop
      vertex -30.3722 -9.14493 0.6
      vertex -30.4653 -9.21163 0
      vertex -30.3722 -9.14493 0
    endloop
  endfacet
  facet normal 0.471426 -0.881905 0
    outer loop
      vertex -30.275 -9.08446 0
      vertex -30.174 -9.03047 0.6
      vertex -30.275 -9.08446 0.6
    endloop
  endfacet
  facet normal 0.471426 -0.881905 0
    outer loop
      vertex -30.174 -9.03047 0.6
      vertex -30.275 -9.08446 0
      vertex -30.174 -9.03047 0
    endloop
  endfacet
  facet normal 0.352195 -0.935927 0
    outer loop
      vertex -30.0697 -8.98321 0
      vertex -29.9625 -8.94287 0.6
      vertex -30.0697 -8.98321 0.6
    endloop
  endfacet
  facet normal 0.352195 -0.935927 0
    outer loop
      vertex -29.9625 -8.94287 0.6
      vertex -30.0697 -8.98321 0
      vertex -29.9625 -8.94287 0
    endloop
  endfacet
  facet normal 0.227092 -0.973873 0
    outer loop
      vertex -29.8529 -8.90963 0
      vertex -29.7414 -8.88363 0.6
      vertex -29.8529 -8.90963 0.6
    endloop
  endfacet
  facet normal 0.227092 -0.973873 0
    outer loop
      vertex -29.7414 -8.88363 0.6
      vertex -29.8529 -8.90963 0
      vertex -29.7414 -8.88363 0
    endloop
  endfacet
  facet normal 0.098033 -0.995183 0
    outer loop
      vertex -29.6284 -8.86497 0
      vertex -29.5145 -8.85375 0.6
      vertex -29.6284 -8.86497 0.6
    endloop
  endfacet
  facet normal 0.098033 -0.995183 0
    outer loop
      vertex -29.5145 -8.85375 0.6
      vertex -29.6284 -8.86497 0
      vertex -29.5145 -8.85375 0
    endloop
  endfacet
  facet normal 0.162926 -0.986638 0
    outer loop
      vertex -29.7414 -8.88363 0
      vertex -29.6284 -8.86497 0.6
      vertex -29.7414 -8.88363 0.6
    endloop
  endfacet
  facet normal 0.162926 -0.986638 0
    outer loop
      vertex -29.6284 -8.86497 0.6
      vertex -29.7414 -8.88363 0
      vertex -29.6284 -8.86497 0
    endloop
  endfacet
  facet normal -0.995115 0.0987252 0
    outer loop
      vertex -27.665 -10.8284 0
      vertex -27.6537 -10.7145 0.6
      vertex -27.6537 -10.7145 0
    endloop
  endfacet
  facet normal -0.995115 0.0987252 0
    outer loop
      vertex -27.6537 -10.7145 0.6
      vertex -27.665 -10.8284 0
      vertex -27.665 -10.8284 0.6
    endloop
  endfacet
  facet normal -0.0987252 0.995115 0
    outer loop
      vertex -29.1716 -12.335 0
      vertex -29.2855 -12.3463 0.6
      vertex -29.1716 -12.335 0.6
    endloop
  endfacet
  facet normal -0.0987252 0.995115 0
    outer loop
      vertex -29.2855 -12.3463 0.6
      vertex -29.1716 -12.335 0
      vertex -29.2855 -12.3463 0
    endloop
  endfacet
  facet normal -0.29071 0.956811 0
    outer loop
      vertex -28.8375 -12.2571 0
      vertex -28.9471 -12.2904 0.6
      vertex -28.8375 -12.2571 0.6
    endloop
  endfacet
  facet normal -0.29071 0.956811 0
    outer loop
      vertex -28.9471 -12.2904 0.6
      vertex -28.8375 -12.2571 0
      vertex -28.9471 -12.2904 0
    endloop
  endfacet
  facet normal -0.351889 0.936042 0
    outer loop
      vertex -28.7303 -12.2168 0
      vertex -28.8375 -12.2571 0.6
      vertex -28.7303 -12.2168 0.6
    endloop
  endfacet
  facet normal -0.351889 0.936042 0
    outer loop
      vertex -28.8375 -12.2571 0.6
      vertex -28.7303 -12.2168 0
      vertex -28.8375 -12.2571 0
    endloop
  endfacet
  facet normal -0.684028 0.729455 0
    outer loop
      vertex -28.1626 -11.8374 0
      vertex -28.2461 -11.9157 0.6
      vertex -28.1626 -11.8374 0.6
    endloop
  endfacet
  facet normal -0.684028 0.729455 0
    outer loop
      vertex -28.2461 -11.9157 0.6
      vertex -28.1626 -11.8374 0
      vertex -28.2461 -11.9157 0
    endloop
  endfacet
  facet normal -0.413013 0.910725 0
    outer loop
      vertex -28.626 -12.1695 0
      vertex -28.7303 -12.2168 0.6
      vertex -28.626 -12.1695 0.6
    endloop
  endfacet
  facet normal -0.413013 0.910725 0
    outer loop
      vertex -28.7303 -12.2168 0.6
      vertex -28.626 -12.1695 0
      vertex -28.7303 -12.2168 0
    endloop
  endfacet
  facet normal -0.729455 0.684028 0
    outer loop
      vertex -28.1626 -11.8374 0
      vertex -28.0843 -11.7539 0.6
      vertex -28.0843 -11.7539 0
    endloop
  endfacet
  facet normal -0.729455 0.684028 0
    outer loop
      vertex -28.0843 -11.7539 0.6
      vertex -28.1626 -11.8374 0
      vertex -28.1626 -11.8374 0.6
    endloop
  endfacet
  facet normal -0.812907 0.582394 0
    outer loop
      vertex -28.0116 -11.6653 0
      vertex -27.9449 -11.5722 0.6
      vertex -27.9449 -11.5722 0
    endloop
  endfacet
  facet normal -0.812907 0.582394 0
    outer loop
      vertex -27.9449 -11.5722 0.6
      vertex -28.0116 -11.6653 0
      vertex -28.0116 -11.6653 0.6
    endloop
  endfacet
  facet normal -0.910725 0.413013 0
    outer loop
      vertex -27.8305 -11.374 0
      vertex -27.7832 -11.2697 0.6
      vertex -27.7832 -11.2697 0
    endloop
  endfacet
  facet normal -0.910725 0.413013 0
    outer loop
      vertex -27.7832 -11.2697 0.6
      vertex -27.8305 -11.374 0
      vertex -27.8305 -11.374 0.6
    endloop
  endfacet
  facet normal -0.936042 0.351889 0
    outer loop
      vertex -27.7832 -11.2697 0
      vertex -27.7429 -11.1625 0.6
      vertex -27.7429 -11.1625 0
    endloop
  endfacet
  facet normal -0.936042 0.351889 0
    outer loop
      vertex -27.7429 -11.1625 0.6
      vertex -27.7832 -11.2697 0
      vertex -27.7832 -11.2697 0.6
    endloop
  endfacet
  facet normal 0.684028 0.729455 -0
    outer loop
      vertex -30.5539 -11.9157 0
      vertex -30.6374 -11.8374 0.6
      vertex -30.5539 -11.9157 0.6
    endloop
  endfacet
  facet normal 0.684028 0.729455 0
    outer loop
      vertex -30.6374 -11.8374 0.6
      vertex -30.5539 -11.9157 0
      vertex -30.6374 -11.8374 0
    endloop
  endfacet
  facet normal 0.227092 0.973873 -0
    outer loop
      vertex -29.7414 -12.3164 0
      vertex -29.8529 -12.2904 0.6
      vertex -29.7414 -12.3164 0.6
    endloop
  endfacet
  facet normal 0.227092 0.973873 0
    outer loop
      vertex -29.8529 -12.2904 0.6
      vertex -29.7414 -12.3164 0
      vertex -29.8529 -12.2904 0
    endloop
  endfacet
  facet normal 0.162416 0.986722 -0
    outer loop
      vertex -29.6284 -12.335 0
      vertex -29.7414 -12.3164 0.6
      vertex -29.6284 -12.335 0.6
    endloop
  endfacet
  facet normal 0.162416 0.986722 0
    outer loop
      vertex -29.7414 -12.3164 0.6
      vertex -29.6284 -12.335 0
      vertex -29.7414 -12.3164 0
    endloop
  endfacet
  facet normal 0.471494 0.881869 -0
    outer loop
      vertex -30.174 -12.1695 0
      vertex -30.275 -12.1155 0.6
      vertex -30.174 -12.1695 0.6
    endloop
  endfacet
  facet normal 0.471494 0.881869 0
    outer loop
      vertex -30.275 -12.1155 0.6
      vertex -30.174 -12.1695 0
      vertex -30.275 -12.1155 0
    endloop
  endfacet
  facet normal 0.63433 0.773062 -0
    outer loop
      vertex -30.4653 -11.9884 0
      vertex -30.5539 -11.9157 0.6
      vertex -30.4653 -11.9884 0.6
    endloop
  endfacet
  facet normal 0.63433 0.773062 0
    outer loop
      vertex -30.5539 -11.9157 0.6
      vertex -30.4653 -11.9884 0
      vertex -30.5539 -11.9157 0
    endloop
  endfacet
  facet normal 0.729455 0.684028 0
    outer loop
      vertex -30.6374 -11.8374 0.6
      vertex -30.7157 -11.7539 0
      vertex -30.7157 -11.7539 0.6
    endloop
  endfacet
  facet normal 0.729455 0.684028 0
    outer loop
      vertex -30.7157 -11.7539 0
      vertex -30.6374 -11.8374 0.6
      vertex -30.6374 -11.8374 0
    endloop
  endfacet
  facet normal 0.881869 0.471494 0
    outer loop
      vertex -30.9155 -11.475 0.6
      vertex -30.9695 -11.374 0
      vertex -30.9695 -11.374 0.6
    endloop
  endfacet
  facet normal 0.881869 0.471494 0
    outer loop
      vertex -30.9695 -11.374 0
      vertex -30.9155 -11.475 0.6
      vertex -30.9155 -11.475 0
    endloop
  endfacet
  facet normal 0.995115 0.0987252 0
    outer loop
      vertex -31.135 -10.8284 0.6
      vertex -31.1463 -10.7145 0
      vertex -31.1463 -10.7145 0.6
    endloop
  endfacet
  facet normal 0.995115 0.0987252 0
    outer loop
      vertex -31.1463 -10.7145 0
      vertex -31.135 -10.8284 0.6
      vertex -31.135 -10.8284 0
    endloop
  endfacet
  facet normal 0.956811 0.29071 0
    outer loop
      vertex -31.0571 -11.1625 0.6
      vertex -31.0904 -11.0529 0
      vertex -31.0904 -11.0529 0.6
    endloop
  endfacet
  facet normal 0.956811 0.29071 0
    outer loop
      vertex -31.0904 -11.0529 0
      vertex -31.0571 -11.1625 0.6
      vertex -31.0571 -11.1625 0
    endloop
  endfacet
  facet normal -0.995115 -0.0987252 0
    outer loop
      vertex -27.6537 -10.4855 0
      vertex -27.665 -10.3716 0.6
      vertex -27.665 -10.3716 0
    endloop
  endfacet
  facet normal -0.995115 -0.0987252 0
    outer loop
      vertex -27.665 -10.3716 0.6
      vertex -27.6537 -10.4855 0
      vertex -27.6537 -10.4855 0.6
    endloop
  endfacet
  facet normal -0.352195 -0.935927 0
    outer loop
      vertex -28.8375 -8.94287 0
      vertex -28.7303 -8.98321 0.6
      vertex -28.8375 -8.94287 0.6
    endloop
  endfacet
  facet normal -0.352195 -0.935927 -0
    outer loop
      vertex -28.7303 -8.98321 0.6
      vertex -28.8375 -8.94287 0
      vertex -28.7303 -8.98321 0
    endloop
  endfacet
  facet normal 0.729782 -0.68368 0
    outer loop
      vertex -30.7157 -9.44614 0.6
      vertex -30.6374 -9.36256 0
      vertex -30.6374 -9.36256 0.6
    endloop
  endfacet
  facet normal 0.729782 -0.68368 0
    outer loop
      vertex -30.6374 -9.36256 0
      vertex -30.7157 -9.44614 0.6
      vertex -30.7157 -9.44614 0
    endloop
  endfacet
  facet normal 0.936042 -0.351889 0
    outer loop
      vertex -31.0571 -10.0375 0.6
      vertex -31.0168 -9.9303 0
      vertex -31.0168 -9.9303 0.6
    endloop
  endfacet
  facet normal 0.936042 -0.351889 0
    outer loop
      vertex -31.0168 -9.9303 0
      vertex -31.0571 -10.0375 0.6
      vertex -31.0571 -10.0375 0
    endloop
  endfacet
  facet normal 0.634069 -0.773276 0
    outer loop
      vertex -30.5539 -9.28428 0
      vertex -30.4653 -9.21163 0.6
      vertex -30.5539 -9.28428 0.6
    endloop
  endfacet
  facet normal 0.634069 -0.773276 0
    outer loop
      vertex -30.4653 -9.21163 0.6
      vertex -30.5539 -9.28428 0
      vertex -30.4653 -9.21163 0
    endloop
  endfacet
  facet normal -0.999478 0.0322976 0
    outer loop
      vertex -27.6537 -10.7145 0
      vertex -27.65 -10.6 0.6
      vertex -27.65 -10.6 0
    endloop
  endfacet
  facet normal -0.999478 0.0322976 0
    outer loop
      vertex -27.65 -10.6 0.6
      vertex -27.6537 -10.7145 0
      vertex -27.6537 -10.7145 0.6
    endloop
  endfacet
  facet normal -0.162416 0.986722 0
    outer loop
      vertex -29.0586 -12.3164 0
      vertex -29.1716 -12.335 0.6
      vertex -29.0586 -12.3164 0.6
    endloop
  endfacet
  facet normal -0.162416 0.986722 0
    outer loop
      vertex -29.1716 -12.335 0.6
      vertex -29.0586 -12.3164 0
      vertex -29.1716 -12.335 0
    endloop
  endfacet
  facet normal -0.471494 0.881869 0
    outer loop
      vertex -28.525 -12.1155 0
      vertex -28.626 -12.1695 0.6
      vertex -28.525 -12.1155 0.6
    endloop
  endfacet
  facet normal -0.471494 0.881869 0
    outer loop
      vertex -28.626 -12.1695 0.6
      vertex -28.525 -12.1155 0
      vertex -28.626 -12.1695 0
    endloop
  endfacet
  facet normal -0.84937 0.527798 0
    outer loop
      vertex -27.9449 -11.5722 0
      vertex -27.8845 -11.475 0.6
      vertex -27.8845 -11.475 0
    endloop
  endfacet
  facet normal -0.84937 0.527798 0
    outer loop
      vertex -27.8845 -11.475 0.6
      vertex -27.9449 -11.5722 0
      vertex -27.9449 -11.5722 0.6
    endloop
  endfacet
  facet normal -0.773062 0.63433 0
    outer loop
      vertex -28.0843 -11.7539 0
      vertex -28.0116 -11.6653 0.6
      vertex -28.0116 -11.6653 0
    endloop
  endfacet
  facet normal -0.773062 0.63433 0
    outer loop
      vertex -28.0116 -11.6653 0.6
      vertex -28.0843 -11.7539 0
      vertex -28.0843 -11.7539 0.6
    endloop
  endfacet
  facet normal -0.986722 0.162416 0
    outer loop
      vertex -27.6836 -10.9414 0
      vertex -27.665 -10.8284 0.6
      vertex -27.665 -10.8284 0
    endloop
  endfacet
  facet normal -0.986722 0.162416 0
    outer loop
      vertex -27.665 -10.8284 0.6
      vertex -27.6836 -10.9414 0
      vertex -27.6836 -10.9414 0.6
    endloop
  endfacet
  facet normal 0.29071 0.956811 -0
    outer loop
      vertex -29.8529 -12.2904 0
      vertex -29.9625 -12.2571 0.6
      vertex -29.8529 -12.2904 0.6
    endloop
  endfacet
  facet normal 0.29071 0.956811 0
    outer loop
      vertex -29.9625 -12.2571 0.6
      vertex -29.8529 -12.2904 0
      vertex -29.9625 -12.2571 0
    endloop
  endfacet
  facet normal 0.0987252 0.995115 -0
    outer loop
      vertex -29.5145 -12.3463 0
      vertex -29.6284 -12.335 0.6
      vertex -29.5145 -12.3463 0.6
    endloop
  endfacet
  facet normal 0.0987252 0.995115 0
    outer loop
      vertex -29.6284 -12.335 0.6
      vertex -29.5145 -12.3463 0
      vertex -29.6284 -12.335 0
    endloop
  endfacet
  facet normal 0.413013 0.910725 -0
    outer loop
      vertex -30.0697 -12.2168 0
      vertex -30.174 -12.1695 0.6
      vertex -30.0697 -12.2168 0.6
    endloop
  endfacet
  facet normal 0.413013 0.910725 0
    outer loop
      vertex -30.174 -12.1695 0.6
      vertex -30.0697 -12.2168 0
      vertex -30.174 -12.1695 0
    endloop
  endfacet
  facet normal 0.84937 0.527798 0
    outer loop
      vertex -30.8551 -11.5722 0.6
      vertex -30.9155 -11.475 0
      vertex -30.9155 -11.475 0.6
    endloop
  endfacet
  facet normal 0.84937 0.527798 0
    outer loop
      vertex -30.9155 -11.475 0
      vertex -30.8551 -11.5722 0.6
      vertex -30.8551 -11.5722 0
    endloop
  endfacet
  facet normal 0.986722 0.162416 0
    outer loop
      vertex -31.1164 -10.9414 0.6
      vertex -31.135 -10.8284 0
      vertex -31.135 -10.8284 0.6
    endloop
  endfacet
  facet normal 0.986722 0.162416 0
    outer loop
      vertex -31.135 -10.8284 0
      vertex -31.1164 -10.9414 0.6
      vertex -31.1164 -10.9414 0
    endloop
  endfacet
  facet normal 0.936042 0.351889 0
    outer loop
      vertex -31.0168 -11.2697 0.6
      vertex -31.0571 -11.1625 0
      vertex -31.0571 -11.1625 0.6
    endloop
  endfacet
  facet normal 0.936042 0.351889 0
    outer loop
      vertex -31.0571 -11.1625 0
      vertex -31.0168 -11.2697 0.6
      vertex -31.0168 -11.2697 0
    endloop
  endfacet
  facet normal 1 0 0
    outer loop
      vertex -35.4 -60.5 2
      vertex -35.4 -75.4 2
      vertex -35.4 -60.5 1.3532
    endloop
  endfacet
  facet normal 1 0 0
    outer loop
      vertex -35.4 -55.5 1.3532
      vertex -35.4 -40.6 2
      vertex -35.4 -55.5 2
    endloop
  endfacet
  facet normal 1 0 0
    outer loop
      vertex -35.4 -40.6 2
      vertex -35.4 -55.5 1.3532
      vertex -35.4 -40.6 0.6
    endloop
  endfacet
  facet normal 1 -0 0
    outer loop
      vertex -35.4 -60.5 1.3532
      vertex -35.4 -40.6 0.6
      vertex -35.4 -55.5 1.3532
    endloop
  endfacet
  facet normal 1 0 0
    outer loop
      vertex -35.4 -60.5 1.3532
      vertex -35.4 -75.4 0.6
      vertex -35.4 -40.6 0.6
    endloop
  endfacet
  facet normal 1 0 0
    outer loop
      vertex -35.4 -75.4 0.6
      vertex -35.4 -60.5 1.3532
      vertex -35.4 -75.4 2
    endloop
  endfacet
  facet normal 0 1 0
    outer loop
      vertex -0.599999 -75.4 2
      vertex -15.5 -75.4 1.3532
      vertex -15.5 -75.4 2
    endloop
  endfacet
  facet normal 0 1 0
    outer loop
      vertex -15.5 -75.4 1.3532
      vertex -0.599999 -75.4 0.6
      vertex -20.5 -75.4 1.3532
    endloop
  endfacet
  facet normal 0 1 -0
    outer loop
      vertex -0.599999 -75.4 0.6
      vertex -15.5 -75.4 1.3532
      vertex -0.599999 -75.4 2
    endloop
  endfacet
  facet normal 0 1 -0
    outer loop
      vertex -20.5 -75.4 1.3532
      vertex -35.4 -75.4 2
      vertex -20.5 -75.4 2
    endloop
  endfacet
  facet normal 0 1 0
    outer loop
      vertex -20.5 -75.4 1.3532
      vertex -35.4 -75.4 0.6
      vertex -35.4 -75.4 2
    endloop
  endfacet
  facet normal 0 1 0
    outer loop
      vertex -35.4 -75.4 0.6
      vertex -20.5 -75.4 1.3532
      vertex -0.599999 -75.4 0.6
    endloop
  endfacet
  facet normal -1 0 0
    outer loop
      vertex -0.599999 -40.6 0.6
      vertex -0.599999 -55.5 1.3532
      vertex -0.599999 -40.6 2
    endloop
  endfacet
  facet normal -1 0 0
    outer loop
      vertex -0.599999 -40.6 0.6
      vertex -0.599999 -60.5 1.3532
      vertex -0.599999 -55.5 1.3532
    endloop
  endfacet
  facet normal -1 0 0
    outer loop
      vertex -0.599999 -75.4 0.6
      vertex -0.599999 -60.5 1.3532
      vertex -0.599999 -40.6 0.6
    endloop
  endfacet
  facet normal -1 0 0
    outer loop
      vertex -0.599999 -75.4 2
      vertex -0.599999 -60.5 1.3532
      vertex -0.599999 -75.4 0.6
    endloop
  endfacet
  facet normal -1 0 0
    outer loop
      vertex -0.599999 -60.5 1.3532
      vertex -0.599999 -75.4 2
      vertex -0.599999 -60.5 2
    endloop
  endfacet
  facet normal -1 -0 0
    outer loop
      vertex -0.599999 -40.6 2
      vertex -0.599999 -55.5 1.3532
      vertex -0.599999 -55.5 2
    endloop
  endfacet
  facet normal 0 -1 0
    outer loop
      vertex -35.4 -40.6 2
      vertex -20.5 -40.6 1.3532
      vertex -20.5 -40.6 2
    endloop
  endfacet
  facet normal 0 -1 -0
    outer loop
      vertex -20.5 -40.6 1.3532
      vertex -35.4 -40.6 0.6
      vertex -15.5 -40.6 1.3532
    endloop
  endfacet
  facet normal 0 -1 0
    outer loop
      vertex -35.4 -40.6 0.6
      vertex -20.5 -40.6 1.3532
      vertex -35.4 -40.6 2
    endloop
  endfacet
  facet normal 0 -1 0
    outer loop
      vertex -15.5 -40.6 1.3532
      vertex -0.599999 -40.6 2
      vertex -15.5 -40.6 2
    endloop
  endfacet
  facet normal 0 -1 0
    outer loop
      vertex -15.5 -40.6 1.3532
      vertex -0.599999 -40.6 0.6
      vertex -0.599999 -40.6 2
    endloop
  endfacet
  facet normal 0 -1 0
    outer loop
      vertex -0.599999 -40.6 0.6
      vertex -15.5 -40.6 1.3532
      vertex -35.4 -40.6 0.6
    endloop
  endfacet
  facet normal 0 0 1
    outer loop
      vertex -27.6537 -46.7145 0.6
      vertex -0.599999 -40.6 0.6
      vertex -27.65 -46.6 0.6
    endloop
  endfacet
  facet normal 0 0 1
    outer loop
      vertex -0.599999 -40.6 0.6
      vertex -27.6537 -46.4855 0.6
      vertex -27.65 -46.6 0.6
    endloop
  endfacet
  facet normal 0 0 1
    outer loop
      vertex -0.599999 -40.6 0.6
      vertex -27.665 -46.3716 0.6
      vertex -27.6537 -46.4855 0.6
    endloop
  endfacet
  facet normal 0 0 1
    outer loop
      vertex -0.599999 -40.6 0.6
      vertex -27.6836 -46.2586 0.6
      vertex -27.665 -46.3716 0.6
    endloop
  endfacet
  facet normal 0 0 1
    outer loop
      vertex -0.599999 -40.6 0.6
      vertex -27.7096 -46.1471 0.6
      vertex -27.6836 -46.2586 0.6
    endloop
  endfacet
  facet normal 0 0 1
    outer loop
      vertex -0.599999 -40.6 0.6
      vertex -27.7429 -46.0375 0.6
      vertex -27.7096 -46.1471 0.6
    endloop
  endfacet
  facet normal 0 0 1
    outer loop
      vertex -0.599999 -40.6 0.6
      vertex -27.7832 -45.9303 0.6
      vertex -27.7429 -46.0375 0.6
    endloop
  endfacet
  facet normal 0 0 1
    outer loop
      vertex -0.599999 -40.6 0.6
      vertex -27.8305 -45.826 0.6
      vertex -27.7832 -45.9303 0.6
    endloop
  endfacet
  facet normal 0 0 1
    outer loop
      vertex -0.599999 -40.6 0.6
      vertex -27.8845 -45.725 0.6
      vertex -27.8305 -45.826 0.6
    endloop
  endfacet
  facet normal 0 0 1
    outer loop
      vertex -0.599999 -40.6 0.6
      vertex -27.9449 -45.6278 0.6
      vertex -27.8845 -45.725 0.6
    endloop
  endfacet
  facet normal 0 0 1
    outer loop
      vertex -0.599999 -40.6 0.6
      vertex -28.0116 -45.5347 0.6
      vertex -27.9449 -45.6278 0.6
    endloop
  endfacet
  facet normal 0 0 1
    outer loop
      vertex -0.599999 -40.6 0.6
      vertex -28.0843 -45.4461 0.6
      vertex -28.0116 -45.5347 0.6
    endloop
  endfacet
  facet normal 0 0 1
    outer loop
      vertex -0.599999 -40.6 0.6
      vertex -28.1626 -45.3626 0.6
      vertex -28.0843 -45.4461 0.6
    endloop
  endfacet
  facet normal 0 0 1
    outer loop
      vertex -0.599999 -40.6 0.6
      vertex -28.2461 -45.2843 0.6
      vertex -28.1626 -45.3626 0.6
    endloop
  endfacet
  facet normal 0 0 1
    outer loop
      vertex -0.599999 -40.6 0.6
      vertex -28.3347 -45.2116 0.6
      vertex -28.2461 -45.2843 0.6
    endloop
  endfacet
  facet normal 0 0 1
    outer loop
      vertex -0.599999 -40.6 0.6
      vertex -28.4278 -45.1449 0.6
      vertex -28.3347 -45.2116 0.6
    endloop
  endfacet
  facet normal 0 0 1
    outer loop
      vertex -0.599999 -40.6 0.6
      vertex -28.525 -45.0845 0.6
      vertex -28.4278 -45.1449 0.6
    endloop
  endfacet
  facet normal 0 0 1
    outer loop
      vertex -0.599999 -40.6 0.6
      vertex -28.626 -45.0305 0.6
      vertex -28.525 -45.0845 0.6
    endloop
  endfacet
  facet normal 0 0 1
    outer loop
      vertex -0.599999 -40.6 0.6
      vertex -28.7303 -44.9832 0.6
      vertex -28.626 -45.0305 0.6
    endloop
  endfacet
  facet normal -0 0 1
    outer loop
      vertex -35.4 -40.6 0.6
      vertex -28.7303 -44.9832 0.6
      vertex -0.599999 -40.6 0.6
    endloop
  endfacet
  facet normal 0 0 1
    outer loop
      vertex -28.7303 -44.9832 0.6
      vertex -35.4 -40.6 0.6
      vertex -28.8375 -44.9429 0.6
    endloop
  endfacet
  facet normal 0 0 1
    outer loop
      vertex -28.8375 -44.9429 0.6
      vertex -35.4 -40.6 0.6
      vertex -28.9471 -44.9096 0.6
    endloop
  endfacet
  facet normal 0 0 1
    outer loop
      vertex -28.9471 -44.9096 0.6
      vertex -35.4 -40.6 0.6
      vertex -29.0586 -44.8836 0.6
    endloop
  endfacet
  facet normal 0 0 1
    outer loop
      vertex -29.0586 -44.8836 0.6
      vertex -35.4 -40.6 0.6
      vertex -29.1716 -44.865 0.6
    endloop
  endfacet
  facet normal 0 0 1
    outer loop
      vertex -29.1716 -44.865 0.6
      vertex -35.4 -40.6 0.6
      vertex -29.2855 -44.8537 0.6
    endloop
  endfacet
  facet normal 0 0 1
    outer loop
      vertex -29.2855 -44.8537 0.6
      vertex -35.4 -40.6 0.6
      vertex -29.4 -44.85 0.6
    endloop
  endfacet
  facet normal 0 0 1
    outer loop
      vertex -29.4 -44.85 0.6
      vertex -35.4 -40.6 0.6
      vertex -29.5145 -44.8537 0.6
    endloop
  endfacet
  facet normal 0 0 1
    outer loop
      vertex -31.1463 -46.4855 0.6
      vertex -35.4 -40.6 0.6
      vertex -31.15 -46.6 0.6
    endloop
  endfacet
  facet normal 0 0 1
    outer loop
      vertex -31.135 -46.3716 0.6
      vertex -35.4 -40.6 0.6
      vertex -31.1463 -46.4855 0.6
    endloop
  endfacet
  facet normal 0 0 1
    outer loop
      vertex -31.1164 -46.2586 0.6
      vertex -35.4 -40.6 0.6
      vertex -31.135 -46.3716 0.6
    endloop
  endfacet
  facet normal 0 0 1
    outer loop
      vertex -31.0904 -46.1471 0.6
      vertex -35.4 -40.6 0.6
      vertex -31.1164 -46.2586 0.6
    endloop
  endfacet
  facet normal 0 0 1
    outer loop
      vertex -31.0571 -46.0375 0.6
      vertex -35.4 -40.6 0.6
      vertex -31.0904 -46.1471 0.6
    endloop
  endfacet
  facet normal 0 0 1
    outer loop
      vertex -31.0168 -45.9303 0.6
      vertex -35.4 -40.6 0.6
      vertex -31.0571 -46.0375 0.6
    endloop
  endfacet
  facet normal 0 0 1
    outer loop
      vertex -30.9695 -45.826 0.6
      vertex -35.4 -40.6 0.6
      vertex -31.0168 -45.9303 0.6
    endloop
  endfacet
  facet normal 0 0 1
    outer loop
      vertex -30.9155 -45.725 0.6
      vertex -35.4 -40.6 0.6
      vertex -30.9695 -45.826 0.6
    endloop
  endfacet
  facet normal 0 0 1
    outer loop
      vertex -30.8551 -45.6278 0.6
      vertex -35.4 -40.6 0.6
      vertex -30.9155 -45.725 0.6
    endloop
  endfacet
  facet normal 0 0 1
    outer loop
      vertex -30.7884 -45.5347 0.6
      vertex -35.4 -40.6 0.6
      vertex -30.8551 -45.6278 0.6
    endloop
  endfacet
  facet normal 0 0 1
    outer loop
      vertex -30.7157 -45.4461 0.6
      vertex -35.4 -40.6 0.6
      vertex -30.7884 -45.5347 0.6
    endloop
  endfacet
  facet normal 0 0 1
    outer loop
      vertex -30.6374 -45.3626 0.6
      vertex -35.4 -40.6 0.6
      vertex -30.7157 -45.4461 0.6
    endloop
  endfacet
  facet normal 0 0 1
    outer loop
      vertex -30.5539 -45.2843 0.6
      vertex -35.4 -40.6 0.6
      vertex -30.6374 -45.3626 0.6
    endloop
  endfacet
  facet normal 0 0 1
    outer loop
      vertex -30.4653 -45.2116 0.6
      vertex -35.4 -40.6 0.6
      vertex -30.5539 -45.2843 0.6
    endloop
  endfacet
  facet normal 0 0 1
    outer loop
      vertex -30.3722 -45.1449 0.6
      vertex -35.4 -40.6 0.6
      vertex -30.4653 -45.2116 0.6
    endloop
  endfacet
  facet normal 0 0 1
    outer loop
      vertex -30.275 -45.0845 0.6
      vertex -35.4 -40.6 0.6
      vertex -30.3722 -45.1449 0.6
    endloop
  endfacet
  facet normal 0 0 1
    outer loop
      vertex -30.174 -45.0305 0.6
      vertex -35.4 -40.6 0.6
      vertex -30.275 -45.0845 0.6
    endloop
  endfacet
  facet normal 0 0 1
    outer loop
      vertex -30.0697 -44.9832 0.6
      vertex -35.4 -40.6 0.6
      vertex -30.174 -45.0305 0.6
    endloop
  endfacet
  facet normal 0 0 1
    outer loop
      vertex -29.9625 -44.9429 0.6
      vertex -35.4 -40.6 0.6
      vertex -30.0697 -44.9832 0.6
    endloop
  endfacet
  facet normal 0 0 1
    outer loop
      vertex -29.8529 -44.9096 0.6
      vertex -35.4 -40.6 0.6
      vertex -29.9625 -44.9429 0.6
    endloop
  endfacet
  facet normal 0 0 1
    outer loop
      vertex -29.7414 -44.8836 0.6
      vertex -35.4 -40.6 0.6
      vertex -29.8529 -44.9096 0.6
    endloop
  endfacet
  facet normal 0 0 1
    outer loop
      vertex -29.6284 -44.865 0.6
      vertex -35.4 -40.6 0.6
      vertex -29.7414 -44.8836 0.6
    endloop
  endfacet
  facet normal 0 0 1
    outer loop
      vertex -29.5145 -44.8537 0.6
      vertex -35.4 -40.6 0.6
      vertex -29.6284 -44.865 0.6
    endloop
  endfacet
  facet normal 0 0 1
    outer loop
      vertex -27.665 -46.8284 0.6
      vertex -0.599999 -40.6 0.6
      vertex -27.6537 -46.7145 0.6
    endloop
  endfacet
  facet normal 0 0 1
    outer loop
      vertex -27.6836 -46.9414 0.6
      vertex -0.599999 -40.6 0.6
      vertex -27.665 -46.8284 0.6
    endloop
  endfacet
  facet normal 0 0 1
    outer loop
      vertex -27.7096 -47.0529 0.6
      vertex -0.599999 -40.6 0.6
      vertex -27.6836 -46.9414 0.6
    endloop
  endfacet
  facet normal 0 0 1
    outer loop
      vertex -27.7429 -47.1625 0.6
      vertex -0.599999 -40.6 0.6
      vertex -27.7096 -47.0529 0.6
    endloop
  endfacet
  facet normal 0 0 1
    outer loop
      vertex -27.7832 -47.2697 0.6
      vertex -0.599999 -40.6 0.6
      vertex -27.7429 -47.1625 0.6
    endloop
  endfacet
  facet normal 0 0 1
    outer loop
      vertex -27.8305 -47.374 0.6
      vertex -0.599999 -40.6 0.6
      vertex -27.7832 -47.2697 0.6
    endloop
  endfacet
  facet normal 0 0 1
    outer loop
      vertex -27.8845 -47.475 0.6
      vertex -0.599999 -40.6 0.6
      vertex -27.8305 -47.374 0.6
    endloop
  endfacet
  facet normal 0 0 1
    outer loop
      vertex -0.599999 -40.6 0.6
      vertex -27.8845 -47.475 0.6
      vertex -0.599999 -75.4 0.6
    endloop
  endfacet
  facet normal -0 0 1
    outer loop
      vertex -27.9449 -47.5722 0.6
      vertex -0.599999 -75.4 0.6
      vertex -27.8845 -47.475 0.6
    endloop
  endfacet
  facet normal -0 0 1
    outer loop
      vertex -28.0116 -47.6653 0.6
      vertex -0.599999 -75.4 0.6
      vertex -27.9449 -47.5722 0.6
    endloop
  endfacet
  facet normal -0 0 1
    outer loop
      vertex -28.0843 -47.7539 0.6
      vertex -0.599999 -75.4 0.6
      vertex -28.0116 -47.6653 0.6
    endloop
  endfacet
  facet normal -0 0 1
    outer loop
      vertex -28.1626 -47.8374 0.6
      vertex -0.599999 -75.4 0.6
      vertex -28.0843 -47.7539 0.6
    endloop
  endfacet
  facet normal -0 0 1
    outer loop
      vertex -28.2461 -47.9157 0.6
      vertex -0.599999 -75.4 0.6
      vertex -28.1626 -47.8374 0.6
    endloop
  endfacet
  facet normal -0 0 1
    outer loop
      vertex -28.3347 -47.9884 0.6
      vertex -0.599999 -75.4 0.6
      vertex -28.2461 -47.9157 0.6
    endloop
  endfacet
  facet normal -0 0 1
    outer loop
      vertex -28.4278 -48.0551 0.6
      vertex -0.599999 -75.4 0.6
      vertex -28.3347 -47.9884 0.6
    endloop
  endfacet
  facet normal -0 0 1
    outer loop
      vertex -28.525 -48.1155 0.6
      vertex -0.599999 -75.4 0.6
      vertex -28.4278 -48.0551 0.6
    endloop
  endfacet
  facet normal 0 0 1
    outer loop
      vertex -35.4 -75.4 0.6
      vertex -28.525 -48.1155 0.6
      vertex -28.626 -48.1695 0.6
    endloop
  endfacet
  facet normal 0 0 1
    outer loop
      vertex -35.4 -75.4 0.6
      vertex -28.626 -48.1695 0.6
      vertex -28.7303 -48.2168 0.6
    endloop
  endfacet
  facet normal 0 0 1
    outer loop
      vertex -35.4 -75.4 0.6
      vertex -28.7303 -48.2168 0.6
      vertex -28.8375 -48.2571 0.6
    endloop
  endfacet
  facet normal 0 0 1
    outer loop
      vertex -35.4 -75.4 0.6
      vertex -28.8375 -48.2571 0.6
      vertex -28.9471 -48.2904 0.6
    endloop
  endfacet
  facet normal 0 0 1
    outer loop
      vertex -35.4 -75.4 0.6
      vertex -28.9471 -48.2904 0.6
      vertex -29.0586 -48.3164 0.6
    endloop
  endfacet
  facet normal 0 0 1
    outer loop
      vertex -35.4 -75.4 0.6
      vertex -29.0586 -48.3164 0.6
      vertex -29.1716 -48.335 0.6
    endloop
  endfacet
  facet normal 0 0 1
    outer loop
      vertex -35.4 -75.4 0.6
      vertex -29.1716 -48.335 0.6
      vertex -29.2855 -48.3463 0.6
    endloop
  endfacet
  facet normal 0 0 1
    outer loop
      vertex -35.4 -75.4 0.6
      vertex -29.2855 -48.3463 0.6
      vertex -29.4 -48.35 0.6
    endloop
  endfacet
  facet normal 0 0 1
    outer loop
      vertex -35.4 -75.4 0.6
      vertex -29.4 -48.35 0.6
      vertex -29.5145 -48.3463 0.6
    endloop
  endfacet
  facet normal 0 0 1
    outer loop
      vertex -35.4 -75.4 0.6
      vertex -29.5145 -48.3463 0.6
      vertex -29.6284 -48.335 0.6
    endloop
  endfacet
  facet normal 0 0 1
    outer loop
      vertex -35.4 -75.4 0.6
      vertex -29.6284 -48.335 0.6
      vertex -29.7414 -48.3164 0.6
    endloop
  endfacet
  facet normal 0 0 1
    outer loop
      vertex -35.4 -75.4 0.6
      vertex -29.7414 -48.3164 0.6
      vertex -29.8529 -48.2904 0.6
    endloop
  endfacet
  facet normal 0 0 1
    outer loop
      vertex -35.4 -75.4 0.6
      vertex -29.8529 -48.2904 0.6
      vertex -29.9625 -48.2571 0.6
    endloop
  endfacet
  facet normal 0 0 1
    outer loop
      vertex -35.4 -75.4 0.6
      vertex -29.9625 -48.2571 0.6
      vertex -30.0697 -48.2168 0.6
    endloop
  endfacet
  facet normal 0 0 1
    outer loop
      vertex -35.4 -75.4 0.6
      vertex -30.0697 -48.2168 0.6
      vertex -30.174 -48.1695 0.6
    endloop
  endfacet
  facet normal 0 0 1
    outer loop
      vertex -35.4 -75.4 0.6
      vertex -30.174 -48.1695 0.6
      vertex -30.275 -48.1155 0.6
    endloop
  endfacet
  facet normal 0 0 1
    outer loop
      vertex -35.4 -75.4 0.6
      vertex -30.275 -48.1155 0.6
      vertex -30.3722 -48.0551 0.6
    endloop
  endfacet
  facet normal 0 0 1
    outer loop
      vertex -35.4 -75.4 0.6
      vertex -30.3722 -48.0551 0.6
      vertex -30.4653 -47.9884 0.6
    endloop
  endfacet
  facet normal 0 0 1
    outer loop
      vertex -35.4 -75.4 0.6
      vertex -30.4653 -47.9884 0.6
      vertex -30.5539 -47.9157 0.6
    endloop
  endfacet
  facet normal 0 0 1
    outer loop
      vertex -35.4 -40.6 0.6
      vertex -31.1463 -46.7145 0.6
      vertex -31.15 -46.6 0.6
    endloop
  endfacet
  facet normal 0 0 1
    outer loop
      vertex -35.4 -40.6 0.6
      vertex -31.135 -46.8284 0.6
      vertex -31.1463 -46.7145 0.6
    endloop
  endfacet
  facet normal 0 0 1
    outer loop
      vertex -35.4 -40.6 0.6
      vertex -31.1164 -46.9414 0.6
      vertex -31.135 -46.8284 0.6
    endloop
  endfacet
  facet normal 0 0 1
    outer loop
      vertex -35.4 -40.6 0.6
      vertex -31.0904 -47.0529 0.6
      vertex -31.1164 -46.9414 0.6
    endloop
  endfacet
  facet normal 0 0 1
    outer loop
      vertex -35.4 -40.6 0.6
      vertex -31.0571 -47.1625 0.6
      vertex -31.0904 -47.0529 0.6
    endloop
  endfacet
  facet normal 0 0 1
    outer loop
      vertex -35.4 -40.6 0.6
      vertex -31.0168 -47.2697 0.6
      vertex -31.0571 -47.1625 0.6
    endloop
  endfacet
  facet normal 0 0 1
    outer loop
      vertex -35.4 -40.6 0.6
      vertex -30.9695 -47.374 0.6
      vertex -31.0168 -47.2697 0.6
    endloop
  endfacet
  facet normal 0 0 1
    outer loop
      vertex -35.4 -75.4 0.6
      vertex -30.9695 -47.374 0.6
      vertex -35.4 -40.6 0.6
    endloop
  endfacet
  facet normal 0 0 1
    outer loop
      vertex -30.9695 -47.374 0.6
      vertex -35.4 -75.4 0.6
      vertex -30.9155 -47.475 0.6
    endloop
  endfacet
  facet normal 0 0 1
    outer loop
      vertex -28.525 -48.1155 0.6
      vertex -35.4 -75.4 0.6
      vertex -0.599999 -75.4 0.6
    endloop
  endfacet
  facet normal 0 0 1
    outer loop
      vertex -30.6374 -47.8374 0.6
      vertex -35.4 -75.4 0.6
      vertex -30.5539 -47.9157 0.6
    endloop
  endfacet
  facet normal 0 0 1
    outer loop
      vertex -30.7157 -47.7539 0.6
      vertex -35.4 -75.4 0.6
      vertex -30.6374 -47.8374 0.6
    endloop
  endfacet
  facet normal 0 0 1
    outer loop
      vertex -30.7884 -47.6653 0.6
      vertex -35.4 -75.4 0.6
      vertex -30.7157 -47.7539 0.6
    endloop
  endfacet
  facet normal 0 0 1
    outer loop
      vertex -30.8551 -47.5722 0.6
      vertex -35.4 -75.4 0.6
      vertex -30.7884 -47.6653 0.6
    endloop
  endfacet
  facet normal 0 0 1
    outer loop
      vertex -30.9155 -47.475 0.6
      vertex -35.4 -75.4 0.6
      vertex -30.8551 -47.5722 0.6
    endloop
  endfacet
  facet normal -0.684028 -0.729455 0
    outer loop
      vertex -28.2461 -45.2843 0
      vertex -28.1626 -45.3626 0.6
      vertex -28.2461 -45.2843 0.6
    endloop
  endfacet
  facet normal -0.684028 -0.729455 -0
    outer loop
      vertex -28.1626 -45.3626 0.6
      vertex -28.2461 -45.2843 0
      vertex -28.1626 -45.3626 0
    endloop
  endfacet
  facet normal 0.351889 -0.936042 0
    outer loop
      vertex -30.0697 -44.9832 0
      vertex -29.9625 -44.9429 0.6
      vertex -30.0697 -44.9832 0.6
    endloop
  endfacet
  facet normal 0.351889 -0.936042 0
    outer loop
      vertex -29.9625 -44.9429 0.6
      vertex -30.0697 -44.9832 0
      vertex -29.9625 -44.9429 0
    endloop
  endfacet
  facet normal 0.910725 -0.413013 0
    outer loop
      vertex -31.0168 -45.9303 0.6
      vertex -30.9695 -45.826 0
      vertex -30.9695 -45.826 0.6
    endloop
  endfacet
  facet normal 0.910725 -0.413013 0
    outer loop
      vertex -30.9695 -45.826 0
      vertex -31.0168 -45.9303 0.6
      vertex -31.0168 -45.9303 0
    endloop
  endfacet
  facet normal -0.995115 0.0987252 0
    outer loop
      vertex -27.665 -46.8284 0
      vertex -27.6537 -46.7145 0.6
      vertex -27.6537 -46.7145 0
    endloop
  endfacet
  facet normal -0.995115 0.0987252 0
    outer loop
      vertex -27.6537 -46.7145 0.6
      vertex -27.665 -46.8284 0
      vertex -27.665 -46.8284 0.6
    endloop
  endfacet
  facet normal 0.936042 0.351889 0
    outer loop
      vertex -31.0168 -47.2697 0.6
      vertex -31.0571 -47.1625 0
      vertex -31.0571 -47.1625 0.6
    endloop
  endfacet
  facet normal 0.936042 0.351889 0
    outer loop
      vertex -31.0571 -47.1625 0
      vertex -31.0168 -47.2697 0.6
      vertex -31.0168 -47.2697 0
    endloop
  endfacet
  facet normal 0.413013 0.910725 -0
    outer loop
      vertex -30.0697 -48.2168 0
      vertex -30.174 -48.1695 0.6
      vertex -30.0697 -48.2168 0.6
    endloop
  endfacet
  facet normal 0.413013 0.910725 0
    outer loop
      vertex -30.174 -48.1695 0.6
      vertex -30.0697 -48.2168 0
      vertex -30.174 -48.1695 0
    endloop
  endfacet
  facet normal -0.910725 -0.413013 0
    outer loop
      vertex -27.7832 -45.9303 0
      vertex -27.8305 -45.826 0.6
      vertex -27.8305 -45.826 0
    endloop
  endfacet
  facet normal -0.910725 -0.413013 0
    outer loop
      vertex -27.8305 -45.826 0.6
      vertex -27.7832 -45.9303 0
      vertex -27.7832 -45.9303 0.6
    endloop
  endfacet
  facet normal -0.881869 -0.471494 0
    outer loop
      vertex -27.8305 -45.826 0
      vertex -27.8845 -45.725 0.6
      vertex -27.8845 -45.725 0
    endloop
  endfacet
  facet normal -0.881869 -0.471494 0
    outer loop
      vertex -27.8845 -45.725 0.6
      vertex -27.8305 -45.826 0
      vertex -27.8305 -45.826 0.6
    endloop
  endfacet
  facet normal -0.413013 -0.910725 0
    outer loop
      vertex -28.7303 -44.9832 0
      vertex -28.626 -45.0305 0.6
      vertex -28.7303 -44.9832 0.6
    endloop
  endfacet
  facet normal -0.413013 -0.910725 -0
    outer loop
      vertex -28.626 -45.0305 0.6
      vertex -28.7303 -44.9832 0
      vertex -28.626 -45.0305 0
    endloop
  endfacet
  facet normal 0.729455 -0.684028 0
    outer loop
      vertex -30.7157 -45.4461 0.6
      vertex -30.6374 -45.3626 0
      vertex -30.6374 -45.3626 0.6
    endloop
  endfacet
  facet normal 0.729455 -0.684028 0
    outer loop
      vertex -30.6374 -45.3626 0
      vertex -30.7157 -45.4461 0.6
      vertex -30.7157 -45.4461 0
    endloop
  endfacet
  facet normal 0.162416 -0.986722 0
    outer loop
      vertex -29.7414 -44.8836 0
      vertex -29.6284 -44.865 0.6
      vertex -29.7414 -44.8836 0.6
    endloop
  endfacet
  facet normal 0.162416 -0.986722 0
    outer loop
      vertex -29.6284 -44.865 0.6
      vertex -29.7414 -44.8836 0
      vertex -29.6284 -44.865 0
    endloop
  endfacet
  facet normal -0.936042 0.351889 0
    outer loop
      vertex -27.7832 -47.2697 0
      vertex -27.7429 -47.1625 0.6
      vertex -27.7429 -47.1625 0
    endloop
  endfacet
  facet normal -0.936042 0.351889 0
    outer loop
      vertex -27.7429 -47.1625 0.6
      vertex -27.7832 -47.2697 0
      vertex -27.7832 -47.2697 0.6
    endloop
  endfacet
  facet normal 0.684028 0.729455 -0
    outer loop
      vertex -30.5539 -47.9157 0
      vertex -30.6374 -47.8374 0.6
      vertex -30.5539 -47.9157 0.6
    endloop
  endfacet
  facet normal 0.684028 0.729455 0
    outer loop
      vertex -30.6374 -47.8374 0.6
      vertex -30.5539 -47.9157 0
      vertex -30.6374 -47.8374 0
    endloop
  endfacet
  facet normal 0.986722 0.162416 0
    outer loop
      vertex -31.1164 -46.9414 0.6
      vertex -31.135 -46.8284 0
      vertex -31.135 -46.8284 0.6
    endloop
  endfacet
  facet normal 0.986722 0.162416 0
    outer loop
      vertex -31.135 -46.8284 0
      vertex -31.1164 -46.9414 0.6
      vertex -31.1164 -46.9414 0
    endloop
  endfacet
  facet normal -0.973873 -0.227092 0
    outer loop
      vertex -27.6836 -46.2586 0
      vertex -27.7096 -46.1471 0.6
      vertex -27.7096 -46.1471 0
    endloop
  endfacet
  facet normal -0.973873 -0.227092 0
    outer loop
      vertex -27.7096 -46.1471 0.6
      vertex -27.6836 -46.2586 0
      vertex -27.6836 -46.2586 0.6
    endloop
  endfacet
  facet normal -0.773062 -0.63433 0
    outer loop
      vertex -28.0116 -45.5347 0
      vertex -28.0843 -45.4461 0.6
      vertex -28.0843 -45.4461 0
    endloop
  endfacet
  facet normal -0.773062 -0.63433 0
    outer loop
      vertex -28.0843 -45.4461 0.6
      vertex -28.0116 -45.5347 0
      vertex -28.0116 -45.5347 0.6
    endloop
  endfacet
  facet normal -0.812907 -0.582394 0
    outer loop
      vertex -27.9449 -45.6278 0
      vertex -28.0116 -45.5347 0.6
      vertex -28.0116 -45.5347 0
    endloop
  endfacet
  facet normal -0.812907 -0.582394 0
    outer loop
      vertex -28.0116 -45.5347 0.6
      vertex -27.9449 -45.6278 0
      vertex -27.9449 -45.6278 0.6
    endloop
  endfacet
  facet normal -0.729455 -0.684028 0
    outer loop
      vertex -28.0843 -45.4461 0
      vertex -28.1626 -45.3626 0.6
      vertex -28.1626 -45.3626 0
    endloop
  endfacet
  facet normal -0.729455 -0.684028 0
    outer loop
      vertex -28.1626 -45.3626 0.6
      vertex -28.0843 -45.4461 0
      vertex -28.0843 -45.4461 0.6
    endloop
  endfacet
  facet normal -0.582394 -0.812907 0
    outer loop
      vertex -28.4278 -45.1449 0
      vertex -28.3347 -45.2116 0.6
      vertex -28.4278 -45.1449 0.6
    endloop
  endfacet
  facet normal -0.582394 -0.812907 -0
    outer loop
      vertex -28.3347 -45.2116 0.6
      vertex -28.4278 -45.1449 0
      vertex -28.3347 -45.2116 0
    endloop
  endfacet
  facet normal -0.0322976 -0.999478 0
    outer loop
      vertex -29.4 -44.85 0
      vertex -29.2855 -44.8537 0.6
      vertex -29.4 -44.85 0.6
    endloop
  endfacet
  facet normal -0.0322976 -0.999478 -0
    outer loop
      vertex -29.2855 -44.8537 0.6
      vertex -29.4 -44.85 0
      vertex -29.2855 -44.8537 0
    endloop
  endfacet
  facet normal -0.227092 -0.973873 0
    outer loop
      vertex -29.0586 -44.8836 0
      vertex -28.9471 -44.9096 0.6
      vertex -29.0586 -44.8836 0.6
    endloop
  endfacet
  facet normal -0.227092 -0.973873 -0
    outer loop
      vertex -28.9471 -44.9096 0.6
      vertex -29.0586 -44.8836 0
      vertex -28.9471 -44.9096 0
    endloop
  endfacet
  facet normal 0.999478 -0.0322976 0
    outer loop
      vertex -31.15 -46.6 0.6
      vertex -31.1463 -46.4855 0
      vertex -31.1463 -46.4855 0.6
    endloop
  endfacet
  facet normal 0.999478 -0.0322976 0
    outer loop
      vertex -31.1463 -46.4855 0
      vertex -31.15 -46.6 0.6
      vertex -31.15 -46.6 0
    endloop
  endfacet
  facet normal 0.973873 -0.227092 0
    outer loop
      vertex -31.1164 -46.2586 0.6
      vertex -31.0904 -46.1471 0
      vertex -31.0904 -46.1471 0.6
    endloop
  endfacet
  facet normal 0.973873 -0.227092 0
    outer loop
      vertex -31.0904 -46.1471 0
      vertex -31.1164 -46.2586 0.6
      vertex -31.1164 -46.2586 0
    endloop
  endfacet
  facet normal 0.812907 -0.582394 0
    outer loop
      vertex -30.8551 -45.6278 0.6
      vertex -30.7884 -45.5347 0
      vertex -30.7884 -45.5347 0.6
    endloop
  endfacet
  facet normal 0.812907 -0.582394 0
    outer loop
      vertex -30.7884 -45.5347 0
      vertex -30.8551 -45.6278 0.6
      vertex -30.8551 -45.6278 0
    endloop
  endfacet
  facet normal 0.227092 -0.973873 0
    outer loop
      vertex -29.8529 -44.9096 0
      vertex -29.7414 -44.8836 0.6
      vertex -29.8529 -44.9096 0.6
    endloop
  endfacet
  facet normal 0.227092 -0.973873 0
    outer loop
      vertex -29.7414 -44.8836 0.6
      vertex -29.8529 -44.9096 0
      vertex -29.7414 -44.8836 0
    endloop
  endfacet
  facet normal 0.0322976 -0.999478 0
    outer loop
      vertex -29.5145 -44.8537 0
      vertex -29.4 -44.85 0.6
      vertex -29.5145 -44.8537 0.6
    endloop
  endfacet
  facet normal 0.0322976 -0.999478 0
    outer loop
      vertex -29.4 -44.85 0.6
      vertex -29.5145 -44.8537 0
      vertex -29.4 -44.85 0
    endloop
  endfacet
  facet normal 0.527798 -0.84937 0
    outer loop
      vertex -30.3722 -45.1449 0
      vertex -30.275 -45.0845 0.6
      vertex -30.3722 -45.1449 0.6
    endloop
  endfacet
  facet normal 0.527798 -0.84937 0
    outer loop
      vertex -30.275 -45.0845 0.6
      vertex -30.3722 -45.1449 0
      vertex -30.275 -45.0845 0
    endloop
  endfacet
  facet normal 0.582394 -0.812907 0
    outer loop
      vertex -30.4653 -45.2116 0
      vertex -30.3722 -45.1449 0.6
      vertex -30.4653 -45.2116 0.6
    endloop
  endfacet
  facet normal 0.582394 -0.812907 0
    outer loop
      vertex -30.3722 -45.1449 0.6
      vertex -30.4653 -45.2116 0
      vertex -30.3722 -45.1449 0
    endloop
  endfacet
  facet normal 0.413013 -0.910725 0
    outer loop
      vertex -30.174 -45.0305 0
      vertex -30.0697 -44.9832 0.6
      vertex -30.174 -45.0305 0.6
    endloop
  endfacet
  facet normal 0.413013 -0.910725 0
    outer loop
      vertex -30.0697 -44.9832 0.6
      vertex -30.174 -45.0305 0
      vertex -30.0697 -44.9832 0
    endloop
  endfacet
  facet normal -0.999478 -0.0322976 0
    outer loop
      vertex -27.65 -46.6 0
      vertex -27.6537 -46.4855 0.6
      vertex -27.6537 -46.4855 0
    endloop
  endfacet
  facet normal -0.999478 -0.0322976 0
    outer loop
      vertex -27.6537 -46.4855 0.6
      vertex -27.65 -46.6 0
      vertex -27.65 -46.6 0.6
    endloop
  endfacet
  facet normal -0.0322976 0.999478 0
    outer loop
      vertex -29.2855 -48.3463 0
      vertex -29.4 -48.35 0.6
      vertex -29.2855 -48.3463 0.6
    endloop
  endfacet
  facet normal -0.0322976 0.999478 0
    outer loop
      vertex -29.4 -48.35 0.6
      vertex -29.2855 -48.3463 0
      vertex -29.4 -48.35 0
    endloop
  endfacet
  facet normal -0.956811 0.29071 0
    outer loop
      vertex -27.7429 -47.1625 0
      vertex -27.7096 -47.0529 0.6
      vertex -27.7096 -47.0529 0
    endloop
  endfacet
  facet normal -0.956811 0.29071 0
    outer loop
      vertex -27.7096 -47.0529 0.6
      vertex -27.7429 -47.1625 0
      vertex -27.7429 -47.1625 0.6
    endloop
  endfacet
  facet normal -0.729455 0.684028 0
    outer loop
      vertex -28.1626 -47.8374 0
      vertex -28.0843 -47.7539 0.6
      vertex -28.0843 -47.7539 0
    endloop
  endfacet
  facet normal -0.729455 0.684028 0
    outer loop
      vertex -28.0843 -47.7539 0.6
      vertex -28.1626 -47.8374 0
      vertex -28.1626 -47.8374 0.6
    endloop
  endfacet
  facet normal -0.162416 0.986722 0
    outer loop
      vertex -29.0586 -48.3164 0
      vertex -29.1716 -48.335 0.6
      vertex -29.0586 -48.3164 0.6
    endloop
  endfacet
  facet normal -0.162416 0.986722 0
    outer loop
      vertex -29.1716 -48.335 0.6
      vertex -29.0586 -48.3164 0
      vertex -29.1716 -48.335 0
    endloop
  endfacet
  facet normal -0.227092 0.973873 0
    outer loop
      vertex -28.9471 -48.2904 0
      vertex -29.0586 -48.3164 0.6
      vertex -28.9471 -48.2904 0.6
    endloop
  endfacet
  facet normal -0.227092 0.973873 0
    outer loop
      vertex -29.0586 -48.3164 0.6
      vertex -28.9471 -48.2904 0
      vertex -29.0586 -48.3164 0
    endloop
  endfacet
  facet normal -0.582394 0.812907 0
    outer loop
      vertex -28.3347 -47.9884 0
      vertex -28.4278 -48.0551 0.6
      vertex -28.3347 -47.9884 0.6
    endloop
  endfacet
  facet normal -0.582394 0.812907 0
    outer loop
      vertex -28.4278 -48.0551 0.6
      vertex -28.3347 -47.9884 0
      vertex -28.4278 -48.0551 0
    endloop
  endfacet
  facet normal 0.0322976 0.999478 -0
    outer loop
      vertex -29.4 -48.35 0
      vertex -29.5145 -48.3463 0.6
      vertex -29.4 -48.35 0.6
    endloop
  endfacet
  facet normal 0.0322976 0.999478 0
    outer loop
      vertex -29.5145 -48.3463 0.6
      vertex -29.4 -48.35 0
      vertex -29.5145 -48.3463 0
    endloop
  endfacet
  facet normal 0.527798 0.84937 -0
    outer loop
      vertex -30.275 -48.1155 0
      vertex -30.3722 -48.0551 0.6
      vertex -30.275 -48.1155 0.6
    endloop
  endfacet
  facet normal 0.527798 0.84937 0
    outer loop
      vertex -30.3722 -48.0551 0.6
      vertex -30.275 -48.1155 0
      vertex -30.3722 -48.0551 0
    endloop
  endfacet
  facet normal 0.973873 0.227092 0
    outer loop
      vertex -31.0904 -47.0529 0.6
      vertex -31.1164 -46.9414 0
      vertex -31.1164 -46.9414 0.6
    endloop
  endfacet
  facet normal 0.973873 0.227092 0
    outer loop
      vertex -31.1164 -46.9414 0
      vertex -31.0904 -47.0529 0.6
      vertex -31.0904 -47.0529 0
    endloop
  endfacet
  facet normal 0.999478 0.0322976 0
    outer loop
      vertex -31.1463 -46.7145 0.6
      vertex -31.15 -46.6 0
      vertex -31.15 -46.6 0.6
    endloop
  endfacet
  facet normal 0.999478 0.0322976 0
    outer loop
      vertex -31.15 -46.6 0
      vertex -31.1463 -46.7145 0.6
      vertex -31.1463 -46.7145 0
    endloop
  endfacet
  facet normal 0.812907 0.582394 0
    outer loop
      vertex -30.7884 -47.6653 0.6
      vertex -30.8551 -47.5722 0
      vertex -30.8551 -47.5722 0.6
    endloop
  endfacet
  facet normal 0.812907 0.582394 0
    outer loop
      vertex -30.8551 -47.5722 0
      vertex -30.7884 -47.6653 0.6
      vertex -30.7884 -47.6653 0
    endloop
  endfacet
  facet normal 0.910725 0.413013 0
    outer loop
      vertex -30.9695 -47.374 0.6
      vertex -31.0168 -47.2697 0
      vertex -31.0168 -47.2697 0.6
    endloop
  endfacet
  facet normal 0.910725 0.413013 0
    outer loop
      vertex -31.0168 -47.2697 0
      vertex -30.9695 -47.374 0.6
      vertex -30.9695 -47.374 0
    endloop
  endfacet
  facet normal -0.995115 -0.0987252 0
    outer loop
      vertex -27.6537 -46.4855 0
      vertex -27.665 -46.3716 0.6
      vertex -27.665 -46.3716 0
    endloop
  endfacet
  facet normal -0.995115 -0.0987252 0
    outer loop
      vertex -27.665 -46.3716 0.6
      vertex -27.6537 -46.4855 0
      vertex -27.6537 -46.4855 0.6
    endloop
  endfacet
  facet normal -0.986722 -0.162416 0
    outer loop
      vertex -27.665 -46.3716 0
      vertex -27.6836 -46.2586 0.6
      vertex -27.6836 -46.2586 0
    endloop
  endfacet
  facet normal -0.986722 -0.162416 0
    outer loop
      vertex -27.6836 -46.2586 0.6
      vertex -27.665 -46.3716 0
      vertex -27.665 -46.3716 0.6
    endloop
  endfacet
  facet normal -0.936042 -0.351889 0
    outer loop
      vertex -27.7429 -46.0375 0
      vertex -27.7832 -45.9303 0.6
      vertex -27.7832 -45.9303 0
    endloop
  endfacet
  facet normal -0.936042 -0.351889 0
    outer loop
      vertex -27.7832 -45.9303 0.6
      vertex -27.7429 -46.0375 0
      vertex -27.7429 -46.0375 0.6
    endloop
  endfacet
  facet normal -0.956811 -0.29071 0
    outer loop
      vertex -27.7096 -46.1471 0
      vertex -27.7429 -46.0375 0.6
      vertex -27.7429 -46.0375 0
    endloop
  endfacet
  facet normal -0.956811 -0.29071 0
    outer loop
      vertex -27.7429 -46.0375 0.6
      vertex -27.7096 -46.1471 0
      vertex -27.7096 -46.1471 0.6
    endloop
  endfacet
  facet normal -0.84937 -0.527798 0
    outer loop
      vertex -27.8845 -45.725 0
      vertex -27.9449 -45.6278 0.6
      vertex -27.9449 -45.6278 0
    endloop
  endfacet
  facet normal -0.84937 -0.527798 0
    outer loop
      vertex -27.9449 -45.6278 0.6
      vertex -27.8845 -45.725 0
      vertex -27.8845 -45.725 0.6
    endloop
  endfacet
  facet normal -0.63433 -0.773062 0
    outer loop
      vertex -28.3347 -45.2116 0
      vertex -28.2461 -45.2843 0.6
      vertex -28.3347 -45.2116 0.6
    endloop
  endfacet
  facet normal -0.63433 -0.773062 -0
    outer loop
      vertex -28.2461 -45.2843 0.6
      vertex -28.3347 -45.2116 0
      vertex -28.2461 -45.2843 0
    endloop
  endfacet
  facet normal -0.471494 -0.881869 0
    outer loop
      vertex -28.626 -45.0305 0
      vertex -28.525 -45.0845 0.6
      vertex -28.626 -45.0305 0.6
    endloop
  endfacet
  facet normal -0.471494 -0.881869 -0
    outer loop
      vertex -28.525 -45.0845 0.6
      vertex -28.626 -45.0305 0
      vertex -28.525 -45.0845 0
    endloop
  endfacet
  facet normal -0.527798 -0.84937 0
    outer loop
      vertex -28.525 -45.0845 0
      vertex -28.4278 -45.1449 0.6
      vertex -28.525 -45.0845 0.6
    endloop
  endfacet
  facet normal -0.527798 -0.84937 -0
    outer loop
      vertex -28.4278 -45.1449 0.6
      vertex -28.525 -45.0845 0
      vertex -28.4278 -45.1449 0
    endloop
  endfacet
  facet normal -0.29071 -0.956811 0
    outer loop
      vertex -28.9471 -44.9096 0
      vertex -28.8375 -44.9429 0.6
      vertex -28.9471 -44.9096 0.6
    endloop
  endfacet
  facet normal -0.29071 -0.956811 -0
    outer loop
      vertex -28.8375 -44.9429 0.6
      vertex -28.9471 -44.9096 0
      vertex -28.8375 -44.9429 0
    endloop
  endfacet
  facet normal -0.351889 -0.936042 0
    outer loop
      vertex -28.8375 -44.9429 0
      vertex -28.7303 -44.9832 0.6
      vertex -28.8375 -44.9429 0.6
    endloop
  endfacet
  facet normal -0.351889 -0.936042 -0
    outer loop
      vertex -28.7303 -44.9832 0.6
      vertex -28.8375 -44.9429 0
      vertex -28.7303 -44.9832 0
    endloop
  endfacet
  facet normal -0.162416 -0.986722 0
    outer loop
      vertex -29.1716 -44.865 0
      vertex -29.0586 -44.8836 0.6
      vertex -29.1716 -44.865 0.6
    endloop
  endfacet
  facet normal -0.162416 -0.986722 -0
    outer loop
      vertex -29.0586 -44.8836 0.6
      vertex -29.1716 -44.865 0
      vertex -29.0586 -44.8836 0
    endloop
  endfacet
  facet normal -0.0987252 -0.995115 0
    outer loop
      vertex -29.2855 -44.8537 0
      vertex -29.1716 -44.865 0.6
      vertex -29.2855 -44.8537 0.6
    endloop
  endfacet
  facet normal -0.0987252 -0.995115 -0
    outer loop
      vertex -29.1716 -44.865 0.6
      vertex -29.2855 -44.8537 0
      vertex -29.1716 -44.865 0
    endloop
  endfacet
  facet normal 0.956811 -0.29071 0
    outer loop
      vertex -31.0904 -46.1471 0.6
      vertex -31.0571 -46.0375 0
      vertex -31.0571 -46.0375 0.6
    endloop
  endfacet
  facet normal 0.956811 -0.29071 0
    outer loop
      vertex -31.0571 -46.0375 0
      vertex -31.0904 -46.1471 0.6
      vertex -31.0904 -46.1471 0
    endloop
  endfacet
  facet normal 0.936042 -0.351889 0
    outer loop
      vertex -31.0571 -46.0375 0.6
      vertex -31.0168 -45.9303 0
      vertex -31.0168 -45.9303 0.6
    endloop
  endfacet
  facet normal 0.936042 -0.351889 0
    outer loop
      vertex -31.0168 -45.9303 0
      vertex -31.0571 -46.0375 0.6
      vertex -31.0571 -46.0375 0
    endloop
  endfacet
  facet normal 0.986722 -0.162416 0
    outer loop
      vertex -31.135 -46.3716 0.6
      vertex -31.1164 -46.2586 0
      vertex -31.1164 -46.2586 0.6
    endloop
  endfacet
  facet normal 0.986722 -0.162416 0
    outer loop
      vertex -31.1164 -46.2586 0
      vertex -31.135 -46.3716 0.6
      vertex -31.135 -46.3716 0
    endloop
  endfacet
  facet normal 0.995115 -0.0987252 0
    outer loop
      vertex -31.1463 -46.4855 0.6
      vertex -31.135 -46.3716 0
      vertex -31.135 -46.3716 0.6
    endloop
  endfacet
  facet normal 0.995115 -0.0987252 0
    outer loop
      vertex -31.135 -46.3716 0
      vertex -31.1463 -46.4855 0.6
      vertex -31.1463 -46.4855 0
    endloop
  endfacet
  facet normal 0.84937 -0.527798 0
    outer loop
      vertex -30.9155 -45.725 0.6
      vertex -30.8551 -45.6278 0
      vertex -30.8551 -45.6278 0.6
    endloop
  endfacet
  facet normal 0.84937 -0.527798 0
    outer loop
      vertex -30.8551 -45.6278 0
      vertex -30.9155 -45.725 0.6
      vertex -30.9155 -45.725 0
    endloop
  endfacet
  facet normal 0.881869 -0.471494 0
    outer loop
      vertex -30.9695 -45.826 0.6
      vertex -30.9155 -45.725 0
      vertex -30.9155 -45.725 0.6
    endloop
  endfacet
  facet normal 0.881869 -0.471494 0
    outer loop
      vertex -30.9155 -45.725 0
      vertex -30.9695 -45.826 0.6
      vertex -30.9695 -45.826 0
    endloop
  endfacet
  facet normal 0.773062 -0.63433 0
    outer loop
      vertex -30.7884 -45.5347 0.6
      vertex -30.7157 -45.4461 0
      vertex -30.7157 -45.4461 0.6
    endloop
  endfacet
  facet normal 0.773062 -0.63433 0
    outer loop
      vertex -30.7157 -45.4461 0
      vertex -30.7884 -45.5347 0.6
      vertex -30.7884 -45.5347 0
    endloop
  endfacet
  facet normal 0.29071 -0.956811 0
    outer loop
      vertex -29.9625 -44.9429 0
      vertex -29.8529 -44.9096 0.6
      vertex -29.9625 -44.9429 0.6
    endloop
  endfacet
  facet normal 0.29071 -0.956811 0
    outer loop
      vertex -29.8529 -44.9096 0.6
      vertex -29.9625 -44.9429 0
      vertex -29.8529 -44.9096 0
    endloop
  endfacet
  facet normal 0.0987252 -0.995115 0
    outer loop
      vertex -29.6284 -44.865 0
      vertex -29.5145 -44.8537 0.6
      vertex -29.6284 -44.865 0.6
    endloop
  endfacet
  facet normal 0.0987252 -0.995115 0
    outer loop
      vertex -29.5145 -44.8537 0.6
      vertex -29.6284 -44.865 0
      vertex -29.5145 -44.8537 0
    endloop
  endfacet
  facet normal 0.471494 -0.881869 0
    outer loop
      vertex -30.275 -45.0845 0
      vertex -30.174 -45.0305 0.6
      vertex -30.275 -45.0845 0.6
    endloop
  endfacet
  facet normal 0.471494 -0.881869 0
    outer loop
      vertex -30.174 -45.0305 0.6
      vertex -30.275 -45.0845 0
      vertex -30.174 -45.0305 0
    endloop
  endfacet
  facet normal 0.63433 -0.773062 0
    outer loop
      vertex -30.5539 -45.2843 0
      vertex -30.4653 -45.2116 0.6
      vertex -30.5539 -45.2843 0.6
    endloop
  endfacet
  facet normal 0.63433 -0.773062 0
    outer loop
      vertex -30.4653 -45.2116 0.6
      vertex -30.5539 -45.2843 0
      vertex -30.4653 -45.2116 0
    endloop
  endfacet
  facet normal 0.684028 -0.729455 0
    outer loop
      vertex -30.6374 -45.3626 0
      vertex -30.5539 -45.2843 0.6
      vertex -30.6374 -45.3626 0.6
    endloop
  endfacet
  facet normal 0.684028 -0.729455 0
    outer loop
      vertex -30.5539 -45.2843 0.6
      vertex -30.6374 -45.3626 0
      vertex -30.5539 -45.2843 0
    endloop
  endfacet
  facet normal -0.999478 0.0322976 0
    outer loop
      vertex -27.6537 -46.7145 0
      vertex -27.65 -46.6 0.6
      vertex -27.65 -46.6 0
    endloop
  endfacet
  facet normal -0.999478 0.0322976 0
    outer loop
      vertex -27.65 -46.6 0.6
      vertex -27.6537 -46.7145 0
      vertex -27.6537 -46.7145 0.6
    endloop
  endfacet
  facet normal -0.986722 0.162416 0
    outer loop
      vertex -27.6836 -46.9414 0
      vertex -27.665 -46.8284 0.6
      vertex -27.665 -46.8284 0
    endloop
  endfacet
  facet normal -0.986722 0.162416 0
    outer loop
      vertex -27.665 -46.8284 0.6
      vertex -27.6836 -46.9414 0
      vertex -27.6836 -46.9414 0.6
    endloop
  endfacet
  facet normal -0.0987252 0.995115 0
    outer loop
      vertex -29.1716 -48.335 0
      vertex -29.2855 -48.3463 0.6
      vertex -29.1716 -48.335 0.6
    endloop
  endfacet
  facet normal -0.0987252 0.995115 0
    outer loop
      vertex -29.2855 -48.3463 0.6
      vertex -29.1716 -48.335 0
      vertex -29.2855 -48.3463 0
    endloop
  endfacet
  facet normal -0.29071 0.956811 0
    outer loop
      vertex -28.8375 -48.2571 0
      vertex -28.9471 -48.2904 0.6
      vertex -28.8375 -48.2571 0.6
    endloop
  endfacet
  facet normal -0.29071 0.956811 0
    outer loop
      vertex -28.9471 -48.2904 0.6
      vertex -28.8375 -48.2571 0
      vertex -28.9471 -48.2904 0
    endloop
  endfacet
  facet normal -0.684028 0.729455 0
    outer loop
      vertex -28.1626 -47.8374 0
      vertex -28.2461 -47.9157 0.6
      vertex -28.1626 -47.8374 0.6
    endloop
  endfacet
  facet normal -0.684028 0.729455 0
    outer loop
      vertex -28.2461 -47.9157 0.6
      vertex -28.1626 -47.8374 0
      vertex -28.2461 -47.9157 0
    endloop
  endfacet
  facet normal -0.63433 0.773062 0
    outer loop
      vertex -28.2461 -47.9157 0
      vertex -28.3347 -47.9884 0.6
      vertex -28.2461 -47.9157 0.6
    endloop
  endfacet
  facet normal -0.63433 0.773062 0
    outer loop
      vertex -28.3347 -47.9884 0.6
      vertex -28.2461 -47.9157 0
      vertex -28.3347 -47.9884 0
    endloop
  endfacet
  facet normal -0.527798 0.84937 0
    outer loop
      vertex -28.4278 -48.0551 0
      vertex -28.525 -48.1155 0.6
      vertex -28.4278 -48.0551 0.6
    endloop
  endfacet
  facet normal -0.527798 0.84937 0
    outer loop
      vertex -28.525 -48.1155 0.6
      vertex -28.4278 -48.0551 0
      vertex -28.525 -48.1155 0
    endloop
  endfacet
  facet normal -0.413013 0.910725 0
    outer loop
      vertex -28.626 -48.1695 0
      vertex -28.7303 -48.2168 0.6
      vertex -28.626 -48.1695 0.6
    endloop
  endfacet
  facet normal -0.413013 0.910725 0
    outer loop
      vertex -28.7303 -48.2168 0.6
      vertex -28.626 -48.1695 0
      vertex -28.7303 -48.2168 0
    endloop
  endfacet
  facet normal 0.351889 0.936042 -0
    outer loop
      vertex -29.9625 -48.2571 0
      vertex -30.0697 -48.2168 0.6
      vertex -29.9625 -48.2571 0.6
    endloop
  endfacet
  facet normal 0.351889 0.936042 0
    outer loop
      vertex -30.0697 -48.2168 0.6
      vertex -29.9625 -48.2571 0
      vertex -30.0697 -48.2168 0
    endloop
  endfacet
  facet normal 0.162416 0.986722 -0
    outer loop
      vertex -29.6284 -48.335 0
      vertex -29.7414 -48.3164 0.6
      vertex -29.6284 -48.335 0.6
    endloop
  endfacet
  facet normal 0.162416 0.986722 0
    outer loop
      vertex -29.7414 -48.3164 0.6
      vertex -29.6284 -48.335 0
      vertex -29.7414 -48.3164 0
    endloop
  endfacet
  facet normal 0.227092 0.973873 -0
    outer loop
      vertex -29.7414 -48.3164 0
      vertex -29.8529 -48.2904 0.6
      vertex -29.7414 -48.3164 0.6
    endloop
  endfacet
  facet normal 0.227092 0.973873 0
    outer loop
      vertex -29.8529 -48.2904 0.6
      vertex -29.7414 -48.3164 0
      vertex -29.8529 -48.2904 0
    endloop
  endfacet
  facet normal 0.471494 0.881869 -0
    outer loop
      vertex -30.174 -48.1695 0
      vertex -30.275 -48.1155 0.6
      vertex -30.174 -48.1695 0.6
    endloop
  endfacet
  facet normal 0.471494 0.881869 0
    outer loop
      vertex -30.275 -48.1155 0.6
      vertex -30.174 -48.1695 0
      vertex -30.275 -48.1155 0
    endloop
  endfacet
  facet normal 0.582394 0.812907 -0
    outer loop
      vertex -30.3722 -48.0551 0
      vertex -30.4653 -47.9884 0.6
      vertex -30.3722 -48.0551 0.6
    endloop
  endfacet
  facet normal 0.582394 0.812907 0
    outer loop
      vertex -30.4653 -47.9884 0.6
      vertex -30.3722 -48.0551 0
      vertex -30.4653 -47.9884 0
    endloop
  endfacet
  facet normal 0.956811 0.29071 0
    outer loop
      vertex -31.0571 -47.1625 0.6
      vertex -31.0904 -47.0529 0
      vertex -31.0904 -47.0529 0.6
    endloop
  endfacet
  facet normal 0.956811 0.29071 0
    outer loop
      vertex -31.0904 -47.0529 0
      vertex -31.0571 -47.1625 0.6
      vertex -31.0571 -47.1625 0
    endloop
  endfacet
  facet normal 0.995115 0.0987252 0
    outer loop
      vertex -31.135 -46.8284 0.6
      vertex -31.1463 -46.7145 0
      vertex -31.1463 -46.7145 0.6
    endloop
  endfacet
  facet normal 0.995115 0.0987252 0
    outer loop
      vertex -31.1463 -46.7145 0
      vertex -31.135 -46.8284 0.6
      vertex -31.135 -46.8284 0
    endloop
  endfacet
  facet normal 0.881869 0.471494 0
    outer loop
      vertex -30.9155 -47.475 0.6
      vertex -30.9695 -47.374 0
      vertex -30.9695 -47.374 0.6
    endloop
  endfacet
  facet normal 0.881869 0.471494 0
    outer loop
      vertex -30.9695 -47.374 0
      vertex -30.9155 -47.475 0.6
      vertex -30.9155 -47.475 0
    endloop
  endfacet
  facet normal 0.773062 0.63433 0
    outer loop
      vertex -30.7157 -47.7539 0.6
      vertex -30.7884 -47.6653 0
      vertex -30.7884 -47.6653 0.6
    endloop
  endfacet
  facet normal 0.773062 0.63433 0
    outer loop
      vertex -30.7884 -47.6653 0
      vertex -30.7157 -47.7539 0.6
      vertex -30.7157 -47.7539 0
    endloop
  endfacet
  facet normal -0.973873 0.227092 0
    outer loop
      vertex -27.7096 -47.0529 0
      vertex -27.6836 -46.9414 0.6
      vertex -27.6836 -46.9414 0
    endloop
  endfacet
  facet normal -0.973873 0.227092 0
    outer loop
      vertex -27.6836 -46.9414 0.6
      vertex -27.7096 -47.0529 0
      vertex -27.7096 -47.0529 0.6
    endloop
  endfacet
  facet normal -0.881869 0.471494 0
    outer loop
      vertex -27.8845 -47.475 0
      vertex -27.8305 -47.374 0.6
      vertex -27.8305 -47.374 0
    endloop
  endfacet
  facet normal -0.881869 0.471494 0
    outer loop
      vertex -27.8305 -47.374 0.6
      vertex -27.8845 -47.475 0
      vertex -27.8845 -47.475 0.6
    endloop
  endfacet
  facet normal -0.351889 0.936042 0
    outer loop
      vertex -28.7303 -48.2168 0
      vertex -28.8375 -48.2571 0.6
      vertex -28.7303 -48.2168 0.6
    endloop
  endfacet
  facet normal -0.351889 0.936042 0
    outer loop
      vertex -28.8375 -48.2571 0.6
      vertex -28.7303 -48.2168 0
      vertex -28.8375 -48.2571 0
    endloop
  endfacet
  facet normal -0.471494 0.881869 0
    outer loop
      vertex -28.525 -48.1155 0
      vertex -28.626 -48.1695 0.6
      vertex -28.525 -48.1155 0.6
    endloop
  endfacet
  facet normal -0.471494 0.881869 0
    outer loop
      vertex -28.626 -48.1695 0.6
      vertex -28.525 -48.1155 0
      vertex -28.626 -48.1695 0
    endloop
  endfacet
  facet normal 0.0987252 0.995115 -0
    outer loop
      vertex -29.5145 -48.3463 0
      vertex -29.6284 -48.335 0.6
      vertex -29.5145 -48.3463 0.6
    endloop
  endfacet
  facet normal 0.0987252 0.995115 0
    outer loop
      vertex -29.6284 -48.335 0.6
      vertex -29.5145 -48.3463 0
      vertex -29.6284 -48.335 0
    endloop
  endfacet
  facet normal 0.29071 0.956811 -0
    outer loop
      vertex -29.8529 -48.2904 0
      vertex -29.9625 -48.2571 0.6
      vertex -29.8529 -48.2904 0.6
    endloop
  endfacet
  facet normal 0.29071 0.956811 0
    outer loop
      vertex -29.9625 -48.2571 0.6
      vertex -29.8529 -48.2904 0
      vertex -29.9625 -48.2571 0
    endloop
  endfacet
  facet normal 0.63433 0.773062 -0
    outer loop
      vertex -30.4653 -47.9884 0
      vertex -30.5539 -47.9157 0.6
      vertex -30.4653 -47.9884 0.6
    endloop
  endfacet
  facet normal 0.63433 0.773062 0
    outer loop
      vertex -30.5539 -47.9157 0.6
      vertex -30.4653 -47.9884 0
      vertex -30.5539 -47.9157 0
    endloop
  endfacet
  facet normal 0.84937 0.527798 0
    outer loop
      vertex -30.8551 -47.5722 0.6
      vertex -30.9155 -47.475 0
      vertex -30.9155 -47.475 0.6
    endloop
  endfacet
  facet normal 0.84937 0.527798 0
    outer loop
      vertex -30.9155 -47.475 0
      vertex -30.8551 -47.5722 0.6
      vertex -30.8551 -47.5722 0
    endloop
  endfacet
  facet normal 0.729455 0.684028 0
    outer loop
      vertex -30.6374 -47.8374 0.6
      vertex -30.7157 -47.7539 0
      vertex -30.7157 -47.7539 0.6
    endloop
  endfacet
  facet normal 0.729455 0.684028 0
    outer loop
      vertex -30.7157 -47.7539 0
      vertex -30.6374 -47.8374 0.6
      vertex -30.6374 -47.8374 0
    endloop
  endfacet
  facet normal -0.910725 0.413013 0
    outer loop
      vertex -27.8305 -47.374 0
      vertex -27.7832 -47.2697 0.6
      vertex -27.7832 -47.2697 0
    endloop
  endfacet
  facet normal -0.910725 0.413013 0
    outer loop
      vertex -27.7832 -47.2697 0.6
      vertex -27.8305 -47.374 0
      vertex -27.8305 -47.374 0.6
    endloop
  endfacet
  facet normal -0.773062 0.63433 0
    outer loop
      vertex -28.0843 -47.7539 0
      vertex -28.0116 -47.6653 0.6
      vertex -28.0116 -47.6653 0
    endloop
  endfacet
  facet normal -0.773062 0.63433 0
    outer loop
      vertex -28.0116 -47.6653 0.6
      vertex -28.0843 -47.7539 0
      vertex -28.0843 -47.7539 0.6
    endloop
  endfacet
  facet normal -0.84937 0.527798 0
    outer loop
      vertex -27.9449 -47.5722 0
      vertex -27.8845 -47.475 0.6
      vertex -27.8845 -47.475 0
    endloop
  endfacet
  facet normal -0.84937 0.527798 0
    outer loop
      vertex -27.8845 -47.475 0.6
      vertex -27.9449 -47.5722 0
      vertex -27.9449 -47.5722 0.6
    endloop
  endfacet
  facet normal -0.812907 0.582394 0
    outer loop
      vertex -28.0116 -47.6653 0
      vertex -27.9449 -47.5722 0.6
      vertex -27.9449 -47.5722 0
    endloop
  endfacet
  facet normal -0.812907 0.582394 0
    outer loop
      vertex -27.9449 -47.5722 0.6
      vertex -28.0116 -47.6653 0
      vertex -28.0116 -47.6653 0.6
    endloop
  endfacet
  facet normal 1 0 0
    outer loop
      vertex 0.599999 -24.5 2
      vertex 0.599999 -39.4 2
      vertex 0.599999 -24.5 1.3532
    endloop
  endfacet
  facet normal 1 0 0
    outer loop
      vertex 0.599999 -19.5 1.3532
      vertex 0.599999 -4.6 2
      vertex 0.599999 -19.5 2
    endloop
  endfacet
  facet normal 1 0 0
    outer loop
      vertex 0.599999 -4.6 2
      vertex 0.599999 -19.5 1.3532
      vertex 0.599999 -4.6 0.6
    endloop
  endfacet
  facet normal 1 -0 0
    outer loop
      vertex 0.599999 -24.5 1.3532
      vertex 0.599999 -4.6 0.6
      vertex 0.599999 -19.5 1.3532
    endloop
  endfacet
  facet normal 1 0 0
    outer loop
      vertex 0.599999 -24.5 1.3532
      vertex 0.599999 -39.4 0.6
      vertex 0.599999 -4.6 0.6
    endloop
  endfacet
  facet normal 1 0 0
    outer loop
      vertex 0.599999 -39.4 0.6
      vertex 0.599999 -24.5 1.3532
      vertex 0.599999 -39.4 2
    endloop
  endfacet
  facet normal 0 1 0
    outer loop
      vertex 35.4 -39.4 2
      vertex 20.5 -39.4 1.3532
      vertex 20.5 -39.4 2
    endloop
  endfacet
  facet normal 0 1 0
    outer loop
      vertex 20.5 -39.4 1.3532
      vertex 35.4 -39.4 0.6
      vertex 15.5 -39.4 1.3532
    endloop
  endfacet
  facet normal 0 1 -0
    outer loop
      vertex 35.4 -39.4 0.6
      vertex 20.5 -39.4 1.3532
      vertex 35.4 -39.4 2
    endloop
  endfacet
  facet normal 0 1 -0
    outer loop
      vertex 15.5 -39.4 1.3532
      vertex 0.599999 -39.4 2
      vertex 15.5 -39.4 2
    endloop
  endfacet
  facet normal 0 1 0
    outer loop
      vertex 15.5 -39.4 1.3532
      vertex 0.599999 -39.4 0.6
      vertex 0.599999 -39.4 2
    endloop
  endfacet
  facet normal 0 1 0
    outer loop
      vertex 0.599999 -39.4 0.6
      vertex 15.5 -39.4 1.3532
      vertex 35.4 -39.4 0.6
    endloop
  endfacet
  facet normal -1 0 0
    outer loop
      vertex 35.4 -4.6 0.6
      vertex 35.4 -19.5 1.3532
      vertex 35.4 -4.6 2
    endloop
  endfacet
  facet normal -1 0 0
    outer loop
      vertex 35.4 -4.6 0.6
      vertex 35.4 -24.5 1.3532
      vertex 35.4 -19.5 1.3532
    endloop
  endfacet
  facet normal -1 0 0
    outer loop
      vertex 35.4 -39.4 0.6
      vertex 35.4 -24.5 1.3532
      vertex 35.4 -4.6 0.6
    endloop
  endfacet
  facet normal -1 0 0
    outer loop
      vertex 35.4 -39.4 2
      vertex 35.4 -24.5 1.3532
      vertex 35.4 -39.4 0.6
    endloop
  endfacet
  facet normal -1 0 0
    outer loop
      vertex 35.4 -24.5 1.3532
      vertex 35.4 -39.4 2
      vertex 35.4 -24.5 2
    endloop
  endfacet
  facet normal -1 -0 0
    outer loop
      vertex 35.4 -4.6 2
      vertex 35.4 -19.5 1.3532
      vertex 35.4 -19.5 2
    endloop
  endfacet
  facet normal 0 -1 0
    outer loop
      vertex 0.599999 -4.6 2
      vertex 15.5 -4.6 1.3532
      vertex 15.5 -4.6 2
    endloop
  endfacet
  facet normal 0 -1 -0
    outer loop
      vertex 15.5 -4.6 1.3532
      vertex 0.599999 -4.6 0.6
      vertex 20.5 -4.6 1.3532
    endloop
  endfacet
  facet normal 0 -1 0
    outer loop
      vertex 0.599999 -4.6 0.6
      vertex 15.5 -4.6 1.3532
      vertex 0.599999 -4.6 2
    endloop
  endfacet
  facet normal 0 -1 0
    outer loop
      vertex 20.5 -4.6 1.3532
      vertex 35.4 -4.6 2
      vertex 20.5 -4.6 2
    endloop
  endfacet
  facet normal 0 -1 0
    outer loop
      vertex 20.5 -4.6 1.3532
      vertex 35.4 -4.6 0.6
      vertex 35.4 -4.6 2
    endloop
  endfacet
  facet normal 0 -1 0
    outer loop
      vertex 35.4 -4.6 0.6
      vertex 20.5 -4.6 1.3532
      vertex 0.599999 -4.6 0.6
    endloop
  endfacet
  facet normal 0 0 1
    outer loop
      vertex 8.34625 -10.7145 0.6
      vertex 35.4 -4.6 0.6
      vertex 8.35 -10.6 0.6
    endloop
  endfacet
  facet normal 0 0 1
    outer loop
      vertex 35.4 -4.6 0.6
      vertex 8.34625 -10.4855 0.6
      vertex 8.35 -10.6 0.6
    endloop
  endfacet
  facet normal 0 0 1
    outer loop
      vertex 35.4 -4.6 0.6
      vertex 8.33503 -10.3716 0.6
      vertex 8.34625 -10.4855 0.6
    endloop
  endfacet
  facet normal 0 0 1
    outer loop
      vertex 35.4 -4.6 0.6
      vertex 8.31637 -10.2586 0.6
      vertex 8.33503 -10.3716 0.6
    endloop
  endfacet
  facet normal 0 0 1
    outer loop
      vertex 35.4 -4.6 0.6
      vertex 8.29037 -10.1471 0.6
      vertex 8.31637 -10.2586 0.6
    endloop
  endfacet
  facet normal 0 0 1
    outer loop
      vertex 35.4 -4.6 0.6
      vertex 8.25713 -10.0375 0.6
      vertex 8.29037 -10.1471 0.6
    endloop
  endfacet
  facet normal 0 0 1
    outer loop
      vertex 35.4 -4.6 0.6
      vertex 8.21679 -9.9303 0.6
      vertex 8.25713 -10.0375 0.6
    endloop
  endfacet
  facet normal 0 0 1
    outer loop
      vertex 35.4 -4.6 0.6
      vertex 8.16953 -9.82599 0.6
      vertex 8.21679 -9.9303 0.6
    endloop
  endfacet
  facet normal 0 0 1
    outer loop
      vertex 35.4 -4.6 0.6
      vertex 8.11554 -9.725 0.6
      vertex 8.16953 -9.82599 0.6
    endloop
  endfacet
  facet normal 0 0 1
    outer loop
      vertex 35.4 -4.6 0.6
      vertex 8.05507 -9.62775 0.6
      vertex 8.11554 -9.725 0.6
    endloop
  endfacet
  facet normal 0 0 1
    outer loop
      vertex 35.4 -4.6 0.6
      vertex 7.98837 -9.53467 0.6
      vertex 8.05507 -9.62775 0.6
    endloop
  endfacet
  facet normal 0 0 1
    outer loop
      vertex 35.4 -4.6 0.6
      vertex 7.91572 -9.44614 0.6
      vertex 7.98837 -9.53467 0.6
    endloop
  endfacet
  facet normal 0 0 1
    outer loop
      vertex 35.4 -4.6 0.6
      vertex 7.83744 -9.36256 0.6
      vertex 7.91572 -9.44614 0.6
    endloop
  endfacet
  facet normal 0 0 1
    outer loop
      vertex 35.4 -4.6 0.6
      vertex 7.75385 -9.28428 0.6
      vertex 7.83744 -9.36256 0.6
    endloop
  endfacet
  facet normal 0 0 1
    outer loop
      vertex 35.4 -4.6 0.6
      vertex 7.66533 -9.21163 0.6
      vertex 7.75385 -9.28428 0.6
    endloop
  endfacet
  facet normal 0 0 1
    outer loop
      vertex 35.4 -4.6 0.6
      vertex 7.57225 -9.14493 0.6
      vertex 7.66533 -9.21163 0.6
    endloop
  endfacet
  facet normal 0 0 1
    outer loop
      vertex 35.4 -4.6 0.6
      vertex 7.475 -9.08446 0.6
      vertex 7.57225 -9.14493 0.6
    endloop
  endfacet
  facet normal 0 0 1
    outer loop
      vertex 35.4 -4.6 0.6
      vertex 7.374 -9.03047 0.6
      vertex 7.475 -9.08446 0.6
    endloop
  endfacet
  facet normal 0 0 1
    outer loop
      vertex 35.4 -4.6 0.6
      vertex 7.2697 -8.98321 0.6
      vertex 7.374 -9.03047 0.6
    endloop
  endfacet
  facet normal -0 0 1
    outer loop
      vertex 0.599999 -4.6 0.6
      vertex 7.2697 -8.98321 0.6
      vertex 35.4 -4.6 0.6
    endloop
  endfacet
  facet normal 0 0 1
    outer loop
      vertex 7.2697 -8.98321 0.6
      vertex 0.599999 -4.6 0.6
      vertex 7.16252 -8.94287 0.6
    endloop
  endfacet
  facet normal 0 0 1
    outer loop
      vertex 7.16252 -8.94287 0.6
      vertex 0.599999 -4.6 0.6
      vertex 7.05293 -8.90963 0.6
    endloop
  endfacet
  facet normal 0 0 1
    outer loop
      vertex 7.05293 -8.90963 0.6
      vertex 0.599999 -4.6 0.6
      vertex 6.94141 -8.88363 0.6
    endloop
  endfacet
  facet normal 0 0 1
    outer loop
      vertex 6.94141 -8.88363 0.6
      vertex 0.599999 -4.6 0.6
      vertex 6.82842 -8.86497 0.6
    endloop
  endfacet
  facet normal 0 0 1
    outer loop
      vertex 6.82842 -8.86497 0.6
      vertex 0.599999 -4.6 0.6
      vertex 6.71445 -8.85375 0.6
    endloop
  endfacet
  facet normal 0 0 1
    outer loop
      vertex 6.71445 -8.85375 0.6
      vertex 0.599999 -4.6 0.6
      vertex 6.6 -8.85 0.6
    endloop
  endfacet
  facet normal 0 0 1
    outer loop
      vertex 6.6 -8.85 0.6
      vertex 0.599999 -4.6 0.6
      vertex 6.48554 -8.85375 0.6
    endloop
  endfacet
  facet normal 0 0 1
    outer loop
      vertex 4.85375 -10.4855 0.6
      vertex 0.599999 -4.6 0.6
      vertex 4.85 -10.6 0.6
    endloop
  endfacet
  facet normal 0 0 1
    outer loop
      vertex 4.86497 -10.3716 0.6
      vertex 0.599999 -4.6 0.6
      vertex 4.85375 -10.4855 0.6
    endloop
  endfacet
  facet normal 0 0 1
    outer loop
      vertex 4.88363 -10.2586 0.6
      vertex 0.599999 -4.6 0.6
      vertex 4.86497 -10.3716 0.6
    endloop
  endfacet
  facet normal 0 0 1
    outer loop
      vertex 4.90963 -10.1471 0.6
      vertex 0.599999 -4.6 0.6
      vertex 4.88363 -10.2586 0.6
    endloop
  endfacet
  facet normal 0 0 1
    outer loop
      vertex 4.94287 -10.0375 0.6
      vertex 0.599999 -4.6 0.6
      vertex 4.90963 -10.1471 0.6
    endloop
  endfacet
  facet normal 0 0 1
    outer loop
      vertex 4.98321 -9.9303 0.6
      vertex 0.599999 -4.6 0.6
      vertex 4.94287 -10.0375 0.6
    endloop
  endfacet
  facet normal 0 0 1
    outer loop
      vertex 5.03047 -9.82599 0.6
      vertex 0.599999 -4.6 0.6
      vertex 4.98321 -9.9303 0.6
    endloop
  endfacet
  facet normal 0 0 1
    outer loop
      vertex 5.08446 -9.725 0.6
      vertex 0.599999 -4.6 0.6
      vertex 5.03047 -9.82599 0.6
    endloop
  endfacet
  facet normal 0 0 1
    outer loop
      vertex 5.14493 -9.62775 0.6
      vertex 0.599999 -4.6 0.6
      vertex 5.08446 -9.725 0.6
    endloop
  endfacet
  facet normal 0 0 1
    outer loop
      vertex 5.21163 -9.53467 0.6
      vertex 0.599999 -4.6 0.6
      vertex 5.14493 -9.62775 0.6
    endloop
  endfacet
  facet normal 0 0 1
    outer loop
      vertex 5.28428 -9.44614 0.6
      vertex 0.599999 -4.6 0.6
      vertex 5.21163 -9.53467 0.6
    endloop
  endfacet
  facet normal 0 0 1
    outer loop
      vertex 5.36256 -9.36256 0.6
      vertex 0.599999 -4.6 0.6
      vertex 5.28428 -9.44614 0.6
    endloop
  endfacet
  facet normal 0 0 1
    outer loop
      vertex 5.44614 -9.28428 0.6
      vertex 0.599999 -4.6 0.6
      vertex 5.36256 -9.36256 0.6
    endloop
  endfacet
  facet normal 0 0 1
    outer loop
      vertex 5.53467 -9.21163 0.6
      vertex 0.599999 -4.6 0.6
      vertex 5.44614 -9.28428 0.6
    endloop
  endfacet
  facet normal 0 0 1
    outer loop
      vertex 5.62775 -9.14493 0.6
      vertex 0.599999 -4.6 0.6
      vertex 5.53467 -9.21163 0.6
    endloop
  endfacet
  facet normal 0 0 1
    outer loop
      vertex 5.725 -9.08446 0.6
      vertex 0.599999 -4.6 0.6
      vertex 5.62775 -9.14493 0.6
    endloop
  endfacet
  facet normal 0 0 1
    outer loop
      vertex 5.82599 -9.03047 0.6
      vertex 0.599999 -4.6 0.6
      vertex 5.725 -9.08446 0.6
    endloop
  endfacet
  facet normal 0 0 1
    outer loop
      vertex 5.9303 -8.98321 0.6
      vertex 0.599999 -4.6 0.6
      vertex 5.82599 -9.03047 0.6
    endloop
  endfacet
  facet normal 0 0 1
    outer loop
      vertex 6.03748 -8.94287 0.6
      vertex 0.599999 -4.6 0.6
      vertex 5.9303 -8.98321 0.6
    endloop
  endfacet
  facet normal 0 0 1
    outer loop
      vertex 6.14707 -8.90963 0.6
      vertex 0.599999 -4.6 0.6
      vertex 6.03748 -8.94287 0.6
    endloop
  endfacet
  facet normal 0 0 1
    outer loop
      vertex 6.25859 -8.88363 0.6
      vertex 0.599999 -4.6 0.6
      vertex 6.14707 -8.90963 0.6
    endloop
  endfacet
  facet normal 0 0 1
    outer loop
      vertex 6.37158 -8.86497 0.6
      vertex 0.599999 -4.6 0.6
      vertex 6.25859 -8.88363 0.6
    endloop
  endfacet
  facet normal 0 0 1
    outer loop
      vertex 6.48554 -8.85375 0.6
      vertex 0.599999 -4.6 0.6
      vertex 6.37158 -8.86497 0.6
    endloop
  endfacet
  facet normal 0 0 1
    outer loop
      vertex 8.33503 -10.8284 0.6
      vertex 35.4 -4.6 0.6
      vertex 8.34625 -10.7145 0.6
    endloop
  endfacet
  facet normal 0 0 1
    outer loop
      vertex 8.31637 -10.9414 0.6
      vertex 35.4 -4.6 0.6
      vertex 8.33503 -10.8284 0.6
    endloop
  endfacet
  facet normal 0 0 1
    outer loop
      vertex 8.29037 -11.0529 0.6
      vertex 35.4 -4.6 0.6
      vertex 8.31637 -10.9414 0.6
    endloop
  endfacet
  facet normal 0 0 1
    outer loop
      vertex 8.25713 -11.1625 0.6
      vertex 35.4 -4.6 0.6
      vertex 8.29037 -11.0529 0.6
    endloop
  endfacet
  facet normal 0 0 1
    outer loop
      vertex 8.21679 -11.2697 0.6
      vertex 35.4 -4.6 0.6
      vertex 8.25713 -11.1625 0.6
    endloop
  endfacet
  facet normal 0 0 1
    outer loop
      vertex 8.16953 -11.374 0.6
      vertex 35.4 -4.6 0.6
      vertex 8.21679 -11.2697 0.6
    endloop
  endfacet
  facet normal 0 0 1
    outer loop
      vertex 8.11554 -11.475 0.6
      vertex 35.4 -4.6 0.6
      vertex 8.16953 -11.374 0.6
    endloop
  endfacet
  facet normal 0 0 1
    outer loop
      vertex 35.4 -4.6 0.6
      vertex 8.11554 -11.475 0.6
      vertex 35.4 -39.4 0.6
    endloop
  endfacet
  facet normal -0 0 1
    outer loop
      vertex 8.05507 -11.5722 0.6
      vertex 35.4 -39.4 0.6
      vertex 8.11554 -11.475 0.6
    endloop
  endfacet
  facet normal -0 0 1
    outer loop
      vertex 7.98837 -11.6653 0.6
      vertex 35.4 -39.4 0.6
      vertex 8.05507 -11.5722 0.6
    endloop
  endfacet
  facet normal -0 0 1
    outer loop
      vertex 7.91572 -11.7539 0.6
      vertex 35.4 -39.4 0.6
      vertex 7.98837 -11.6653 0.6
    endloop
  endfacet
  facet normal -0 0 1
    outer loop
      vertex 7.83744 -11.8374 0.6
      vertex 35.4 -39.4 0.6
      vertex 7.91572 -11.7539 0.6
    endloop
  endfacet
  facet normal -0 0 1
    outer loop
      vertex 7.75385 -11.9157 0.6
      vertex 35.4 -39.4 0.6
      vertex 7.83744 -11.8374 0.6
    endloop
  endfacet
  facet normal -0 0 1
    outer loop
      vertex 7.66533 -11.9884 0.6
      vertex 35.4 -39.4 0.6
      vertex 7.75385 -11.9157 0.6
    endloop
  endfacet
  facet normal -0 0 1
    outer loop
      vertex 7.57225 -12.0551 0.6
      vertex 35.4 -39.4 0.6
      vertex 7.66533 -11.9884 0.6
    endloop
  endfacet
  facet normal -0 0 1
    outer loop
      vertex 7.475 -12.1155 0.6
      vertex 35.4 -39.4 0.6
      vertex 7.57225 -12.0551 0.6
    endloop
  endfacet
  facet normal 0 0 1
    outer loop
      vertex 0.599999 -39.4 0.6
      vertex 7.475 -12.1155 0.6
      vertex 7.374 -12.1695 0.6
    endloop
  endfacet
  facet normal 0 0 1
    outer loop
      vertex 0.599999 -39.4 0.6
      vertex 7.374 -12.1695 0.6
      vertex 7.2697 -12.2168 0.6
    endloop
  endfacet
  facet normal 0 0 1
    outer loop
      vertex 0.599999 -39.4 0.6
      vertex 7.2697 -12.2168 0.6
      vertex 7.16252 -12.2571 0.6
    endloop
  endfacet
  facet normal 0 0 1
    outer loop
      vertex 0.599999 -39.4 0.6
      vertex 7.16252 -12.2571 0.6
      vertex 7.05293 -12.2904 0.6
    endloop
  endfacet
  facet normal 0 0 1
    outer loop
      vertex 0.599999 -39.4 0.6
      vertex 7.05293 -12.2904 0.6
      vertex 6.94141 -12.3164 0.6
    endloop
  endfacet
  facet normal 0 0 1
    outer loop
      vertex 0.599999 -39.4 0.6
      vertex 6.94141 -12.3164 0.6
      vertex 6.82842 -12.335 0.6
    endloop
  endfacet
  facet normal 0 0 1
    outer loop
      vertex 0.599999 -39.4 0.6
      vertex 6.82842 -12.335 0.6
      vertex 6.71445 -12.3463 0.6
    endloop
  endfacet
  facet normal 0 0 1
    outer loop
      vertex 0.599999 -39.4 0.6
      vertex 6.71445 -12.3463 0.6
      vertex 6.6 -12.35 0.6
    endloop
  endfacet
  facet normal 0 0 1
    outer loop
      vertex 0.599999 -39.4 0.6
      vertex 6.6 -12.35 0.6
      vertex 6.48554 -12.3463 0.6
    endloop
  endfacet
  facet normal 0 0 1
    outer loop
      vertex 0.599999 -39.4 0.6
      vertex 6.48554 -12.3463 0.6
      vertex 6.37158 -12.335 0.6
    endloop
  endfacet
  facet normal 0 0 1
    outer loop
      vertex 0.599999 -39.4 0.6
      vertex 6.37158 -12.335 0.6
      vertex 6.25859 -12.3164 0.6
    endloop
  endfacet
  facet normal 0 0 1
    outer loop
      vertex 0.599999 -39.4 0.6
      vertex 6.25859 -12.3164 0.6
      vertex 6.14707 -12.2904 0.6
    endloop
  endfacet
  facet normal 0 0 1
    outer loop
      vertex 0.599999 -39.4 0.6
      vertex 6.14707 -12.2904 0.6
      vertex 6.03748 -12.2571 0.6
    endloop
  endfacet
  facet normal 0 0 1
    outer loop
      vertex 0.599999 -39.4 0.6
      vertex 6.03748 -12.2571 0.6
      vertex 5.9303 -12.2168 0.6
    endloop
  endfacet
  facet normal 0 0 1
    outer loop
      vertex 0.599999 -39.4 0.6
      vertex 5.9303 -12.2168 0.6
      vertex 5.82599 -12.1695 0.6
    endloop
  endfacet
  facet normal 0 0 1
    outer loop
      vertex 0.599999 -39.4 0.6
      vertex 5.82599 -12.1695 0.6
      vertex 5.725 -12.1155 0.6
    endloop
  endfacet
  facet normal 0 0 1
    outer loop
      vertex 0.599999 -39.4 0.6
      vertex 5.725 -12.1155 0.6
      vertex 5.62775 -12.0551 0.6
    endloop
  endfacet
  facet normal 0 0 1
    outer loop
      vertex 0.599999 -39.4 0.6
      vertex 5.62775 -12.0551 0.6
      vertex 5.53467 -11.9884 0.6
    endloop
  endfacet
  facet normal 0 0 1
    outer loop
      vertex 0.599999 -39.4 0.6
      vertex 5.53467 -11.9884 0.6
      vertex 5.44614 -11.9157 0.6
    endloop
  endfacet
  facet normal 0 0 1
    outer loop
      vertex 0.599999 -4.6 0.6
      vertex 4.85375 -10.7145 0.6
      vertex 4.85 -10.6 0.6
    endloop
  endfacet
  facet normal 0 0 1
    outer loop
      vertex 0.599999 -4.6 0.6
      vertex 4.86497 -10.8284 0.6
      vertex 4.85375 -10.7145 0.6
    endloop
  endfacet
  facet normal 0 0 1
    outer loop
      vertex 0.599999 -4.6 0.6
      vertex 4.88363 -10.9414 0.6
      vertex 4.86497 -10.8284 0.6
    endloop
  endfacet
  facet normal 0 0 1
    outer loop
      vertex 0.599999 -4.6 0.6
      vertex 4.90963 -11.0529 0.6
      vertex 4.88363 -10.9414 0.6
    endloop
  endfacet
  facet normal 0 0 1
    outer loop
      vertex 0.599999 -4.6 0.6
      vertex 4.94287 -11.1625 0.6
      vertex 4.90963 -11.0529 0.6
    endloop
  endfacet
  facet normal 0 0 1
    outer loop
      vertex 0.599999 -4.6 0.6
      vertex 4.98321 -11.2697 0.6
      vertex 4.94287 -11.1625 0.6
    endloop
  endfacet
  facet normal 0 0 1
    outer loop
      vertex 0.599999 -4.6 0.6
      vertex 5.03047 -11.374 0.6
      vertex 4.98321 -11.2697 0.6
    endloop
  endfacet
  facet normal 0 0 1
    outer loop
      vertex 0.599999 -39.4 0.6
      vertex 5.03047 -11.374 0.6
      vertex 0.599999 -4.6 0.6
    endloop
  endfacet
  facet normal 0 0 1
    outer loop
      vertex 5.03047 -11.374 0.6
      vertex 0.599999 -39.4 0.6
      vertex 5.08446 -11.475 0.6
    endloop
  endfacet
  facet normal 0 0 1
    outer loop
      vertex 7.475 -12.1155 0.6
      vertex 0.599999 -39.4 0.6
      vertex 35.4 -39.4 0.6
    endloop
  endfacet
  facet normal 0 0 1
    outer loop
      vertex 5.36256 -11.8374 0.6
      vertex 0.599999 -39.4 0.6
      vertex 5.44614 -11.9157 0.6
    endloop
  endfacet
  facet normal 0 0 1
    outer loop
      vertex 5.28428 -11.7539 0.6
      vertex 0.599999 -39.4 0.6
      vertex 5.36256 -11.8374 0.6
    endloop
  endfacet
  facet normal 0 0 1
    outer loop
      vertex 5.21163 -11.6653 0.6
      vertex 0.599999 -39.4 0.6
      vertex 5.28428 -11.7539 0.6
    endloop
  endfacet
  facet normal 0 0 1
    outer loop
      vertex 5.14493 -11.5722 0.6
      vertex 0.599999 -39.4 0.6
      vertex 5.21163 -11.6653 0.6
    endloop
  endfacet
  facet normal 0 0 1
    outer loop
      vertex 5.08446 -11.475 0.6
      vertex 0.599999 -39.4 0.6
      vertex 5.14493 -11.5722 0.6
    endloop
  endfacet
  facet normal -0.683543 -0.72991 0
    outer loop
      vertex 7.75385 -9.28428 0
      vertex 7.83744 -9.36256 0.6
      vertex 7.75385 -9.28428 0.6
    endloop
  endfacet
  facet normal -0.683543 -0.72991 -0
    outer loop
      vertex 7.83744 -9.36256 0.6
      vertex 7.75385 -9.28428 0
      vertex 7.83744 -9.36256 0
    endloop
  endfacet
  facet normal 0.352252 -0.935905 0
    outer loop
      vertex 5.9303 -8.98321 0
      vertex 6.03748 -8.94287 0.6
      vertex 5.9303 -8.98321 0.6
    endloop
  endfacet
  facet normal 0.352252 -0.935905 0
    outer loop
      vertex 6.03748 -8.94287 0.6
      vertex 5.9303 -8.98321 0
      vertex 6.03748 -8.94287 0
    endloop
  endfacet
  facet normal 0.910871 -0.412691 0
    outer loop
      vertex 4.98321 -9.9303 0.6
      vertex 5.03047 -9.82599 0
      vertex 5.03047 -9.82599 0.6
    endloop
  endfacet
  facet normal 0.910871 -0.412691 0
    outer loop
      vertex 5.03047 -9.82599 0
      vertex 4.98321 -9.9303 0.6
      vertex 4.98321 -9.9303 0
    endloop
  endfacet
  facet normal -0.995183 0.098033 0
    outer loop
      vertex 8.33503 -10.8284 0
      vertex 8.34625 -10.7145 0.6
      vertex 8.34625 -10.7145 0
    endloop
  endfacet
  facet normal -0.995183 0.098033 0
    outer loop
      vertex 8.34625 -10.7145 0.6
      vertex 8.33503 -10.8284 0
      vertex 8.33503 -10.8284 0.6
    endloop
  endfacet
  facet normal 0.935927 0.352195 0
    outer loop
      vertex 4.98321 -11.2697 0.6
      vertex 4.94287 -11.1625 0
      vertex 4.94287 -11.1625 0.6
    endloop
  endfacet
  facet normal 0.935927 0.352195 0
    outer loop
      vertex 4.94287 -11.1625 0
      vertex 4.98321 -11.2697 0.6
      vertex 4.98321 -11.2697 0
    endloop
  endfacet
  facet normal 0.41298 0.91074 -0
    outer loop
      vertex 5.9303 -12.2168 0
      vertex 5.82599 -12.1695 0.6
      vertex 5.9303 -12.2168 0.6
    endloop
  endfacet
  facet normal 0.41298 0.91074 0
    outer loop
      vertex 5.82599 -12.1695 0.6
      vertex 5.9303 -12.2168 0
      vertex 5.82599 -12.1695 0
    endloop
  endfacet
  facet normal -0.910871 -0.412691 0
    outer loop
      vertex 8.21679 -9.9303 0
      vertex 8.16953 -9.82599 0.6
      vertex 8.16953 -9.82599 0
    endloop
  endfacet
  facet normal -0.910871 -0.412691 0
    outer loop
      vertex 8.16953 -9.82599 0.6
      vertex 8.21679 -9.9303 0
      vertex 8.21679 -9.9303 0.6
    endloop
  endfacet
  facet normal -0.881886 -0.471463 0
    outer loop
      vertex 8.16953 -9.82599 0
      vertex 8.11554 -9.725 0.6
      vertex 8.11554 -9.725 0
    endloop
  endfacet
  facet normal -0.881886 -0.471463 0
    outer loop
      vertex 8.11554 -9.725 0.6
      vertex 8.16953 -9.82599 0
      vertex 8.16953 -9.82599 0.6
    endloop
  endfacet
  facet normal -0.412724 -0.910856 0
    outer loop
      vertex 7.2697 -8.98321 0
      vertex 7.374 -9.03047 0.6
      vertex 7.2697 -8.98321 0.6
    endloop
  endfacet
  facet normal -0.412724 -0.910856 -0
    outer loop
      vertex 7.374 -9.03047 0.6
      vertex 7.2697 -8.98321 0
      vertex 7.374 -9.03047 0
    endloop
  endfacet
  facet normal 0.729869 -0.683587 0
    outer loop
      vertex 5.28428 -9.44614 0.6
      vertex 5.36256 -9.36256 0
      vertex 5.36256 -9.36256 0.6
    endloop
  endfacet
  facet normal 0.729869 -0.683587 0
    outer loop
      vertex 5.36256 -9.36256 0
      vertex 5.28428 -9.44614 0.6
      vertex 5.28428 -9.44614 0
    endloop
  endfacet
  facet normal 0.16294 -0.986636 0
    outer loop
      vertex 6.25859 -8.88363 0
      vertex 6.37158 -8.86497 0.6
      vertex 6.25859 -8.88363 0.6
    endloop
  endfacet
  facet normal 0.16294 -0.986636 0
    outer loop
      vertex 6.37158 -8.86497 0.6
      vertex 6.25859 -8.88363 0
      vertex 6.37158 -8.86497 0
    endloop
  endfacet
  facet normal -0.935927 0.352195 0
    outer loop
      vertex 8.21679 -11.2697 0
      vertex 8.25713 -11.1625 0.6
      vertex 8.25713 -11.1625 0
    endloop
  endfacet
  facet normal -0.935927 0.352195 0
    outer loop
      vertex 8.25713 -11.1625 0.6
      vertex 8.21679 -11.2697 0
      vertex 8.21679 -11.2697 0.6
    endloop
  endfacet
  facet normal 0.68368 0.729782 -0
    outer loop
      vertex 5.44614 -11.9157 0
      vertex 5.36256 -11.8374 0.6
      vertex 5.44614 -11.9157 0.6
    endloop
  endfacet
  facet normal 0.68368 0.729782 0
    outer loop
      vertex 5.36256 -11.8374 0.6
      vertex 5.44614 -11.9157 0
      vertex 5.36256 -11.8374 0
    endloop
  endfacet
  facet normal -0.973873 -0.227092 0
    outer loop
      vertex 8.31637 -10.2586 0
      vertex 8.29037 -10.1471 0.6
      vertex 8.29037 -10.1471 0
    endloop
  endfacet
  facet normal -0.973873 -0.227092 0
    outer loop
      vertex 8.29037 -10.1471 0.6
      vertex 8.31637 -10.2586 0
      vertex 8.31637 -10.2586 0.6
    endloop
  endfacet
  facet normal -0.773031 -0.634369 0
    outer loop
      vertex 7.98837 -9.53467 0
      vertex 7.91572 -9.44614 0.6
      vertex 7.91572 -9.44614 0
    endloop
  endfacet
  facet normal -0.773031 -0.634369 0
    outer loop
      vertex 7.91572 -9.44614 0.6
      vertex 7.98837 -9.53467 0
      vertex 7.98837 -9.53467 0.6
    endloop
  endfacet
  facet normal -0.812847 -0.582477 0
    outer loop
      vertex 8.05507 -9.62775 0
      vertex 7.98837 -9.53467 0.6
      vertex 7.98837 -9.53467 0
    endloop
  endfacet
  facet normal -0.812847 -0.582477 0
    outer loop
      vertex 7.98837 -9.53467 0.6
      vertex 8.05507 -9.62775 0
      vertex 8.05507 -9.62775 0.6
    endloop
  endfacet
  facet normal -0.729869 -0.683587 0
    outer loop
      vertex 7.91572 -9.44614 0
      vertex 7.83744 -9.36256 0.6
      vertex 7.83744 -9.36256 0
    endloop
  endfacet
  facet normal -0.729869 -0.683587 0
    outer loop
      vertex 7.83744 -9.36256 0.6
      vertex 7.91572 -9.44614 0
      vertex 7.91572 -9.44614 0.6
    endloop
  endfacet
  facet normal -0.582477 -0.812847 0
    outer loop
      vertex 7.57225 -9.14493 0
      vertex 7.66533 -9.21163 0.6
      vertex 7.57225 -9.14493 0.6
    endloop
  endfacet
  facet normal -0.582477 -0.812847 -0
    outer loop
      vertex 7.66533 -9.21163 0.6
      vertex 7.57225 -9.14493 0
      vertex 7.66533 -9.21163 0
    endloop
  endfacet
  facet normal -0.0327478 -0.999464 0
    outer loop
      vertex 6.6 -8.85 0
      vertex 6.71445 -8.85375 0.6
      vertex 6.6 -8.85 0.6
    endloop
  endfacet
  facet normal -0.0327478 -0.999464 -0
    outer loop
      vertex 6.71445 -8.85375 0.6
      vertex 6.6 -8.85 0
      vertex 6.71445 -8.85375 0
    endloop
  endfacet
  facet normal -0.227053 -0.973882 0
    outer loop
      vertex 6.94141 -8.88363 0
      vertex 7.05293 -8.90963 0.6
      vertex 6.94141 -8.88363 0.6
    endloop
  endfacet
  facet normal -0.227053 -0.973882 -0
    outer loop
      vertex 7.05293 -8.90963 0.6
      vertex 6.94141 -8.88363 0
      vertex 7.05293 -8.90963 0
    endloop
  endfacet
  facet normal 0.999464 -0.0327335 0
    outer loop
      vertex 4.85 -10.6 0.6
      vertex 4.85375 -10.4855 0
      vertex 4.85375 -10.4855 0.6
    endloop
  endfacet
  facet normal 0.999464 -0.0327335 0
    outer loop
      vertex 4.85375 -10.4855 0
      vertex 4.85 -10.6 0.6
      vertex 4.85 -10.6 0
    endloop
  endfacet
  facet normal 0.973873 -0.227092 0
    outer loop
      vertex 4.88363 -10.2586 0.6
      vertex 4.90963 -10.1471 0
      vertex 4.90963 -10.1471 0.6
    endloop
  endfacet
  facet normal 0.973873 -0.227092 0
    outer loop
      vertex 4.90963 -10.1471 0
      vertex 4.88363 -10.2586 0.6
      vertex 4.88363 -10.2586 0
    endloop
  endfacet
  facet normal 0.812847 -0.582477 0
    outer loop
      vertex 5.14493 -9.62775 0.6
      vertex 5.21163 -9.53467 0
      vertex 5.21163 -9.53467 0.6
    endloop
  endfacet
  facet normal 0.812847 -0.582477 0
    outer loop
      vertex 5.21163 -9.53467 0
      vertex 5.14493 -9.62775 0.6
      vertex 5.14493 -9.62775 0
    endloop
  endfacet
  facet normal 0.227053 -0.973882 0
    outer loop
      vertex 6.14707 -8.90963 0
      vertex 6.25859 -8.88363 0.6
      vertex 6.14707 -8.90963 0.6
    endloop
  endfacet
  facet normal 0.227053 -0.973882 0
    outer loop
      vertex 6.25859 -8.88363 0.6
      vertex 6.14707 -8.90963 0
      vertex 6.25859 -8.88363 0
    endloop
  endfacet
  facet normal 0.032745 -0.999464 0
    outer loop
      vertex 6.48554 -8.85375 0
      vertex 6.6 -8.85 0.6
      vertex 6.48554 -8.85375 0.6
    endloop
  endfacet
  facet normal 0.032745 -0.999464 0
    outer loop
      vertex 6.6 -8.85 0.6
      vertex 6.48554 -8.85375 0
      vertex 6.6 -8.85 0
    endloop
  endfacet
  facet normal 0.528043 -0.849218 0
    outer loop
      vertex 5.62775 -9.14493 0
      vertex 5.725 -9.08446 0.6
      vertex 5.62775 -9.14493 0.6
    endloop
  endfacet
  facet normal 0.528043 -0.849218 0
    outer loop
      vertex 5.725 -9.08446 0.6
      vertex 5.62775 -9.14493 0
      vertex 5.725 -9.08446 0
    endloop
  endfacet
  facet normal 0.582477 -0.812847 0
    outer loop
      vertex 5.53467 -9.21163 0
      vertex 5.62775 -9.14493 0.6
      vertex 5.53467 -9.21163 0.6
    endloop
  endfacet
  facet normal 0.582477 -0.812847 0
    outer loop
      vertex 5.62775 -9.14493 0.6
      vertex 5.53467 -9.21163 0
      vertex 5.62775 -9.14493 0
    endloop
  endfacet
  facet normal 0.412691 -0.910871 0
    outer loop
      vertex 5.82599 -9.03047 0
      vertex 5.9303 -8.98321 0.6
      vertex 5.82599 -9.03047 0.6
    endloop
  endfacet
  facet normal 0.412691 -0.910871 0
    outer loop
      vertex 5.9303 -8.98321 0.6
      vertex 5.82599 -9.03047 0
      vertex 5.9303 -8.98321 0
    endloop
  endfacet
  facet normal -0.999464 -0.0327335 0
    outer loop
      vertex 8.35 -10.6 0
      vertex 8.34625 -10.4855 0.6
      vertex 8.34625 -10.4855 0
    endloop
  endfacet
  facet normal -0.999464 -0.0327335 0
    outer loop
      vertex 8.34625 -10.4855 0.6
      vertex 8.35 -10.6 0
      vertex 8.35 -10.6 0.6
    endloop
  endfacet
  facet normal -0.0323116 0.999478 0
    outer loop
      vertex 6.71445 -12.3463 0
      vertex 6.6 -12.35 0.6
      vertex 6.71445 -12.3463 0.6
    endloop
  endfacet
  facet normal -0.0323116 0.999478 0
    outer loop
      vertex 6.6 -12.35 0.6
      vertex 6.71445 -12.3463 0
      vertex 6.6 -12.35 0
    endloop
  endfacet
  facet normal -0.956957 0.29023 0
    outer loop
      vertex 8.25713 -11.1625 0
      vertex 8.29037 -11.0529 0.6
      vertex 8.29037 -11.0529 0
    endloop
  endfacet
  facet normal -0.956957 0.29023 0
    outer loop
      vertex 8.29037 -11.0529 0.6
      vertex 8.25713 -11.1625 0
      vertex 8.25713 -11.1625 0.6
    endloop
  endfacet
  facet normal -0.729543 0.683935 0
    outer loop
      vertex 7.83744 -11.8374 0
      vertex 7.91572 -11.7539 0.6
      vertex 7.91572 -11.7539 0
    endloop
  endfacet
  facet normal -0.729543 0.683935 0
    outer loop
      vertex 7.91572 -11.7539 0.6
      vertex 7.83744 -11.8374 0
      vertex 7.83744 -11.8374 0.6
    endloop
  endfacet
  facet normal -0.227053 0.973882 0
    outer loop
      vertex 7.05293 -12.2904 0
      vertex 6.94141 -12.3164 0.6
      vertex 7.05293 -12.2904 0.6
    endloop
  endfacet
  facet normal -0.227053 0.973882 0
    outer loop
      vertex 6.94141 -12.3164 0.6
      vertex 7.05293 -12.2904 0
      vertex 6.94141 -12.3164 0
    endloop
  endfacet
  facet normal -0.582477 0.812847 0
    outer loop
      vertex 7.66533 -11.9884 0
      vertex 7.57225 -12.0551 0.6
      vertex 7.66533 -11.9884 0.6
    endloop
  endfacet
  facet normal -0.582477 0.812847 0
    outer loop
      vertex 7.57225 -12.0551 0.6
      vertex 7.66533 -11.9884 0
      vertex 7.57225 -12.0551 0
    endloop
  endfacet
  facet normal 0.0323088 0.999478 -0
    outer loop
      vertex 6.6 -12.35 0
      vertex 6.48554 -12.3463 0.6
      vertex 6.6 -12.35 0.6
    endloop
  endfacet
  facet normal 0.0323088 0.999478 0
    outer loop
      vertex 6.48554 -12.3463 0.6
      vertex 6.6 -12.35 0
      vertex 6.48554 -12.3463 0
    endloop
  endfacet
  facet normal 0.527602 0.849492 -0
    outer loop
      vertex 5.725 -12.1155 0
      vertex 5.62775 -12.0551 0.6
      vertex 5.725 -12.1155 0.6
    endloop
  endfacet
  facet normal 0.527602 0.849492 0
    outer loop
      vertex 5.62775 -12.0551 0.6
      vertex 5.725 -12.1155 0
      vertex 5.62775 -12.0551 0
    endloop
  endfacet
  facet normal 0.973873 0.227092 0
    outer loop
      vertex 4.90963 -11.0529 0.6
      vertex 4.88363 -10.9414 0
      vertex 4.88363 -10.9414 0.6
    endloop
  endfacet
  facet normal 0.973873 0.227092 0
    outer loop
      vertex 4.88363 -10.9414 0
      vertex 4.90963 -11.0529 0.6
      vertex 4.90963 -11.0529 0
    endloop
  endfacet
  facet normal 0.999464 0.0327335 0
    outer loop
      vertex 4.85375 -10.7145 0.6
      vertex 4.85 -10.6 0
      vertex 4.85 -10.6 0.6
    endloop
  endfacet
  facet normal 0.999464 0.0327335 0
    outer loop
      vertex 4.85 -10.6 0
      vertex 4.85375 -10.7145 0.6
      vertex 4.85375 -10.7145 0
    endloop
  endfacet
  facet normal 0.849096 0.528239 0
    outer loop
      vertex 5.14493 -11.5722 0.6
      vertex 5.08446 -11.475 0
      vertex 5.08446 -11.475 0.6
    endloop
  endfacet
  facet normal 0.849096 0.528239 0
    outer loop
      vertex 5.08446 -11.475 0
      vertex 5.14493 -11.5722 0.6
      vertex 5.14493 -11.5722 0
    endloop
  endfacet
  facet normal 0.812907 0.582394 0
    outer loop
      vertex 5.21163 -11.6653 0.6
      vertex 5.14493 -11.5722 0
      vertex 5.14493 -11.5722 0.6
    endloop
  endfacet
  facet normal 0.812907 0.582394 0
    outer loop
      vertex 5.14493 -11.5722 0
      vertex 5.21163 -11.6653 0.6
      vertex 5.21163 -11.6653 0
    endloop
  endfacet
  facet normal 0.910856 0.412724 0
    outer loop
      vertex 5.03047 -11.374 0.6
      vertex 4.98321 -11.2697 0
      vertex 4.98321 -11.2697 0.6
    endloop
  endfacet
  facet normal 0.910856 0.412724 0
    outer loop
      vertex 4.98321 -11.2697 0
      vertex 5.03047 -11.374 0.6
      vertex 5.03047 -11.374 0
    endloop
  endfacet
  facet normal -0.986638 -0.162926 0
    outer loop
      vertex 8.33503 -10.3716 0
      vertex 8.31637 -10.2586 0.6
      vertex 8.31637 -10.2586 0
    endloop
  endfacet
  facet normal -0.986638 -0.162926 0
    outer loop
      vertex 8.31637 -10.2586 0.6
      vertex 8.33503 -10.3716 0
      vertex 8.33503 -10.3716 0.6
    endloop
  endfacet
  facet normal -0.995183 -0.098033 0
    outer loop
      vertex 8.34625 -10.4855 0
      vertex 8.33503 -10.3716 0.6
      vertex 8.33503 -10.3716 0
    endloop
  endfacet
  facet normal -0.995183 -0.098033 0
    outer loop
      vertex 8.33503 -10.3716 0.6
      vertex 8.34625 -10.4855 0
      vertex 8.34625 -10.4855 0.6
    endloop
  endfacet
  facet normal -0.935927 -0.352195 0
    outer loop
      vertex 8.25713 -10.0375 0
      vertex 8.21679 -9.9303 0.6
      vertex 8.21679 -9.9303 0
    endloop
  endfacet
  facet normal -0.935927 -0.352195 0
    outer loop
      vertex 8.21679 -9.9303 0.6
      vertex 8.25713 -10.0375 0
      vertex 8.25713 -10.0375 0.6
    endloop
  endfacet
  facet normal -0.956957 -0.29023 0
    outer loop
      vertex 8.29037 -10.1471 0
      vertex 8.25713 -10.0375 0.6
      vertex 8.25713 -10.0375 0
    endloop
  endfacet
  facet normal -0.956957 -0.29023 0
    outer loop
      vertex 8.25713 -10.0375 0.6
      vertex 8.29037 -10.1471 0
      vertex 8.29037 -10.1471 0.6
    endloop
  endfacet
  facet normal -0.849218 -0.528043 0
    outer loop
      vertex 8.11554 -9.725 0
      vertex 8.05507 -9.62775 0.6
      vertex 8.05507 -9.62775 0
    endloop
  endfacet
  facet normal -0.849218 -0.528043 0
    outer loop
      vertex 8.05507 -9.62775 0.6
      vertex 8.11554 -9.725 0
      vertex 8.11554 -9.725 0.6
    endloop
  endfacet
  facet normal -0.634412 -0.772995 0
    outer loop
      vertex 7.66533 -9.21163 0
      vertex 7.75385 -9.28428 0.6
      vertex 7.66533 -9.21163 0.6
    endloop
  endfacet
  facet normal -0.634412 -0.772995 -0
    outer loop
      vertex 7.75385 -9.28428 0.6
      vertex 7.66533 -9.21163 0
      vertex 7.75385 -9.28428 0
    endloop
  endfacet
  facet normal -0.471426 -0.881905 0
    outer loop
      vertex 7.374 -9.03047 0
      vertex 7.475 -9.08446 0.6
      vertex 7.374 -9.03047 0.6
    endloop
  endfacet
  facet normal -0.471426 -0.881905 -0
    outer loop
      vertex 7.475 -9.08446 0.6
      vertex 7.374 -9.03047 0
      vertex 7.475 -9.08446 0
    endloop
  endfacet
  facet normal -0.528043 -0.849218 0
    outer loop
      vertex 7.475 -9.08446 0
      vertex 7.57225 -9.14493 0.6
      vertex 7.475 -9.08446 0.6
    endloop
  endfacet
  facet normal -0.528043 -0.849218 -0
    outer loop
      vertex 7.57225 -9.14493 0.6
      vertex 7.475 -9.08446 0
      vertex 7.57225 -9.14493 0
    endloop
  endfacet
  facet normal -0.290255 -0.956949 0
    outer loop
      vertex 7.05293 -8.90963 0
      vertex 7.16252 -8.94287 0.6
      vertex 7.05293 -8.90963 0.6
    endloop
  endfacet
  facet normal -0.290255 -0.956949 -0
    outer loop
      vertex 7.16252 -8.94287 0.6
      vertex 7.05293 -8.90963 0
      vertex 7.16252 -8.94287 0
    endloop
  endfacet
  facet normal -0.352252 -0.935905 0
    outer loop
      vertex 7.16252 -8.94287 0
      vertex 7.2697 -8.98321 0.6
      vertex 7.16252 -8.94287 0.6
    endloop
  endfacet
  facet normal -0.352252 -0.935905 -0
    outer loop
      vertex 7.2697 -8.98321 0.6
      vertex 7.16252 -8.94287 0
      vertex 7.2697 -8.98321 0
    endloop
  endfacet
  facet normal -0.16294 -0.986636 0
    outer loop
      vertex 6.82842 -8.86497 0
      vertex 6.94141 -8.88363 0.6
      vertex 6.82842 -8.86497 0.6
    endloop
  endfacet
  facet normal -0.16294 -0.986636 -0
    outer loop
      vertex 6.94141 -8.88363 0.6
      vertex 6.82842 -8.86497 0
      vertex 6.94141 -8.88363 0
    endloop
  endfacet
  facet normal -0.0979733 -0.995189 0
    outer loop
      vertex 6.71445 -8.85375 0
      vertex 6.82842 -8.86497 0.6
      vertex 6.71445 -8.85375 0.6
    endloop
  endfacet
  facet normal -0.0979733 -0.995189 -0
    outer loop
      vertex 6.82842 -8.86497 0.6
      vertex 6.71445 -8.85375 0
      vertex 6.82842 -8.86497 0
    endloop
  endfacet
  facet normal 0.956957 -0.29023 0
    outer loop
      vertex 4.90963 -10.1471 0.6
      vertex 4.94287 -10.0375 0
      vertex 4.94287 -10.0375 0.6
    endloop
  endfacet
  facet normal 0.956957 -0.29023 0
    outer loop
      vertex 4.94287 -10.0375 0
      vertex 4.90963 -10.1471 0.6
      vertex 4.90963 -10.1471 0
    endloop
  endfacet
  facet normal 0.935927 -0.352195 0
    outer loop
      vertex 4.94287 -10.0375 0.6
      vertex 4.98321 -9.9303 0
      vertex 4.98321 -9.9303 0.6
    endloop
  endfacet
  facet normal 0.935927 -0.352195 0
    outer loop
      vertex 4.98321 -9.9303 0
      vertex 4.94287 -10.0375 0.6
      vertex 4.94287 -10.0375 0
    endloop
  endfacet
  facet normal 0.986638 -0.162926 0
    outer loop
      vertex 4.86497 -10.3716 0.6
      vertex 4.88363 -10.2586 0
      vertex 4.88363 -10.2586 0.6
    endloop
  endfacet
  facet normal 0.986638 -0.162926 0
    outer loop
      vertex 4.88363 -10.2586 0
      vertex 4.86497 -10.3716 0.6
      vertex 4.86497 -10.3716 0
    endloop
  endfacet
  facet normal 0.995183 -0.098033 0
    outer loop
      vertex 4.85375 -10.4855 0.6
      vertex 4.86497 -10.3716 0
      vertex 4.86497 -10.3716 0.6
    endloop
  endfacet
  facet normal 0.995183 -0.098033 0
    outer loop
      vertex 4.86497 -10.3716 0
      vertex 4.85375 -10.4855 0.6
      vertex 4.85375 -10.4855 0
    endloop
  endfacet
  facet normal 0.849218 -0.528043 0
    outer loop
      vertex 5.08446 -9.725 0.6
      vertex 5.14493 -9.62775 0
      vertex 5.14493 -9.62775 0.6
    endloop
  endfacet
  facet normal 0.849218 -0.528043 0
    outer loop
      vertex 5.14493 -9.62775 0
      vertex 5.08446 -9.725 0.6
      vertex 5.08446 -9.725 0
    endloop
  endfacet
  facet normal 0.881886 -0.471463 0
    outer loop
      vertex 5.03047 -9.82599 0.6
      vertex 5.08446 -9.725 0
      vertex 5.08446 -9.725 0.6
    endloop
  endfacet
  facet normal 0.881886 -0.471463 0
    outer loop
      vertex 5.08446 -9.725 0
      vertex 5.03047 -9.82599 0.6
      vertex 5.03047 -9.82599 0
    endloop
  endfacet
  facet normal 0.773031 -0.634369 0
    outer loop
      vertex 5.21163 -9.53467 0.6
      vertex 5.28428 -9.44614 0
      vertex 5.28428 -9.44614 0.6
    endloop
  endfacet
  facet normal 0.773031 -0.634369 0
    outer loop
      vertex 5.28428 -9.44614 0
      vertex 5.21163 -9.53467 0.6
      vertex 5.21163 -9.53467 0
    endloop
  endfacet
  facet normal 0.290255 -0.956949 0
    outer loop
      vertex 6.03748 -8.94287 0
      vertex 6.14707 -8.90963 0.6
      vertex 6.03748 -8.94287 0.6
    endloop
  endfacet
  facet normal 0.290255 -0.956949 0
    outer loop
      vertex 6.14707 -8.90963 0.6
      vertex 6.03748 -8.94287 0
      vertex 6.14707 -8.90963 0
    endloop
  endfacet
  facet normal 0.0979818 -0.995188 0
    outer loop
      vertex 6.37158 -8.86497 0
      vertex 6.48554 -8.85375 0.6
      vertex 6.37158 -8.86497 0.6
    endloop
  endfacet
  facet normal 0.0979818 -0.995188 0
    outer loop
      vertex 6.48554 -8.85375 0.6
      vertex 6.37158 -8.86497 0
      vertex 6.48554 -8.85375 0
    endloop
  endfacet
  facet normal 0.471463 -0.881886 0
    outer loop
      vertex 5.725 -9.08446 0
      vertex 5.82599 -9.03047 0.6
      vertex 5.725 -9.08446 0.6
    endloop
  endfacet
  facet normal 0.471463 -0.881886 0
    outer loop
      vertex 5.82599 -9.03047 0.6
      vertex 5.725 -9.08446 0
      vertex 5.82599 -9.03047 0
    endloop
  endfacet
  facet normal 0.634369 -0.773031 0
    outer loop
      vertex 5.44614 -9.28428 0
      vertex 5.53467 -9.21163 0.6
      vertex 5.44614 -9.28428 0.6
    endloop
  endfacet
  facet normal 0.634369 -0.773031 0
    outer loop
      vertex 5.53467 -9.21163 0.6
      vertex 5.44614 -9.28428 0
      vertex 5.53467 -9.21163 0
    endloop
  endfacet
  facet normal 0.683587 -0.729869 0
    outer loop
      vertex 5.36256 -9.36256 0
      vertex 5.44614 -9.28428 0.6
      vertex 5.36256 -9.36256 0.6
    endloop
  endfacet
  facet normal 0.683587 -0.729869 0
    outer loop
      vertex 5.44614 -9.28428 0.6
      vertex 5.36256 -9.36256 0
      vertex 5.44614 -9.28428 0
    endloop
  endfacet
  facet normal -0.0986651 0.995121 0
    outer loop
      vertex 6.82842 -12.335 0
      vertex 6.71445 -12.3463 0.6
      vertex 6.82842 -12.335 0.6
    endloop
  endfacet
  facet normal -0.0986651 0.995121 0
    outer loop
      vertex 6.71445 -12.3463 0.6
      vertex 6.82842 -12.335 0
      vertex 6.71445 -12.3463 0
    endloop
  endfacet
  facet normal -0.290734 0.956804 0
    outer loop
      vertex 7.16252 -12.2571 0
      vertex 7.05293 -12.2904 0.6
      vertex 7.16252 -12.2571 0.6
    endloop
  endfacet
  facet normal -0.290734 0.956804 0
    outer loop
      vertex 7.05293 -12.2904 0.6
      vertex 7.16252 -12.2571 0
      vertex 7.05293 -12.2904 0
    endloop
  endfacet
  facet normal -0.634672 0.772781 0
    outer loop
      vertex 7.75385 -11.9157 0
      vertex 7.66533 -11.9884 0.6
      vertex 7.75385 -11.9157 0.6
    endloop
  endfacet
  facet normal -0.634672 0.772781 0
    outer loop
      vertex 7.66533 -11.9884 0.6
      vertex 7.75385 -11.9157 0
      vertex 7.66533 -11.9884 0
    endloop
  endfacet
  facet normal -0.527602 0.849492 0
    outer loop
      vertex 7.57225 -12.0551 0
      vertex 7.475 -12.1155 0.6
      vertex 7.57225 -12.0551 0.6
    endloop
  endfacet
  facet normal -0.527602 0.849492 0
    outer loop
      vertex 7.475 -12.1155 0.6
      vertex 7.57225 -12.0551 0
      vertex 7.475 -12.1155 0
    endloop
  endfacet
  facet normal -0.413013 0.910725 0
    outer loop
      vertex 7.374 -12.1695 0
      vertex 7.2697 -12.2168 0.6
      vertex 7.374 -12.1695 0.6
    endloop
  endfacet
  facet normal -0.413013 0.910725 0
    outer loop
      vertex 7.2697 -12.2168 0.6
      vertex 7.374 -12.1695 0
      vertex 7.2697 -12.2168 0
    endloop
  endfacet
  facet normal 0.351946 0.93602 -0
    outer loop
      vertex 6.03748 -12.2571 0
      vertex 5.9303 -12.2168 0.6
      vertex 6.03748 -12.2571 0.6
    endloop
  endfacet
  facet normal 0.351946 0.93602 0
    outer loop
      vertex 5.9303 -12.2168 0.6
      vertex 6.03748 -12.2571 0
      vertex 5.9303 -12.2168 0
    endloop
  endfacet
  facet normal 0.16243 0.98672 -0
    outer loop
      vertex 6.37158 -12.335 0
      vertex 6.25859 -12.3164 0.6
      vertex 6.37158 -12.335 0.6
    endloop
  endfacet
  facet normal 0.16243 0.98672 0
    outer loop
      vertex 6.25859 -12.3164 0.6
      vertex 6.37158 -12.335 0
      vertex 6.25859 -12.3164 0
    endloop
  endfacet
  facet normal 0.227053 0.973882 -0
    outer loop
      vertex 6.25859 -12.3164 0
      vertex 6.14707 -12.2904 0.6
      vertex 6.25859 -12.3164 0.6
    endloop
  endfacet
  facet normal 0.227053 0.973882 0
    outer loop
      vertex 6.14707 -12.2904 0.6
      vertex 6.25859 -12.3164 0
      vertex 6.14707 -12.2904 0
    endloop
  endfacet
  facet normal 0.471531 0.88185 -0
    outer loop
      vertex 5.82599 -12.1695 0
      vertex 5.725 -12.1155 0.6
      vertex 5.82599 -12.1695 0.6
    endloop
  endfacet
  facet normal 0.471531 0.88185 0
    outer loop
      vertex 5.725 -12.1155 0.6
      vertex 5.82599 -12.1695 0
      vertex 5.725 -12.1155 0
    endloop
  endfacet
  facet normal 0.582477 0.812847 -0
    outer loop
      vertex 5.62775 -12.0551 0
      vertex 5.53467 -11.9884 0.6
      vertex 5.62775 -12.0551 0.6
    endloop
  endfacet
  facet normal 0.582477 0.812847 0
    outer loop
      vertex 5.53467 -11.9884 0.6
      vertex 5.62775 -12.0551 0
      vertex 5.53467 -11.9884 0
    endloop
  endfacet
  facet normal 0.956957 0.29023 0
    outer loop
      vertex 4.94287 -11.1625 0.6
      vertex 4.90963 -11.0529 0
      vertex 4.90963 -11.0529 0.6
    endloop
  endfacet
  facet normal 0.956957 0.29023 0
    outer loop
      vertex 4.90963 -11.0529 0
      vertex 4.94287 -11.1625 0.6
      vertex 4.94287 -11.1625 0
    endloop
  endfacet
  facet normal 0.995183 0.098033 0
    outer loop
      vertex 4.86497 -10.8284 0.6
      vertex 4.85375 -10.7145 0
      vertex 4.85375 -10.7145 0.6
    endloop
  endfacet
  facet normal 0.995183 0.098033 0
    outer loop
      vertex 4.85375 -10.7145 0
      vertex 4.86497 -10.8284 0.6
      vertex 4.86497 -10.8284 0
    endloop
  endfacet
  facet normal 0.881905 0.471426 0
    outer loop
      vertex 5.08446 -11.475 0.6
      vertex 5.03047 -11.374 0
      vertex 5.03047 -11.374 0.6
    endloop
  endfacet
  facet normal 0.881905 0.471426 0
    outer loop
      vertex 5.03047 -11.374 0
      vertex 5.08446 -11.475 0.6
      vertex 5.08446 -11.475 0
    endloop
  endfacet
  facet normal 0.773276 0.634069 0
    outer loop
      vertex 5.28428 -11.7539 0.6
      vertex 5.21163 -11.6653 0
      vertex 5.21163 -11.6653 0.6
    endloop
  endfacet
  facet normal 0.773276 0.634069 0
    outer loop
      vertex 5.21163 -11.6653 0
      vertex 5.28428 -11.7539 0.6
      vertex 5.28428 -11.7539 0
    endloop
  endfacet
  facet normal 0.729543 0.683935 0
    outer loop
      vertex 5.36256 -11.8374 0.6
      vertex 5.28428 -11.7539 0
      vertex 5.28428 -11.7539 0.6
    endloop
  endfacet
  facet normal 0.729543 0.683935 0
    outer loop
      vertex 5.28428 -11.7539 0
      vertex 5.36256 -11.8374 0.6
      vertex 5.36256 -11.8374 0
    endloop
  endfacet
  facet normal -0.973873 0.227092 0
    outer loop
      vertex 8.29037 -11.0529 0
      vertex 8.31637 -10.9414 0.6
      vertex 8.31637 -10.9414 0
    endloop
  endfacet
  facet normal -0.973873 0.227092 0
    outer loop
      vertex 8.31637 -10.9414 0.6
      vertex 8.29037 -11.0529 0
      vertex 8.29037 -11.0529 0.6
    endloop
  endfacet
  facet normal -0.999464 0.0327335 0
    outer loop
      vertex 8.34625 -10.7145 0
      vertex 8.35 -10.6 0.6
      vertex 8.35 -10.6 0
    endloop
  endfacet
  facet normal -0.999464 0.0327335 0
    outer loop
      vertex 8.35 -10.6 0.6
      vertex 8.34625 -10.7145 0
      vertex 8.34625 -10.7145 0.6
    endloop
  endfacet
  facet normal -0.881905 0.471426 0
    outer loop
      vertex 8.11554 -11.475 0
      vertex 8.16953 -11.374 0.6
      vertex 8.16953 -11.374 0
    endloop
  endfacet
  facet normal -0.881905 0.471426 0
    outer loop
      vertex 8.16953 -11.374 0.6
      vertex 8.11554 -11.475 0
      vertex 8.11554 -11.475 0.6
    endloop
  endfacet
  facet normal -0.812907 0.582394 0
    outer loop
      vertex 7.98837 -11.6653 0
      vertex 8.05507 -11.5722 0.6
      vertex 8.05507 -11.5722 0
    endloop
  endfacet
  facet normal -0.812907 0.582394 0
    outer loop
      vertex 8.05507 -11.5722 0.6
      vertex 7.98837 -11.6653 0
      vertex 7.98837 -11.6653 0.6
    endloop
  endfacet
  facet normal -0.16243 0.98672 0
    outer loop
      vertex 6.94141 -12.3164 0
      vertex 6.82842 -12.335 0.6
      vertex 6.94141 -12.3164 0.6
    endloop
  endfacet
  facet normal -0.16243 0.98672 0
    outer loop
      vertex 6.82842 -12.335 0.6
      vertex 6.94141 -12.3164 0
      vertex 6.82842 -12.335 0
    endloop
  endfacet
  facet normal -0.351946 0.93602 0
    outer loop
      vertex 7.2697 -12.2168 0
      vertex 7.16252 -12.2571 0.6
      vertex 7.2697 -12.2168 0.6
    endloop
  endfacet
  facet normal -0.351946 0.93602 0
    outer loop
      vertex 7.16252 -12.2571 0.6
      vertex 7.2697 -12.2168 0
      vertex 7.16252 -12.2571 0
    endloop
  endfacet
  facet normal -0.683636 0.729823 0
    outer loop
      vertex 7.83744 -11.8374 0
      vertex 7.75385 -11.9157 0.6
      vertex 7.83744 -11.8374 0.6
    endloop
  endfacet
  facet normal -0.683636 0.729823 0
    outer loop
      vertex 7.75385 -11.9157 0.6
      vertex 7.83744 -11.8374 0
      vertex 7.75385 -11.9157 0
    endloop
  endfacet
  facet normal -0.471494 0.881869 0
    outer loop
      vertex 7.475 -12.1155 0
      vertex 7.374 -12.1695 0.6
      vertex 7.475 -12.1155 0.6
    endloop
  endfacet
  facet normal -0.471494 0.881869 0
    outer loop
      vertex 7.374 -12.1695 0.6
      vertex 7.475 -12.1155 0
      vertex 7.374 -12.1695 0
    endloop
  endfacet
  facet normal 0.0986737 0.99512 -0
    outer loop
      vertex 6.48554 -12.3463 0
      vertex 6.37158 -12.335 0.6
      vertex 6.48554 -12.3463 0.6
    endloop
  endfacet
  facet normal 0.0986737 0.99512 0
    outer loop
      vertex 6.37158 -12.335 0.6
      vertex 6.48554 -12.3463 0
      vertex 6.37158 -12.335 0
    endloop
  endfacet
  facet normal 0.290734 0.956804 -0
    outer loop
      vertex 6.14707 -12.2904 0
      vertex 6.03748 -12.2571 0.6
      vertex 6.14707 -12.2904 0.6
    endloop
  endfacet
  facet normal 0.290734 0.956804 0
    outer loop
      vertex 6.03748 -12.2571 0.6
      vertex 6.14707 -12.2904 0
      vertex 6.03748 -12.2571 0
    endloop
  endfacet
  facet normal 0.63463 0.772816 -0
    outer loop
      vertex 5.53467 -11.9884 0
      vertex 5.44614 -11.9157 0.6
      vertex 5.53467 -11.9884 0.6
    endloop
  endfacet
  facet normal 0.63463 0.772816 0
    outer loop
      vertex 5.44614 -11.9157 0.6
      vertex 5.53467 -11.9884 0
      vertex 5.44614 -11.9157 0
    endloop
  endfacet
  facet normal 0.986638 0.162926 0
    outer loop
      vertex 4.88363 -10.9414 0.6
      vertex 4.86497 -10.8284 0
      vertex 4.86497 -10.8284 0.6
    endloop
  endfacet
  facet normal 0.986638 0.162926 0
    outer loop
      vertex 4.86497 -10.8284 0
      vertex 4.88363 -10.9414 0.6
      vertex 4.88363 -10.9414 0
    endloop
  endfacet
  facet normal -0.986638 0.162926 0
    outer loop
      vertex 8.31637 -10.9414 0
      vertex 8.33503 -10.8284 0.6
      vertex 8.33503 -10.8284 0
    endloop
  endfacet
  facet normal -0.986638 0.162926 0
    outer loop
      vertex 8.33503 -10.8284 0.6
      vertex 8.31637 -10.9414 0
      vertex 8.31637 -10.9414 0.6
    endloop
  endfacet
  facet normal -0.910856 0.412724 0
    outer loop
      vertex 8.16953 -11.374 0
      vertex 8.21679 -11.2697 0.6
      vertex 8.21679 -11.2697 0
    endloop
  endfacet
  facet normal -0.910856 0.412724 0
    outer loop
      vertex 8.21679 -11.2697 0.6
      vertex 8.16953 -11.374 0
      vertex 8.16953 -11.374 0.6
    endloop
  endfacet
  facet normal -0.849096 0.528239 0
    outer loop
      vertex 8.05507 -11.5722 0
      vertex 8.11554 -11.475 0.6
      vertex 8.11554 -11.475 0
    endloop
  endfacet
  facet normal -0.849096 0.528239 0
    outer loop
      vertex 8.11554 -11.475 0.6
      vertex 8.05507 -11.5722 0
      vertex 8.05507 -11.5722 0.6
    endloop
  endfacet
  facet normal -0.773276 0.634069 0
    outer loop
      vertex 7.91572 -11.7539 0
      vertex 7.98837 -11.6653 0.6
      vertex 7.98837 -11.6653 0
    endloop
  endfacet
  facet normal -0.773276 0.634069 0
    outer loop
      vertex 7.98837 -11.6653 0.6
      vertex 7.91572 -11.7539 0
      vertex 7.91572 -11.7539 0.6
    endloop
  endfacet
  facet normal 1 0 0
    outer loop
      vertex 0.599999 -60.5 2
      vertex 0.599999 -75.4 2
      vertex 0.599999 -60.5 1.3532
    endloop
  endfacet
  facet normal 1 0 0
    outer loop
      vertex 0.599999 -55.5 1.3532
      vertex 0.599999 -40.6 2
      vertex 0.599999 -55.5 2
    endloop
  endfacet
  facet normal 1 0 0
    outer loop
      vertex 0.599999 -40.6 2
      vertex 0.599999 -55.5 1.3532
      vertex 0.599999 -40.6 0.6
    endloop
  endfacet
  facet normal 1 -0 0
    outer loop
      vertex 0.599999 -60.5 1.3532
      vertex 0.599999 -40.6 0.6
      vertex 0.599999 -55.5 1.3532
    endloop
  endfacet
  facet normal 1 0 0
    outer loop
      vertex 0.599999 -60.5 1.3532
      vertex 0.599999 -75.4 0.6
      vertex 0.599999 -40.6 0.6
    endloop
  endfacet
  facet normal 1 0 0
    outer loop
      vertex 0.599999 -75.4 0.6
      vertex 0.599999 -60.5 1.3532
      vertex 0.599999 -75.4 2
    endloop
  endfacet
  facet normal 0 1 0
    outer loop
      vertex 35.4 -75.4 2
      vertex 20.5 -75.4 1.3532
      vertex 20.5 -75.4 2
    endloop
  endfacet
  facet normal 0 1 0
    outer loop
      vertex 20.5 -75.4 1.3532
      vertex 35.4 -75.4 0.6
      vertex 15.5 -75.4 1.3532
    endloop
  endfacet
  facet normal 0 1 -0
    outer loop
      vertex 35.4 -75.4 0.6
      vertex 20.5 -75.4 1.3532
      vertex 35.4 -75.4 2
    endloop
  endfacet
  facet normal 0 1 -0
    outer loop
      vertex 15.5 -75.4 1.3532
      vertex 0.599999 -75.4 2
      vertex 15.5 -75.4 2
    endloop
  endfacet
  facet normal 0 1 0
    outer loop
      vertex 15.5 -75.4 1.3532
      vertex 0.599999 -75.4 0.6
      vertex 0.599999 -75.4 2
    endloop
  endfacet
  facet normal 0 1 0
    outer loop
      vertex 0.599999 -75.4 0.6
      vertex 15.5 -75.4 1.3532
      vertex 35.4 -75.4 0.6
    endloop
  endfacet
  facet normal -1 0 0
    outer loop
      vertex 35.4 -40.6 0.6
      vertex 35.4 -55.5 1.3532
      vertex 35.4 -40.6 2
    endloop
  endfacet
  facet normal -1 0 0
    outer loop
      vertex 35.4 -40.6 0.6
      vertex 35.4 -60.5 1.3532
      vertex 35.4 -55.5 1.3532
    endloop
  endfacet
  facet normal -1 0 0
    outer loop
      vertex 35.4 -75.4 0.6
      vertex 35.4 -60.5 1.3532
      vertex 35.4 -40.6 0.6
    endloop
  endfacet
  facet normal -1 0 0
    outer loop
      vertex 35.4 -75.4 2
      vertex 35.4 -60.5 1.3532
      vertex 35.4 -75.4 0.6
    endloop
  endfacet
  facet normal -1 0 0
    outer loop
      vertex 35.4 -60.5 1.3532
      vertex 35.4 -75.4 2
      vertex 35.4 -60.5 2
    endloop
  endfacet
  facet normal -1 -0 0
    outer loop
      vertex 35.4 -40.6 2
      vertex 35.4 -55.5 1.3532
      vertex 35.4 -55.5 2
    endloop
  endfacet
  facet normal 0 -1 0
    outer loop
      vertex 0.599999 -40.6 2
      vertex 15.5 -40.6 1.3532
      vertex 15.5 -40.6 2
    endloop
  endfacet
  facet normal 0 -1 -0
    outer loop
      vertex 15.5 -40.6 1.3532
      vertex 0.599999 -40.6 0.6
      vertex 20.5 -40.6 1.3532
    endloop
  endfacet
  facet normal 0 -1 0
    outer loop
      vertex 0.599999 -40.6 0.6
      vertex 15.5 -40.6 1.3532
      vertex 0.599999 -40.6 2
    endloop
  endfacet
  facet normal 0 -1 0
    outer loop
      vertex 20.5 -40.6 1.3532
      vertex 35.4 -40.6 2
      vertex 20.5 -40.6 2
    endloop
  endfacet
  facet normal 0 -1 0
    outer loop
      vertex 20.5 -40.6 1.3532
      vertex 35.4 -40.6 0.6
      vertex 35.4 -40.6 2
    endloop
  endfacet
  facet normal 0 -1 0
    outer loop
      vertex 35.4 -40.6 0.6
      vertex 20.5 -40.6 1.3532
      vertex 0.599999 -40.6 0.6
    endloop
  endfacet
  facet normal 0 0 1
    outer loop
      vertex 8.34625 -46.7145 0.6
      vertex 35.4 -40.6 0.6
      vertex 8.35 -46.6 0.6
    endloop
  endfacet
  facet normal 0 0 1
    outer loop
      vertex 35.4 -40.6 0.6
      vertex 8.34625 -46.4855 0.6
      vertex 8.35 -46.6 0.6
    endloop
  endfacet
  facet normal 0 0 1
    outer loop
      vertex 35.4 -40.6 0.6
      vertex 8.33503 -46.3716 0.6
      vertex 8.34625 -46.4855 0.6
    endloop
  endfacet
  facet normal 0 0 1
    outer loop
      vertex 35.4 -40.6 0.6
      vertex 8.31637 -46.2586 0.6
      vertex 8.33503 -46.3716 0.6
    endloop
  endfacet
  facet normal 0 0 1
    outer loop
      vertex 35.4 -40.6 0.6
      vertex 8.29037 -46.1471 0.6
      vertex 8.31637 -46.2586 0.6
    endloop
  endfacet
  facet normal 0 0 1
    outer loop
      vertex 35.4 -40.6 0.6
      vertex 8.25713 -46.0375 0.6
      vertex 8.29037 -46.1471 0.6
    endloop
  endfacet
  facet normal 0 0 1
    outer loop
      vertex 35.4 -40.6 0.6
      vertex 8.21679 -45.9303 0.6
      vertex 8.25713 -46.0375 0.6
    endloop
  endfacet
  facet normal 0 0 1
    outer loop
      vertex 35.4 -40.6 0.6
      vertex 8.16953 -45.826 0.6
      vertex 8.21679 -45.9303 0.6
    endloop
  endfacet
  facet normal 0 0 1
    outer loop
      vertex 35.4 -40.6 0.6
      vertex 8.11554 -45.725 0.6
      vertex 8.16953 -45.826 0.6
    endloop
  endfacet
  facet normal 0 0 1
    outer loop
      vertex 35.4 -40.6 0.6
      vertex 8.05507 -45.6278 0.6
      vertex 8.11554 -45.725 0.6
    endloop
  endfacet
  facet normal 0 0 1
    outer loop
      vertex 35.4 -40.6 0.6
      vertex 7.98837 -45.5347 0.6
      vertex 8.05507 -45.6278 0.6
    endloop
  endfacet
  facet normal 0 0 1
    outer loop
      vertex 35.4 -40.6 0.6
      vertex 7.91572 -45.4461 0.6
      vertex 7.98837 -45.5347 0.6
    endloop
  endfacet
  facet normal 0 0 1
    outer loop
      vertex 35.4 -40.6 0.6
      vertex 7.83744 -45.3626 0.6
      vertex 7.91572 -45.4461 0.6
    endloop
  endfacet
  facet normal 0 0 1
    outer loop
      vertex 35.4 -40.6 0.6
      vertex 7.75385 -45.2843 0.6
      vertex 7.83744 -45.3626 0.6
    endloop
  endfacet
  facet normal 0 0 1
    outer loop
      vertex 35.4 -40.6 0.6
      vertex 7.66533 -45.2116 0.6
      vertex 7.75385 -45.2843 0.6
    endloop
  endfacet
  facet normal 0 0 1
    outer loop
      vertex 35.4 -40.6 0.6
      vertex 7.57225 -45.1449 0.6
      vertex 7.66533 -45.2116 0.6
    endloop
  endfacet
  facet normal 0 0 1
    outer loop
      vertex 35.4 -40.6 0.6
      vertex 7.475 -45.0845 0.6
      vertex 7.57225 -45.1449 0.6
    endloop
  endfacet
  facet normal 0 0 1
    outer loop
      vertex 35.4 -40.6 0.6
      vertex 7.374 -45.0305 0.6
      vertex 7.475 -45.0845 0.6
    endloop
  endfacet
  facet normal 0 0 1
    outer loop
      vertex 35.4 -40.6 0.6
      vertex 7.2697 -44.9832 0.6
      vertex 7.374 -45.0305 0.6
    endloop
  endfacet
  facet normal -0 0 1
    outer loop
      vertex 0.599999 -40.6 0.6
      vertex 7.2697 -44.9832 0.6
      vertex 35.4 -40.6 0.6
    endloop
  endfacet
  facet normal 0 0 1
    outer loop
      vertex 7.2697 -44.9832 0.6
      vertex 0.599999 -40.6 0.6
      vertex 7.16252 -44.9429 0.6
    endloop
  endfacet
  facet normal 0 0 1
    outer loop
      vertex 7.16252 -44.9429 0.6
      vertex 0.599999 -40.6 0.6
      vertex 7.05293 -44.9096 0.6
    endloop
  endfacet
  facet normal 0 0 1
    outer loop
      vertex 7.05293 -44.9096 0.6
      vertex 0.599999 -40.6 0.6
      vertex 6.94141 -44.8836 0.6
    endloop
  endfacet
  facet normal 0 0 1
    outer loop
      vertex 6.94141 -44.8836 0.6
      vertex 0.599999 -40.6 0.6
      vertex 6.82842 -44.865 0.6
    endloop
  endfacet
  facet normal 0 0 1
    outer loop
      vertex 6.82842 -44.865 0.6
      vertex 0.599999 -40.6 0.6
      vertex 6.71445 -44.8537 0.6
    endloop
  endfacet
  facet normal 0 0 1
    outer loop
      vertex 6.71445 -44.8537 0.6
      vertex 0.599999 -40.6 0.6
      vertex 6.6 -44.85 0.6
    endloop
  endfacet
  facet normal 0 0 1
    outer loop
      vertex 6.6 -44.85 0.6
      vertex 0.599999 -40.6 0.6
      vertex 6.48554 -44.8537 0.6
    endloop
  endfacet
  facet normal 0 0 1
    outer loop
      vertex 4.85375 -46.4855 0.6
      vertex 0.599999 -40.6 0.6
      vertex 4.85 -46.6 0.6
    endloop
  endfacet
  facet normal 0 0 1
    outer loop
      vertex 4.86497 -46.3716 0.6
      vertex 0.599999 -40.6 0.6
      vertex 4.85375 -46.4855 0.6
    endloop
  endfacet
  facet normal 0 0 1
    outer loop
      vertex 4.88363 -46.2586 0.6
      vertex 0.599999 -40.6 0.6
      vertex 4.86497 -46.3716 0.6
    endloop
  endfacet
  facet normal 0 0 1
    outer loop
      vertex 4.90963 -46.1471 0.6
      vertex 0.599999 -40.6 0.6
      vertex 4.88363 -46.2586 0.6
    endloop
  endfacet
  facet normal 0 0 1
    outer loop
      vertex 4.94287 -46.0375 0.6
      vertex 0.599999 -40.6 0.6
      vertex 4.90963 -46.1471 0.6
    endloop
  endfacet
  facet normal 0 0 1
    outer loop
      vertex 4.98321 -45.9303 0.6
      vertex 0.599999 -40.6 0.6
      vertex 4.94287 -46.0375 0.6
    endloop
  endfacet
  facet normal 0 0 1
    outer loop
      vertex 5.03047 -45.826 0.6
      vertex 0.599999 -40.6 0.6
      vertex 4.98321 -45.9303 0.6
    endloop
  endfacet
  facet normal 0 0 1
    outer loop
      vertex 5.08446 -45.725 0.6
      vertex 0.599999 -40.6 0.6
      vertex 5.03047 -45.826 0.6
    endloop
  endfacet
  facet normal 0 0 1
    outer loop
      vertex 5.14493 -45.6278 0.6
      vertex 0.599999 -40.6 0.6
      vertex 5.08446 -45.725 0.6
    endloop
  endfacet
  facet normal 0 0 1
    outer loop
      vertex 5.21163 -45.5347 0.6
      vertex 0.599999 -40.6 0.6
      vertex 5.14493 -45.6278 0.6
    endloop
  endfacet
  facet normal 0 0 1
    outer loop
      vertex 5.28428 -45.4461 0.6
      vertex 0.599999 -40.6 0.6
      vertex 5.21163 -45.5347 0.6
    endloop
  endfacet
  facet normal 0 0 1
    outer loop
      vertex 5.36256 -45.3626 0.6
      vertex 0.599999 -40.6 0.6
      vertex 5.28428 -45.4461 0.6
    endloop
  endfacet
  facet normal 0 0 1
    outer loop
      vertex 5.44614 -45.2843 0.6
      vertex 0.599999 -40.6 0.6
      vertex 5.36256 -45.3626 0.6
    endloop
  endfacet
  facet normal 0 0 1
    outer loop
      vertex 5.53467 -45.2116 0.6
      vertex 0.599999 -40.6 0.6
      vertex 5.44614 -45.2843 0.6
    endloop
  endfacet
  facet normal 0 0 1
    outer loop
      vertex 5.62775 -45.1449 0.6
      vertex 0.599999 -40.6 0.6
      vertex 5.53467 -45.2116 0.6
    endloop
  endfacet
  facet normal 0 0 1
    outer loop
      vertex 5.725 -45.0845 0.6
      vertex 0.599999 -40.6 0.6
      vertex 5.62775 -45.1449 0.6
    endloop
  endfacet
  facet normal 0 0 1
    outer loop
      vertex 5.82599 -45.0305 0.6
      vertex 0.599999 -40.6 0.6
      vertex 5.725 -45.0845 0.6
    endloop
  endfacet
  facet normal 0 0 1
    outer loop
      vertex 5.9303 -44.9832 0.6
      vertex 0.599999 -40.6 0.6
      vertex 5.82599 -45.0305 0.6
    endloop
  endfacet
  facet normal 0 0 1
    outer loop
      vertex 6.03748 -44.9429 0.6
      vertex 0.599999 -40.6 0.6
      vertex 5.9303 -44.9832 0.6
    endloop
  endfacet
  facet normal 0 0 1
    outer loop
      vertex 6.14707 -44.9096 0.6
      vertex 0.599999 -40.6 0.6
      vertex 6.03748 -44.9429 0.6
    endloop
  endfacet
  facet normal 0 0 1
    outer loop
      vertex 6.25859 -44.8836 0.6
      vertex 0.599999 -40.6 0.6
      vertex 6.14707 -44.9096 0.6
    endloop
  endfacet
  facet normal 0 0 1
    outer loop
      vertex 6.37158 -44.865 0.6
      vertex 0.599999 -40.6 0.6
      vertex 6.25859 -44.8836 0.6
    endloop
  endfacet
  facet normal 0 0 1
    outer loop
      vertex 6.48554 -44.8537 0.6
      vertex 0.599999 -40.6 0.6
      vertex 6.37158 -44.865 0.6
    endloop
  endfacet
  facet normal 0 0 1
    outer loop
      vertex 8.33503 -46.8284 0.6
      vertex 35.4 -40.6 0.6
      vertex 8.34625 -46.7145 0.6
    endloop
  endfacet
  facet normal 0 0 1
    outer loop
      vertex 8.31637 -46.9414 0.6
      vertex 35.4 -40.6 0.6
      vertex 8.33503 -46.8284 0.6
    endloop
  endfacet
  facet normal 0 0 1
    outer loop
      vertex 8.29037 -47.0529 0.6
      vertex 35.4 -40.6 0.6
      vertex 8.31637 -46.9414 0.6
    endloop
  endfacet
  facet normal 0 0 1
    outer loop
      vertex 8.25713 -47.1625 0.6
      vertex 35.4 -40.6 0.6
      vertex 8.29037 -47.0529 0.6
    endloop
  endfacet
  facet normal 0 0 1
    outer loop
      vertex 8.21679 -47.2697 0.6
      vertex 35.4 -40.6 0.6
      vertex 8.25713 -47.1625 0.6
    endloop
  endfacet
  facet normal 0 0 1
    outer loop
      vertex 8.16953 -47.374 0.6
      vertex 35.4 -40.6 0.6
      vertex 8.21679 -47.2697 0.6
    endloop
  endfacet
  facet normal 0 0 1
    outer loop
      vertex 8.11554 -47.475 0.6
      vertex 35.4 -40.6 0.6
      vertex 8.16953 -47.374 0.6
    endloop
  endfacet
  facet normal 0 0 1
    outer loop
      vertex 35.4 -40.6 0.6
      vertex 8.11554 -47.475 0.6
      vertex 35.4 -75.4 0.6
    endloop
  endfacet
  facet normal -0 0 1
    outer loop
      vertex 8.05507 -47.5722 0.6
      vertex 35.4 -75.4 0.6
      vertex 8.11554 -47.475 0.6
    endloop
  endfacet
  facet normal -0 0 1
    outer loop
      vertex 7.98837 -47.6653 0.6
      vertex 35.4 -75.4 0.6
      vertex 8.05507 -47.5722 0.6
    endloop
  endfacet
  facet normal -0 0 1
    outer loop
      vertex 7.91572 -47.7539 0.6
      vertex 35.4 -75.4 0.6
      vertex 7.98837 -47.6653 0.6
    endloop
  endfacet
  facet normal -0 0 1
    outer loop
      vertex 7.83744 -47.8374 0.6
      vertex 35.4 -75.4 0.6
      vertex 7.91572 -47.7539 0.6
    endloop
  endfacet
  facet normal -0 0 1
    outer loop
      vertex 7.75385 -47.9157 0.6
      vertex 35.4 -75.4 0.6
      vertex 7.83744 -47.8374 0.6
    endloop
  endfacet
  facet normal -0 0 1
    outer loop
      vertex 7.66533 -47.9884 0.6
      vertex 35.4 -75.4 0.6
      vertex 7.75385 -47.9157 0.6
    endloop
  endfacet
  facet normal -0 0 1
    outer loop
      vertex 7.57225 -48.0551 0.6
      vertex 35.4 -75.4 0.6
      vertex 7.66533 -47.9884 0.6
    endloop
  endfacet
  facet normal -0 0 1
    outer loop
      vertex 7.475 -48.1155 0.6
      vertex 35.4 -75.4 0.6
      vertex 7.57225 -48.0551 0.6
    endloop
  endfacet
  facet normal 0 0 1
    outer loop
      vertex 0.599999 -75.4 0.6
      vertex 7.475 -48.1155 0.6
      vertex 7.374 -48.1695 0.6
    endloop
  endfacet
  facet normal 0 0 1
    outer loop
      vertex 0.599999 -75.4 0.6
      vertex 7.374 -48.1695 0.6
      vertex 7.2697 -48.2168 0.6
    endloop
  endfacet
  facet normal 0 0 1
    outer loop
      vertex 0.599999 -75.4 0.6
      vertex 7.2697 -48.2168 0.6
      vertex 7.16252 -48.2571 0.6
    endloop
  endfacet
  facet normal 0 0 1
    outer loop
      vertex 0.599999 -75.4 0.6
      vertex 7.16252 -48.2571 0.6
      vertex 7.05293 -48.2904 0.6
    endloop
  endfacet
  facet normal 0 0 1
    outer loop
      vertex 0.599999 -75.4 0.6
      vertex 7.05293 -48.2904 0.6
      vertex 6.94141 -48.3164 0.6
    endloop
  endfacet
  facet normal 0 0 1
    outer loop
      vertex 0.599999 -75.4 0.6
      vertex 6.94141 -48.3164 0.6
      vertex 6.82842 -48.335 0.6
    endloop
  endfacet
  facet normal 0 0 1
    outer loop
      vertex 0.599999 -75.4 0.6
      vertex 6.82842 -48.335 0.6
      vertex 6.71445 -48.3463 0.6
    endloop
  endfacet
  facet normal 0 0 1
    outer loop
      vertex 0.599999 -75.4 0.6
      vertex 6.71445 -48.3463 0.6
      vertex 6.6 -48.35 0.6
    endloop
  endfacet
  facet normal 0 0 1
    outer loop
      vertex 0.599999 -75.4 0.6
      vertex 6.6 -48.35 0.6
      vertex 6.48554 -48.3463 0.6
    endloop
  endfacet
  facet normal 0 0 1
    outer loop
      vertex 0.599999 -75.4 0.6
      vertex 6.48554 -48.3463 0.6
      vertex 6.37158 -48.335 0.6
    endloop
  endfacet
  facet normal 0 0 1
    outer loop
      vertex 0.599999 -75.4 0.6
      vertex 6.37158 -48.335 0.6
      vertex 6.25859 -48.3164 0.6
    endloop
  endfacet
  facet normal 0 0 1
    outer loop
      vertex 0.599999 -75.4 0.6
      vertex 6.25859 -48.3164 0.6
      vertex 6.14707 -48.2904 0.6
    endloop
  endfacet
  facet normal 0 0 1
    outer loop
      vertex 0.599999 -75.4 0.6
      vertex 6.14707 -48.2904 0.6
      vertex 6.03748 -48.2571 0.6
    endloop
  endfacet
  facet normal 0 0 1
    outer loop
      vertex 0.599999 -75.4 0.6
      vertex 6.03748 -48.2571 0.6
      vertex 5.9303 -48.2168 0.6
    endloop
  endfacet
  facet normal 0 0 1
    outer loop
      vertex 0.599999 -75.4 0.6
      vertex 5.9303 -48.2168 0.6
      vertex 5.82599 -48.1695 0.6
    endloop
  endfacet
  facet normal 0 0 1
    outer loop
      vertex 0.599999 -75.4 0.6
      vertex 5.82599 -48.1695 0.6
      vertex 5.725 -48.1155 0.6
    endloop
  endfacet
  facet normal 0 0 1
    outer loop
      vertex 0.599999 -75.4 0.6
      vertex 5.725 -48.1155 0.6
      vertex 5.62775 -48.0551 0.6
    endloop
  endfacet
  facet normal 0 0 1
    outer loop
      vertex 0.599999 -75.4 0.6
      vertex 5.62775 -48.0551 0.6
      vertex 5.53467 -47.9884 0.6
    endloop
  endfacet
  facet normal 0 0 1
    outer loop
      vertex 0.599999 -75.4 0.6
      vertex 5.53467 -47.9884 0.6
      vertex 5.44614 -47.9157 0.6
    endloop
  endfacet
  facet normal 0 0 1
    outer loop
      vertex 0.599999 -40.6 0.6
      vertex 4.85375 -46.7145 0.6
      vertex 4.85 -46.6 0.6
    endloop
  endfacet
  facet normal 0 0 1
    outer loop
      vertex 0.599999 -40.6 0.6
      vertex 4.86497 -46.8284 0.6
      vertex 4.85375 -46.7145 0.6
    endloop
  endfacet
  facet normal 0 0 1
    outer loop
      vertex 0.599999 -40.6 0.6
      vertex 4.88363 -46.9414 0.6
      vertex 4.86497 -46.8284 0.6
    endloop
  endfacet
  facet normal 0 0 1
    outer loop
      vertex 0.599999 -40.6 0.6
      vertex 4.90963 -47.0529 0.6
      vertex 4.88363 -46.9414 0.6
    endloop
  endfacet
  facet normal 0 0 1
    outer loop
      vertex 0.599999 -40.6 0.6
      vertex 4.94287 -47.1625 0.6
      vertex 4.90963 -47.0529 0.6
    endloop
  endfacet
  facet normal 0 0 1
    outer loop
      vertex 0.599999 -40.6 0.6
      vertex 4.98321 -47.2697 0.6
      vertex 4.94287 -47.1625 0.6
    endloop
  endfacet
  facet normal 0 0 1
    outer loop
      vertex 0.599999 -40.6 0.6
      vertex 5.03047 -47.374 0.6
      vertex 4.98321 -47.2697 0.6
    endloop
  endfacet
  facet normal 0 0 1
    outer loop
      vertex 0.599999 -75.4 0.6
      vertex 5.03047 -47.374 0.6
      vertex 0.599999 -40.6 0.6
    endloop
  endfacet
  facet normal 0 0 1
    outer loop
      vertex 5.03047 -47.374 0.6
      vertex 0.599999 -75.4 0.6
      vertex 5.08446 -47.475 0.6
    endloop
  endfacet
  facet normal 0 0 1
    outer loop
      vertex 7.475 -48.1155 0.6
      vertex 0.599999 -75.4 0.6
      vertex 35.4 -75.4 0.6
    endloop
  endfacet
  facet normal 0 0 1
    outer loop
      vertex 5.36256 -47.8374 0.6
      vertex 0.599999 -75.4 0.6
      vertex 5.44614 -47.9157 0.6
    endloop
  endfacet
  facet normal 0 0 1
    outer loop
      vertex 5.28428 -47.7539 0.6
      vertex 0.599999 -75.4 0.6
      vertex 5.36256 -47.8374 0.6
    endloop
  endfacet
  facet normal 0 0 1
    outer loop
      vertex 5.21163 -47.6653 0.6
      vertex 0.599999 -75.4 0.6
      vertex 5.28428 -47.7539 0.6
    endloop
  endfacet
  facet normal 0 0 1
    outer loop
      vertex 5.14493 -47.5722 0.6
      vertex 0.599999 -75.4 0.6
      vertex 5.21163 -47.6653 0.6
    endloop
  endfacet
  facet normal 0 0 1
    outer loop
      vertex 5.08446 -47.475 0.6
      vertex 0.599999 -75.4 0.6
      vertex 5.14493 -47.5722 0.6
    endloop
  endfacet
  facet normal -0.986638 -0.162926 0
    outer loop
      vertex 8.33503 -46.3716 0
      vertex 8.31637 -46.2586 0.6
      vertex 8.31637 -46.2586 0
    endloop
  endfacet
  facet normal -0.986638 -0.162926 0
    outer loop
      vertex 8.31637 -46.2586 0.6
      vertex 8.33503 -46.3716 0
      vertex 8.33503 -46.3716 0.6
    endloop
  endfacet
  facet normal -0.999464 -0.0327335 0
    outer loop
      vertex 8.35 -46.6 0
      vertex 8.34625 -46.4855 0.6
      vertex 8.34625 -46.4855 0
    endloop
  endfacet
  facet normal -0.999464 -0.0327335 0
    outer loop
      vertex 8.34625 -46.4855 0.6
      vertex 8.35 -46.6 0
      vertex 8.35 -46.6 0.6
    endloop
  endfacet
  facet normal 0.999464 -0.0327335 0
    outer loop
      vertex 4.85 -46.6 0.6
      vertex 4.85375 -46.4855 0
      vertex 4.85375 -46.4855 0.6
    endloop
  endfacet
  facet normal 0.999464 -0.0327335 0
    outer loop
      vertex 4.85375 -46.4855 0
      vertex 4.85 -46.6 0.6
      vertex 4.85 -46.6 0
    endloop
  endfacet
  facet normal -0.0323116 -0.999478 0
    outer loop
      vertex 6.6 -44.85 0
      vertex 6.71445 -44.8537 0.6
      vertex 6.6 -44.85 0.6
    endloop
  endfacet
  facet normal -0.0323116 -0.999478 -0
    outer loop
      vertex 6.71445 -44.8537 0.6
      vertex 6.6 -44.85 0
      vertex 6.71445 -44.8537 0
    endloop
  endfacet
  facet normal -0.729543 -0.683935 0
    outer loop
      vertex 7.91572 -45.4461 0
      vertex 7.83744 -45.3626 0.6
      vertex 7.83744 -45.3626 0
    endloop
  endfacet
  facet normal -0.729543 -0.683935 0
    outer loop
      vertex 7.83744 -45.3626 0.6
      vertex 7.91572 -45.4461 0
      vertex 7.91572 -45.4461 0.6
    endloop
  endfacet
  facet normal 0.68368 -0.729782 0
    outer loop
      vertex 5.36256 -45.3626 0
      vertex 5.44614 -45.2843 0.6
      vertex 5.36256 -45.3626 0.6
    endloop
  endfacet
  facet normal 0.68368 -0.729782 0
    outer loop
      vertex 5.44614 -45.2843 0.6
      vertex 5.36256 -45.3626 0
      vertex 5.44614 -45.2843 0
    endloop
  endfacet
  facet normal -0.910856 -0.412724 0
    outer loop
      vertex 8.21679 -45.9303 0
      vertex 8.16953 -45.826 0.6
      vertex 8.16953 -45.826 0
    endloop
  endfacet
  facet normal -0.910856 -0.412724 0
    outer loop
      vertex 8.16953 -45.826 0.6
      vertex 8.21679 -45.9303 0
      vertex 8.21679 -45.9303 0.6
    endloop
  endfacet
  facet normal -0.413013 -0.910725 0
    outer loop
      vertex 7.2697 -44.9832 0
      vertex 7.374 -45.0305 0.6
      vertex 7.2697 -44.9832 0.6
    endloop
  endfacet
  facet normal -0.413013 -0.910725 -0
    outer loop
      vertex 7.374 -45.0305 0.6
      vertex 7.2697 -44.9832 0
      vertex 7.374 -45.0305 0
    endloop
  endfacet
  facet normal 0.812907 -0.582394 0
    outer loop
      vertex 5.14493 -45.6278 0.6
      vertex 5.21163 -45.5347 0
      vertex 5.21163 -45.5347 0.6
    endloop
  endfacet
  facet normal 0.812907 -0.582394 0
    outer loop
      vertex 5.21163 -45.5347 0
      vertex 5.14493 -45.6278 0.6
      vertex 5.14493 -45.6278 0
    endloop
  endfacet
  facet normal -0.881905 0.471426 0
    outer loop
      vertex 8.11554 -47.475 0
      vertex 8.16953 -47.374 0.6
      vertex 8.16953 -47.374 0
    endloop
  endfacet
  facet normal -0.881905 0.471426 0
    outer loop
      vertex 8.16953 -47.374 0.6
      vertex 8.11554 -47.475 0
      vertex 8.11554 -47.475 0.6
    endloop
  endfacet
  facet normal -0.227053 0.973882 0
    outer loop
      vertex 7.05293 -48.2904 0
      vertex 6.94141 -48.3164 0.6
      vertex 7.05293 -48.2904 0.6
    endloop
  endfacet
  facet normal -0.227053 0.973882 0
    outer loop
      vertex 6.94141 -48.3164 0.6
      vertex 7.05293 -48.2904 0
      vertex 6.94141 -48.3164 0
    endloop
  endfacet
  facet normal -0.683636 0.729823 0
    outer loop
      vertex 7.83744 -47.8374 0
      vertex 7.75385 -47.9157 0.6
      vertex 7.83744 -47.8374 0.6
    endloop
  endfacet
  facet normal -0.683636 0.729823 0
    outer loop
      vertex 7.75385 -47.9157 0.6
      vertex 7.83744 -47.8374 0
      vertex 7.75385 -47.9157 0
    endloop
  endfacet
  facet normal 0.351946 0.93602 -0
    outer loop
      vertex 6.03748 -48.2571 0
      vertex 5.9303 -48.2168 0.6
      vertex 6.03748 -48.2571 0.6
    endloop
  endfacet
  facet normal 0.351946 0.93602 0
    outer loop
      vertex 5.9303 -48.2168 0.6
      vertex 6.03748 -48.2571 0
      vertex 5.9303 -48.2168 0
    endloop
  endfacet
  facet normal 0.773276 0.634069 0
    outer loop
      vertex 5.28428 -47.7539 0.6
      vertex 5.21163 -47.6653 0
      vertex 5.21163 -47.6653 0.6
    endloop
  endfacet
  facet normal 0.773276 0.634069 0
    outer loop
      vertex 5.21163 -47.6653 0
      vertex 5.28428 -47.7539 0.6
      vertex 5.28428 -47.7539 0
    endloop
  endfacet
  facet normal 0.956957 0.29023 0
    outer loop
      vertex 4.94287 -47.1625 0.6
      vertex 4.90963 -47.0529 0
      vertex 4.90963 -47.0529 0.6
    endloop
  endfacet
  facet normal 0.956957 0.29023 0
    outer loop
      vertex 4.90963 -47.0529 0
      vertex 4.94287 -47.1625 0.6
      vertex 4.94287 -47.1625 0
    endloop
  endfacet
  facet normal -0.973873 -0.227092 0
    outer loop
      vertex 8.31637 -46.2586 0
      vertex 8.29037 -46.1471 0.6
      vertex 8.29037 -46.1471 0
    endloop
  endfacet
  facet normal -0.973873 -0.227092 0
    outer loop
      vertex 8.29037 -46.1471 0.6
      vertex 8.31637 -46.2586 0
      vertex 8.31637 -46.2586 0.6
    endloop
  endfacet
  facet normal -0.956957 -0.29023 0
    outer loop
      vertex 8.29037 -46.1471 0
      vertex 8.25713 -46.0375 0.6
      vertex 8.25713 -46.0375 0
    endloop
  endfacet
  facet normal -0.956957 -0.29023 0
    outer loop
      vertex 8.25713 -46.0375 0.6
      vertex 8.29037 -46.1471 0
      vertex 8.29037 -46.1471 0.6
    endloop
  endfacet
  facet normal -0.773276 -0.634069 0
    outer loop
      vertex 7.98837 -45.5347 0
      vertex 7.91572 -45.4461 0.6
      vertex 7.91572 -45.4461 0
    endloop
  endfacet
  facet normal -0.773276 -0.634069 0
    outer loop
      vertex 7.91572 -45.4461 0.6
      vertex 7.98837 -45.5347 0
      vertex 7.98837 -45.5347 0.6
    endloop
  endfacet
  facet normal -0.881905 -0.471426 0
    outer loop
      vertex 8.16953 -45.826 0
      vertex 8.11554 -45.725 0.6
      vertex 8.11554 -45.725 0
    endloop
  endfacet
  facet normal -0.881905 -0.471426 0
    outer loop
      vertex 8.11554 -45.725 0.6
      vertex 8.16953 -45.826 0
      vertex 8.16953 -45.826 0.6
    endloop
  endfacet
  facet normal -0.227053 -0.973882 0
    outer loop
      vertex 6.94141 -44.8836 0
      vertex 7.05293 -44.9096 0.6
      vertex 6.94141 -44.8836 0.6
    endloop
  endfacet
  facet normal -0.227053 -0.973882 -0
    outer loop
      vertex 7.05293 -44.9096 0.6
      vertex 6.94141 -44.8836 0
      vertex 7.05293 -44.9096 0
    endloop
  endfacet
  facet normal -0.290734 -0.956804 0
    outer loop
      vertex 7.05293 -44.9096 0
      vertex 7.16252 -44.9429 0.6
      vertex 7.05293 -44.9096 0.6
    endloop
  endfacet
  facet normal -0.290734 -0.956804 -0
    outer loop
      vertex 7.16252 -44.9429 0.6
      vertex 7.05293 -44.9096 0
      vertex 7.16252 -44.9429 0
    endloop
  endfacet
  facet normal -0.0986651 -0.995121 0
    outer loop
      vertex 6.71445 -44.8537 0
      vertex 6.82842 -44.865 0.6
      vertex 6.71445 -44.8537 0.6
    endloop
  endfacet
  facet normal -0.0986651 -0.995121 -0
    outer loop
      vertex 6.82842 -44.865 0.6
      vertex 6.71445 -44.8537 0
      vertex 6.82842 -44.865 0
    endloop
  endfacet
  facet normal -0.582477 -0.812847 0
    outer loop
      vertex 7.57225 -45.1449 0
      vertex 7.66533 -45.2116 0.6
      vertex 7.57225 -45.1449 0.6
    endloop
  endfacet
  facet normal -0.582477 -0.812847 -0
    outer loop
      vertex 7.66533 -45.2116 0.6
      vertex 7.57225 -45.1449 0
      vertex 7.66533 -45.2116 0
    endloop
  endfacet
  facet normal 0.973873 -0.227092 0
    outer loop
      vertex 4.88363 -46.2586 0.6
      vertex 4.90963 -46.1471 0
      vertex 4.90963 -46.1471 0.6
    endloop
  endfacet
  facet normal 0.973873 -0.227092 0
    outer loop
      vertex 4.90963 -46.1471 0
      vertex 4.88363 -46.2586 0.6
      vertex 4.88363 -46.2586 0
    endloop
  endfacet
  facet normal 0.773276 -0.634069 0
    outer loop
      vertex 5.21163 -45.5347 0.6
      vertex 5.28428 -45.4461 0
      vertex 5.28428 -45.4461 0.6
    endloop
  endfacet
  facet normal 0.773276 -0.634069 0
    outer loop
      vertex 5.28428 -45.4461 0
      vertex 5.21163 -45.5347 0.6
      vertex 5.21163 -45.5347 0
    endloop
  endfacet
  facet normal 0.910856 -0.412724 0
    outer loop
      vertex 4.98321 -45.9303 0.6
      vertex 5.03047 -45.826 0
      vertex 5.03047 -45.826 0.6
    endloop
  endfacet
  facet normal 0.910856 -0.412724 0
    outer loop
      vertex 5.03047 -45.826 0
      vertex 4.98321 -45.9303 0.6
      vertex 4.98321 -45.9303 0
    endloop
  endfacet
  facet normal 0.881905 -0.471426 0
    outer loop
      vertex 5.03047 -45.826 0.6
      vertex 5.08446 -45.725 0
      vertex 5.08446 -45.725 0.6
    endloop
  endfacet
  facet normal 0.881905 -0.471426 0
    outer loop
      vertex 5.08446 -45.725 0
      vertex 5.03047 -45.826 0.6
      vertex 5.03047 -45.826 0
    endloop
  endfacet
  facet normal 0.956957 -0.29023 0
    outer loop
      vertex 4.90963 -46.1471 0.6
      vertex 4.94287 -46.0375 0
      vertex 4.94287 -46.0375 0.6
    endloop
  endfacet
  facet normal 0.956957 -0.29023 0
    outer loop
      vertex 4.94287 -46.0375 0
      vertex 4.90963 -46.1471 0.6
      vertex 4.90963 -46.1471 0
    endloop
  endfacet
  facet normal 0.995183 -0.098033 0
    outer loop
      vertex 4.85375 -46.4855 0.6
      vertex 4.86497 -46.3716 0
      vertex 4.86497 -46.3716 0.6
    endloop
  endfacet
  facet normal 0.995183 -0.098033 0
    outer loop
      vertex 4.86497 -46.3716 0
      vertex 4.85375 -46.4855 0.6
      vertex 4.85375 -46.4855 0
    endloop
  endfacet
  facet normal 0.471531 -0.88185 0
    outer loop
      vertex 5.725 -45.0845 0
      vertex 5.82599 -45.0305 0.6
      vertex 5.725 -45.0845 0.6
    endloop
  endfacet
  facet normal 0.471531 -0.88185 0
    outer loop
      vertex 5.82599 -45.0305 0.6
      vertex 5.725 -45.0845 0
      vertex 5.82599 -45.0305 0
    endloop
  endfacet
  facet normal 0.582477 -0.812847 0
    outer loop
      vertex 5.53467 -45.2116 0
      vertex 5.62775 -45.1449 0.6
      vertex 5.53467 -45.2116 0.6
    endloop
  endfacet
  facet normal 0.582477 -0.812847 0
    outer loop
      vertex 5.62775 -45.1449 0.6
      vertex 5.53467 -45.2116 0
      vertex 5.62775 -45.1449 0
    endloop
  endfacet
  facet normal 0.227053 -0.973882 0
    outer loop
      vertex 6.14707 -44.9096 0
      vertex 6.25859 -44.8836 0.6
      vertex 6.14707 -44.9096 0.6
    endloop
  endfacet
  facet normal 0.227053 -0.973882 0
    outer loop
      vertex 6.25859 -44.8836 0.6
      vertex 6.14707 -44.9096 0
      vertex 6.25859 -44.8836 0
    endloop
  endfacet
  facet normal 0.0323088 -0.999478 0
    outer loop
      vertex 6.48554 -44.8537 0
      vertex 6.6 -44.85 0.6
      vertex 6.48554 -44.8537 0.6
    endloop
  endfacet
  facet normal 0.0323088 -0.999478 0
    outer loop
      vertex 6.6 -44.85 0.6
      vertex 6.48554 -44.8537 0
      vertex 6.6 -44.85 0
    endloop
  endfacet
  facet normal -0.999464 0.0327335 0
    outer loop
      vertex 8.34625 -46.7145 0
      vertex 8.35 -46.6 0.6
      vertex 8.35 -46.6 0
    endloop
  endfacet
  facet normal -0.999464 0.0327335 0
    outer loop
      vertex 8.35 -46.6 0.6
      vertex 8.34625 -46.7145 0
      vertex 8.34625 -46.7145 0.6
    endloop
  endfacet
  facet normal -0.0986651 0.995121 0
    outer loop
      vertex 6.82842 -48.335 0
      vertex 6.71445 -48.3463 0.6
      vertex 6.82842 -48.335 0.6
    endloop
  endfacet
  facet normal -0.0986651 0.995121 0
    outer loop
      vertex 6.71445 -48.3463 0.6
      vertex 6.82842 -48.335 0
      vertex 6.71445 -48.3463 0
    endloop
  endfacet
  facet normal -0.0323116 0.999478 0
    outer loop
      vertex 6.71445 -48.3463 0
      vertex 6.6 -48.35 0.6
      vertex 6.71445 -48.3463 0.6
    endloop
  endfacet
  facet normal -0.0323116 0.999478 0
    outer loop
      vertex 6.6 -48.35 0.6
      vertex 6.71445 -48.3463 0
      vertex 6.6 -48.35 0
    endloop
  endfacet
  facet normal -0.351946 0.93602 0
    outer loop
      vertex 7.2697 -48.2168 0
      vertex 7.16252 -48.2571 0.6
      vertex 7.2697 -48.2168 0.6
    endloop
  endfacet
  facet normal -0.351946 0.93602 0
    outer loop
      vertex 7.16252 -48.2571 0.6
      vertex 7.2697 -48.2168 0
      vertex 7.16252 -48.2571 0
    endloop
  endfacet
  facet normal -0.582477 0.812847 0
    outer loop
      vertex 7.66533 -47.9884 0
      vertex 7.57225 -48.0551 0.6
      vertex 7.66533 -47.9884 0.6
    endloop
  endfacet
  facet normal -0.582477 0.812847 0
    outer loop
      vertex 7.57225 -48.0551 0.6
      vertex 7.66533 -47.9884 0
      vertex 7.57225 -48.0551 0
    endloop
  endfacet
  facet normal -0.935927 0.352195 0
    outer loop
      vertex 8.21679 -47.2697 0
      vertex 8.25713 -47.1625 0.6
      vertex 8.25713 -47.1625 0
    endloop
  endfacet
  facet normal -0.935927 0.352195 0
    outer loop
      vertex 8.25713 -47.1625 0.6
      vertex 8.21679 -47.2697 0
      vertex 8.21679 -47.2697 0.6
    endloop
  endfacet
  facet normal -0.956957 0.29023 0
    outer loop
      vertex 8.25713 -47.1625 0
      vertex 8.29037 -47.0529 0.6
      vertex 8.29037 -47.0529 0
    endloop
  endfacet
  facet normal -0.956957 0.29023 0
    outer loop
      vertex 8.29037 -47.0529 0.6
      vertex 8.25713 -47.1625 0
      vertex 8.25713 -47.1625 0.6
    endloop
  endfacet
  facet normal -0.973873 0.227092 0
    outer loop
      vertex 8.29037 -47.0529 0
      vertex 8.31637 -46.9414 0.6
      vertex 8.31637 -46.9414 0
    endloop
  endfacet
  facet normal -0.973873 0.227092 0
    outer loop
      vertex 8.31637 -46.9414 0.6
      vertex 8.29037 -47.0529 0
      vertex 8.29037 -47.0529 0.6
    endloop
  endfacet
  facet normal -0.995183 0.098033 0
    outer loop
      vertex 8.33503 -46.8284 0
      vertex 8.34625 -46.7145 0.6
      vertex 8.34625 -46.7145 0
    endloop
  endfacet
  facet normal -0.995183 0.098033 0
    outer loop
      vertex 8.34625 -46.7145 0.6
      vertex 8.33503 -46.8284 0
      vertex 8.33503 -46.8284 0.6
    endloop
  endfacet
  facet normal 0.41298 0.91074 -0
    outer loop
      vertex 5.9303 -48.2168 0
      vertex 5.82599 -48.1695 0.6
      vertex 5.9303 -48.2168 0.6
    endloop
  endfacet
  facet normal 0.41298 0.91074 0
    outer loop
      vertex 5.82599 -48.1695 0.6
      vertex 5.9303 -48.2168 0
      vertex 5.82599 -48.1695 0
    endloop
  endfacet
  facet normal 0.527602 0.849492 -0
    outer loop
      vertex 5.725 -48.1155 0
      vertex 5.62775 -48.0551 0.6
      vertex 5.725 -48.1155 0.6
    endloop
  endfacet
  facet normal 0.527602 0.849492 0
    outer loop
      vertex 5.62775 -48.0551 0.6
      vertex 5.725 -48.1155 0
      vertex 5.62775 -48.0551 0
    endloop
  endfacet
  facet normal 0.16243 0.98672 -0
    outer loop
      vertex 6.37158 -48.335 0
      vertex 6.25859 -48.3164 0.6
      vertex 6.37158 -48.335 0.6
    endloop
  endfacet
  facet normal 0.16243 0.98672 0
    outer loop
      vertex 6.25859 -48.3164 0.6
      vertex 6.37158 -48.335 0
      vertex 6.25859 -48.3164 0
    endloop
  endfacet
  facet normal 0.849096 0.528239 0
    outer loop
      vertex 5.14493 -47.5722 0.6
      vertex 5.08446 -47.475 0
      vertex 5.08446 -47.475 0.6
    endloop
  endfacet
  facet normal 0.849096 0.528239 0
    outer loop
      vertex 5.08446 -47.475 0
      vertex 5.14493 -47.5722 0.6
      vertex 5.14493 -47.5722 0
    endloop
  endfacet
  facet normal 0.910856 0.412724 0
    outer loop
      vertex 5.03047 -47.374 0.6
      vertex 4.98321 -47.2697 0
      vertex 4.98321 -47.2697 0.6
    endloop
  endfacet
  facet normal 0.910856 0.412724 0
    outer loop
      vertex 4.98321 -47.2697 0
      vertex 5.03047 -47.374 0.6
      vertex 5.03047 -47.374 0
    endloop
  endfacet
  facet normal 0.812907 0.582394 0
    outer loop
      vertex 5.21163 -47.6653 0.6
      vertex 5.14493 -47.5722 0
      vertex 5.14493 -47.5722 0.6
    endloop
  endfacet
  facet normal 0.812907 0.582394 0
    outer loop
      vertex 5.14493 -47.5722 0
      vertex 5.21163 -47.6653 0.6
      vertex 5.21163 -47.6653 0
    endloop
  endfacet
  facet normal 0.999464 0.0327335 0
    outer loop
      vertex 4.85375 -46.7145 0.6
      vertex 4.85 -46.6 0
      vertex 4.85 -46.6 0.6
    endloop
  endfacet
  facet normal 0.999464 0.0327335 0
    outer loop
      vertex 4.85 -46.6 0
      vertex 4.85375 -46.7145 0.6
      vertex 4.85375 -46.7145 0
    endloop
  endfacet
  facet normal 0.973873 0.227092 0
    outer loop
      vertex 4.90963 -47.0529 0.6
      vertex 4.88363 -46.9414 0
      vertex 4.88363 -46.9414 0.6
    endloop
  endfacet
  facet normal 0.973873 0.227092 0
    outer loop
      vertex 4.88363 -46.9414 0
      vertex 4.90963 -47.0529 0.6
      vertex 4.90963 -47.0529 0
    endloop
  endfacet
  facet normal -0.935927 -0.352195 0
    outer loop
      vertex 8.25713 -46.0375 0
      vertex 8.21679 -45.9303 0.6
      vertex 8.21679 -45.9303 0
    endloop
  endfacet
  facet normal -0.935927 -0.352195 0
    outer loop
      vertex 8.21679 -45.9303 0.6
      vertex 8.25713 -46.0375 0
      vertex 8.25713 -46.0375 0.6
    endloop
  endfacet
  facet normal -0.812907 -0.582394 0
    outer loop
      vertex 8.05507 -45.6278 0
      vertex 7.98837 -45.5347 0.6
      vertex 7.98837 -45.5347 0
    endloop
  endfacet
  facet normal -0.812907 -0.582394 0
    outer loop
      vertex 7.98837 -45.5347 0.6
      vertex 8.05507 -45.6278 0
      vertex 8.05507 -45.6278 0.6
    endloop
  endfacet
  facet normal -0.527602 -0.849492 0
    outer loop
      vertex 7.475 -45.0845 0
      vertex 7.57225 -45.1449 0.6
      vertex 7.475 -45.0845 0.6
    endloop
  endfacet
  facet normal -0.527602 -0.849492 -0
    outer loop
      vertex 7.57225 -45.1449 0.6
      vertex 7.475 -45.0845 0
      vertex 7.57225 -45.1449 0
    endloop
  endfacet
  facet normal -0.471494 -0.881869 0
    outer loop
      vertex 7.374 -45.0305 0
      vertex 7.475 -45.0845 0.6
      vertex 7.374 -45.0305 0.6
    endloop
  endfacet
  facet normal -0.471494 -0.881869 -0
    outer loop
      vertex 7.475 -45.0845 0.6
      vertex 7.374 -45.0305 0
      vertex 7.475 -45.0845 0
    endloop
  endfacet
  facet normal -0.683636 -0.729823 0
    outer loop
      vertex 7.75385 -45.2843 0
      vertex 7.83744 -45.3626 0.6
      vertex 7.75385 -45.2843 0.6
    endloop
  endfacet
  facet normal -0.683636 -0.729823 -0
    outer loop
      vertex 7.83744 -45.3626 0.6
      vertex 7.75385 -45.2843 0
      vertex 7.83744 -45.3626 0
    endloop
  endfacet
  facet normal -0.634672 -0.772781 0
    outer loop
      vertex 7.66533 -45.2116 0
      vertex 7.75385 -45.2843 0.6
      vertex 7.66533 -45.2116 0.6
    endloop
  endfacet
  facet normal -0.634672 -0.772781 -0
    outer loop
      vertex 7.75385 -45.2843 0.6
      vertex 7.66533 -45.2116 0
      vertex 7.75385 -45.2843 0
    endloop
  endfacet
  facet normal 0.729543 -0.683935 0
    outer loop
      vertex 5.28428 -45.4461 0.6
      vertex 5.36256 -45.3626 0
      vertex 5.36256 -45.3626 0.6
    endloop
  endfacet
  facet normal 0.729543 -0.683935 0
    outer loop
      vertex 5.36256 -45.3626 0
      vertex 5.28428 -45.4461 0.6
      vertex 5.28428 -45.4461 0
    endloop
  endfacet
  facet normal 0.986638 -0.162926 0
    outer loop
      vertex 4.86497 -46.3716 0.6
      vertex 4.88363 -46.2586 0
      vertex 4.88363 -46.2586 0.6
    endloop
  endfacet
  facet normal 0.986638 -0.162926 0
    outer loop
      vertex 4.88363 -46.2586 0
      vertex 4.86497 -46.3716 0.6
      vertex 4.86497 -46.3716 0
    endloop
  endfacet
  facet normal 0.63463 -0.772816 0
    outer loop
      vertex 5.44614 -45.2843 0
      vertex 5.53467 -45.2116 0.6
      vertex 5.44614 -45.2843 0.6
    endloop
  endfacet
  facet normal 0.63463 -0.772816 0
    outer loop
      vertex 5.53467 -45.2116 0.6
      vertex 5.44614 -45.2843 0
      vertex 5.53467 -45.2116 0
    endloop
  endfacet
  facet normal 0.41298 -0.91074 0
    outer loop
      vertex 5.82599 -45.0305 0
      vertex 5.9303 -44.9832 0.6
      vertex 5.82599 -45.0305 0.6
    endloop
  endfacet
  facet normal 0.41298 -0.91074 0
    outer loop
      vertex 5.9303 -44.9832 0.6
      vertex 5.82599 -45.0305 0
      vertex 5.9303 -44.9832 0
    endloop
  endfacet
  facet normal 0.527602 -0.849492 0
    outer loop
      vertex 5.62775 -45.1449 0
      vertex 5.725 -45.0845 0.6
      vertex 5.62775 -45.1449 0.6
    endloop
  endfacet
  facet normal 0.527602 -0.849492 0
    outer loop
      vertex 5.725 -45.0845 0.6
      vertex 5.62775 -45.1449 0
      vertex 5.725 -45.0845 0
    endloop
  endfacet
  facet normal 0.351946 -0.93602 0
    outer loop
      vertex 5.9303 -44.9832 0
      vertex 6.03748 -44.9429 0.6
      vertex 5.9303 -44.9832 0.6
    endloop
  endfacet
  facet normal 0.351946 -0.93602 0
    outer loop
      vertex 6.03748 -44.9429 0.6
      vertex 5.9303 -44.9832 0
      vertex 6.03748 -44.9429 0
    endloop
  endfacet
  facet normal 0.16243 -0.98672 0
    outer loop
      vertex 6.25859 -44.8836 0
      vertex 6.37158 -44.865 0.6
      vertex 6.25859 -44.8836 0.6
    endloop
  endfacet
  facet normal 0.16243 -0.98672 0
    outer loop
      vertex 6.37158 -44.865 0.6
      vertex 6.25859 -44.8836 0
      vertex 6.37158 -44.865 0
    endloop
  endfacet
  facet normal -0.290734 0.956804 0
    outer loop
      vertex 7.16252 -48.2571 0
      vertex 7.05293 -48.2904 0.6
      vertex 7.16252 -48.2571 0.6
    endloop
  endfacet
  facet normal -0.290734 0.956804 0
    outer loop
      vertex 7.05293 -48.2904 0.6
      vertex 7.16252 -48.2571 0
      vertex 7.05293 -48.2904 0
    endloop
  endfacet
  facet normal -0.634672 0.772781 0
    outer loop
      vertex 7.75385 -47.9157 0
      vertex 7.66533 -47.9884 0.6
      vertex 7.75385 -47.9157 0.6
    endloop
  endfacet
  facet normal -0.634672 0.772781 0
    outer loop
      vertex 7.66533 -47.9884 0.6
      vertex 7.75385 -47.9157 0
      vertex 7.66533 -47.9884 0
    endloop
  endfacet
  facet normal -0.413013 0.910725 0
    outer loop
      vertex 7.374 -48.1695 0
      vertex 7.2697 -48.2168 0.6
      vertex 7.374 -48.1695 0.6
    endloop
  endfacet
  facet normal -0.413013 0.910725 0
    outer loop
      vertex 7.2697 -48.2168 0.6
      vertex 7.374 -48.1695 0
      vertex 7.2697 -48.2168 0
    endloop
  endfacet
  facet normal -0.527602 0.849492 0
    outer loop
      vertex 7.57225 -48.0551 0
      vertex 7.475 -48.1155 0.6
      vertex 7.57225 -48.0551 0.6
    endloop
  endfacet
  facet normal -0.527602 0.849492 0
    outer loop
      vertex 7.475 -48.1155 0.6
      vertex 7.57225 -48.0551 0
      vertex 7.475 -48.1155 0
    endloop
  endfacet
  facet normal -0.471494 0.881869 0
    outer loop
      vertex 7.475 -48.1155 0
      vertex 7.374 -48.1695 0.6
      vertex 7.475 -48.1155 0.6
    endloop
  endfacet
  facet normal -0.471494 0.881869 0
    outer loop
      vertex 7.374 -48.1695 0.6
      vertex 7.475 -48.1155 0
      vertex 7.374 -48.1695 0
    endloop
  endfacet
  facet normal -0.812907 0.582394 0
    outer loop
      vertex 7.98837 -47.6653 0
      vertex 8.05507 -47.5722 0.6
      vertex 8.05507 -47.5722 0
    endloop
  endfacet
  facet normal -0.812907 0.582394 0
    outer loop
      vertex 8.05507 -47.5722 0.6
      vertex 7.98837 -47.6653 0
      vertex 7.98837 -47.6653 0.6
    endloop
  endfacet
  facet normal -0.729543 0.683935 0
    outer loop
      vertex 7.83744 -47.8374 0
      vertex 7.91572 -47.7539 0.6
      vertex 7.91572 -47.7539 0
    endloop
  endfacet
  facet normal -0.729543 0.683935 0
    outer loop
      vertex 7.91572 -47.7539 0.6
      vertex 7.83744 -47.8374 0
      vertex 7.83744 -47.8374 0.6
    endloop
  endfacet
  facet normal -0.910856 0.412724 0
    outer loop
      vertex 8.16953 -47.374 0
      vertex 8.21679 -47.2697 0.6
      vertex 8.21679 -47.2697 0
    endloop
  endfacet
  facet normal -0.910856 0.412724 0
    outer loop
      vertex 8.21679 -47.2697 0.6
      vertex 8.16953 -47.374 0
      vertex 8.16953 -47.374 0.6
    endloop
  endfacet
  facet normal 0.582477 0.812847 -0
    outer loop
      vertex 5.62775 -48.0551 0
      vertex 5.53467 -47.9884 0.6
      vertex 5.62775 -48.0551 0.6
    endloop
  endfacet
  facet normal 0.582477 0.812847 0
    outer loop
      vertex 5.53467 -47.9884 0.6
      vertex 5.62775 -48.0551 0
      vertex 5.53467 -47.9884 0
    endloop
  endfacet
  facet normal 0.68368 0.729782 -0
    outer loop
      vertex 5.44614 -47.9157 0
      vertex 5.36256 -47.8374 0.6
      vertex 5.44614 -47.9157 0.6
    endloop
  endfacet
  facet normal 0.68368 0.729782 0
    outer loop
      vertex 5.36256 -47.8374 0.6
      vertex 5.44614 -47.9157 0
      vertex 5.36256 -47.8374 0
    endloop
  endfacet
  facet normal 0.63463 0.772816 -0
    outer loop
      vertex 5.53467 -47.9884 0
      vertex 5.44614 -47.9157 0.6
      vertex 5.53467 -47.9884 0.6
    endloop
  endfacet
  facet normal 0.63463 0.772816 0
    outer loop
      vertex 5.44614 -47.9157 0.6
      vertex 5.53467 -47.9884 0
      vertex 5.44614 -47.9157 0
    endloop
  endfacet
  facet normal 0.471531 0.88185 -0
    outer loop
      vertex 5.82599 -48.1695 0
      vertex 5.725 -48.1155 0.6
      vertex 5.82599 -48.1695 0.6
    endloop
  endfacet
  facet normal 0.471531 0.88185 0
    outer loop
      vertex 5.725 -48.1155 0.6
      vertex 5.82599 -48.1695 0
      vertex 5.725 -48.1155 0
    endloop
  endfacet
  facet normal 0.290734 0.956804 -0
    outer loop
      vertex 6.14707 -48.2904 0
      vertex 6.03748 -48.2571 0.6
      vertex 6.14707 -48.2904 0.6
    endloop
  endfacet
  facet normal 0.290734 0.956804 0
    outer loop
      vertex 6.03748 -48.2571 0.6
      vertex 6.14707 -48.2904 0
      vertex 6.03748 -48.2571 0
    endloop
  endfacet
  facet normal 0.227053 0.973882 -0
    outer loop
      vertex 6.25859 -48.3164 0
      vertex 6.14707 -48.2904 0.6
      vertex 6.25859 -48.3164 0.6
    endloop
  endfacet
  facet normal 0.227053 0.973882 0
    outer loop
      vertex 6.14707 -48.2904 0.6
      vertex 6.25859 -48.3164 0
      vertex 6.14707 -48.2904 0
    endloop
  endfacet
  facet normal 0.0323088 0.999478 -0
    outer loop
      vertex 6.6 -48.35 0
      vertex 6.48554 -48.3463 0.6
      vertex 6.6 -48.35 0.6
    endloop
  endfacet
  facet normal 0.0323088 0.999478 0
    outer loop
      vertex 6.48554 -48.3463 0.6
      vertex 6.6 -48.35 0
      vertex 6.48554 -48.3463 0
    endloop
  endfacet
  facet normal 0.729543 0.683935 0
    outer loop
      vertex 5.36256 -47.8374 0.6
      vertex 5.28428 -47.7539 0
      vertex 5.28428 -47.7539 0.6
    endloop
  endfacet
  facet normal 0.729543 0.683935 0
    outer loop
      vertex 5.28428 -47.7539 0
      vertex 5.36256 -47.8374 0.6
      vertex 5.36256 -47.8374 0
    endloop
  endfacet
  facet normal 0.881905 0.471426 0
    outer loop
      vertex 5.08446 -47.475 0.6
      vertex 5.03047 -47.374 0
      vertex 5.03047 -47.374 0.6
    endloop
  endfacet
  facet normal 0.881905 0.471426 0
    outer loop
      vertex 5.03047 -47.374 0
      vertex 5.08446 -47.475 0.6
      vertex 5.08446 -47.475 0
    endloop
  endfacet
  facet normal 0.995183 0.098033 0
    outer loop
      vertex 4.86497 -46.8284 0.6
      vertex 4.85375 -46.7145 0
      vertex 4.85375 -46.7145 0.6
    endloop
  endfacet
  facet normal 0.995183 0.098033 0
    outer loop
      vertex 4.85375 -46.7145 0
      vertex 4.86497 -46.8284 0.6
      vertex 4.86497 -46.8284 0
    endloop
  endfacet
  facet normal 0.986638 0.162926 0
    outer loop
      vertex 4.88363 -46.9414 0.6
      vertex 4.86497 -46.8284 0
      vertex 4.86497 -46.8284 0.6
    endloop
  endfacet
  facet normal 0.986638 0.162926 0
    outer loop
      vertex 4.86497 -46.8284 0
      vertex 4.88363 -46.9414 0.6
      vertex 4.88363 -46.9414 0
    endloop
  endfacet
  facet normal -0.995183 -0.098033 0
    outer loop
      vertex 8.34625 -46.4855 0
      vertex 8.33503 -46.3716 0.6
      vertex 8.33503 -46.3716 0
    endloop
  endfacet
  facet normal -0.995183 -0.098033 0
    outer loop
      vertex 8.33503 -46.3716 0.6
      vertex 8.34625 -46.4855 0
      vertex 8.34625 -46.4855 0.6
    endloop
  endfacet
  facet normal -0.849096 -0.528239 0
    outer loop
      vertex 8.11554 -45.725 0
      vertex 8.05507 -45.6278 0.6
      vertex 8.05507 -45.6278 0
    endloop
  endfacet
  facet normal -0.849096 -0.528239 0
    outer loop
      vertex 8.05507 -45.6278 0.6
      vertex 8.11554 -45.725 0
      vertex 8.11554 -45.725 0.6
    endloop
  endfacet
  facet normal -0.351946 -0.93602 0
    outer loop
      vertex 7.16252 -44.9429 0
      vertex 7.2697 -44.9832 0.6
      vertex 7.16252 -44.9429 0.6
    endloop
  endfacet
  facet normal -0.351946 -0.93602 -0
    outer loop
      vertex 7.2697 -44.9832 0.6
      vertex 7.16252 -44.9429 0
      vertex 7.2697 -44.9832 0
    endloop
  endfacet
  facet normal -0.16243 -0.98672 0
    outer loop
      vertex 6.82842 -44.865 0
      vertex 6.94141 -44.8836 0.6
      vertex 6.82842 -44.865 0.6
    endloop
  endfacet
  facet normal -0.16243 -0.98672 -0
    outer loop
      vertex 6.94141 -44.8836 0.6
      vertex 6.82842 -44.865 0
      vertex 6.94141 -44.8836 0
    endloop
  endfacet
  facet normal 0.849096 -0.528239 0
    outer loop
      vertex 5.08446 -45.725 0.6
      vertex 5.14493 -45.6278 0
      vertex 5.14493 -45.6278 0.6
    endloop
  endfacet
  facet normal 0.849096 -0.528239 0
    outer loop
      vertex 5.14493 -45.6278 0
      vertex 5.08446 -45.725 0.6
      vertex 5.08446 -45.725 0
    endloop
  endfacet
  facet normal 0.935927 -0.352195 0
    outer loop
      vertex 4.94287 -46.0375 0.6
      vertex 4.98321 -45.9303 0
      vertex 4.98321 -45.9303 0.6
    endloop
  endfacet
  facet normal 0.935927 -0.352195 0
    outer loop
      vertex 4.98321 -45.9303 0
      vertex 4.94287 -46.0375 0.6
      vertex 4.94287 -46.0375 0
    endloop
  endfacet
  facet normal 0.290734 -0.956804 0
    outer loop
      vertex 6.03748 -44.9429 0
      vertex 6.14707 -44.9096 0.6
      vertex 6.03748 -44.9429 0.6
    endloop
  endfacet
  facet normal 0.290734 -0.956804 0
    outer loop
      vertex 6.14707 -44.9096 0.6
      vertex 6.03748 -44.9429 0
      vertex 6.14707 -44.9096 0
    endloop
  endfacet
  facet normal 0.0986737 -0.99512 0
    outer loop
      vertex 6.37158 -44.865 0
      vertex 6.48554 -44.8537 0.6
      vertex 6.37158 -44.865 0.6
    endloop
  endfacet
  facet normal 0.0986737 -0.99512 0
    outer loop
      vertex 6.48554 -44.8537 0.6
      vertex 6.37158 -44.865 0
      vertex 6.48554 -44.8537 0
    endloop
  endfacet
  facet normal -0.16243 0.98672 0
    outer loop
      vertex 6.94141 -48.3164 0
      vertex 6.82842 -48.335 0.6
      vertex 6.94141 -48.3164 0.6
    endloop
  endfacet
  facet normal -0.16243 0.98672 0
    outer loop
      vertex 6.82842 -48.335 0.6
      vertex 6.94141 -48.3164 0
      vertex 6.82842 -48.335 0
    endloop
  endfacet
  facet normal -0.849096 0.528239 0
    outer loop
      vertex 8.05507 -47.5722 0
      vertex 8.11554 -47.475 0.6
      vertex 8.11554 -47.475 0
    endloop
  endfacet
  facet normal -0.849096 0.528239 0
    outer loop
      vertex 8.11554 -47.475 0.6
      vertex 8.05507 -47.5722 0
      vertex 8.05507 -47.5722 0.6
    endloop
  endfacet
  facet normal -0.773276 0.634069 0
    outer loop
      vertex 7.91572 -47.7539 0
      vertex 7.98837 -47.6653 0.6
      vertex 7.98837 -47.6653 0
    endloop
  endfacet
  facet normal -0.773276 0.634069 0
    outer loop
      vertex 7.98837 -47.6653 0.6
      vertex 7.91572 -47.7539 0
      vertex 7.91572 -47.7539 0.6
    endloop
  endfacet
  facet normal -0.986638 0.162926 0
    outer loop
      vertex 8.31637 -46.9414 0
      vertex 8.33503 -46.8284 0.6
      vertex 8.33503 -46.8284 0
    endloop
  endfacet
  facet normal -0.986638 0.162926 0
    outer loop
      vertex 8.33503 -46.8284 0.6
      vertex 8.31637 -46.9414 0
      vertex 8.31637 -46.9414 0.6
    endloop
  endfacet
  facet normal 0.0986737 0.99512 -0
    outer loop
      vertex 6.48554 -48.3463 0
      vertex 6.37158 -48.335 0.6
      vertex 6.48554 -48.3463 0.6
    endloop
  endfacet
  facet normal 0.0986737 0.99512 0
    outer loop
      vertex 6.37158 -48.335 0.6
      vertex 6.48554 -48.3463 0
      vertex 6.37158 -48.335 0
    endloop
  endfacet
  facet normal 0.935927 0.352195 0
    outer loop
      vertex 4.98321 -47.2697 0.6
      vertex 4.94287 -47.1625 0
      vertex 4.94287 -47.1625 0.6
    endloop
  endfacet
  facet normal 0.935927 0.352195 0
    outer loop
      vertex 4.94287 -47.1625 0
      vertex 4.98321 -47.2697 0.6
      vertex 4.98321 -47.2697 0
    endloop
  endfacet
  facet normal 0 -0.99946 -0.0328569
    outer loop
      vertex -20.5 -5.04914 1.72384
      vertex -15.5 -5.05 1.75
      vertex -20.5 -5.05 1.75
    endloop
  endfacet
  facet normal 0 -0.99946 -0.0328569
    outer loop
      vertex -15.5 -5.05 1.75
      vertex -20.5 -5.04914 1.72384
      vertex -15.5 -5.04914 1.72384
    endloop
  endfacet
  facet normal 0 -0.683814 -0.729656
    outer loop
      vertex -20.5 -4.93284 1.46716
      vertex -15.5 -4.91374 1.44926
      vertex -15.5 -4.93284 1.46716
    endloop
  endfacet
  facet normal -0 -0.683814 -0.729656
    outer loop
      vertex -15.5 -4.91374 1.44926
      vertex -20.5 -4.93284 1.46716
      vertex -20.5 -4.91374 1.44926
    endloop
  endfacet
  facet normal 0 -0.910954 -0.412508
    outer loop
      vertex -20.5 -5.00875 1.57308
      vertex -15.5 -5.01955 1.59693
      vertex -20.5 -5.01955 1.59693
    endloop
  endfacet
  facet normal 0 -0.910954 -0.412508
    outer loop
      vertex -15.5 -5.01955 1.59693
      vertex -20.5 -5.00875 1.57308
      vertex -15.5 -5.00875 1.57308
    endloop
  endfacet
  facet normal 0 -0.935873 0.352338
    outer loop
      vertex -20.5 -5.02877 1.87858
      vertex -15.5 -5.01955 1.90307
      vertex -20.5 -5.01955 1.90307
    endloop
  endfacet
  facet normal 0 -0.935873 0.352338
    outer loop
      vertex -15.5 -5.01955 1.90307
      vertex -20.5 -5.02877 1.87858
      vertex -15.5 -5.02877 1.87858
    endloop
  endfacet
  facet normal 0 -0.812829 0.582502
    outer loop
      vertex -20.5 -4.98259 1.97223
      vertex -15.5 -4.96734 1.99351
      vertex -20.5 -4.96734 1.99351
    endloop
  endfacet
  facet normal 0 -0.812829 0.582502
    outer loop
      vertex -15.5 -4.96734 1.99351
      vertex -20.5 -4.98259 1.97223
      vertex -15.5 -4.98259 1.97223
    endloop
  endfacet
  facet normal 0 -0.352212 -0.93592
    outer loop
      vertex -20.5 -4.80307 1.38045
      vertex -15.5 -4.77857 1.37123
      vertex -15.5 -4.80307 1.38045
    endloop
  endfacet
  facet normal -0 -0.352212 -0.93592
    outer loop
      vertex -15.5 -4.77857 1.37123
      vertex -20.5 -4.80307 1.38045
      vertex -20.5 -4.77857 1.37123
    endloop
  endfacet
  facet normal 0 -0.973906 0.226952
    outer loop
      vertex -20.5 -5.04231 1.82804
      vertex -15.5 -5.03637 1.85353
      vertex -20.5 -5.03637 1.85353
    endloop
  endfacet
  facet normal 0 -0.973906 0.226952
    outer loop
      vertex -15.5 -5.03637 1.85353
      vertex -20.5 -5.04231 1.82804
      vertex -15.5 -5.04231 1.82804
    endloop
  endfacet
  facet normal 0 -0.849262 0.527971
    outer loop
      vertex -20.5 -4.99641 1.95
      vertex -15.5 -4.98259 1.97223
      vertex -20.5 -4.98259 1.97223
    endloop
  endfacet
  facet normal 0 -0.849262 0.527971
    outer loop
      vertex -15.5 -4.98259 1.97223
      vertex -20.5 -4.99641 1.95
      vertex -15.5 -4.99641 1.95
    endloop
  endfacet
  facet normal 0 -0.881866 0.4715
    outer loop
      vertex -20.5 -5.00875 1.92692
      vertex -15.5 -4.99641 1.95
      vertex -20.5 -4.99641 1.95
    endloop
  endfacet
  facet normal 0 -0.881866 0.4715
    outer loop
      vertex -15.5 -4.99641 1.95
      vertex -20.5 -5.00875 1.92692
      vertex -15.5 -5.00875 1.92692
    endloop
  endfacet
  facet normal 0 -0.956928 0.290325
    outer loop
      vertex -20.5 -5.03637 1.85353
      vertex -15.5 -5.02877 1.87858
      vertex -20.5 -5.02877 1.87858
    endloop
  endfacet
  facet normal 0 -0.956928 0.290325
    outer loop
      vertex -15.5 -5.02877 1.87858
      vertex -20.5 -5.03637 1.85353
      vertex -15.5 -5.03637 1.85353
    endloop
  endfacet
  facet normal 0 -0.99946 0.0328569
    outer loop
      vertex -20.5 -5.05 1.75
      vertex -15.5 -5.04914 1.77616
      vertex -20.5 -5.04914 1.77616
    endloop
  endfacet
  facet normal 0 -0.99946 0.0328569
    outer loop
      vertex -15.5 -5.04914 1.77616
      vertex -20.5 -5.05 1.75
      vertex -15.5 -5.05 1.75
    endloop
  endfacet
  facet normal 0 0.0976849 -0.995217
    outer loop
      vertex -20.5 -4.62384 1.35086
      vertex -15.5 -4.6 1.3532
      vertex -15.5 -4.62384 1.35086
    endloop
  endfacet
  facet normal 0 0.0976849 -0.995217
    outer loop
      vertex -15.5 -4.6 1.3532
      vertex -20.5 -4.62384 1.35086
      vertex -20.5 -4.6 1.3532
    endloop
  endfacet
  facet normal 0 -0.163098 -0.98661
    outer loop
      vertex -20.5 -4.72804 1.35769
      vertex -15.5 -4.70221 1.35342
      vertex -15.5 -4.72804 1.35769
    endloop
  endfacet
  facet normal -0 -0.163098 -0.98661
    outer loop
      vertex -15.5 -4.70221 1.35342
      vertex -20.5 -4.72804 1.35769
      vertex -20.5 -4.70221 1.35342
    endloop
  endfacet
  facet normal -1 0 0
    outer loop
      vertex -20.5 -4.62384 1.35086
      vertex -20.5 -4.6 2
      vertex -20.5 -4.6 1.3532
    endloop
  endfacet
  facet normal -1 0 0
    outer loop
      vertex -20.5 -4.65 1.35
      vertex -20.5 -4.6 2
      vertex -20.5 -4.62384 1.35086
    endloop
  endfacet
  facet normal -1 0 0
    outer loop
      vertex -20.5 -4.67616 1.35086
      vertex -20.5 -4.6 2
      vertex -20.5 -4.65 1.35
    endloop
  endfacet
  facet normal -1 0 0
    outer loop
      vertex -20.5 -4.70221 1.35342
      vertex -20.5 -4.6 2
      vertex -20.5 -4.67616 1.35086
    endloop
  endfacet
  facet normal -1 0 0
    outer loop
      vertex -20.5 -4.72804 1.35769
      vertex -20.5 -4.6 2
      vertex -20.5 -4.70221 1.35342
    endloop
  endfacet
  facet normal -1 0 0
    outer loop
      vertex -20.5 -4.75353 1.36363
      vertex -20.5 -4.6 2
      vertex -20.5 -4.72804 1.35769
    endloop
  endfacet
  facet normal -1 0 0
    outer loop
      vertex -20.5 -4.77857 1.37123
      vertex -20.5 -4.6 2
      vertex -20.5 -4.75353 1.36363
    endloop
  endfacet
  facet normal -1 0 0
    outer loop
      vertex -20.5 -4.80307 1.38045
      vertex -20.5 -4.6 2
      vertex -20.5 -4.77857 1.37123
    endloop
  endfacet
  facet normal -1 0 0
    outer loop
      vertex -20.5 -4.82691 1.39125
      vertex -20.5 -4.6 2
      vertex -20.5 -4.80307 1.38045
    endloop
  endfacet
  facet normal -1 0 0
    outer loop
      vertex -20.5 -4.85 1.40359
      vertex -20.5 -4.6 2
      vertex -20.5 -4.82691 1.39125
    endloop
  endfacet
  facet normal -1 0 0
    outer loop
      vertex -20.5 -4.87223 1.41741
      vertex -20.5 -4.6 2
      vertex -20.5 -4.85 1.40359
    endloop
  endfacet
  facet normal -1 0 0
    outer loop
      vertex -20.5 -4.8935 1.43266
      vertex -20.5 -4.6 2
      vertex -20.5 -4.87223 1.41741
    endloop
  endfacet
  facet normal -1 0 0
    outer loop
      vertex -20.5 -4.91374 1.44926
      vertex -20.5 -4.6 2
      vertex -20.5 -4.8935 1.43266
    endloop
  endfacet
  facet normal -1 0 0
    outer loop
      vertex -20.5 -4.93284 1.46716
      vertex -20.5 -4.6 2
      vertex -20.5 -4.91374 1.44926
    endloop
  endfacet
  facet normal -1 0 0
    outer loop
      vertex -20.5 -4.95074 1.48626
      vertex -20.5 -4.6 2
      vertex -20.5 -4.93284 1.46716
    endloop
  endfacet
  facet normal -1 0 0
    outer loop
      vertex -20.5 -4.96734 1.5065
      vertex -20.5 -4.6 2
      vertex -20.5 -4.95074 1.48626
    endloop
  endfacet
  facet normal -1 0 0
    outer loop
      vertex -20.5 -4.98259 1.52777
      vertex -20.5 -4.6 2
      vertex -20.5 -4.96734 1.5065
    endloop
  endfacet
  facet normal -1 0 0
    outer loop
      vertex -20.5 -4.99641 1.55
      vertex -20.5 -4.6 2
      vertex -20.5 -4.98259 1.52777
    endloop
  endfacet
  facet normal -1 -0 0
    outer loop
      vertex -20.5 -4.6 2
      vertex -20.5 -4.98259 1.97223
      vertex -20.5 -4.96201 2
    endloop
  endfacet
  facet normal -1 0 0
    outer loop
      vertex -20.5 -4.96201 2
      vertex -20.5 -4.98259 1.97223
      vertex -20.5 -4.96734 1.99351
    endloop
  endfacet
  facet normal -1 0 0
    outer loop
      vertex -20.5 -5.00875 1.57308
      vertex -20.5 -4.6 2
      vertex -20.5 -4.99641 1.55
    endloop
  endfacet
  facet normal -1 0 0
    outer loop
      vertex -20.5 -4.6 2
      vertex -20.5 -4.99641 1.95
      vertex -20.5 -4.98259 1.97223
    endloop
  endfacet
  facet normal -1 0 0
    outer loop
      vertex -20.5 -5.01955 1.59693
      vertex -20.5 -4.6 2
      vertex -20.5 -5.00875 1.57308
    endloop
  endfacet
  facet normal -1 0 0
    outer loop
      vertex -20.5 -4.6 2
      vertex -20.5 -5.00875 1.92692
      vertex -20.5 -4.99641 1.95
    endloop
  endfacet
  facet normal -1 0 0
    outer loop
      vertex -20.5 -5.02877 1.62142
      vertex -20.5 -4.6 2
      vertex -20.5 -5.01955 1.59693
    endloop
  endfacet
  facet normal -1 0 0
    outer loop
      vertex -20.5 -4.6 2
      vertex -20.5 -5.01955 1.90307
      vertex -20.5 -5.00875 1.92692
    endloop
  endfacet
  facet normal -1 0 0
    outer loop
      vertex -20.5 -5.03637 1.64647
      vertex -20.5 -4.6 2
      vertex -20.5 -5.02877 1.62142
    endloop
  endfacet
  facet normal -1 0 0
    outer loop
      vertex -20.5 -4.6 2
      vertex -20.5 -5.02877 1.87858
      vertex -20.5 -5.01955 1.90307
    endloop
  endfacet
  facet normal -1 0 0
    outer loop
      vertex -20.5 -5.04231 1.67196
      vertex -20.5 -4.6 2
      vertex -20.5 -5.03637 1.64647
    endloop
  endfacet
  facet normal -1 0 0
    outer loop
      vertex -20.5 -4.6 2
      vertex -20.5 -5.03637 1.85353
      vertex -20.5 -5.02877 1.87858
    endloop
  endfacet
  facet normal -1 0 0
    outer loop
      vertex -20.5 -5.04658 1.69779
      vertex -20.5 -4.6 2
      vertex -20.5 -5.04231 1.67196
    endloop
  endfacet
  facet normal -1 0 0
    outer loop
      vertex -20.5 -4.6 2
      vertex -20.5 -5.04231 1.82804
      vertex -20.5 -5.03637 1.85353
    endloop
  endfacet
  facet normal -1 0 0
    outer loop
      vertex -20.5 -5.04914 1.72384
      vertex -20.5 -4.6 2
      vertex -20.5 -5.04658 1.69779
    endloop
  endfacet
  facet normal -1 0 0
    outer loop
      vertex -20.5 -4.6 2
      vertex -20.5 -5.04658 1.80221
      vertex -20.5 -5.04231 1.82804
    endloop
  endfacet
  facet normal -1 0 0
    outer loop
      vertex -20.5 -5.05 1.75
      vertex -20.5 -4.6 2
      vertex -20.5 -5.04914 1.72384
    endloop
  endfacet
  facet normal -1 0 0
    outer loop
      vertex -20.5 -4.6 2
      vertex -20.5 -5.04914 1.77616
      vertex -20.5 -5.04658 1.80221
    endloop
  endfacet
  facet normal -1 0 0
    outer loop
      vertex -20.5 -4.6 2
      vertex -20.5 -5.05 1.75
      vertex -20.5 -5.04914 1.77616
    endloop
  endfacet
  facet normal 0 -0.582683 -0.8127
    outer loop
      vertex -20.5 -4.8935 1.43266
      vertex -15.5 -4.87223 1.41741
      vertex -15.5 -4.8935 1.43266
    endloop
  endfacet
  facet normal -0 -0.582683 -0.8127
    outer loop
      vertex -15.5 -4.87223 1.41741
      vertex -20.5 -4.8935 1.43266
      vertex -20.5 -4.87223 1.41741
    endloop
  endfacet
  facet normal 0 -0.634153 -0.773208
    outer loop
      vertex -20.5 -4.91374 1.44926
      vertex -15.5 -4.8935 1.43266
      vertex -15.5 -4.91374 1.44926
    endloop
  endfacet
  facet normal -0 -0.634153 -0.773208
    outer loop
      vertex -15.5 -4.8935 1.43266
      vertex -20.5 -4.91374 1.44926
      vertex -20.5 -4.8935 1.43266
    endloop
  endfacet
  facet normal 0 -0.0978014 -0.995206
    outer loop
      vertex -20.5 -4.70221 1.35342
      vertex -15.5 -4.67616 1.35086
      vertex -15.5 -4.70221 1.35342
    endloop
  endfacet
  facet normal -0 -0.0978014 -0.995206
    outer loop
      vertex -15.5 -4.67616 1.35086
      vertex -20.5 -4.70221 1.35342
      vertex -20.5 -4.67616 1.35086
    endloop
  endfacet
  facet normal 0 -0.8127 -0.582683
    outer loop
      vertex -20.5 -4.96734 1.5065
      vertex -15.5 -4.98259 1.52777
      vertex -20.5 -4.98259 1.52777
    endloop
  endfacet
  facet normal 0 -0.8127 -0.582683
    outer loop
      vertex -15.5 -4.98259 1.52777
      vertex -20.5 -4.96734 1.5065
      vertex -15.5 -4.96734 1.5065
    endloop
  endfacet
  facet normal 0 -0.729656 -0.683814
    outer loop
      vertex -20.5 -4.93284 1.46716
      vertex -15.5 -4.95074 1.48626
      vertex -20.5 -4.95074 1.48626
    endloop
  endfacet
  facet normal 0 -0.729656 -0.683814
    outer loop
      vertex -15.5 -4.95074 1.48626
      vertex -20.5 -4.93284 1.46716
      vertex -15.5 -4.93284 1.46716
    endloop
  endfacet
  facet normal 0 -0.995206 -0.0978014
    outer loop
      vertex -20.5 -5.04658 1.69779
      vertex -15.5 -5.04914 1.72384
      vertex -20.5 -5.04914 1.72384
    endloop
  endfacet
  facet normal 0 -0.995206 -0.0978014
    outer loop
      vertex -15.5 -5.04914 1.72384
      vertex -20.5 -5.04658 1.69779
      vertex -15.5 -5.04658 1.69779
    endloop
  endfacet
  facet normal 0 -0.935873 -0.352338
    outer loop
      vertex -20.5 -5.01955 1.59693
      vertex -15.5 -5.02877 1.62142
      vertex -20.5 -5.02877 1.62142
    endloop
  endfacet
  facet normal 0 -0.935873 -0.352338
    outer loop
      vertex -15.5 -5.02877 1.62142
      vertex -20.5 -5.01955 1.59693
      vertex -15.5 -5.01955 1.59693
    endloop
  endfacet
  facet normal 0 -0.98661 0.163098
    outer loop
      vertex -20.5 -5.04658 1.80221
      vertex -15.5 -5.04231 1.82804
      vertex -20.5 -5.04231 1.82804
    endloop
  endfacet
  facet normal 0 -0.98661 0.163098
    outer loop
      vertex -15.5 -5.04231 1.82804
      vertex -20.5 -5.04658 1.80221
      vertex -15.5 -5.04658 1.80221
    endloop
  endfacet
  facet normal 0 -0.527971 -0.849262
    outer loop
      vertex -20.5 -4.87223 1.41741
      vertex -15.5 -4.85 1.40359
      vertex -15.5 -4.87223 1.41741
    endloop
  endfacet
  facet normal -0 -0.527971 -0.849262
    outer loop
      vertex -15.5 -4.85 1.40359
      vertex -20.5 -4.87223 1.41741
      vertex -20.5 -4.85 1.40359
    endloop
  endfacet
  facet normal 0 -0.471341 -0.881951
    outer loop
      vertex -20.5 -4.85 1.40359
      vertex -15.5 -4.82691 1.39125
      vertex -15.5 -4.85 1.40359
    endloop
  endfacet
  facet normal -0 -0.471341 -0.881951
    outer loop
      vertex -15.5 -4.82691 1.39125
      vertex -20.5 -4.85 1.40359
      vertex -20.5 -4.82691 1.39125
    endloop
  endfacet
  facet normal 0 -0.412651 -0.910889
    outer loop
      vertex -20.5 -4.82691 1.39125
      vertex -15.5 -4.80307 1.38045
      vertex -15.5 -4.82691 1.39125
    endloop
  endfacet
  facet normal -0 -0.412651 -0.910889
    outer loop
      vertex -15.5 -4.80307 1.38045
      vertex -20.5 -4.82691 1.39125
      vertex -20.5 -4.80307 1.38045
    endloop
  endfacet
  facet normal 0 -0.226952 -0.973906
    outer loop
      vertex -20.5 -4.75353 1.36363
      vertex -15.5 -4.72804 1.35769
      vertex -15.5 -4.75353 1.36363
    endloop
  endfacet
  facet normal -0 -0.226952 -0.973906
    outer loop
      vertex -15.5 -4.72804 1.35769
      vertex -20.5 -4.75353 1.36363
      vertex -20.5 -4.72804 1.35769
    endloop
  endfacet
  facet normal 0 -0.0328569 -0.99946
    outer loop
      vertex -20.5 -4.67616 1.35086
      vertex -15.5 -4.65 1.35
      vertex -15.5 -4.67616 1.35086
    endloop
  endfacet
  facet normal -0 -0.0328569 -0.99946
    outer loop
      vertex -15.5 -4.65 1.35
      vertex -20.5 -4.67616 1.35086
      vertex -20.5 -4.65 1.35
    endloop
  endfacet
  facet normal 0 0.0328569 -0.99946
    outer loop
      vertex -20.5 -4.65 1.35
      vertex -15.5 -4.62384 1.35086
      vertex -15.5 -4.65 1.35
    endloop
  endfacet
  facet normal 0 0.0328569 -0.99946
    outer loop
      vertex -15.5 -4.62384 1.35086
      vertex -20.5 -4.65 1.35
      vertex -20.5 -4.62384 1.35086
    endloop
  endfacet
  facet normal 1 0 0
    outer loop
      vertex -15.5 -4.6 2
      vertex -15.5 -4.62384 1.35086
      vertex -15.5 -4.6 1.3532
    endloop
  endfacet
  facet normal 1 0 0
    outer loop
      vertex -15.5 -4.6 2
      vertex -15.5 -4.65 1.35
      vertex -15.5 -4.62384 1.35086
    endloop
  endfacet
  facet normal 1 0 0
    outer loop
      vertex -15.5 -4.6 2
      vertex -15.5 -4.67616 1.35086
      vertex -15.5 -4.65 1.35
    endloop
  endfacet
  facet normal 1 0 0
    outer loop
      vertex -15.5 -4.6 2
      vertex -15.5 -4.70221 1.35342
      vertex -15.5 -4.67616 1.35086
    endloop
  endfacet
  facet normal 1 0 0
    outer loop
      vertex -15.5 -4.6 2
      vertex -15.5 -4.72804 1.35769
      vertex -15.5 -4.70221 1.35342
    endloop
  endfacet
  facet normal 1 0 0
    outer loop
      vertex -15.5 -4.6 2
      vertex -15.5 -4.75353 1.36363
      vertex -15.5 -4.72804 1.35769
    endloop
  endfacet
  facet normal 1 0 0
    outer loop
      vertex -15.5 -4.6 2
      vertex -15.5 -4.77857 1.37123
      vertex -15.5 -4.75353 1.36363
    endloop
  endfacet
  facet normal 1 0 0
    outer loop
      vertex -15.5 -4.6 2
      vertex -15.5 -4.80307 1.38045
      vertex -15.5 -4.77857 1.37123
    endloop
  endfacet
  facet normal 1 0 0
    outer loop
      vertex -15.5 -4.6 2
      vertex -15.5 -4.82691 1.39125
      vertex -15.5 -4.80307 1.38045
    endloop
  endfacet
  facet normal 1 0 0
    outer loop
      vertex -15.5 -4.6 2
      vertex -15.5 -4.85 1.40359
      vertex -15.5 -4.82691 1.39125
    endloop
  endfacet
  facet normal 1 0 0
    outer loop
      vertex -15.5 -4.6 2
      vertex -15.5 -4.87223 1.41741
      vertex -15.5 -4.85 1.40359
    endloop
  endfacet
  facet normal 1 0 0
    outer loop
      vertex -15.5 -4.6 2
      vertex -15.5 -4.8935 1.43266
      vertex -15.5 -4.87223 1.41741
    endloop
  endfacet
  facet normal 1 0 0
    outer loop
      vertex -15.5 -4.6 2
      vertex -15.5 -4.91374 1.44926
      vertex -15.5 -4.8935 1.43266
    endloop
  endfacet
  facet normal 1 0 0
    outer loop
      vertex -15.5 -4.6 2
      vertex -15.5 -4.93284 1.46716
      vertex -15.5 -4.91374 1.44926
    endloop
  endfacet
  facet normal 1 0 0
    outer loop
      vertex -15.5 -4.6 2
      vertex -15.5 -4.95074 1.48626
      vertex -15.5 -4.93284 1.46716
    endloop
  endfacet
  facet normal 1 0 0
    outer loop
      vertex -15.5 -4.98259 1.97223
      vertex -15.5 -4.6 2
      vertex -15.5 -4.96201 2
    endloop
  endfacet
  facet normal 1 0 0
    outer loop
      vertex -15.5 -4.98259 1.97223
      vertex -15.5 -4.96201 2
      vertex -15.5 -4.96734 1.99351
    endloop
  endfacet
  facet normal 1 0 0
    outer loop
      vertex -15.5 -4.6 2
      vertex -15.5 -4.96734 1.5065
      vertex -15.5 -4.95074 1.48626
    endloop
  endfacet
  facet normal 1 0 0
    outer loop
      vertex -15.5 -4.99641 1.95
      vertex -15.5 -4.6 2
      vertex -15.5 -4.98259 1.97223
    endloop
  endfacet
  facet normal 1 0 0
    outer loop
      vertex -15.5 -4.6 2
      vertex -15.5 -4.98259 1.52777
      vertex -15.5 -4.96734 1.5065
    endloop
  endfacet
  facet normal 1 0 0
    outer loop
      vertex -15.5 -5.00875 1.92692
      vertex -15.5 -4.6 2
      vertex -15.5 -4.99641 1.95
    endloop
  endfacet
  facet normal 1 0 0
    outer loop
      vertex -15.5 -4.6 2
      vertex -15.5 -4.99641 1.55
      vertex -15.5 -4.98259 1.52777
    endloop
  endfacet
  facet normal 1 0 0
    outer loop
      vertex -15.5 -5.01955 1.90307
      vertex -15.5 -4.6 2
      vertex -15.5 -5.00875 1.92692
    endloop
  endfacet
  facet normal 1 0 0
    outer loop
      vertex -15.5 -4.6 2
      vertex -15.5 -5.00875 1.57308
      vertex -15.5 -4.99641 1.55
    endloop
  endfacet
  facet normal 1 0 0
    outer loop
      vertex -15.5 -5.02877 1.87858
      vertex -15.5 -4.6 2
      vertex -15.5 -5.01955 1.90307
    endloop
  endfacet
  facet normal 1 0 0
    outer loop
      vertex -15.5 -4.6 2
      vertex -15.5 -5.01955 1.59693
      vertex -15.5 -5.00875 1.57308
    endloop
  endfacet
  facet normal 1 0 0
    outer loop
      vertex -15.5 -5.03637 1.85353
      vertex -15.5 -4.6 2
      vertex -15.5 -5.02877 1.87858
    endloop
  endfacet
  facet normal 1 0 0
    outer loop
      vertex -15.5 -4.6 2
      vertex -15.5 -5.02877 1.62142
      vertex -15.5 -5.01955 1.59693
    endloop
  endfacet
  facet normal 1 0 0
    outer loop
      vertex -15.5 -5.04231 1.82804
      vertex -15.5 -4.6 2
      vertex -15.5 -5.03637 1.85353
    endloop
  endfacet
  facet normal 1 0 0
    outer loop
      vertex -15.5 -4.6 2
      vertex -15.5 -5.03637 1.64647
      vertex -15.5 -5.02877 1.62142
    endloop
  endfacet
  facet normal 1 0 0
    outer loop
      vertex -15.5 -5.04658 1.80221
      vertex -15.5 -4.6 2
      vertex -15.5 -5.04231 1.82804
    endloop
  endfacet
  facet normal 1 0 0
    outer loop
      vertex -15.5 -4.6 2
      vertex -15.5 -5.04231 1.67196
      vertex -15.5 -5.03637 1.64647
    endloop
  endfacet
  facet normal 1 0 0
    outer loop
      vertex -15.5 -5.04914 1.77616
      vertex -15.5 -4.6 2
      vertex -15.5 -5.04658 1.80221
    endloop
  endfacet
  facet normal 1 0 0
    outer loop
      vertex -15.5 -4.6 2
      vertex -15.5 -5.04658 1.69779
      vertex -15.5 -5.04231 1.67196
    endloop
  endfacet
  facet normal 1 0 0
    outer loop
      vertex -15.5 -5.05 1.75
      vertex -15.5 -4.6 2
      vertex -15.5 -5.04914 1.77616
    endloop
  endfacet
  facet normal 1 0 0
    outer loop
      vertex -15.5 -4.6 2
      vertex -15.5 -5.04914 1.72384
      vertex -15.5 -5.04658 1.69779
    endloop
  endfacet
  facet normal 1 0 0
    outer loop
      vertex -15.5 -4.6 2
      vertex -15.5 -5.05 1.75
      vertex -15.5 -5.04914 1.72384
    endloop
  endfacet
  facet normal 0 -0.849262 -0.527971
    outer loop
      vertex -20.5 -4.98259 1.52777
      vertex -15.5 -4.99641 1.55
      vertex -20.5 -4.99641 1.55
    endloop
  endfacet
  facet normal 0 -0.849262 -0.527971
    outer loop
      vertex -15.5 -4.99641 1.55
      vertex -20.5 -4.98259 1.52777
      vertex -15.5 -4.98259 1.52777
    endloop
  endfacet
  facet normal 0 -0.773208 -0.634153
    outer loop
      vertex -20.5 -4.95074 1.48626
      vertex -15.5 -4.96734 1.5065
      vertex -20.5 -4.96734 1.5065
    endloop
  endfacet
  facet normal 0 -0.773208 -0.634153
    outer loop
      vertex -15.5 -4.96734 1.5065
      vertex -20.5 -4.95074 1.48626
      vertex -15.5 -4.95074 1.48626
    endloop
  endfacet
  facet normal 0 -0.956928 -0.290325
    outer loop
      vertex -20.5 -5.02877 1.62142
      vertex -15.5 -5.03637 1.64647
      vertex -20.5 -5.03637 1.64647
    endloop
  endfacet
  facet normal 0 -0.956928 -0.290325
    outer loop
      vertex -15.5 -5.03637 1.64647
      vertex -20.5 -5.02877 1.62142
      vertex -15.5 -5.02877 1.62142
    endloop
  endfacet
  facet normal 0 -0.98661 -0.163098
    outer loop
      vertex -20.5 -5.04231 1.67196
      vertex -15.5 -5.04658 1.69779
      vertex -20.5 -5.04658 1.69779
    endloop
  endfacet
  facet normal 0 -0.98661 -0.163098
    outer loop
      vertex -15.5 -5.04658 1.69779
      vertex -20.5 -5.04231 1.67196
      vertex -15.5 -5.04231 1.67196
    endloop
  endfacet
  facet normal 0 -0.973906 -0.226952
    outer loop
      vertex -20.5 -5.03637 1.64647
      vertex -15.5 -5.04231 1.67196
      vertex -20.5 -5.04231 1.67196
    endloop
  endfacet
  facet normal 0 -0.973906 -0.226952
    outer loop
      vertex -15.5 -5.04231 1.67196
      vertex -20.5 -5.03637 1.64647
      vertex -15.5 -5.03637 1.64647
    endloop
  endfacet
  facet normal 0 -0.772789 0.634663
    outer loop
      vertex -20.5 -4.96734 1.99351
      vertex -15.5 -4.96201 2
      vertex -20.5 -4.96201 2
    endloop
  endfacet
  facet normal 0 -0.772789 0.634663
    outer loop
      vertex -15.5 -4.96201 2
      vertex -20.5 -4.96734 1.99351
      vertex -15.5 -4.96734 1.99351
    endloop
  endfacet
  facet normal 0 -0.910954 0.412508
    outer loop
      vertex -20.5 -5.01955 1.90307
      vertex -15.5 -5.00875 1.92692
      vertex -20.5 -5.00875 1.92692
    endloop
  endfacet
  facet normal 0 -0.910954 0.412508
    outer loop
      vertex -15.5 -5.00875 1.92692
      vertex -20.5 -5.01955 1.90307
      vertex -15.5 -5.01955 1.90307
    endloop
  endfacet
  facet normal 0 -0.995206 0.0978014
    outer loop
      vertex -20.5 -5.04914 1.77616
      vertex -15.5 -5.04658 1.80221
      vertex -20.5 -5.04658 1.80221
    endloop
  endfacet
  facet normal 0 -0.995206 0.0978014
    outer loop
      vertex -15.5 -5.04658 1.80221
      vertex -20.5 -5.04914 1.77616
      vertex -15.5 -5.04914 1.77616
    endloop
  endfacet
  facet normal 0 -0.290432 -0.956896
    outer loop
      vertex -20.5 -4.77857 1.37123
      vertex -15.5 -4.75353 1.36363
      vertex -15.5 -4.77857 1.37123
    endloop
  endfacet
  facet normal -0 -0.290432 -0.956896
    outer loop
      vertex -15.5 -4.75353 1.36363
      vertex -20.5 -4.77857 1.37123
      vertex -20.5 -4.75353 1.36363
    endloop
  endfacet
  facet normal 0 -0.881866 -0.4715
    outer loop
      vertex -20.5 -4.99641 1.55
      vertex -15.5 -5.00875 1.57308
      vertex -20.5 -5.00875 1.57308
    endloop
  endfacet
  facet normal 0 -0.881866 -0.4715
    outer loop
      vertex -15.5 -5.00875 1.57308
      vertex -20.5 -4.99641 1.55
      vertex -15.5 -4.99641 1.55
    endloop
  endfacet
  facet normal 0.999409 -0 0.0343833
    outer loop
      vertex -34.9509 -24.5 1.77616
      vertex -34.95 -19.5 1.75
      vertex -34.9509 -19.5 1.77616
    endloop
  endfacet
  facet normal 0.999409 0 0.0343833
    outer loop
      vertex -34.95 -19.5 1.75
      vertex -34.9509 -24.5 1.77616
      vertex -34.95 -24.5 1.75
    endloop
  endfacet
  facet normal 0.910954 -0 0.412508
    outer loop
      vertex -34.9912 -24.5 1.92692
      vertex -34.9804 -19.5 1.90307
      vertex -34.9912 -19.5 1.92692
    endloop
  endfacet
  facet normal 0.910954 0 0.412508
    outer loop
      vertex -34.9804 -19.5 1.90307
      vertex -34.9912 -24.5 1.92692
      vertex -34.9804 -24.5 1.90307
    endloop
  endfacet
  facet normal 0.880912 0 -0.47328
    outer loop
      vertex -34.9912 -24.5 1.57308
      vertex -35.0036 -19.5 1.55
      vertex -34.9912 -19.5 1.57308
    endloop
  endfacet
  facet normal 0.880912 0 -0.47328
    outer loop
      vertex -35.0036 -19.5 1.55
      vertex -34.9912 -24.5 1.57308
      vertex -35.0036 -24.5 1.55
    endloop
  endfacet
  facet normal 0.289796 0 -0.957089
    outer loop
      vertex -35.2465 -24.5 1.36363
      vertex -35.2214 -19.5 1.37123
      vertex -35.2214 -24.5 1.37123
    endloop
  endfacet
  facet normal 0.289796 0 -0.957089
    outer loop
      vertex -35.2214 -19.5 1.37123
      vertex -35.2465 -24.5 1.36363
      vertex -35.2465 -19.5 1.36363
    endloop
  endfacet
  facet normal 0.729656 0 -0.683814
    outer loop
      vertex -35.0493 -24.5 1.48626
      vertex -35.0672 -19.5 1.46716
      vertex -35.0493 -19.5 1.48626
    endloop
  endfacet
  facet normal 0.729656 0 -0.683814
    outer loop
      vertex -35.0672 -19.5 1.46716
      vertex -35.0493 -24.5 1.48626
      vertex -35.0672 -24.5 1.46716
    endloop
  endfacet
  facet normal 0.995427 -0 0.0955304
    outer loop
      vertex -34.9534 -24.5 1.80221
      vertex -34.9509 -19.5 1.77616
      vertex -34.9534 -19.5 1.80221
    endloop
  endfacet
  facet normal 0.995427 0 0.0955304
    outer loop
      vertex -34.9509 -19.5 1.77616
      vertex -34.9534 -24.5 1.80221
      vertex -34.9509 -24.5 1.77616
    endloop
  endfacet
  facet normal 0.956928 -0 0.290325
    outer loop
      vertex -34.9712 -24.5 1.87858
      vertex -34.9636 -19.5 1.85353
      vertex -34.9712 -19.5 1.87858
    endloop
  endfacet
  facet normal 0.956928 0 0.290325
    outer loop
      vertex -34.9636 -19.5 1.85353
      vertex -34.9712 -24.5 1.87858
      vertex -34.9636 -24.5 1.85353
    endloop
  endfacet
  facet normal 0.811925 -0 0.583762
    outer loop
      vertex -35.0327 -24.5 1.99351
      vertex -35.0174 -19.5 1.97223
      vertex -35.0327 -19.5 1.99351
    endloop
  endfacet
  facet normal 0.811925 0 0.583762
    outer loop
      vertex -35.0174 -19.5 1.97223
      vertex -35.0327 -24.5 1.99351
      vertex -35.0174 -24.5 1.97223
    endloop
  endfacet
  facet normal 0 1 0
    outer loop
      vertex -35.0327 -19.5 1.99351
      vertex -35.4 -19.5 2
      vertex -35.038 -19.5 2
    endloop
  endfacet
  facet normal 0 1 0
    outer loop
      vertex -35.0174 -19.5 1.97223
      vertex -35.4 -19.5 2
      vertex -35.0327 -19.5 1.99351
    endloop
  endfacet
  facet normal 0 1 0
    outer loop
      vertex -35.0036 -19.5 1.95
      vertex -35.4 -19.5 2
      vertex -35.0174 -19.5 1.97223
    endloop
  endfacet
  facet normal 0 1 0
    outer loop
      vertex -34.9912 -19.5 1.92692
      vertex -35.4 -19.5 2
      vertex -35.0036 -19.5 1.95
    endloop
  endfacet
  facet normal 0 1 0
    outer loop
      vertex -34.9804 -19.5 1.90307
      vertex -35.4 -19.5 2
      vertex -34.9912 -19.5 1.92692
    endloop
  endfacet
  facet normal 0 1 0
    outer loop
      vertex -34.9712 -19.5 1.87858
      vertex -35.4 -19.5 2
      vertex -34.9804 -19.5 1.90307
    endloop
  endfacet
  facet normal 0 1 0
    outer loop
      vertex -34.9636 -19.5 1.85353
      vertex -35.4 -19.5 2
      vertex -34.9712 -19.5 1.87858
    endloop
  endfacet
  facet normal 0 1 0
    outer loop
      vertex -34.9577 -19.5 1.82804
      vertex -35.4 -19.5 2
      vertex -34.9636 -19.5 1.85353
    endloop
  endfacet
  facet normal 0 1 0
    outer loop
      vertex -34.9534 -19.5 1.80221
      vertex -35.4 -19.5 2
      vertex -34.9577 -19.5 1.82804
    endloop
  endfacet
  facet normal 0 1 0
    outer loop
      vertex -34.9509 -19.5 1.77616
      vertex -35.4 -19.5 2
      vertex -34.9534 -19.5 1.80221
    endloop
  endfacet
  facet normal 0 1 0
    outer loop
      vertex -34.95 -19.5 1.75
      vertex -35.4 -19.5 2
      vertex -34.9509 -19.5 1.77616
    endloop
  endfacet
  facet normal 0 1 -0
    outer loop
      vertex -34.9509 -19.5 1.72384
      vertex -35.4 -19.5 2
      vertex -34.95 -19.5 1.75
    endloop
  endfacet
  facet normal 0 1 -0
    outer loop
      vertex -34.9534 -19.5 1.69779
      vertex -35.4 -19.5 2
      vertex -34.9509 -19.5 1.72384
    endloop
  endfacet
  facet normal 0 1 -0
    outer loop
      vertex -34.9577 -19.5 1.67196
      vertex -35.4 -19.5 2
      vertex -34.9534 -19.5 1.69779
    endloop
  endfacet
  facet normal 0 1 -0
    outer loop
      vertex -34.9636 -19.5 1.64647
      vertex -35.4 -19.5 2
      vertex -34.9577 -19.5 1.67196
    endloop
  endfacet
  facet normal 0 1 -0
    outer loop
      vertex -34.9712 -19.5 1.62142
      vertex -35.4 -19.5 2
      vertex -34.9636 -19.5 1.64647
    endloop
  endfacet
  facet normal 0 1 -0
    outer loop
      vertex -34.9804 -19.5 1.59693
      vertex -35.4 -19.5 2
      vertex -34.9712 -19.5 1.62142
    endloop
  endfacet
  facet normal 0 1 -0
    outer loop
      vertex -34.9912 -19.5 1.57308
      vertex -35.4 -19.5 2
      vertex -34.9804 -19.5 1.59693
    endloop
  endfacet
  facet normal 0 1 -0
    outer loop
      vertex -35.0036 -19.5 1.55
      vertex -35.4 -19.5 2
      vertex -34.9912 -19.5 1.57308
    endloop
  endfacet
  facet normal 0 1 -0
    outer loop
      vertex -35.0174 -19.5 1.52777
      vertex -35.4 -19.5 2
      vertex -35.0036 -19.5 1.55
    endloop
  endfacet
  facet normal 0 1 -0
    outer loop
      vertex -35.0327 -19.5 1.5065
      vertex -35.4 -19.5 2
      vertex -35.0174 -19.5 1.52777
    endloop
  endfacet
  facet normal 0 1 -0
    outer loop
      vertex -35.0493 -19.5 1.48626
      vertex -35.4 -19.5 2
      vertex -35.0327 -19.5 1.5065
    endloop
  endfacet
  facet normal 0 1 -0
    outer loop
      vertex -35.0672 -19.5 1.46716
      vertex -35.4 -19.5 2
      vertex -35.0493 -19.5 1.48626
    endloop
  endfacet
  facet normal 0 1 -0
    outer loop
      vertex -35.0863 -19.5 1.44926
      vertex -35.4 -19.5 2
      vertex -35.0672 -19.5 1.46716
    endloop
  endfacet
  facet normal 0 1 -0
    outer loop
      vertex -35.1065 -19.5 1.43266
      vertex -35.4 -19.5 2
      vertex -35.0863 -19.5 1.44926
    endloop
  endfacet
  facet normal 0 1 -0
    outer loop
      vertex -35.1278 -19.5 1.41741
      vertex -35.4 -19.5 2
      vertex -35.1065 -19.5 1.43266
    endloop
  endfacet
  facet normal 0 1 -0
    outer loop
      vertex -35.15 -19.5 1.40359
      vertex -35.4 -19.5 2
      vertex -35.1278 -19.5 1.41741
    endloop
  endfacet
  facet normal 0 1 -0
    outer loop
      vertex -35.1731 -19.5 1.39125
      vertex -35.4 -19.5 2
      vertex -35.15 -19.5 1.40359
    endloop
  endfacet
  facet normal 0 1 -0
    outer loop
      vertex -35.1969 -19.5 1.38045
      vertex -35.4 -19.5 2
      vertex -35.1731 -19.5 1.39125
    endloop
  endfacet
  facet normal 0 1 -0
    outer loop
      vertex -35.2214 -19.5 1.37123
      vertex -35.4 -19.5 2
      vertex -35.1969 -19.5 1.38045
    endloop
  endfacet
  facet normal 0 1 -0
    outer loop
      vertex -35.2465 -19.5 1.36363
      vertex -35.4 -19.5 2
      vertex -35.2214 -19.5 1.37123
    endloop
  endfacet
  facet normal 0 1 -0
    outer loop
      vertex -35.272 -19.5 1.35769
      vertex -35.4 -19.5 2
      vertex -35.2465 -19.5 1.36363
    endloop
  endfacet
  facet normal 0 1 -0
    outer loop
      vertex -35.2978 -19.5 1.35342
      vertex -35.4 -19.5 2
      vertex -35.272 -19.5 1.35769
    endloop
  endfacet
  facet normal 0 1 -0
    outer loop
      vertex -35.3238 -19.5 1.35086
      vertex -35.4 -19.5 2
      vertex -35.2978 -19.5 1.35342
    endloop
  endfacet
  facet normal 0 1 -0
    outer loop
      vertex -35.35 -19.5 1.35
      vertex -35.4 -19.5 2
      vertex -35.3238 -19.5 1.35086
    endloop
  endfacet
  facet normal 0 1 0
    outer loop
      vertex -35.4 -19.5 2
      vertex -35.3762 -19.5 1.35086
      vertex -35.4 -19.5 1.3532
    endloop
  endfacet
  facet normal 0 1 0
    outer loop
      vertex -35.4 -19.5 2
      vertex -35.35 -19.5 1.35
      vertex -35.3762 -19.5 1.35086
    endloop
  endfacet
  facet normal 0 -1 0
    outer loop
      vertex -35.4 -24.5 2
      vertex -35.0327 -24.5 1.99351
      vertex -35.038 -24.5 2
    endloop
  endfacet
  facet normal 0 -1 0
    outer loop
      vertex -35.4 -24.5 2
      vertex -35.0174 -24.5 1.97223
      vertex -35.0327 -24.5 1.99351
    endloop
  endfacet
  facet normal 0 -1 0
    outer loop
      vertex -35.4 -24.5 2
      vertex -35.0036 -24.5 1.95
      vertex -35.0174 -24.5 1.97223
    endloop
  endfacet
  facet normal 0 -1 0
    outer loop
      vertex -35.4 -24.5 2
      vertex -34.9912 -24.5 1.92692
      vertex -35.0036 -24.5 1.95
    endloop
  endfacet
  facet normal 0 -1 0
    outer loop
      vertex -35.4 -24.5 2
      vertex -34.9804 -24.5 1.90307
      vertex -34.9912 -24.5 1.92692
    endloop
  endfacet
  facet normal 0 -1 0
    outer loop
      vertex -35.4 -24.5 2
      vertex -34.9712 -24.5 1.87858
      vertex -34.9804 -24.5 1.90307
    endloop
  endfacet
  facet normal 0 -1 0
    outer loop
      vertex -35.4 -24.5 2
      vertex -34.9636 -24.5 1.85353
      vertex -34.9712 -24.5 1.87858
    endloop
  endfacet
  facet normal 0 -1 0
    outer loop
      vertex -35.4 -24.5 2
      vertex -34.9577 -24.5 1.82804
      vertex -34.9636 -24.5 1.85353
    endloop
  endfacet
  facet normal 0 -1 0
    outer loop
      vertex -35.4 -24.5 2
      vertex -34.9534 -24.5 1.80221
      vertex -34.9577 -24.5 1.82804
    endloop
  endfacet
  facet normal 0 -1 0
    outer loop
      vertex -35.4 -24.5 2
      vertex -34.9509 -24.5 1.77616
      vertex -34.9534 -24.5 1.80221
    endloop
  endfacet
  facet normal 0 -1 0
    outer loop
      vertex -35.4 -24.5 2
      vertex -34.95 -24.5 1.75
      vertex -34.9509 -24.5 1.77616
    endloop
  endfacet
  facet normal 0 -1 0
    outer loop
      vertex -35.4 -24.5 2
      vertex -34.9509 -24.5 1.72384
      vertex -34.95 -24.5 1.75
    endloop
  endfacet
  facet normal 0 -1 0
    outer loop
      vertex -35.4 -24.5 2
      vertex -34.9534 -24.5 1.69779
      vertex -34.9509 -24.5 1.72384
    endloop
  endfacet
  facet normal 0 -1 0
    outer loop
      vertex -35.4 -24.5 2
      vertex -34.9577 -24.5 1.67196
      vertex -34.9534 -24.5 1.69779
    endloop
  endfacet
  facet normal 0 -1 0
    outer loop
      vertex -35.4 -24.5 2
      vertex -34.9636 -24.5 1.64647
      vertex -34.9577 -24.5 1.67196
    endloop
  endfacet
  facet normal 0 -1 0
    outer loop
      vertex -35.4 -24.5 2
      vertex -34.9712 -24.5 1.62142
      vertex -34.9636 -24.5 1.64647
    endloop
  endfacet
  facet normal 0 -1 0
    outer loop
      vertex -35.4 -24.5 2
      vertex -34.9804 -24.5 1.59693
      vertex -34.9712 -24.5 1.62142
    endloop
  endfacet
  facet normal 0 -1 0
    outer loop
      vertex -35.4 -24.5 2
      vertex -34.9912 -24.5 1.57308
      vertex -34.9804 -24.5 1.59693
    endloop
  endfacet
  facet normal 0 -1 0
    outer loop
      vertex -35.4 -24.5 2
      vertex -35.0036 -24.5 1.55
      vertex -34.9912 -24.5 1.57308
    endloop
  endfacet
  facet normal 0 -1 0
    outer loop
      vertex -35.4 -24.5 2
      vertex -35.0174 -24.5 1.52777
      vertex -35.0036 -24.5 1.55
    endloop
  endfacet
  facet normal 0 -1 0
    outer loop
      vertex -35.4 -24.5 2
      vertex -35.0327 -24.5 1.5065
      vertex -35.0174 -24.5 1.52777
    endloop
  endfacet
  facet normal 0 -1 0
    outer loop
      vertex -35.4 -24.5 2
      vertex -35.0493 -24.5 1.48626
      vertex -35.0327 -24.5 1.5065
    endloop
  endfacet
  facet normal 0 -1 0
    outer loop
      vertex -35.4 -24.5 2
      vertex -35.0672 -24.5 1.46716
      vertex -35.0493 -24.5 1.48626
    endloop
  endfacet
  facet normal 0 -1 0
    outer loop
      vertex -35.4 -24.5 2
      vertex -35.0863 -24.5 1.44926
      vertex -35.0672 -24.5 1.46716
    endloop
  endfacet
  facet normal 0 -1 0
    outer loop
      vertex -35.4 -24.5 2
      vertex -35.1065 -24.5 1.43266
      vertex -35.0863 -24.5 1.44926
    endloop
  endfacet
  facet normal 0 -1 0
    outer loop
      vertex -35.4 -24.5 2
      vertex -35.1278 -24.5 1.41741
      vertex -35.1065 -24.5 1.43266
    endloop
  endfacet
  facet normal 0 -1 0
    outer loop
      vertex -35.4 -24.5 2
      vertex -35.15 -24.5 1.40359
      vertex -35.1278 -24.5 1.41741
    endloop
  endfacet
  facet normal 0 -1 0
    outer loop
      vertex -35.4 -24.5 2
      vertex -35.1731 -24.5 1.39125
      vertex -35.15 -24.5 1.40359
    endloop
  endfacet
  facet normal 0 -1 0
    outer loop
      vertex -35.4 -24.5 2
      vertex -35.1969 -24.5 1.38045
      vertex -35.1731 -24.5 1.39125
    endloop
  endfacet
  facet normal 0 -1 0
    outer loop
      vertex -35.4 -24.5 2
      vertex -35.2214 -24.5 1.37123
      vertex -35.1969 -24.5 1.38045
    endloop
  endfacet
  facet normal 0 -1 0
    outer loop
      vertex -35.4 -24.5 2
      vertex -35.2465 -24.5 1.36363
      vertex -35.2214 -24.5 1.37123
    endloop
  endfacet
  facet normal 0 -1 0
    outer loop
      vertex -35.4 -24.5 2
      vertex -35.272 -24.5 1.35769
      vertex -35.2465 -24.5 1.36363
    endloop
  endfacet
  facet normal 0 -1 0
    outer loop
      vertex -35.4 -24.5 2
      vertex -35.2978 -24.5 1.35342
      vertex -35.272 -24.5 1.35769
    endloop
  endfacet
  facet normal 0 -1 0
    outer loop
      vertex -35.3762 -24.5 1.35086
      vertex -35.4 -24.5 2
      vertex -35.4 -24.5 1.3532
    endloop
  endfacet
  facet normal 0 -1 0
    outer loop
      vertex -35.35 -24.5 1.35
      vertex -35.4 -24.5 2
      vertex -35.3762 -24.5 1.35086
    endloop
  endfacet
  facet normal 0 -1 0
    outer loop
      vertex -35.4 -24.5 2
      vertex -35.3238 -24.5 1.35086
      vertex -35.2978 -24.5 1.35342
    endloop
  endfacet
  facet normal 0 -1 0
    outer loop
      vertex -35.4 -24.5 2
      vertex -35.35 -24.5 1.35
      vertex -35.3238 -24.5 1.35086
    endloop
  endfacet
  facet normal 0.471183 0 -0.882036
    outer loop
      vertex -35.1731 -24.5 1.39125
      vertex -35.15 -19.5 1.40359
      vertex -35.15 -24.5 1.40359
    endloop
  endfacet
  facet normal 0.471183 0 -0.882036
    outer loop
      vertex -35.15 -19.5 1.40359
      vertex -35.1731 -24.5 1.39125
      vertex -35.1731 -19.5 1.39125
    endloop
  endfacet
  facet normal 0.849605 0 -0.52742
    outer loop
      vertex -35.0036 -24.5 1.55
      vertex -35.0174 -19.5 1.52777
      vertex -35.0036 -19.5 1.55
    endloop
  endfacet
  facet normal 0.849605 0 -0.52742
    outer loop
      vertex -35.0174 -19.5 1.52777
      vertex -35.0036 -24.5 1.55
      vertex -35.0174 -24.5 1.52777
    endloop
  endfacet
  facet normal 0.986425 0 -0.164213
    outer loop
      vertex -34.9534 -24.5 1.69779
      vertex -34.9577 -19.5 1.67196
      vertex -34.9534 -19.5 1.69779
    endloop
  endfacet
  facet normal 0.986425 0 -0.164213
    outer loop
      vertex -34.9577 -19.5 1.67196
      vertex -34.9534 -24.5 1.69779
      vertex -34.9577 -24.5 1.67196
    endloop
  endfacet
  facet normal 0.956928 0 -0.290325
    outer loop
      vertex -34.9636 -24.5 1.64647
      vertex -34.9712 -19.5 1.62142
      vertex -34.9636 -19.5 1.64647
    endloop
  endfacet
  facet normal 0.956928 0 -0.290325
    outer loop
      vertex -34.9712 -19.5 1.62142
      vertex -34.9636 -24.5 1.64647
      vertex -34.9712 -24.5 1.62142
    endloop
  endfacet
  facet normal 0.995427 0 -0.0955304
    outer loop
      vertex -34.9509 -24.5 1.72384
      vertex -34.9534 -19.5 1.69779
      vertex -34.9509 -19.5 1.72384
    endloop
  endfacet
  facet normal 0.995427 0 -0.0955304
    outer loop
      vertex -34.9534 -19.5 1.69779
      vertex -34.9509 -24.5 1.72384
      vertex -34.9534 -24.5 1.69779
    endloop
  endfacet
  facet normal 0.974243 -0 0.225501
    outer loop
      vertex -34.9636 -24.5 1.85353
      vertex -34.9577 -19.5 1.82804
      vertex -34.9636 -19.5 1.85353
    endloop
  endfacet
  facet normal 0.974243 0 0.225501
    outer loop
      vertex -34.9577 -19.5 1.82804
      vertex -34.9636 -24.5 1.85353
      vertex -34.9577 -24.5 1.82804
    endloop
  endfacet
  facet normal 0.986425 -0 0.164213
    outer loop
      vertex -34.9577 -24.5 1.82804
      vertex -34.9534 -19.5 1.80221
      vertex -34.9577 -19.5 1.82804
    endloop
  endfacet
  facet normal 0.986425 0 0.164213
    outer loop
      vertex -34.9534 -19.5 1.80221
      vertex -34.9577 -24.5 1.82804
      vertex -34.9534 -24.5 1.80221
    endloop
  endfacet
  facet normal 0.936125 -0 0.351668
    outer loop
      vertex -34.9804 -24.5 1.90307
      vertex -34.9712 -19.5 1.87858
      vertex -34.9804 -19.5 1.90307
    endloop
  endfacet
  facet normal 0.936125 0 0.351668
    outer loop
      vertex -34.9712 -19.5 1.87858
      vertex -34.9804 -24.5 1.90307
      vertex -34.9712 -24.5 1.87858
    endloop
  endfacet
  facet normal 0.774542 -0 0.632523
    outer loop
      vertex -35.038 -24.5 2
      vertex -35.0327 -19.5 1.99351
      vertex -35.038 -19.5 2
    endloop
  endfacet
  facet normal 0.774542 0 0.632523
    outer loop
      vertex -35.0327 -19.5 1.99351
      vertex -35.038 -24.5 2
      vertex -35.0327 -24.5 1.99351
    endloop
  endfacet
  facet normal 0.849605 -0 0.52742
    outer loop
      vertex -35.0174 -24.5 1.97223
      vertex -35.0036 -19.5 1.95
      vertex -35.0174 -19.5 1.97223
    endloop
  endfacet
  facet normal 0.849605 0 0.52742
    outer loop
      vertex -35.0036 -19.5 1.95
      vertex -35.0174 -24.5 1.97223
      vertex -35.0036 -24.5 1.95
    endloop
  endfacet
  facet normal 0.880912 -0 0.47328
    outer loop
      vertex -35.0036 -24.5 1.95
      vertex -34.9912 -19.5 1.92692
      vertex -35.0036 -19.5 1.95
    endloop
  endfacet
  facet normal 0.880912 0 0.47328
    outer loop
      vertex -34.9912 -19.5 1.92692
      vertex -35.0036 -24.5 1.95
      vertex -34.9912 -24.5 1.92692
    endloop
  endfacet
  facet normal 0.999409 0 -0.0343833
    outer loop
      vertex -34.95 -24.5 1.75
      vertex -34.9509 -19.5 1.72384
      vertex -34.95 -19.5 1.75
    endloop
  endfacet
  facet normal 0.999409 0 -0.0343833
    outer loop
      vertex -34.9509 -19.5 1.72384
      vertex -34.95 -24.5 1.75
      vertex -34.9509 -24.5 1.72384
    endloop
  endfacet
  facet normal 0.0979877 0 -0.995188
    outer loop
      vertex -35.3238 -24.5 1.35086
      vertex -35.2978 -19.5 1.35342
      vertex -35.2978 -24.5 1.35342
    endloop
  endfacet
  facet normal 0.0979877 0 -0.995188
    outer loop
      vertex -35.2978 -19.5 1.35342
      vertex -35.3238 -24.5 1.35086
      vertex -35.3238 -19.5 1.35086
    endloop
  endfacet
  facet normal 0.226867 0 -0.973926
    outer loop
      vertex -35.272 -24.5 1.35769
      vertex -35.2465 -19.5 1.36363
      vertex -35.2465 -24.5 1.36363
    endloop
  endfacet
  facet normal 0.226867 0 -0.973926
    outer loop
      vertex -35.2465 -19.5 1.36363
      vertex -35.272 -24.5 1.35769
      vertex -35.272 -19.5 1.35769
    endloop
  endfacet
  facet normal 0.413226 0 -0.910628
    outer loop
      vertex -35.1969 -24.5 1.38045
      vertex -35.1731 -19.5 1.39125
      vertex -35.1731 -24.5 1.39125
    endloop
  endfacet
  facet normal 0.413226 0 -0.910628
    outer loop
      vertex -35.1731 -19.5 1.39125
      vertex -35.1969 -24.5 1.38045
      vertex -35.1969 -19.5 1.38045
    endloop
  endfacet
  facet normal 0.634903 0 -0.772592
    outer loop
      vertex -35.1065 -24.5 1.43266
      vertex -35.0863 -19.5 1.44926
      vertex -35.0863 -24.5 1.44926
    endloop
  endfacet
  facet normal 0.634903 0 -0.772592
    outer loop
      vertex -35.0863 -19.5 1.44926
      vertex -35.1065 -24.5 1.43266
      vertex -35.1065 -19.5 1.43266
    endloop
  endfacet
  facet normal 0.528486 0 -0.848942
    outer loop
      vertex -35.15 -24.5 1.40359
      vertex -35.1278 -19.5 1.41741
      vertex -35.1278 -24.5 1.41741
    endloop
  endfacet
  facet normal 0.528486 0 -0.848942
    outer loop
      vertex -35.1278 -19.5 1.41741
      vertex -35.15 -24.5 1.40359
      vertex -35.15 -19.5 1.40359
    endloop
  endfacet
  facet normal 0.773208 0 -0.634153
    outer loop
      vertex -35.0327 -24.5 1.5065
      vertex -35.0493 -19.5 1.48626
      vertex -35.0327 -19.5 1.5065
    endloop
  endfacet
  facet normal 0.773208 0 -0.634153
    outer loop
      vertex -35.0493 -19.5 1.48626
      vertex -35.0327 -24.5 1.5065
      vertex -35.0493 -24.5 1.48626
    endloop
  endfacet
  facet normal 0.811795 0 -0.583943
    outer loop
      vertex -35.0174 -24.5 1.52777
      vertex -35.0327 -19.5 1.5065
      vertex -35.0174 -19.5 1.52777
    endloop
  endfacet
  facet normal 0.811795 0 -0.583943
    outer loop
      vertex -35.0327 -19.5 1.5065
      vertex -35.0174 -24.5 1.52777
      vertex -35.0327 -24.5 1.5065
    endloop
  endfacet
  facet normal 0.910954 0 -0.412508
    outer loop
      vertex -34.9804 -24.5 1.59693
      vertex -34.9912 -19.5 1.57308
      vertex -34.9804 -19.5 1.59693
    endloop
  endfacet
  facet normal 0.910954 0 -0.412508
    outer loop
      vertex -34.9912 -19.5 1.57308
      vertex -34.9804 -24.5 1.59693
      vertex -34.9912 -24.5 1.57308
    endloop
  endfacet
  facet normal 0.936125 0 -0.351668
    outer loop
      vertex -34.9712 -24.5 1.62142
      vertex -34.9804 -19.5 1.59693
      vertex -34.9712 -19.5 1.62142
    endloop
  endfacet
  facet normal 0.936125 0 -0.351668
    outer loop
      vertex -34.9804 -19.5 1.59693
      vertex -34.9712 -24.5 1.62142
      vertex -34.9804 -24.5 1.59693
    endloop
  endfacet
  facet normal 0.974243 0 -0.225501
    outer loop
      vertex -34.9577 -24.5 1.67196
      vertex -34.9636 -19.5 1.64647
      vertex -34.9577 -19.5 1.67196
    endloop
  endfacet
  facet normal 0.974243 0 -0.225501
    outer loop
      vertex -34.9636 -19.5 1.64647
      vertex -34.9577 -24.5 1.67196
      vertex -34.9636 -24.5 1.64647
    endloop
  endfacet
  facet normal -0.0978475 0 -0.995201
    outer loop
      vertex -35.4 -24.5 1.3532
      vertex -35.3762 -19.5 1.35086
      vertex -35.3762 -24.5 1.35086
    endloop
  endfacet
  facet normal -0.0978475 0 -0.995201
    outer loop
      vertex -35.3762 -19.5 1.35086
      vertex -35.4 -24.5 1.3532
      vertex -35.4 -19.5 1.3532
    endloop
  endfacet
  facet normal 0.0328068 0 -0.999462
    outer loop
      vertex -35.35 -24.5 1.35
      vertex -35.3238 -19.5 1.35086
      vertex -35.3238 -24.5 1.35086
    endloop
  endfacet
  facet normal 0.0328068 0 -0.999462
    outer loop
      vertex -35.3238 -19.5 1.35086
      vertex -35.35 -24.5 1.35
      vertex -35.35 -19.5 1.35
    endloop
  endfacet
  facet normal 0.163283 0 -0.986579
    outer loop
      vertex -35.2978 -24.5 1.35342
      vertex -35.272 -19.5 1.35769
      vertex -35.272 -24.5 1.35769
    endloop
  endfacet
  facet normal 0.163283 0 -0.986579
    outer loop
      vertex -35.272 -19.5 1.35769
      vertex -35.2978 -24.5 1.35342
      vertex -35.2978 -19.5 1.35342
    endloop
  endfacet
  facet normal 0.352212 0 -0.93592
    outer loop
      vertex -35.2214 -24.5 1.37123
      vertex -35.1969 -19.5 1.38045
      vertex -35.1969 -24.5 1.38045
    endloop
  endfacet
  facet normal 0.352212 0 -0.93592
    outer loop
      vertex -35.1969 -19.5 1.38045
      vertex -35.2214 -24.5 1.37123
      vertex -35.2214 -19.5 1.37123
    endloop
  endfacet
  facet normal 0.683814 0 -0.729656
    outer loop
      vertex -35.0863 -24.5 1.44926
      vertex -35.0672 -19.5 1.46716
      vertex -35.0672 -24.5 1.46716
    endloop
  endfacet
  facet normal 0.683814 0 -0.729656
    outer loop
      vertex -35.0672 -19.5 1.46716
      vertex -35.0863 -24.5 1.44926
      vertex -35.0863 -19.5 1.44926
    endloop
  endfacet
  facet normal 0.582141 0 -0.813088
    outer loop
      vertex -35.1278 -24.5 1.41741
      vertex -35.1065 -19.5 1.43266
      vertex -35.1065 -24.5 1.43266
    endloop
  endfacet
  facet normal 0.582141 0 -0.813088
    outer loop
      vertex -35.1065 -19.5 1.43266
      vertex -35.1278 -24.5 1.41741
      vertex -35.1278 -19.5 1.41741
    endloop
  endfacet
  facet normal -0.0328068 0 -0.999462
    outer loop
      vertex -35.3762 -24.5 1.35086
      vertex -35.35 -19.5 1.35
      vertex -35.35 -24.5 1.35
    endloop
  endfacet
  facet normal -0.0328068 0 -0.999462
    outer loop
      vertex -35.35 -19.5 1.35
      vertex -35.3762 -24.5 1.35086
      vertex -35.3762 -19.5 1.35086
    endloop
  endfacet
  facet normal 0 0.956928 0.290325
    outer loop
      vertex -15.5 -38.9636 1.85353
      vertex -20.5 -38.9712 1.87858
      vertex -15.5 -38.9712 1.87858
    endloop
  endfacet
  facet normal 0 0.956928 0.290325
    outer loop
      vertex -20.5 -38.9712 1.87858
      vertex -15.5 -38.9636 1.85353
      vertex -20.5 -38.9636 1.85353
    endloop
  endfacet
  facet normal 0 0.774542 0.632523
    outer loop
      vertex -15.5 -39.0327 1.99351
      vertex -20.5 -39.038 2
      vertex -15.5 -39.038 2
    endloop
  endfacet
  facet normal 0 0.774542 0.632523
    outer loop
      vertex -20.5 -39.038 2
      vertex -15.5 -39.0327 1.99351
      vertex -20.5 -39.0327 1.99351
    endloop
  endfacet
  facet normal 0 0.289796 -0.957089
    outer loop
      vertex -20.5 -39.2465 1.36363
      vertex -15.5 -39.2214 1.37123
      vertex -15.5 -39.2465 1.36363
    endloop
  endfacet
  facet normal 0 0.289796 -0.957089
    outer loop
      vertex -15.5 -39.2214 1.37123
      vertex -20.5 -39.2465 1.36363
      vertex -20.5 -39.2214 1.37123
    endloop
  endfacet
  facet normal 0 0.729656 -0.683814
    outer loop
      vertex -15.5 -39.0672 1.46716
      vertex -20.5 -39.0493 1.48626
      vertex -15.5 -39.0493 1.48626
    endloop
  endfacet
  facet normal 0 0.729656 -0.683814
    outer loop
      vertex -20.5 -39.0493 1.48626
      vertex -15.5 -39.0672 1.46716
      vertex -20.5 -39.0672 1.46716
    endloop
  endfacet
  facet normal -1 0 0
    outer loop
      vertex -20.5 -39.4 2
      vertex -20.5 -38.95 1.75
      vertex -20.5 -38.9509 1.72384
    endloop
  endfacet
  facet normal -1 0 0
    outer loop
      vertex -20.5 -39.4 2
      vertex -20.5 -38.9509 1.72384
      vertex -20.5 -38.9534 1.69779
    endloop
  endfacet
  facet normal -1 0 0
    outer loop
      vertex -20.5 -38.95 1.75
      vertex -20.5 -39.4 2
      vertex -20.5 -38.9509 1.77616
    endloop
  endfacet
  facet normal -1 0 0
    outer loop
      vertex -20.5 -39.4 2
      vertex -20.5 -38.9534 1.69779
      vertex -20.5 -38.9577 1.67196
    endloop
  endfacet
  facet normal -1 0 0
    outer loop
      vertex -20.5 -38.9509 1.77616
      vertex -20.5 -39.4 2
      vertex -20.5 -38.9534 1.80221
    endloop
  endfacet
  facet normal -1 0 0
    outer loop
      vertex -20.5 -39.4 2
      vertex -20.5 -38.9577 1.67196
      vertex -20.5 -38.9636 1.64647
    endloop
  endfacet
  facet normal -1 0 0
    outer loop
      vertex -20.5 -38.9534 1.80221
      vertex -20.5 -39.4 2
      vertex -20.5 -38.9577 1.82804
    endloop
  endfacet
  facet normal -1 0 0
    outer loop
      vertex -20.5 -39.4 2
      vertex -20.5 -38.9636 1.64647
      vertex -20.5 -38.9712 1.62142
    endloop
  endfacet
  facet normal -1 0 0
    outer loop
      vertex -20.5 -38.9577 1.82804
      vertex -20.5 -39.4 2
      vertex -20.5 -38.9636 1.85353
    endloop
  endfacet
  facet normal -1 0 0
    outer loop
      vertex -20.5 -39.4 2
      vertex -20.5 -38.9712 1.62142
      vertex -20.5 -38.9804 1.59693
    endloop
  endfacet
  facet normal -1 0 0
    outer loop
      vertex -20.5 -38.9636 1.85353
      vertex -20.5 -39.4 2
      vertex -20.5 -38.9712 1.87858
    endloop
  endfacet
  facet normal -1 0 0
    outer loop
      vertex -20.5 -39.4 2
      vertex -20.5 -38.9804 1.59693
      vertex -20.5 -38.9912 1.57308
    endloop
  endfacet
  facet normal -1 0 0
    outer loop
      vertex -20.5 -38.9712 1.87858
      vertex -20.5 -39.4 2
      vertex -20.5 -38.9804 1.90307
    endloop
  endfacet
  facet normal -1 0 0
    outer loop
      vertex -20.5 -39.4 2
      vertex -20.5 -38.9912 1.57308
      vertex -20.5 -39.0036 1.55
    endloop
  endfacet
  facet normal -1 0 0
    outer loop
      vertex -20.5 -38.9804 1.90307
      vertex -20.5 -39.4 2
      vertex -20.5 -38.9912 1.92692
    endloop
  endfacet
  facet normal -1 0 0
    outer loop
      vertex -20.5 -39.4 2
      vertex -20.5 -39.0036 1.55
      vertex -20.5 -39.0174 1.52777
    endloop
  endfacet
  facet normal -1 0 0
    outer loop
      vertex -20.5 -38.9912 1.92692
      vertex -20.5 -39.4 2
      vertex -20.5 -39.0036 1.95
    endloop
  endfacet
  facet normal -1 0 0
    outer loop
      vertex -20.5 -39.4 2
      vertex -20.5 -39.0174 1.52777
      vertex -20.5 -39.0327 1.5065
    endloop
  endfacet
  facet normal -1 0 0
    outer loop
      vertex -20.5 -39.0036 1.95
      vertex -20.5 -39.4 2
      vertex -20.5 -39.0174 1.97223
    endloop
  endfacet
  facet normal -1 0 0
    outer loop
      vertex -20.5 -39.0174 1.97223
      vertex -20.5 -39.4 2
      vertex -20.5 -39.0327 1.99351
    endloop
  endfacet
  facet normal -1 0 0
    outer loop
      vertex -20.5 -39.4 2
      vertex -20.5 -39.0327 1.5065
      vertex -20.5 -39.0493 1.48626
    endloop
  endfacet
  facet normal -1 0 0
    outer loop
      vertex -20.5 -39.4 2
      vertex -20.5 -39.0493 1.48626
      vertex -20.5 -39.0672 1.46716
    endloop
  endfacet
  facet normal -1 0 0
    outer loop
      vertex -20.5 -39.4 2
      vertex -20.5 -39.0672 1.46716
      vertex -20.5 -39.0863 1.44926
    endloop
  endfacet
  facet normal -1 0 0
    outer loop
      vertex -20.5 -39.4 2
      vertex -20.5 -39.0863 1.44926
      vertex -20.5 -39.1065 1.43266
    endloop
  endfacet
  facet normal -1 0 0
    outer loop
      vertex -20.5 -39.4 2
      vertex -20.5 -39.1065 1.43266
      vertex -20.5 -39.1278 1.41741
    endloop
  endfacet
  facet normal -1 0 0
    outer loop
      vertex -20.5 -39.4 2
      vertex -20.5 -39.1278 1.41741
      vertex -20.5 -39.15 1.40359
    endloop
  endfacet
  facet normal -1 0 0
    outer loop
      vertex -20.5 -39.4 2
      vertex -20.5 -39.15 1.40359
      vertex -20.5 -39.1731 1.39125
    endloop
  endfacet
  facet normal -1 0 0
    outer loop
      vertex -20.5 -39.4 2
      vertex -20.5 -39.1731 1.39125
      vertex -20.5 -39.1969 1.38045
    endloop
  endfacet
  facet normal -1 0 0
    outer loop
      vertex -20.5 -39.4 2
      vertex -20.5 -39.1969 1.38045
      vertex -20.5 -39.2214 1.37123
    endloop
  endfacet
  facet normal -1 0 0
    outer loop
      vertex -20.5 -39.4 2
      vertex -20.5 -39.2214 1.37123
      vertex -20.5 -39.2465 1.36363
    endloop
  endfacet
  facet normal -1 0 0
    outer loop
      vertex -20.5 -39.4 2
      vertex -20.5 -39.2465 1.36363
      vertex -20.5 -39.272 1.35769
    endloop
  endfacet
  facet normal -1 0 0
    outer loop
      vertex -20.5 -39.4 2
      vertex -20.5 -39.272 1.35769
      vertex -20.5 -39.2978 1.35342
    endloop
  endfacet
  facet normal -1 0 0
    outer loop
      vertex -20.5 -39.4 2
      vertex -20.5 -39.2978 1.35342
      vertex -20.5 -39.3238 1.35086
    endloop
  endfacet
  facet normal -1 0 0
    outer loop
      vertex -20.5 -39.4 2
      vertex -20.5 -39.3238 1.35086
      vertex -20.5 -39.35 1.35
    endloop
  endfacet
  facet normal -1 0 0
    outer loop
      vertex -20.5 -39.4 2
      vertex -20.5 -39.35 1.35
      vertex -20.5 -39.3762 1.35086
    endloop
  endfacet
  facet normal -1 0 0
    outer loop
      vertex -20.5 -39.4 2
      vertex -20.5 -39.3762 1.35086
      vertex -20.5 -39.4 1.3532
    endloop
  endfacet
  facet normal -1 0 0
    outer loop
      vertex -20.5 -39.0327 1.99351
      vertex -20.5 -39.4 2
      vertex -20.5 -39.038 2
    endloop
  endfacet
  facet normal 0 0.0328068 -0.999462
    outer loop
      vertex -20.5 -39.35 1.35
      vertex -15.5 -39.3238 1.35086
      vertex -15.5 -39.35 1.35
    endloop
  endfacet
  facet normal 0 0.0328068 -0.999462
    outer loop
      vertex -15.5 -39.3238 1.35086
      vertex -20.5 -39.35 1.35
      vertex -20.5 -39.3238 1.35086
    endloop
  endfacet
  facet normal 0 0.995427 0.0955304
    outer loop
      vertex -15.5 -38.9509 1.77616
      vertex -20.5 -38.9534 1.80221
      vertex -15.5 -38.9534 1.80221
    endloop
  endfacet
  facet normal 0 0.995427 0.0955304
    outer loop
      vertex -20.5 -38.9534 1.80221
      vertex -15.5 -38.9509 1.77616
      vertex -20.5 -38.9509 1.77616
    endloop
  endfacet
  facet normal 0 0.849605 0.52742
    outer loop
      vertex -15.5 -39.0036 1.95
      vertex -20.5 -39.0174 1.97223
      vertex -15.5 -39.0174 1.97223
    endloop
  endfacet
  facet normal 0 0.849605 0.52742
    outer loop
      vertex -20.5 -39.0174 1.97223
      vertex -15.5 -39.0036 1.95
      vertex -20.5 -39.0036 1.95
    endloop
  endfacet
  facet normal 0 0.999409 0.0343833
    outer loop
      vertex -15.5 -38.95 1.75
      vertex -20.5 -38.9509 1.77616
      vertex -15.5 -38.9509 1.77616
    endloop
  endfacet
  facet normal 0 0.999409 0.0343833
    outer loop
      vertex -20.5 -38.9509 1.77616
      vertex -15.5 -38.95 1.75
      vertex -20.5 -38.95 1.75
    endloop
  endfacet
  facet normal 0 0.226867 -0.973926
    outer loop
      vertex -20.5 -39.272 1.35769
      vertex -15.5 -39.2465 1.36363
      vertex -15.5 -39.272 1.35769
    endloop
  endfacet
  facet normal 0 0.226867 -0.973926
    outer loop
      vertex -15.5 -39.2465 1.36363
      vertex -20.5 -39.272 1.35769
      vertex -20.5 -39.2465 1.36363
    endloop
  endfacet
  facet normal 0 0.471183 -0.882036
    outer loop
      vertex -20.5 -39.1731 1.39125
      vertex -15.5 -39.15 1.40359
      vertex -15.5 -39.1731 1.39125
    endloop
  endfacet
  facet normal 0 0.471183 -0.882036
    outer loop
      vertex -15.5 -39.15 1.40359
      vertex -20.5 -39.1731 1.39125
      vertex -20.5 -39.15 1.40359
    endloop
  endfacet
  facet normal 0 -0.0328068 -0.999462
    outer loop
      vertex -20.5 -39.3762 1.35086
      vertex -15.5 -39.35 1.35
      vertex -15.5 -39.3762 1.35086
    endloop
  endfacet
  facet normal -0 -0.0328068 -0.999462
    outer loop
      vertex -15.5 -39.35 1.35
      vertex -20.5 -39.3762 1.35086
      vertex -20.5 -39.35 1.35
    endloop
  endfacet
  facet normal 0 0.986425 0.164213
    outer loop
      vertex -15.5 -38.9534 1.80221
      vertex -20.5 -38.9577 1.82804
      vertex -15.5 -38.9577 1.82804
    endloop
  endfacet
  facet normal 0 0.986425 0.164213
    outer loop
      vertex -20.5 -38.9577 1.82804
      vertex -15.5 -38.9534 1.80221
      vertex -20.5 -38.9534 1.80221
    endloop
  endfacet
  facet normal 0 0.910954 0.412508
    outer loop
      vertex -15.5 -38.9804 1.90307
      vertex -20.5 -38.9912 1.92692
      vertex -15.5 -38.9912 1.92692
    endloop
  endfacet
  facet normal 0 0.910954 0.412508
    outer loop
      vertex -20.5 -38.9912 1.92692
      vertex -15.5 -38.9804 1.90307
      vertex -20.5 -38.9804 1.90307
    endloop
  endfacet
  facet normal 0 0.811925 0.583762
    outer loop
      vertex -15.5 -39.0174 1.97223
      vertex -20.5 -39.0327 1.99351
      vertex -15.5 -39.0327 1.99351
    endloop
  endfacet
  facet normal 0 0.811925 0.583762
    outer loop
      vertex -20.5 -39.0327 1.99351
      vertex -15.5 -39.0174 1.97223
      vertex -20.5 -39.0174 1.97223
    endloop
  endfacet
  facet normal 0 0.880912 0.47328
    outer loop
      vertex -15.5 -38.9912 1.92692
      vertex -20.5 -39.0036 1.95
      vertex -15.5 -39.0036 1.95
    endloop
  endfacet
  facet normal 0 0.880912 0.47328
    outer loop
      vertex -20.5 -39.0036 1.95
      vertex -15.5 -38.9912 1.92692
      vertex -20.5 -38.9912 1.92692
    endloop
  endfacet
  facet normal 0 0.995427 -0.0955304
    outer loop
      vertex -15.5 -38.9534 1.69779
      vertex -20.5 -38.9509 1.72384
      vertex -15.5 -38.9509 1.72384
    endloop
  endfacet
  facet normal 0 0.995427 -0.0955304
    outer loop
      vertex -20.5 -38.9509 1.72384
      vertex -15.5 -38.9534 1.69779
      vertex -20.5 -38.9534 1.69779
    endloop
  endfacet
  facet normal 0 0.0979877 -0.995188
    outer loop
      vertex -20.5 -39.3238 1.35086
      vertex -15.5 -39.2978 1.35342
      vertex -15.5 -39.3238 1.35086
    endloop
  endfacet
  facet normal 0 0.0979877 -0.995188
    outer loop
      vertex -15.5 -39.2978 1.35342
      vertex -20.5 -39.3238 1.35086
      vertex -20.5 -39.2978 1.35342
    endloop
  endfacet
  facet normal 0 0.974243 -0.225501
    outer loop
      vertex -15.5 -38.9636 1.64647
      vertex -20.5 -38.9577 1.67196
      vertex -15.5 -38.9577 1.67196
    endloop
  endfacet
  facet normal 0 0.974243 -0.225501
    outer loop
      vertex -20.5 -38.9577 1.67196
      vertex -15.5 -38.9636 1.64647
      vertex -20.5 -38.9636 1.64647
    endloop
  endfacet
  facet normal 0 0.999409 -0.0343833
    outer loop
      vertex -15.5 -38.9509 1.72384
      vertex -20.5 -38.95 1.75
      vertex -15.5 -38.95 1.75
    endloop
  endfacet
  facet normal 0 0.999409 -0.0343833
    outer loop
      vertex -20.5 -38.95 1.75
      vertex -15.5 -38.9509 1.72384
      vertex -20.5 -38.9509 1.72384
    endloop
  endfacet
  facet normal 0 0.956928 -0.290325
    outer loop
      vertex -15.5 -38.9712 1.62142
      vertex -20.5 -38.9636 1.64647
      vertex -15.5 -38.9636 1.64647
    endloop
  endfacet
  facet normal 0 0.956928 -0.290325
    outer loop
      vertex -20.5 -38.9636 1.64647
      vertex -15.5 -38.9712 1.62142
      vertex -20.5 -38.9712 1.62142
    endloop
  endfacet
  facet normal 0 0.773208 -0.634153
    outer loop
      vertex -15.5 -39.0493 1.48626
      vertex -20.5 -39.0327 1.5065
      vertex -15.5 -39.0327 1.5065
    endloop
  endfacet
  facet normal 0 0.773208 -0.634153
    outer loop
      vertex -20.5 -39.0327 1.5065
      vertex -15.5 -39.0493 1.48626
      vertex -20.5 -39.0493 1.48626
    endloop
  endfacet
  facet normal 0 0.163283 -0.986579
    outer loop
      vertex -20.5 -39.2978 1.35342
      vertex -15.5 -39.272 1.35769
      vertex -15.5 -39.2978 1.35342
    endloop
  endfacet
  facet normal 0 0.163283 -0.986579
    outer loop
      vertex -15.5 -39.272 1.35769
      vertex -20.5 -39.2978 1.35342
      vertex -20.5 -39.272 1.35769
    endloop
  endfacet
  facet normal 0 0.413226 -0.910628
    outer loop
      vertex -20.5 -39.1969 1.38045
      vertex -15.5 -39.1731 1.39125
      vertex -15.5 -39.1969 1.38045
    endloop
  endfacet
  facet normal 0 0.413226 -0.910628
    outer loop
      vertex -15.5 -39.1731 1.39125
      vertex -20.5 -39.1969 1.38045
      vertex -20.5 -39.1731 1.39125
    endloop
  endfacet
  facet normal 0 0.634903 -0.772592
    outer loop
      vertex -20.5 -39.1065 1.43266
      vertex -15.5 -39.0863 1.44926
      vertex -15.5 -39.1065 1.43266
    endloop
  endfacet
  facet normal 0 0.634903 -0.772592
    outer loop
      vertex -15.5 -39.0863 1.44926
      vertex -20.5 -39.1065 1.43266
      vertex -20.5 -39.0863 1.44926
    endloop
  endfacet
  facet normal 0 0.528486 -0.848942
    outer loop
      vertex -20.5 -39.15 1.40359
      vertex -15.5 -39.1278 1.41741
      vertex -15.5 -39.15 1.40359
    endloop
  endfacet
  facet normal 0 0.528486 -0.848942
    outer loop
      vertex -15.5 -39.1278 1.41741
      vertex -20.5 -39.15 1.40359
      vertex -20.5 -39.1278 1.41741
    endloop
  endfacet
  facet normal 0 0.582141 -0.813088
    outer loop
      vertex -20.5 -39.1278 1.41741
      vertex -15.5 -39.1065 1.43266
      vertex -15.5 -39.1278 1.41741
    endloop
  endfacet
  facet normal 0 0.582141 -0.813088
    outer loop
      vertex -15.5 -39.1065 1.43266
      vertex -20.5 -39.1278 1.41741
      vertex -20.5 -39.1065 1.43266
    endloop
  endfacet
  facet normal 0 -0.0978475 -0.995201
    outer loop
      vertex -20.5 -39.4 1.3532
      vertex -15.5 -39.3762 1.35086
      vertex -15.5 -39.4 1.3532
    endloop
  endfacet
  facet normal -0 -0.0978475 -0.995201
    outer loop
      vertex -15.5 -39.3762 1.35086
      vertex -20.5 -39.4 1.3532
      vertex -20.5 -39.3762 1.35086
    endloop
  endfacet
  facet normal 0 0.974243 0.225501
    outer loop
      vertex -15.5 -38.9577 1.82804
      vertex -20.5 -38.9636 1.85353
      vertex -15.5 -38.9636 1.85353
    endloop
  endfacet
  facet normal 0 0.974243 0.225501
    outer loop
      vertex -20.5 -38.9636 1.85353
      vertex -15.5 -38.9577 1.82804
      vertex -20.5 -38.9577 1.82804
    endloop
  endfacet
  facet normal 0 0.936125 0.351668
    outer loop
      vertex -15.5 -38.9712 1.87858
      vertex -20.5 -38.9804 1.90307
      vertex -15.5 -38.9804 1.90307
    endloop
  endfacet
  facet normal 0 0.936125 0.351668
    outer loop
      vertex -20.5 -38.9804 1.90307
      vertex -15.5 -38.9712 1.87858
      vertex -20.5 -38.9712 1.87858
    endloop
  endfacet
  facet normal 0 0.849605 -0.52742
    outer loop
      vertex -15.5 -39.0174 1.52777
      vertex -20.5 -39.0036 1.55
      vertex -15.5 -39.0036 1.55
    endloop
  endfacet
  facet normal 0 0.849605 -0.52742
    outer loop
      vertex -20.5 -39.0036 1.55
      vertex -15.5 -39.0174 1.52777
      vertex -20.5 -39.0174 1.52777
    endloop
  endfacet
  facet normal 0 0.936125 -0.351668
    outer loop
      vertex -15.5 -38.9804 1.59693
      vertex -20.5 -38.9712 1.62142
      vertex -15.5 -38.9712 1.62142
    endloop
  endfacet
  facet normal 0 0.936125 -0.351668
    outer loop
      vertex -20.5 -38.9712 1.62142
      vertex -15.5 -38.9804 1.59693
      vertex -20.5 -38.9804 1.59693
    endloop
  endfacet
  facet normal 0 0.910954 -0.412508
    outer loop
      vertex -15.5 -38.9912 1.57308
      vertex -20.5 -38.9804 1.59693
      vertex -15.5 -38.9804 1.59693
    endloop
  endfacet
  facet normal 0 0.910954 -0.412508
    outer loop
      vertex -20.5 -38.9804 1.59693
      vertex -15.5 -38.9912 1.57308
      vertex -20.5 -38.9912 1.57308
    endloop
  endfacet
  facet normal 0 0.352212 -0.93592
    outer loop
      vertex -20.5 -39.2214 1.37123
      vertex -15.5 -39.1969 1.38045
      vertex -15.5 -39.2214 1.37123
    endloop
  endfacet
  facet normal 0 0.352212 -0.93592
    outer loop
      vertex -15.5 -39.1969 1.38045
      vertex -20.5 -39.2214 1.37123
      vertex -20.5 -39.1969 1.38045
    endloop
  endfacet
  facet normal 0 0.683814 -0.729656
    outer loop
      vertex -20.5 -39.0863 1.44926
      vertex -15.5 -39.0672 1.46716
      vertex -15.5 -39.0863 1.44926
    endloop
  endfacet
  facet normal 0 0.683814 -0.729656
    outer loop
      vertex -15.5 -39.0672 1.46716
      vertex -20.5 -39.0863 1.44926
      vertex -20.5 -39.0672 1.46716
    endloop
  endfacet
  facet normal 1 0 0
    outer loop
      vertex -15.5 -39.4 2
      vertex -15.5 -38.95 1.75
      vertex -15.5 -38.9509 1.77616
    endloop
  endfacet
  facet normal 1 0 0
    outer loop
      vertex -15.5 -39.4 2
      vertex -15.5 -38.9509 1.77616
      vertex -15.5 -38.9534 1.80221
    endloop
  endfacet
  facet normal 1 0 0
    outer loop
      vertex -15.5 -38.95 1.75
      vertex -15.5 -39.4 2
      vertex -15.5 -38.9509 1.72384
    endloop
  endfacet
  facet normal 1 0 0
    outer loop
      vertex -15.5 -39.4 2
      vertex -15.5 -38.9534 1.80221
      vertex -15.5 -38.9577 1.82804
    endloop
  endfacet
  facet normal 1 0 0
    outer loop
      vertex -15.5 -38.9509 1.72384
      vertex -15.5 -39.4 2
      vertex -15.5 -38.9534 1.69779
    endloop
  endfacet
  facet normal 1 0 0
    outer loop
      vertex -15.5 -39.4 2
      vertex -15.5 -38.9577 1.82804
      vertex -15.5 -38.9636 1.85353
    endloop
  endfacet
  facet normal 1 0 0
    outer loop
      vertex -15.5 -38.9534 1.69779
      vertex -15.5 -39.4 2
      vertex -15.5 -38.9577 1.67196
    endloop
  endfacet
  facet normal 1 0 0
    outer loop
      vertex -15.5 -39.4 2
      vertex -15.5 -38.9636 1.85353
      vertex -15.5 -38.9712 1.87858
    endloop
  endfacet
  facet normal 1 0 0
    outer loop
      vertex -15.5 -38.9577 1.67196
      vertex -15.5 -39.4 2
      vertex -15.5 -38.9636 1.64647
    endloop
  endfacet
  facet normal 1 0 0
    outer loop
      vertex -15.5 -39.4 2
      vertex -15.5 -38.9712 1.87858
      vertex -15.5 -38.9804 1.90307
    endloop
  endfacet
  facet normal 1 0 0
    outer loop
      vertex -15.5 -38.9636 1.64647
      vertex -15.5 -39.4 2
      vertex -15.5 -38.9712 1.62142
    endloop
  endfacet
  facet normal 1 0 0
    outer loop
      vertex -15.5 -39.4 2
      vertex -15.5 -38.9804 1.90307
      vertex -15.5 -38.9912 1.92692
    endloop
  endfacet
  facet normal 1 0 0
    outer loop
      vertex -15.5 -38.9712 1.62142
      vertex -15.5 -39.4 2
      vertex -15.5 -38.9804 1.59693
    endloop
  endfacet
  facet normal 1 0 0
    outer loop
      vertex -15.5 -39.4 2
      vertex -15.5 -38.9912 1.92692
      vertex -15.5 -39.0036 1.95
    endloop
  endfacet
  facet normal 1 0 0
    outer loop
      vertex -15.5 -38.9804 1.59693
      vertex -15.5 -39.4 2
      vertex -15.5 -38.9912 1.57308
    endloop
  endfacet
  facet normal 1 0 0
    outer loop
      vertex -15.5 -39.4 2
      vertex -15.5 -39.0036 1.95
      vertex -15.5 -39.0174 1.97223
    endloop
  endfacet
  facet normal 1 0 0
    outer loop
      vertex -15.5 -38.9912 1.57308
      vertex -15.5 -39.4 2
      vertex -15.5 -39.0036 1.55
    endloop
  endfacet
  facet normal 1 0 0
    outer loop
      vertex -15.5 -39.4 2
      vertex -15.5 -39.0174 1.97223
      vertex -15.5 -39.0327 1.99351
    endloop
  endfacet
  facet normal 1 0 0
    outer loop
      vertex -15.5 -39.0036 1.55
      vertex -15.5 -39.4 2
      vertex -15.5 -39.0174 1.52777
    endloop
  endfacet
  facet normal 1 -0 0
    outer loop
      vertex -15.5 -39.4 2
      vertex -15.5 -39.0327 1.99351
      vertex -15.5 -39.038 2
    endloop
  endfacet
  facet normal 1 0 0
    outer loop
      vertex -15.5 -39.0174 1.52777
      vertex -15.5 -39.4 2
      vertex -15.5 -39.0327 1.5065
    endloop
  endfacet
  facet normal 1 0 0
    outer loop
      vertex -15.5 -39.0327 1.5065
      vertex -15.5 -39.4 2
      vertex -15.5 -39.0493 1.48626
    endloop
  endfacet
  facet normal 1 0 0
    outer loop
      vertex -15.5 -39.0493 1.48626
      vertex -15.5 -39.4 2
      vertex -15.5 -39.0672 1.46716
    endloop
  endfacet
  facet normal 1 0 0
    outer loop
      vertex -15.5 -39.0672 1.46716
      vertex -15.5 -39.4 2
      vertex -15.5 -39.0863 1.44926
    endloop
  endfacet
  facet normal 1 0 0
    outer loop
      vertex -15.5 -39.0863 1.44926
      vertex -15.5 -39.4 2
      vertex -15.5 -39.1065 1.43266
    endloop
  endfacet
  facet normal 1 0 0
    outer loop
      vertex -15.5 -39.1065 1.43266
      vertex -15.5 -39.4 2
      vertex -15.5 -39.1278 1.41741
    endloop
  endfacet
  facet normal 1 0 0
    outer loop
      vertex -15.5 -39.1278 1.41741
      vertex -15.5 -39.4 2
      vertex -15.5 -39.15 1.40359
    endloop
  endfacet
  facet normal 1 0 0
    outer loop
      vertex -15.5 -39.15 1.40359
      vertex -15.5 -39.4 2
      vertex -15.5 -39.1731 1.39125
    endloop
  endfacet
  facet normal 1 0 0
    outer loop
      vertex -15.5 -39.1731 1.39125
      vertex -15.5 -39.4 2
      vertex -15.5 -39.1969 1.38045
    endloop
  endfacet
  facet normal 1 0 0
    outer loop
      vertex -15.5 -39.1969 1.38045
      vertex -15.5 -39.4 2
      vertex -15.5 -39.2214 1.37123
    endloop
  endfacet
  facet normal 1 0 0
    outer loop
      vertex -15.5 -39.2214 1.37123
      vertex -15.5 -39.4 2
      vertex -15.5 -39.2465 1.36363
    endloop
  endfacet
  facet normal 1 0 0
    outer loop
      vertex -15.5 -39.2465 1.36363
      vertex -15.5 -39.4 2
      vertex -15.5 -39.272 1.35769
    endloop
  endfacet
  facet normal 1 0 0
    outer loop
      vertex -15.5 -39.272 1.35769
      vertex -15.5 -39.4 2
      vertex -15.5 -39.2978 1.35342
    endloop
  endfacet
  facet normal 1 0 0
    outer loop
      vertex -15.5 -39.2978 1.35342
      vertex -15.5 -39.4 2
      vertex -15.5 -39.3238 1.35086
    endloop
  endfacet
  facet normal 1 0 0
    outer loop
      vertex -15.5 -39.3238 1.35086
      vertex -15.5 -39.4 2
      vertex -15.5 -39.35 1.35
    endloop
  endfacet
  facet normal 1 0 0
    outer loop
      vertex -15.5 -39.35 1.35
      vertex -15.5 -39.4 2
      vertex -15.5 -39.3762 1.35086
    endloop
  endfacet
  facet normal 1 0 0
    outer loop
      vertex -15.5 -39.3762 1.35086
      vertex -15.5 -39.4 2
      vertex -15.5 -39.4 1.3532
    endloop
  endfacet
  facet normal 0 0.986425 -0.164213
    outer loop
      vertex -15.5 -38.9577 1.67196
      vertex -20.5 -38.9534 1.69779
      vertex -15.5 -38.9534 1.69779
    endloop
  endfacet
  facet normal 0 0.986425 -0.164213
    outer loop
      vertex -20.5 -38.9534 1.69779
      vertex -15.5 -38.9577 1.67196
      vertex -20.5 -38.9577 1.67196
    endloop
  endfacet
  facet normal 0 0.811795 -0.583943
    outer loop
      vertex -15.5 -39.0327 1.5065
      vertex -20.5 -39.0174 1.52777
      vertex -15.5 -39.0174 1.52777
    endloop
  endfacet
  facet normal 0 0.811795 -0.583943
    outer loop
      vertex -20.5 -39.0174 1.52777
      vertex -15.5 -39.0327 1.5065
      vertex -20.5 -39.0327 1.5065
    endloop
  endfacet
  facet normal 0 0.880912 -0.47328
    outer loop
      vertex -15.5 -39.0036 1.55
      vertex -20.5 -38.9912 1.57308
      vertex -15.5 -38.9912 1.57308
    endloop
  endfacet
  facet normal 0 0.880912 -0.47328
    outer loop
      vertex -20.5 -38.9912 1.57308
      vertex -15.5 -39.0036 1.55
      vertex -20.5 -39.0036 1.55
    endloop
  endfacet
  facet normal -0.88185 0 0.47153
    outer loop
      vertex -1.00875 -24.5 1.92692
      vertex -0.996409 -19.5 1.95
      vertex -1.00875 -19.5 1.92692
    endloop
  endfacet
  facet normal -0.88185 0 0.47153
    outer loop
      vertex -0.996409 -19.5 1.95
      vertex -1.00875 -24.5 1.92692
      vertex -0.996409 -24.5 1.95
    endloop
  endfacet
  facet normal -0.849245 0 0.527999
    outer loop
      vertex -0.996409 -24.5 1.95
      vertex -0.982588 -19.5 1.97223
      vertex -0.996409 -19.5 1.95
    endloop
  endfacet
  facet normal -0.849245 0 0.527999
    outer loop
      vertex -0.982588 -19.5 1.97223
      vertex -0.996409 -24.5 1.95
      vertex -0.982588 -24.5 1.97223
    endloop
  endfacet
  facet normal -0.290347 0 -0.956922
    outer loop
      vertex -0.778575 -24.5 1.37123
      vertex -0.753527 -19.5 1.36363
      vertex -0.753527 -24.5 1.36363
    endloop
  endfacet
  facet normal -0.290347 0 -0.956922
    outer loop
      vertex -0.753527 -19.5 1.36363
      vertex -0.778575 -24.5 1.37123
      vertex -0.778575 -19.5 1.37123
    endloop
  endfacet
  facet normal -0.683738 0 -0.729728
    outer loop
      vertex -0.932842 -24.5 1.46716
      vertex -0.913738 -19.5 1.44926
      vertex -0.913738 -24.5 1.44926
    endloop
  endfacet
  facet normal -0.683738 0 -0.729728
    outer loop
      vertex -0.913738 -19.5 1.44926
      vertex -0.932842 -24.5 1.46716
      vertex -0.932842 -19.5 1.46716
    endloop
  endfacet
  facet normal -0.98661 0 -0.163098
    outer loop
      vertex -1.04231 -24.5 1.67196
      vertex -1.04658 -19.5 1.69779
      vertex -1.04231 -19.5 1.67196
    endloop
  endfacet
  facet normal -0.98661 -0 -0.163098
    outer loop
      vertex -1.04658 -19.5 1.69779
      vertex -1.04231 -24.5 1.67196
      vertex -1.04658 -24.5 1.69779
    endloop
  endfacet
  facet normal -0.973906 0 0.226952
    outer loop
      vertex -1.04231 -24.5 1.82804
      vertex -1.03637 -19.5 1.85353
      vertex -1.04231 -19.5 1.82804
    endloop
  endfacet
  facet normal -0.973906 0 0.226952
    outer loop
      vertex -1.03637 -19.5 1.85353
      vertex -1.04231 -24.5 1.82804
      vertex -1.03637 -24.5 1.85353
    endloop
  endfacet
  facet normal 0 1 0
    outer loop
      vertex -0.599999 -19.5 2
      vertex -0.96734 -19.5 1.99351
      vertex -0.96201 -19.5 2
    endloop
  endfacet
  facet normal 0 1 0
    outer loop
      vertex -0.599999 -19.5 2
      vertex -0.982588 -19.5 1.97223
      vertex -0.96734 -19.5 1.99351
    endloop
  endfacet
  facet normal 0 1 0
    outer loop
      vertex -0.599999 -19.5 2
      vertex -0.996409 -19.5 1.95
      vertex -0.982588 -19.5 1.97223
    endloop
  endfacet
  facet normal 0 1 0
    outer loop
      vertex -0.599999 -19.5 2
      vertex -1.00875 -19.5 1.92692
      vertex -0.996409 -19.5 1.95
    endloop
  endfacet
  facet normal 0 1 0
    outer loop
      vertex -0.599999 -19.5 2
      vertex -1.01955 -19.5 1.90307
      vertex -1.00875 -19.5 1.92692
    endloop
  endfacet
  facet normal 0 1 0
    outer loop
      vertex -0.599999 -19.5 2
      vertex -1.02877 -19.5 1.87858
      vertex -1.01955 -19.5 1.90307
    endloop
  endfacet
  facet normal 0 1 0
    outer loop
      vertex -0.599999 -19.5 2
      vertex -1.03637 -19.5 1.85353
      vertex -1.02877 -19.5 1.87858
    endloop
  endfacet
  facet normal 0 1 0
    outer loop
      vertex -0.599999 -19.5 2
      vertex -1.04231 -19.5 1.82804
      vertex -1.03637 -19.5 1.85353
    endloop
  endfacet
  facet normal 0 1 0
    outer loop
      vertex -0.599999 -19.5 2
      vertex -1.04658 -19.5 1.80221
      vertex -1.04231 -19.5 1.82804
    endloop
  endfacet
  facet normal 0 1 0
    outer loop
      vertex -0.599999 -19.5 2
      vertex -1.04914 -19.5 1.77616
      vertex -1.04658 -19.5 1.80221
    endloop
  endfacet
  facet normal 0 1 0
    outer loop
      vertex -0.599999 -19.5 2
      vertex -1.05 -19.5 1.75
      vertex -1.04914 -19.5 1.77616
    endloop
  endfacet
  facet normal 0 1 0
    outer loop
      vertex -0.599999 -19.5 2
      vertex -1.04914 -19.5 1.72384
      vertex -1.05 -19.5 1.75
    endloop
  endfacet
  facet normal 0 1 0
    outer loop
      vertex -0.599999 -19.5 2
      vertex -1.04658 -19.5 1.69779
      vertex -1.04914 -19.5 1.72384
    endloop
  endfacet
  facet normal 0 1 0
    outer loop
      vertex -0.599999 -19.5 2
      vertex -1.04231 -19.5 1.67196
      vertex -1.04658 -19.5 1.69779
    endloop
  endfacet
  facet normal 0 1 0
    outer loop
      vertex -0.599999 -19.5 2
      vertex -1.03637 -19.5 1.64647
      vertex -1.04231 -19.5 1.67196
    endloop
  endfacet
  facet normal 0 1 0
    outer loop
      vertex -0.599999 -19.5 2
      vertex -1.02877 -19.5 1.62142
      vertex -1.03637 -19.5 1.64647
    endloop
  endfacet
  facet normal 0 1 0
    outer loop
      vertex -0.599999 -19.5 2
      vertex -1.01955 -19.5 1.59693
      vertex -1.02877 -19.5 1.62142
    endloop
  endfacet
  facet normal 0 1 0
    outer loop
      vertex -0.599999 -19.5 2
      vertex -1.00875 -19.5 1.57308
      vertex -1.01955 -19.5 1.59693
    endloop
  endfacet
  facet normal 0 1 0
    outer loop
      vertex -0.599999 -19.5 2
      vertex -0.996409 -19.5 1.55
      vertex -1.00875 -19.5 1.57308
    endloop
  endfacet
  facet normal 0 1 0
    outer loop
      vertex -0.599999 -19.5 2
      vertex -0.982588 -19.5 1.52777
      vertex -0.996409 -19.5 1.55
    endloop
  endfacet
  facet normal 0 1 0
    outer loop
      vertex -0.599999 -19.5 2
      vertex -0.96734 -19.5 1.5065
      vertex -0.982588 -19.5 1.52777
    endloop
  endfacet
  facet normal 0 1 0
    outer loop
      vertex -0.599999 -19.5 2
      vertex -0.950735 -19.5 1.48626
      vertex -0.96734 -19.5 1.5065
    endloop
  endfacet
  facet normal 0 1 0
    outer loop
      vertex -0.599999 -19.5 2
      vertex -0.932842 -19.5 1.46716
      vertex -0.950735 -19.5 1.48626
    endloop
  endfacet
  facet normal 0 1 0
    outer loop
      vertex -0.599999 -19.5 2
      vertex -0.913738 -19.5 1.44926
      vertex -0.932842 -19.5 1.46716
    endloop
  endfacet
  facet normal 0 1 0
    outer loop
      vertex -0.599999 -19.5 2
      vertex -0.893504 -19.5 1.43266
      vertex -0.913738 -19.5 1.44926
    endloop
  endfacet
  facet normal 0 1 0
    outer loop
      vertex -0.599999 -19.5 2
      vertex -0.872228 -19.5 1.41741
      vertex -0.893504 -19.5 1.43266
    endloop
  endfacet
  facet normal 0 1 0
    outer loop
      vertex -0.599999 -19.5 2
      vertex -0.849999 -19.5 1.40359
      vertex -0.872228 -19.5 1.41741
    endloop
  endfacet
  facet normal 0 1 0
    outer loop
      vertex -0.599999 -19.5 2
      vertex -0.826915 -19.5 1.39125
      vertex -0.849999 -19.5 1.40359
    endloop
  endfacet
  facet normal 0 1 0
    outer loop
      vertex -0.599999 -19.5 2
      vertex -0.803073 -19.5 1.38045
      vertex -0.826915 -19.5 1.39125
    endloop
  endfacet
  facet normal 0 1 0
    outer loop
      vertex -0.599999 -19.5 2
      vertex -0.778575 -19.5 1.37123
      vertex -0.803073 -19.5 1.38045
    endloop
  endfacet
  facet normal 0 1 0
    outer loop
      vertex -0.599999 -19.5 2
      vertex -0.753527 -19.5 1.36363
      vertex -0.778575 -19.5 1.37123
    endloop
  endfacet
  facet normal 0 1 0
    outer loop
      vertex -0.599999 -19.5 2
      vertex -0.728036 -19.5 1.35769
      vertex -0.753527 -19.5 1.36363
    endloop
  endfacet
  facet normal 0 1 0
    outer loop
      vertex -0.599999 -19.5 2
      vertex -0.70221 -19.5 1.35342
      vertex -0.728036 -19.5 1.35769
    endloop
  endfacet
  facet normal 0 1 0
    outer loop
      vertex -0.623838 -19.5 1.35086
      vertex -0.599999 -19.5 2
      vertex -0.599999 -19.5 1.3532
    endloop
  endfacet
  facet normal 0 1 0
    outer loop
      vertex -0.65 -19.5 1.35
      vertex -0.599999 -19.5 2
      vertex -0.623838 -19.5 1.35086
    endloop
  endfacet
  facet normal 0 1 0
    outer loop
      vertex -0.599999 -19.5 2
      vertex -0.676161 -19.5 1.35086
      vertex -0.70221 -19.5 1.35342
    endloop
  endfacet
  facet normal 0 1 0
    outer loop
      vertex -0.599999 -19.5 2
      vertex -0.65 -19.5 1.35
      vertex -0.676161 -19.5 1.35086
    endloop
  endfacet
  facet normal -0.812865 0 0.582452
    outer loop
      vertex -0.982588 -24.5 1.97223
      vertex -0.96734 -19.5 1.99351
      vertex -0.982588 -19.5 1.97223
    endloop
  endfacet
  facet normal -0.812865 0 0.582452
    outer loop
      vertex -0.96734 -19.5 1.99351
      vertex -0.982588 -24.5 1.97223
      vertex -0.96734 -24.5 1.99351
    endloop
  endfacet
  facet normal -0.956928 0 0.290325
    outer loop
      vertex -1.03637 -24.5 1.85353
      vertex -1.02877 -19.5 1.87858
      vertex -1.03637 -19.5 1.85353
    endloop
  endfacet
  facet normal -0.956928 0 0.290325
    outer loop
      vertex -1.02877 -19.5 1.87858
      vertex -1.03637 -24.5 1.85353
      vertex -1.02877 -24.5 1.87858
    endloop
  endfacet
  facet normal 0.097689 0 -0.995217
    outer loop
      vertex -0.623838 -24.5 1.35086
      vertex -0.599999 -19.5 1.3532
      vertex -0.599999 -24.5 1.3532
    endloop
  endfacet
  facet normal 0.097689 0 -0.995217
    outer loop
      vertex -0.599999 -19.5 1.3532
      vertex -0.623838 -24.5 1.35086
      vertex -0.623838 -19.5 1.35086
    endloop
  endfacet
  facet normal -0.634265 0 -0.773116
    outer loop
      vertex -0.913738 -24.5 1.44926
      vertex -0.893504 -19.5 1.43266
      vertex -0.893504 -24.5 1.43266
    endloop
  endfacet
  facet normal -0.634265 0 -0.773116
    outer loop
      vertex -0.893504 -19.5 1.43266
      vertex -0.913738 -24.5 1.44926
      vertex -0.913738 -19.5 1.44926
    endloop
  endfacet
  facet normal -0.582574 0 -0.812777
    outer loop
      vertex -0.893504 -24.5 1.43266
      vertex -0.872228 -19.5 1.41741
      vertex -0.872228 -24.5 1.41741
    endloop
  endfacet
  facet normal -0.582574 0 -0.812777
    outer loop
      vertex -0.872228 -19.5 1.41741
      vertex -0.893504 -24.5 1.43266
      vertex -0.893504 -19.5 1.43266
    endloop
  endfacet
  facet normal -0.0978051 0 -0.995206
    outer loop
      vertex -0.70221 -24.5 1.35342
      vertex -0.676161 -19.5 1.35086
      vertex -0.676161 -24.5 1.35086
    endloop
  endfacet
  facet normal -0.0978051 0 -0.995206
    outer loop
      vertex -0.676161 -19.5 1.35086
      vertex -0.70221 -24.5 1.35342
      vertex -0.70221 -19.5 1.35342
    endloop
  endfacet
  facet normal -0.812736 0 -0.582633
    outer loop
      vertex -0.96734 -24.5 1.5065
      vertex -0.982588 -19.5 1.52777
      vertex -0.96734 -19.5 1.5065
    endloop
  endfacet
  facet normal -0.812736 -0 -0.582633
    outer loop
      vertex -0.982588 -19.5 1.52777
      vertex -0.96734 -24.5 1.5065
      vertex -0.982588 -24.5 1.52777
    endloop
  endfacet
  facet normal -0.910954 0 -0.412508
    outer loop
      vertex -1.00875 -24.5 1.57308
      vertex -1.01955 -19.5 1.59693
      vertex -1.00875 -19.5 1.57308
    endloop
  endfacet
  facet normal -0.910954 -0 -0.412508
    outer loop
      vertex -1.01955 -19.5 1.59693
      vertex -1.00875 -24.5 1.57308
      vertex -1.01955 -24.5 1.59693
    endloop
  endfacet
  facet normal -0.995206 0 -0.0978014
    outer loop
      vertex -1.04658 -24.5 1.69779
      vertex -1.04914 -19.5 1.72384
      vertex -1.04658 -19.5 1.69779
    endloop
  endfacet
  facet normal -0.995206 -0 -0.0978014
    outer loop
      vertex -1.04914 -19.5 1.72384
      vertex -1.04658 -24.5 1.69779
      vertex -1.04914 -24.5 1.72384
    endloop
  endfacet
  facet normal -0.772789 0 0.634663
    outer loop
      vertex -0.96734 -24.5 1.99351
      vertex -0.96201 -19.5 2
      vertex -0.96734 -19.5 1.99351
    endloop
  endfacet
  facet normal -0.772789 0 0.634663
    outer loop
      vertex -0.96201 -19.5 2
      vertex -0.96734 -24.5 1.99351
      vertex -0.96201 -24.5 2
    endloop
  endfacet
  facet normal -0.935873 0 0.352338
    outer loop
      vertex -1.02877 -24.5 1.87858
      vertex -1.01955 -19.5 1.90307
      vertex -1.02877 -19.5 1.87858
    endloop
  endfacet
  facet normal -0.935873 0 0.352338
    outer loop
      vertex -1.01955 -19.5 1.90307
      vertex -1.02877 -24.5 1.87858
      vertex -1.01955 -24.5 1.90307
    endloop
  endfacet
  facet normal -0.910954 0 0.412508
    outer loop
      vertex -1.01955 -24.5 1.90307
      vertex -1.00875 -19.5 1.92692
      vertex -1.01955 -19.5 1.90307
    endloop
  endfacet
  facet normal -0.910954 0 0.412508
    outer loop
      vertex -1.00875 -19.5 1.92692
      vertex -1.01955 -24.5 1.90307
      vertex -1.00875 -24.5 1.92692
    endloop
  endfacet
  facet normal -0.98661 0 0.163098
    outer loop
      vertex -1.04658 -24.5 1.80221
      vertex -1.04231 -19.5 1.82804
      vertex -1.04658 -19.5 1.80221
    endloop
  endfacet
  facet normal -0.98661 0 0.163098
    outer loop
      vertex -1.04231 -19.5 1.82804
      vertex -1.04658 -24.5 1.80221
      vertex -1.04231 -24.5 1.82804
    endloop
  endfacet
  facet normal -0.995206 0 0.0978014
    outer loop
      vertex -1.04914 -24.5 1.77616
      vertex -1.04658 -19.5 1.80221
      vertex -1.04914 -19.5 1.77616
    endloop
  endfacet
  facet normal -0.995206 0 0.0978014
    outer loop
      vertex -1.04658 -19.5 1.80221
      vertex -1.04914 -24.5 1.77616
      vertex -1.04658 -24.5 1.80221
    endloop
  endfacet
  facet normal -0.99946 0 0.0328569
    outer loop
      vertex -1.05 -24.5 1.75
      vertex -1.04914 -19.5 1.77616
      vertex -1.05 -19.5 1.75
    endloop
  endfacet
  facet normal -0.99946 0 0.0328569
    outer loop
      vertex -1.04914 -19.5 1.77616
      vertex -1.05 -24.5 1.75
      vertex -1.04914 -24.5 1.77616
    endloop
  endfacet
  facet normal -0.99946 0 -0.0328569
    outer loop
      vertex -1.04914 -24.5 1.72384
      vertex -1.05 -19.5 1.75
      vertex -1.04914 -19.5 1.72384
    endloop
  endfacet
  facet normal -0.99946 -0 -0.0328569
    outer loop
      vertex -1.05 -19.5 1.75
      vertex -1.04914 -24.5 1.72384
      vertex -1.05 -24.5 1.75
    endloop
  endfacet
  facet normal -0.471437 0 -0.8819
    outer loop
      vertex -0.849999 -24.5 1.40359
      vertex -0.826915 -19.5 1.39125
      vertex -0.826915 -24.5 1.39125
    endloop
  endfacet
  facet normal -0.471437 0 -0.8819
    outer loop
      vertex -0.826915 -19.5 1.39125
      vertex -0.849999 -24.5 1.40359
      vertex -0.849999 -19.5 1.40359
    endloop
  endfacet
  facet normal -0.352237 0 -0.935911
    outer loop
      vertex -0.803073 -24.5 1.38045
      vertex -0.778575 -19.5 1.37123
      vertex -0.778575 -24.5 1.37123
    endloop
  endfacet
  facet normal -0.352237 0 -0.935911
    outer loop
      vertex -0.778575 -19.5 1.37123
      vertex -0.803073 -24.5 1.38045
      vertex -0.803073 -19.5 1.38045
    endloop
  endfacet
  facet normal -0.226943 0 -0.973908
    outer loop
      vertex -0.753527 -24.5 1.36363
      vertex -0.728036 -19.5 1.35769
      vertex -0.728036 -24.5 1.35769
    endloop
  endfacet
  facet normal -0.226943 0 -0.973908
    outer loop
      vertex -0.728036 -19.5 1.35769
      vertex -0.753527 -24.5 1.36363
      vertex -0.753527 -19.5 1.36363
    endloop
  endfacet
  facet normal -0.163123 0 -0.986606
    outer loop
      vertex -0.728036 -24.5 1.35769
      vertex -0.70221 -19.5 1.35342
      vertex -0.70221 -24.5 1.35342
    endloop
  endfacet
  facet normal -0.163123 0 -0.986606
    outer loop
      vertex -0.70221 -19.5 1.35342
      vertex -0.728036 -24.5 1.35769
      vertex -0.728036 -19.5 1.35769
    endloop
  endfacet
  facet normal 0.0328544 0 -0.99946
    outer loop
      vertex -0.65 -24.5 1.35
      vertex -0.623838 -19.5 1.35086
      vertex -0.623838 -24.5 1.35086
    endloop
  endfacet
  facet normal 0.0328544 0 -0.99946
    outer loop
      vertex -0.623838 -19.5 1.35086
      vertex -0.65 -24.5 1.35
      vertex -0.65 -19.5 1.35
    endloop
  endfacet
  facet normal -0.88185 0 -0.47153
    outer loop
      vertex -0.996409 -24.5 1.55
      vertex -1.00875 -19.5 1.57308
      vertex -0.996409 -19.5 1.55
    endloop
  endfacet
  facet normal -0.88185 -0 -0.47153
    outer loop
      vertex -1.00875 -19.5 1.57308
      vertex -0.996409 -24.5 1.55
      vertex -1.00875 -24.5 1.57308
    endloop
  endfacet
  facet normal -0.773114 0 -0.634267
    outer loop
      vertex -0.950735 -24.5 1.48626
      vertex -0.96734 -19.5 1.5065
      vertex -0.950735 -19.5 1.48626
    endloop
  endfacet
  facet normal -0.773114 -0 -0.634267
    outer loop
      vertex -0.96734 -19.5 1.5065
      vertex -0.950735 -24.5 1.48626
      vertex -0.96734 -24.5 1.5065
    endloop
  endfacet
  facet normal -0.956928 0 -0.290325
    outer loop
      vertex -1.02877 -24.5 1.62142
      vertex -1.03637 -19.5 1.64647
      vertex -1.02877 -19.5 1.62142
    endloop
  endfacet
  facet normal -0.956928 -0 -0.290325
    outer loop
      vertex -1.03637 -19.5 1.64647
      vertex -1.02877 -24.5 1.62142
      vertex -1.03637 -24.5 1.64647
    endloop
  endfacet
  facet normal 0 -1 0
    outer loop
      vertex -0.96734 -24.5 1.99351
      vertex -0.599999 -24.5 2
      vertex -0.96201 -24.5 2
    endloop
  endfacet
  facet normal 0 -1 0
    outer loop
      vertex -0.982588 -24.5 1.97223
      vertex -0.599999 -24.5 2
      vertex -0.96734 -24.5 1.99351
    endloop
  endfacet
  facet normal 0 -1 0
    outer loop
      vertex -0.996409 -24.5 1.95
      vertex -0.599999 -24.5 2
      vertex -0.982588 -24.5 1.97223
    endloop
  endfacet
  facet normal 0 -1 0
    outer loop
      vertex -1.00875 -24.5 1.92692
      vertex -0.599999 -24.5 2
      vertex -0.996409 -24.5 1.95
    endloop
  endfacet
  facet normal 0 -1 0
    outer loop
      vertex -1.01955 -24.5 1.90307
      vertex -0.599999 -24.5 2
      vertex -1.00875 -24.5 1.92692
    endloop
  endfacet
  facet normal 0 -1 0
    outer loop
      vertex -1.02877 -24.5 1.87858
      vertex -0.599999 -24.5 2
      vertex -1.01955 -24.5 1.90307
    endloop
  endfacet
  facet normal 0 -1 0
    outer loop
      vertex -1.03637 -24.5 1.85353
      vertex -0.599999 -24.5 2
      vertex -1.02877 -24.5 1.87858
    endloop
  endfacet
  facet normal 0 -1 0
    outer loop
      vertex -1.04231 -24.5 1.82804
      vertex -0.599999 -24.5 2
      vertex -1.03637 -24.5 1.85353
    endloop
  endfacet
  facet normal 0 -1 0
    outer loop
      vertex -1.04658 -24.5 1.80221
      vertex -0.599999 -24.5 2
      vertex -1.04231 -24.5 1.82804
    endloop
  endfacet
  facet normal 0 -1 0
    outer loop
      vertex -1.04914 -24.5 1.77616
      vertex -0.599999 -24.5 2
      vertex -1.04658 -24.5 1.80221
    endloop
  endfacet
  facet normal 0 -1 0
    outer loop
      vertex -1.05 -24.5 1.75
      vertex -0.599999 -24.5 2
      vertex -1.04914 -24.5 1.77616
    endloop
  endfacet
  facet normal 0 -1 0
    outer loop
      vertex -1.04914 -24.5 1.72384
      vertex -0.599999 -24.5 2
      vertex -1.05 -24.5 1.75
    endloop
  endfacet
  facet normal 0 -1 0
    outer loop
      vertex -1.04658 -24.5 1.69779
      vertex -0.599999 -24.5 2
      vertex -1.04914 -24.5 1.72384
    endloop
  endfacet
  facet normal 0 -1 0
    outer loop
      vertex -1.04231 -24.5 1.67196
      vertex -0.599999 -24.5 2
      vertex -1.04658 -24.5 1.69779
    endloop
  endfacet
  facet normal 0 -1 0
    outer loop
      vertex -1.03637 -24.5 1.64647
      vertex -0.599999 -24.5 2
      vertex -1.04231 -24.5 1.67196
    endloop
  endfacet
  facet normal 0 -1 0
    outer loop
      vertex -1.02877 -24.5 1.62142
      vertex -0.599999 -24.5 2
      vertex -1.03637 -24.5 1.64647
    endloop
  endfacet
  facet normal 0 -1 0
    outer loop
      vertex -1.01955 -24.5 1.59693
      vertex -0.599999 -24.5 2
      vertex -1.02877 -24.5 1.62142
    endloop
  endfacet
  facet normal 0 -1 0
    outer loop
      vertex -1.00875 -24.5 1.57308
      vertex -0.599999 -24.5 2
      vertex -1.01955 -24.5 1.59693
    endloop
  endfacet
  facet normal 0 -1 0
    outer loop
      vertex -0.996409 -24.5 1.55
      vertex -0.599999 -24.5 2
      vertex -1.00875 -24.5 1.57308
    endloop
  endfacet
  facet normal 0 -1 0
    outer loop
      vertex -0.982588 -24.5 1.52777
      vertex -0.599999 -24.5 2
      vertex -0.996409 -24.5 1.55
    endloop
  endfacet
  facet normal 0 -1 0
    outer loop
      vertex -0.96734 -24.5 1.5065
      vertex -0.599999 -24.5 2
      vertex -0.982588 -24.5 1.52777
    endloop
  endfacet
  facet normal 0 -1 0
    outer loop
      vertex -0.950735 -24.5 1.48626
      vertex -0.599999 -24.5 2
      vertex -0.96734 -24.5 1.5065
    endloop
  endfacet
  facet normal 0 -1 0
    outer loop
      vertex -0.932842 -24.5 1.46716
      vertex -0.599999 -24.5 2
      vertex -0.950735 -24.5 1.48626
    endloop
  endfacet
  facet normal 0 -1 0
    outer loop
      vertex -0.913738 -24.5 1.44926
      vertex -0.599999 -24.5 2
      vertex -0.932842 -24.5 1.46716
    endloop
  endfacet
  facet normal 0 -1 0
    outer loop
      vertex -0.893504 -24.5 1.43266
      vertex -0.599999 -24.5 2
      vertex -0.913738 -24.5 1.44926
    endloop
  endfacet
  facet normal 0 -1 0
    outer loop
      vertex -0.872228 -24.5 1.41741
      vertex -0.599999 -24.5 2
      vertex -0.893504 -24.5 1.43266
    endloop
  endfacet
  facet normal 0 -1 0
    outer loop
      vertex -0.849999 -24.5 1.40359
      vertex -0.599999 -24.5 2
      vertex -0.872228 -24.5 1.41741
    endloop
  endfacet
  facet normal 0 -1 0
    outer loop
      vertex -0.826915 -24.5 1.39125
      vertex -0.599999 -24.5 2
      vertex -0.849999 -24.5 1.40359
    endloop
  endfacet
  facet normal 0 -1 0
    outer loop
      vertex -0.803073 -24.5 1.38045
      vertex -0.599999 -24.5 2
      vertex -0.826915 -24.5 1.39125
    endloop
  endfacet
  facet normal 0 -1 0
    outer loop
      vertex -0.778575 -24.5 1.37123
      vertex -0.599999 -24.5 2
      vertex -0.803073 -24.5 1.38045
    endloop
  endfacet
  facet normal 0 -1 0
    outer loop
      vertex -0.753527 -24.5 1.36363
      vertex -0.599999 -24.5 2
      vertex -0.778575 -24.5 1.37123
    endloop
  endfacet
  facet normal 0 -1 0
    outer loop
      vertex -0.728036 -24.5 1.35769
      vertex -0.599999 -24.5 2
      vertex -0.753527 -24.5 1.36363
    endloop
  endfacet
  facet normal 0 -1 0
    outer loop
      vertex -0.70221 -24.5 1.35342
      vertex -0.599999 -24.5 2
      vertex -0.728036 -24.5 1.35769
    endloop
  endfacet
  facet normal 0 -1 0
    outer loop
      vertex -0.676161 -24.5 1.35086
      vertex -0.599999 -24.5 2
      vertex -0.70221 -24.5 1.35342
    endloop
  endfacet
  facet normal 0 -1 0
    outer loop
      vertex -0.65 -24.5 1.35
      vertex -0.599999 -24.5 2
      vertex -0.676161 -24.5 1.35086
    endloop
  endfacet
  facet normal 0 -1 -0
    outer loop
      vertex -0.599999 -24.5 2
      vertex -0.623838 -24.5 1.35086
      vertex -0.599999 -24.5 1.3532
    endloop
  endfacet
  facet normal 0 -1 0
    outer loop
      vertex -0.599999 -24.5 2
      vertex -0.65 -24.5 1.35
      vertex -0.623838 -24.5 1.35086
    endloop
  endfacet
  facet normal -0.527988 0 -0.849252
    outer loop
      vertex -0.872228 -24.5 1.41741
      vertex -0.849999 -19.5 1.40359
      vertex -0.849999 -24.5 1.40359
    endloop
  endfacet
  facet normal -0.527988 0 -0.849252
    outer loop
      vertex -0.849999 -19.5 1.40359
      vertex -0.872228 -24.5 1.41741
      vertex -0.872228 -19.5 1.41741
    endloop
  endfacet
  facet normal -0.412622 0 -0.910902
    outer loop
      vertex -0.826915 -24.5 1.39125
      vertex -0.803073 -19.5 1.38045
      vertex -0.803073 -24.5 1.38045
    endloop
  endfacet
  facet normal -0.412622 0 -0.910902
    outer loop
      vertex -0.803073 -19.5 1.38045
      vertex -0.826915 -24.5 1.39125
      vertex -0.826915 -19.5 1.39125
    endloop
  endfacet
  facet normal -0.0328556 0 -0.99946
    outer loop
      vertex -0.676161 -24.5 1.35086
      vertex -0.65 -19.5 1.35
      vertex -0.65 -24.5 1.35
    endloop
  endfacet
  facet normal -0.0328556 0 -0.99946
    outer loop
      vertex -0.65 -19.5 1.35
      vertex -0.676161 -24.5 1.35086
      vertex -0.676161 -19.5 1.35086
    endloop
  endfacet
  facet normal -0.849245 0 -0.527999
    outer loop
      vertex -0.982588 -24.5 1.52777
      vertex -0.996409 -19.5 1.55
      vertex -0.982588 -19.5 1.52777
    endloop
  endfacet
  facet normal -0.849245 -0 -0.527999
    outer loop
      vertex -0.996409 -19.5 1.55
      vertex -0.982588 -24.5 1.52777
      vertex -0.996409 -24.5 1.55
    endloop
  endfacet
  facet normal -0.72979 0 -0.683672
    outer loop
      vertex -0.932842 -24.5 1.46716
      vertex -0.950735 -19.5 1.48626
      vertex -0.932842 -19.5 1.46716
    endloop
  endfacet
  facet normal -0.72979 -0 -0.683672
    outer loop
      vertex -0.950735 -19.5 1.48626
      vertex -0.932842 -24.5 1.46716
      vertex -0.950735 -24.5 1.48626
    endloop
  endfacet
  facet normal -0.935873 0 -0.352338
    outer loop
      vertex -1.01955 -24.5 1.59693
      vertex -1.02877 -19.5 1.62142
      vertex -1.01955 -19.5 1.59693
    endloop
  endfacet
  facet normal -0.935873 -0 -0.352338
    outer loop
      vertex -1.02877 -19.5 1.62142
      vertex -1.01955 -24.5 1.59693
      vertex -1.02877 -24.5 1.62142
    endloop
  endfacet
  facet normal -0.973906 0 -0.226952
    outer loop
      vertex -1.03637 -24.5 1.64647
      vertex -1.04231 -19.5 1.67196
      vertex -1.03637 -19.5 1.64647
    endloop
  endfacet
  facet normal -0.973906 -0 -0.226952
    outer loop
      vertex -1.04231 -19.5 1.67196
      vertex -1.03637 -24.5 1.64647
      vertex -1.04231 -24.5 1.67196
    endloop
  endfacet
  facet normal -1 0 0
    outer loop
      vertex -20.5 -40.6238 1.35086
      vertex -20.5 -40.6 2
      vertex -20.5 -40.6 1.3532
    endloop
  endfacet
  facet normal -1 0 0
    outer loop
      vertex -20.5 -40.65 1.35
      vertex -20.5 -40.6 2
      vertex -20.5 -40.6238 1.35086
    endloop
  endfacet
  facet normal -1 0 0
    outer loop
      vertex -20.5 -40.6762 1.35086
      vertex -20.5 -40.6 2
      vertex -20.5 -40.65 1.35
    endloop
  endfacet
  facet normal -1 0 0
    outer loop
      vertex -20.5 -40.7022 1.35342
      vertex -20.5 -40.6 2
      vertex -20.5 -40.6762 1.35086
    endloop
  endfacet
  facet normal -1 0 0
    outer loop
      vertex -20.5 -40.728 1.35769
      vertex -20.5 -40.6 2
      vertex -20.5 -40.7022 1.35342
    endloop
  endfacet
  facet normal -1 0 0
    outer loop
      vertex -20.5 -40.7535 1.36363
      vertex -20.5 -40.6 2
      vertex -20.5 -40.728 1.35769
    endloop
  endfacet
  facet normal -1 0 0
    outer loop
      vertex -20.5 -40.7786 1.37123
      vertex -20.5 -40.6 2
      vertex -20.5 -40.7535 1.36363
    endloop
  endfacet
  facet normal -1 0 0
    outer loop
      vertex -20.5 -40.8031 1.38045
      vertex -20.5 -40.6 2
      vertex -20.5 -40.7786 1.37123
    endloop
  endfacet
  facet normal -1 0 0
    outer loop
      vertex -20.5 -40.8269 1.39125
      vertex -20.5 -40.6 2
      vertex -20.5 -40.8031 1.38045
    endloop
  endfacet
  facet normal -1 0 0
    outer loop
      vertex -20.5 -40.85 1.40359
      vertex -20.5 -40.6 2
      vertex -20.5 -40.8269 1.39125
    endloop
  endfacet
  facet normal -1 0 0
    outer loop
      vertex -20.5 -40.8722 1.41741
      vertex -20.5 -40.6 2
      vertex -20.5 -40.85 1.40359
    endloop
  endfacet
  facet normal -1 0 0
    outer loop
      vertex -20.5 -40.8935 1.43266
      vertex -20.5 -40.6 2
      vertex -20.5 -40.8722 1.41741
    endloop
  endfacet
  facet normal -1 0 0
    outer loop
      vertex -20.5 -40.9137 1.44926
      vertex -20.5 -40.6 2
      vertex -20.5 -40.8935 1.43266
    endloop
  endfacet
  facet normal -1 0 0
    outer loop
      vertex -20.5 -40.9328 1.46716
      vertex -20.5 -40.6 2
      vertex -20.5 -40.9137 1.44926
    endloop
  endfacet
  facet normal -1 0 0
    outer loop
      vertex -20.5 -40.9507 1.48626
      vertex -20.5 -40.6 2
      vertex -20.5 -40.9328 1.46716
    endloop
  endfacet
  facet normal -1 0 0
    outer loop
      vertex -20.5 -40.9673 1.5065
      vertex -20.5 -40.6 2
      vertex -20.5 -40.9507 1.48626
    endloop
  endfacet
  facet normal -1 0 0
    outer loop
      vertex -20.5 -40.9826 1.52777
      vertex -20.5 -40.6 2
      vertex -20.5 -40.9673 1.5065
    endloop
  endfacet
  facet normal -1 0 0
    outer loop
      vertex -20.5 -40.9964 1.55
      vertex -20.5 -40.6 2
      vertex -20.5 -40.9826 1.52777
    endloop
  endfacet
  facet normal -1 -0 0
    outer loop
      vertex -20.5 -40.6 2
      vertex -20.5 -40.9826 1.97223
      vertex -20.5 -40.962 2
    endloop
  endfacet
  facet normal -1 0 0
    outer loop
      vertex -20.5 -40.962 2
      vertex -20.5 -40.9826 1.97223
      vertex -20.5 -40.9673 1.99351
    endloop
  endfacet
  facet normal -1 0 0
    outer loop
      vertex -20.5 -41.0088 1.57308
      vertex -20.5 -40.6 2
      vertex -20.5 -40.9964 1.55
    endloop
  endfacet
  facet normal -1 0 0
    outer loop
      vertex -20.5 -40.6 2
      vertex -20.5 -40.9964 1.95
      vertex -20.5 -40.9826 1.97223
    endloop
  endfacet
  facet normal -1 0 0
    outer loop
      vertex -20.5 -41.0196 1.59693
      vertex -20.5 -40.6 2
      vertex -20.5 -41.0088 1.57308
    endloop
  endfacet
  facet normal -1 0 0
    outer loop
      vertex -20.5 -40.6 2
      vertex -20.5 -41.0088 1.92692
      vertex -20.5 -40.9964 1.95
    endloop
  endfacet
  facet normal -1 0 0
    outer loop
      vertex -20.5 -41.0288 1.62142
      vertex -20.5 -40.6 2
      vertex -20.5 -41.0196 1.59693
    endloop
  endfacet
  facet normal -1 0 0
    outer loop
      vertex -20.5 -40.6 2
      vertex -20.5 -41.0196 1.90307
      vertex -20.5 -41.0088 1.92692
    endloop
  endfacet
  facet normal -1 0 0
    outer loop
      vertex -20.5 -41.0364 1.64647
      vertex -20.5 -40.6 2
      vertex -20.5 -41.0288 1.62142
    endloop
  endfacet
  facet normal -1 0 0
    outer loop
      vertex -20.5 -40.6 2
      vertex -20.5 -41.0288 1.87858
      vertex -20.5 -41.0196 1.90307
    endloop
  endfacet
  facet normal -1 0 0
    outer loop
      vertex -20.5 -41.0423 1.67196
      vertex -20.5 -40.6 2
      vertex -20.5 -41.0364 1.64647
    endloop
  endfacet
  facet normal -1 0 0
    outer loop
      vertex -20.5 -40.6 2
      vertex -20.5 -41.0364 1.85353
      vertex -20.5 -41.0288 1.87858
    endloop
  endfacet
  facet normal -1 0 0
    outer loop
      vertex -20.5 -41.0466 1.69779
      vertex -20.5 -40.6 2
      vertex -20.5 -41.0423 1.67196
    endloop
  endfacet
  facet normal -1 0 0
    outer loop
      vertex -20.5 -40.6 2
      vertex -20.5 -41.0423 1.82804
      vertex -20.5 -41.0364 1.85353
    endloop
  endfacet
  facet normal -1 0 0
    outer loop
      vertex -20.5 -41.0491 1.72384
      vertex -20.5 -40.6 2
      vertex -20.5 -41.0466 1.69779
    endloop
  endfacet
  facet normal -1 0 0
    outer loop
      vertex -20.5 -40.6 2
      vertex -20.5 -41.0466 1.80221
      vertex -20.5 -41.0423 1.82804
    endloop
  endfacet
  facet normal -1 0 0
    outer loop
      vertex -20.5 -41.05 1.75
      vertex -20.5 -40.6 2
      vertex -20.5 -41.0491 1.72384
    endloop
  endfacet
  facet normal -1 0 0
    outer loop
      vertex -20.5 -40.6 2
      vertex -20.5 -41.0491 1.77616
      vertex -20.5 -41.0466 1.80221
    endloop
  endfacet
  facet normal -1 0 0
    outer loop
      vertex -20.5 -40.6 2
      vertex -20.5 -41.05 1.75
      vertex -20.5 -41.0491 1.77616
    endloop
  endfacet
  facet normal 0 0.0328068 -0.999462
    outer loop
      vertex -20.5 -40.65 1.35
      vertex -15.5 -40.6238 1.35086
      vertex -15.5 -40.65 1.35
    endloop
  endfacet
  facet normal 0 0.0328068 -0.999462
    outer loop
      vertex -15.5 -40.6238 1.35086
      vertex -20.5 -40.65 1.35
      vertex -20.5 -40.6238 1.35086
    endloop
  endfacet
  facet normal 0 -0.528486 -0.848942
    outer loop
      vertex -20.5 -40.8722 1.41741
      vertex -15.5 -40.85 1.40359
      vertex -15.5 -40.8722 1.41741
    endloop
  endfacet
  facet normal -0 -0.528486 -0.848942
    outer loop
      vertex -15.5 -40.85 1.40359
      vertex -20.5 -40.8722 1.41741
      vertex -20.5 -40.85 1.40359
    endloop
  endfacet
  facet normal 0 -0.974243 -0.225501
    outer loop
      vertex -20.5 -41.0364 1.64647
      vertex -15.5 -41.0423 1.67196
      vertex -20.5 -41.0423 1.67196
    endloop
  endfacet
  facet normal 0 -0.974243 -0.225501
    outer loop
      vertex -15.5 -41.0423 1.67196
      vertex -20.5 -41.0364 1.64647
      vertex -15.5 -41.0364 1.64647
    endloop
  endfacet
  facet normal 0 -0.811795 -0.583943
    outer loop
      vertex -20.5 -40.9673 1.5065
      vertex -15.5 -40.9826 1.52777
      vertex -20.5 -40.9826 1.52777
    endloop
  endfacet
  facet normal 0 -0.811795 -0.583943
    outer loop
      vertex -15.5 -40.9826 1.52777
      vertex -20.5 -40.9673 1.5065
      vertex -15.5 -40.9673 1.5065
    endloop
  endfacet
  facet normal 0 -0.999409 -0.0343833
    outer loop
      vertex -20.5 -41.0491 1.72384
      vertex -15.5 -41.05 1.75
      vertex -20.5 -41.05 1.75
    endloop
  endfacet
  facet normal 0 -0.999409 -0.0343833
    outer loop
      vertex -15.5 -41.05 1.75
      vertex -20.5 -41.0491 1.72384
      vertex -15.5 -41.0491 1.72384
    endloop
  endfacet
  facet normal 0 -0.956928 0.290325
    outer loop
      vertex -20.5 -41.0364 1.85353
      vertex -15.5 -41.0288 1.87858
      vertex -20.5 -41.0288 1.87858
    endloop
  endfacet
  facet normal 0 -0.956928 0.290325
    outer loop
      vertex -15.5 -41.0288 1.87858
      vertex -20.5 -41.0364 1.85353
      vertex -15.5 -41.0364 1.85353
    endloop
  endfacet
  facet normal 0 -0.974243 0.225501
    outer loop
      vertex -20.5 -41.0423 1.82804
      vertex -15.5 -41.0364 1.85353
      vertex -20.5 -41.0364 1.85353
    endloop
  endfacet
  facet normal 0 -0.974243 0.225501
    outer loop
      vertex -15.5 -41.0364 1.85353
      vertex -20.5 -41.0423 1.82804
      vertex -15.5 -41.0423 1.82804
    endloop
  endfacet
  facet normal 0 -0.880912 0.47328
    outer loop
      vertex -20.5 -41.0088 1.92692
      vertex -15.5 -40.9964 1.95
      vertex -20.5 -40.9964 1.95
    endloop
  endfacet
  facet normal 0 -0.880912 0.47328
    outer loop
      vertex -15.5 -40.9964 1.95
      vertex -20.5 -41.0088 1.92692
      vertex -15.5 -41.0088 1.92692
    endloop
  endfacet
  facet normal 0 -0.849605 0.52742
    outer loop
      vertex -20.5 -40.9964 1.95
      vertex -15.5 -40.9826 1.97223
      vertex -20.5 -40.9826 1.97223
    endloop
  endfacet
  facet normal 0 -0.849605 0.52742
    outer loop
      vertex -15.5 -40.9826 1.97223
      vertex -20.5 -40.9964 1.95
      vertex -15.5 -40.9964 1.95
    endloop
  endfacet
  facet normal 0 0.0978475 -0.995201
    outer loop
      vertex -20.5 -40.6238 1.35086
      vertex -15.5 -40.6 1.3532
      vertex -15.5 -40.6238 1.35086
    endloop
  endfacet
  facet normal 0 0.0978475 -0.995201
    outer loop
      vertex -15.5 -40.6 1.3532
      vertex -20.5 -40.6238 1.35086
      vertex -20.5 -40.6 1.3532
    endloop
  endfacet
  facet normal 0 -0.226867 -0.973926
    outer loop
      vertex -20.5 -40.7535 1.36363
      vertex -15.5 -40.728 1.35769
      vertex -15.5 -40.7535 1.36363
    endloop
  endfacet
  facet normal -0 -0.226867 -0.973926
    outer loop
      vertex -15.5 -40.728 1.35769
      vertex -20.5 -40.7535 1.36363
      vertex -20.5 -40.728 1.35769
    endloop
  endfacet
  facet normal 0 -0.163283 -0.986579
    outer loop
      vertex -20.5 -40.728 1.35769
      vertex -15.5 -40.7022 1.35342
      vertex -15.5 -40.728 1.35769
    endloop
  endfacet
  facet normal -0 -0.163283 -0.986579
    outer loop
      vertex -15.5 -40.7022 1.35342
      vertex -20.5 -40.728 1.35769
      vertex -20.5 -40.7022 1.35342
    endloop
  endfacet
  facet normal 1 0 0
    outer loop
      vertex -15.5 -40.6 2
      vertex -15.5 -40.6238 1.35086
      vertex -15.5 -40.6 1.3532
    endloop
  endfacet
  facet normal 1 0 0
    outer loop
      vertex -15.5 -40.6 2
      vertex -15.5 -40.65 1.35
      vertex -15.5 -40.6238 1.35086
    endloop
  endfacet
  facet normal 1 0 0
    outer loop
      vertex -15.5 -40.6 2
      vertex -15.5 -40.6762 1.35086
      vertex -15.5 -40.65 1.35
    endloop
  endfacet
  facet normal 1 0 0
    outer loop
      vertex -15.5 -40.6 2
      vertex -15.5 -40.7022 1.35342
      vertex -15.5 -40.6762 1.35086
    endloop
  endfacet
  facet normal 1 0 0
    outer loop
      vertex -15.5 -40.6 2
      vertex -15.5 -40.728 1.35769
      vertex -15.5 -40.7022 1.35342
    endloop
  endfacet
  facet normal 1 0 0
    outer loop
      vertex -15.5 -40.6 2
      vertex -15.5 -40.7535 1.36363
      vertex -15.5 -40.728 1.35769
    endloop
  endfacet
  facet normal 1 0 0
    outer loop
      vertex -15.5 -40.6 2
      vertex -15.5 -40.7786 1.37123
      vertex -15.5 -40.7535 1.36363
    endloop
  endfacet
  facet normal 1 0 0
    outer loop
      vertex -15.5 -40.6 2
      vertex -15.5 -40.8031 1.38045
      vertex -15.5 -40.7786 1.37123
    endloop
  endfacet
  facet normal 1 0 0
    outer loop
      vertex -15.5 -40.6 2
      vertex -15.5 -40.8269 1.39125
      vertex -15.5 -40.8031 1.38045
    endloop
  endfacet
  facet normal 1 0 0
    outer loop
      vertex -15.5 -40.6 2
      vertex -15.5 -40.85 1.40359
      vertex -15.5 -40.8269 1.39125
    endloop
  endfacet
  facet normal 1 0 0
    outer loop
      vertex -15.5 -40.6 2
      vertex -15.5 -40.8722 1.41741
      vertex -15.5 -40.85 1.40359
    endloop
  endfacet
  facet normal 1 0 0
    outer loop
      vertex -15.5 -40.6 2
      vertex -15.5 -40.8935 1.43266
      vertex -15.5 -40.8722 1.41741
    endloop
  endfacet
  facet normal 1 0 0
    outer loop
      vertex -15.5 -40.6 2
      vertex -15.5 -40.9137 1.44926
      vertex -15.5 -40.8935 1.43266
    endloop
  endfacet
  facet normal 1 0 0
    outer loop
      vertex -15.5 -40.6 2
      vertex -15.5 -40.9328 1.46716
      vertex -15.5 -40.9137 1.44926
    endloop
  endfacet
  facet normal 1 0 0
    outer loop
      vertex -15.5 -40.6 2
      vertex -15.5 -40.9507 1.48626
      vertex -15.5 -40.9328 1.46716
    endloop
  endfacet
  facet normal 1 0 0
    outer loop
      vertex -15.5 -40.9826 1.97223
      vertex -15.5 -40.6 2
      vertex -15.5 -40.962 2
    endloop
  endfacet
  facet normal 1 0 0
    outer loop
      vertex -15.5 -40.9826 1.97223
      vertex -15.5 -40.962 2
      vertex -15.5 -40.9673 1.99351
    endloop
  endfacet
  facet normal 1 0 0
    outer loop
      vertex -15.5 -40.6 2
      vertex -15.5 -40.9673 1.5065
      vertex -15.5 -40.9507 1.48626
    endloop
  endfacet
  facet normal 1 0 0
    outer loop
      vertex -15.5 -40.9964 1.95
      vertex -15.5 -40.6 2
      vertex -15.5 -40.9826 1.97223
    endloop
  endfacet
  facet normal 1 0 0
    outer loop
      vertex -15.5 -40.6 2
      vertex -15.5 -40.9826 1.52777
      vertex -15.5 -40.9673 1.5065
    endloop
  endfacet
  facet normal 1 0 0
    outer loop
      vertex -15.5 -41.0088 1.92692
      vertex -15.5 -40.6 2
      vertex -15.5 -40.9964 1.95
    endloop
  endfacet
  facet normal 1 0 0
    outer loop
      vertex -15.5 -40.6 2
      vertex -15.5 -40.9964 1.55
      vertex -15.5 -40.9826 1.52777
    endloop
  endfacet
  facet normal 1 0 0
    outer loop
      vertex -15.5 -41.0196 1.90307
      vertex -15.5 -40.6 2
      vertex -15.5 -41.0088 1.92692
    endloop
  endfacet
  facet normal 1 0 0
    outer loop
      vertex -15.5 -40.6 2
      vertex -15.5 -41.0088 1.57308
      vertex -15.5 -40.9964 1.55
    endloop
  endfacet
  facet normal 1 0 0
    outer loop
      vertex -15.5 -41.0288 1.87858
      vertex -15.5 -40.6 2
      vertex -15.5 -41.0196 1.90307
    endloop
  endfacet
  facet normal 1 0 0
    outer loop
      vertex -15.5 -40.6 2
      vertex -15.5 -41.0196 1.59693
      vertex -15.5 -41.0088 1.57308
    endloop
  endfacet
  facet normal 1 0 0
    outer loop
      vertex -15.5 -41.0364 1.85353
      vertex -15.5 -40.6 2
      vertex -15.5 -41.0288 1.87858
    endloop
  endfacet
  facet normal 1 0 0
    outer loop
      vertex -15.5 -40.6 2
      vertex -15.5 -41.0288 1.62142
      vertex -15.5 -41.0196 1.59693
    endloop
  endfacet
  facet normal 1 0 0
    outer loop
      vertex -15.5 -41.0423 1.82804
      vertex -15.5 -40.6 2
      vertex -15.5 -41.0364 1.85353
    endloop
  endfacet
  facet normal 1 0 0
    outer loop
      vertex -15.5 -40.6 2
      vertex -15.5 -41.0364 1.64647
      vertex -15.5 -41.0288 1.62142
    endloop
  endfacet
  facet normal 1 0 0
    outer loop
      vertex -15.5 -41.0466 1.80221
      vertex -15.5 -40.6 2
      vertex -15.5 -41.0423 1.82804
    endloop
  endfacet
  facet normal 1 0 0
    outer loop
      vertex -15.5 -40.6 2
      vertex -15.5 -41.0423 1.67196
      vertex -15.5 -41.0364 1.64647
    endloop
  endfacet
  facet normal 1 0 0
    outer loop
      vertex -15.5 -41.0491 1.77616
      vertex -15.5 -40.6 2
      vertex -15.5 -41.0466 1.80221
    endloop
  endfacet
  facet normal 1 0 0
    outer loop
      vertex -15.5 -40.6 2
      vertex -15.5 -41.0466 1.69779
      vertex -15.5 -41.0423 1.67196
    endloop
  endfacet
  facet normal 1 0 0
    outer loop
      vertex -15.5 -41.05 1.75
      vertex -15.5 -40.6 2
      vertex -15.5 -41.0491 1.77616
    endloop
  endfacet
  facet normal 1 0 0
    outer loop
      vertex -15.5 -40.6 2
      vertex -15.5 -41.0491 1.72384
      vertex -15.5 -41.0466 1.69779
    endloop
  endfacet
  facet normal 1 0 0
    outer loop
      vertex -15.5 -40.6 2
      vertex -15.5 -41.05 1.75
      vertex -15.5 -41.0491 1.72384
    endloop
  endfacet
  facet normal 0 -0.352212 -0.93592
    outer loop
      vertex -20.5 -40.8031 1.38045
      vertex -15.5 -40.7786 1.37123
      vertex -15.5 -40.8031 1.38045
    endloop
  endfacet
  facet normal -0 -0.352212 -0.93592
    outer loop
      vertex -15.5 -40.7786 1.37123
      vertex -20.5 -40.8031 1.38045
      vertex -20.5 -40.7786 1.37123
    endloop
  endfacet
  facet normal 0 -0.413226 -0.910628
    outer loop
      vertex -20.5 -40.8269 1.39125
      vertex -15.5 -40.8031 1.38045
      vertex -15.5 -40.8269 1.39125
    endloop
  endfacet
  facet normal -0 -0.413226 -0.910628
    outer loop
      vertex -15.5 -40.8031 1.38045
      vertex -20.5 -40.8269 1.39125
      vertex -20.5 -40.8031 1.38045
    endloop
  endfacet
  facet normal 0 -0.634903 -0.772592
    outer loop
      vertex -20.5 -40.9137 1.44926
      vertex -15.5 -40.8935 1.43266
      vertex -15.5 -40.9137 1.44926
    endloop
  endfacet
  facet normal -0 -0.634903 -0.772592
    outer loop
      vertex -15.5 -40.8935 1.43266
      vertex -20.5 -40.9137 1.44926
      vertex -20.5 -40.8935 1.43266
    endloop
  endfacet
  facet normal 0 -0.995427 -0.0955304
    outer loop
      vertex -20.5 -41.0466 1.69779
      vertex -15.5 -41.0491 1.72384
      vertex -20.5 -41.0491 1.72384
    endloop
  endfacet
  facet normal 0 -0.995427 -0.0955304
    outer loop
      vertex -15.5 -41.0491 1.72384
      vertex -20.5 -41.0466 1.69779
      vertex -15.5 -41.0466 1.69779
    endloop
  endfacet
  facet normal 0 -0.910954 -0.412508
    outer loop
      vertex -20.5 -41.0088 1.57308
      vertex -15.5 -41.0196 1.59693
      vertex -20.5 -41.0196 1.59693
    endloop
  endfacet
  facet normal 0 -0.910954 -0.412508
    outer loop
      vertex -15.5 -41.0196 1.59693
      vertex -20.5 -41.0088 1.57308
      vertex -15.5 -41.0088 1.57308
    endloop
  endfacet
  facet normal 0 -0.683814 -0.729656
    outer loop
      vertex -20.5 -40.9328 1.46716
      vertex -15.5 -40.9137 1.44926
      vertex -15.5 -40.9328 1.46716
    endloop
  endfacet
  facet normal -0 -0.683814 -0.729656
    outer loop
      vertex -15.5 -40.9137 1.44926
      vertex -20.5 -40.9328 1.46716
      vertex -20.5 -40.9137 1.44926
    endloop
  endfacet
  facet normal 0 -0.995427 0.0955304
    outer loop
      vertex -20.5 -41.0491 1.77616
      vertex -15.5 -41.0466 1.80221
      vertex -20.5 -41.0466 1.80221
    endloop
  endfacet
  facet normal 0 -0.995427 0.0955304
    outer loop
      vertex -15.5 -41.0466 1.80221
      vertex -20.5 -41.0491 1.77616
      vertex -15.5 -41.0491 1.77616
    endloop
  endfacet
  facet normal 0 -0.986425 0.164213
    outer loop
      vertex -20.5 -41.0466 1.80221
      vertex -15.5 -41.0423 1.82804
      vertex -20.5 -41.0423 1.82804
    endloop
  endfacet
  facet normal 0 -0.986425 0.164213
    outer loop
      vertex -15.5 -41.0423 1.82804
      vertex -20.5 -41.0466 1.80221
      vertex -15.5 -41.0466 1.80221
    endloop
  endfacet
  facet normal 0 -0.999409 0.0343833
    outer loop
      vertex -20.5 -41.05 1.75
      vertex -15.5 -41.0491 1.77616
      vertex -20.5 -41.0491 1.77616
    endloop
  endfacet
  facet normal 0 -0.999409 0.0343833
    outer loop
      vertex -15.5 -41.0491 1.77616
      vertex -20.5 -41.05 1.75
      vertex -15.5 -41.05 1.75
    endloop
  endfacet
  facet normal 0 -0.936125 0.351668
    outer loop
      vertex -20.5 -41.0288 1.87858
      vertex -15.5 -41.0196 1.90307
      vertex -20.5 -41.0196 1.90307
    endloop
  endfacet
  facet normal 0 -0.936125 0.351668
    outer loop
      vertex -15.5 -41.0196 1.90307
      vertex -20.5 -41.0288 1.87858
      vertex -15.5 -41.0288 1.87858
    endloop
  endfacet
  facet normal 0 -0.910954 0.412508
    outer loop
      vertex -20.5 -41.0196 1.90307
      vertex -15.5 -41.0088 1.92692
      vertex -20.5 -41.0088 1.92692
    endloop
  endfacet
  facet normal 0 -0.910954 0.412508
    outer loop
      vertex -15.5 -41.0088 1.92692
      vertex -20.5 -41.0196 1.90307
      vertex -15.5 -41.0196 1.90307
    endloop
  endfacet
  facet normal 0 -0.774542 0.632523
    outer loop
      vertex -20.5 -40.9673 1.99351
      vertex -15.5 -40.962 2
      vertex -20.5 -40.962 2
    endloop
  endfacet
  facet normal 0 -0.774542 0.632523
    outer loop
      vertex -15.5 -40.962 2
      vertex -20.5 -40.9673 1.99351
      vertex -15.5 -40.9673 1.99351
    endloop
  endfacet
  facet normal 0 -0.811925 0.583762
    outer loop
      vertex -20.5 -40.9826 1.97223
      vertex -15.5 -40.9673 1.99351
      vertex -20.5 -40.9673 1.99351
    endloop
  endfacet
  facet normal 0 -0.811925 0.583762
    outer loop
      vertex -15.5 -40.9673 1.99351
      vertex -20.5 -40.9826 1.97223
      vertex -15.5 -40.9826 1.97223
    endloop
  endfacet
  facet normal 0 -0.289796 -0.957089
    outer loop
      vertex -20.5 -40.7786 1.37123
      vertex -15.5 -40.7535 1.36363
      vertex -15.5 -40.7786 1.37123
    endloop
  endfacet
  facet normal -0 -0.289796 -0.957089
    outer loop
      vertex -15.5 -40.7535 1.36363
      vertex -20.5 -40.7786 1.37123
      vertex -20.5 -40.7535 1.36363
    endloop
  endfacet
  facet normal 0 -0.0979877 -0.995188
    outer loop
      vertex -20.5 -40.7022 1.35342
      vertex -15.5 -40.6762 1.35086
      vertex -15.5 -40.7022 1.35342
    endloop
  endfacet
  facet normal -0 -0.0979877 -0.995188
    outer loop
      vertex -15.5 -40.6762 1.35086
      vertex -20.5 -40.7022 1.35342
      vertex -20.5 -40.6762 1.35086
    endloop
  endfacet
  facet normal 0 -0.0328068 -0.999462
    outer loop
      vertex -20.5 -40.6762 1.35086
      vertex -15.5 -40.65 1.35
      vertex -15.5 -40.6762 1.35086
    endloop
  endfacet
  facet normal -0 -0.0328068 -0.999462
    outer loop
      vertex -15.5 -40.65 1.35
      vertex -20.5 -40.6762 1.35086
      vertex -20.5 -40.65 1.35
    endloop
  endfacet
  facet normal 0 -0.956928 -0.290325
    outer loop
      vertex -20.5 -41.0288 1.62142
      vertex -15.5 -41.0364 1.64647
      vertex -20.5 -41.0364 1.64647
    endloop
  endfacet
  facet normal 0 -0.956928 -0.290325
    outer loop
      vertex -15.5 -41.0364 1.64647
      vertex -20.5 -41.0288 1.62142
      vertex -15.5 -41.0288 1.62142
    endloop
  endfacet
  facet normal 0 -0.936125 -0.351668
    outer loop
      vertex -20.5 -41.0196 1.59693
      vertex -15.5 -41.0288 1.62142
      vertex -20.5 -41.0288 1.62142
    endloop
  endfacet
  facet normal 0 -0.936125 -0.351668
    outer loop
      vertex -15.5 -41.0288 1.62142
      vertex -20.5 -41.0196 1.59693
      vertex -15.5 -41.0196 1.59693
    endloop
  endfacet
  facet normal 0 -0.880912 -0.47328
    outer loop
      vertex -20.5 -40.9964 1.55
      vertex -15.5 -41.0088 1.57308
      vertex -20.5 -41.0088 1.57308
    endloop
  endfacet
  facet normal 0 -0.880912 -0.47328
    outer loop
      vertex -15.5 -41.0088 1.57308
      vertex -20.5 -40.9964 1.55
      vertex -15.5 -40.9964 1.55
    endloop
  endfacet
  facet normal 0 -0.773208 -0.634153
    outer loop
      vertex -20.5 -40.9507 1.48626
      vertex -15.5 -40.9673 1.5065
      vertex -20.5 -40.9673 1.5065
    endloop
  endfacet
  facet normal 0 -0.773208 -0.634153
    outer loop
      vertex -15.5 -40.9673 1.5065
      vertex -20.5 -40.9507 1.48626
      vertex -15.5 -40.9507 1.48626
    endloop
  endfacet
  facet normal 0 -0.729656 -0.683814
    outer loop
      vertex -20.5 -40.9328 1.46716
      vertex -15.5 -40.9507 1.48626
      vertex -20.5 -40.9507 1.48626
    endloop
  endfacet
  facet normal 0 -0.729656 -0.683814
    outer loop
      vertex -15.5 -40.9507 1.48626
      vertex -20.5 -40.9328 1.46716
      vertex -15.5 -40.9328 1.46716
    endloop
  endfacet
  facet normal 0 -0.849605 -0.52742
    outer loop
      vertex -20.5 -40.9826 1.52777
      vertex -15.5 -40.9964 1.55
      vertex -20.5 -40.9964 1.55
    endloop
  endfacet
  facet normal 0 -0.849605 -0.52742
    outer loop
      vertex -15.5 -40.9964 1.55
      vertex -20.5 -40.9826 1.52777
      vertex -15.5 -40.9826 1.52777
    endloop
  endfacet
  facet normal 0 -0.471183 -0.882036
    outer loop
      vertex -20.5 -40.85 1.40359
      vertex -15.5 -40.8269 1.39125
      vertex -15.5 -40.85 1.40359
    endloop
  endfacet
  facet normal -0 -0.471183 -0.882036
    outer loop
      vertex -15.5 -40.8269 1.39125
      vertex -20.5 -40.85 1.40359
      vertex -20.5 -40.8269 1.39125
    endloop
  endfacet
  facet normal 0 -0.582141 -0.813088
    outer loop
      vertex -20.5 -40.8935 1.43266
      vertex -15.5 -40.8722 1.41741
      vertex -15.5 -40.8935 1.43266
    endloop
  endfacet
  facet normal -0 -0.582141 -0.813088
    outer loop
      vertex -15.5 -40.8722 1.41741
      vertex -20.5 -40.8935 1.43266
      vertex -20.5 -40.8722 1.41741
    endloop
  endfacet
  facet normal 0 -0.986425 -0.164213
    outer loop
      vertex -20.5 -41.0423 1.67196
      vertex -15.5 -41.0466 1.69779
      vertex -20.5 -41.0466 1.69779
    endloop
  endfacet
  facet normal 0 -0.986425 -0.164213
    outer loop
      vertex -15.5 -41.0466 1.69779
      vertex -20.5 -41.0423 1.67196
      vertex -15.5 -41.0423 1.67196
    endloop
  endfacet
  facet normal 0.999409 0 -0.0343833
    outer loop
      vertex -34.95 -60.5 1.75
      vertex -34.9509 -55.5 1.72384
      vertex -34.95 -55.5 1.75
    endloop
  endfacet
  facet normal 0.999409 0 -0.0343833
    outer loop
      vertex -34.9509 -55.5 1.72384
      vertex -34.95 -60.5 1.75
      vertex -34.9509 -60.5 1.72384
    endloop
  endfacet
  facet normal 0.986425 -0 0.164213
    outer loop
      vertex -34.9577 -60.5 1.82804
      vertex -34.9534 -55.5 1.80221
      vertex -34.9577 -55.5 1.82804
    endloop
  endfacet
  facet normal 0.986425 0 0.164213
    outer loop
      vertex -34.9534 -55.5 1.80221
      vertex -34.9577 -60.5 1.82804
      vertex -34.9534 -60.5 1.80221
    endloop
  endfacet
  facet normal 0.956928 -0 0.290325
    outer loop
      vertex -34.9712 -60.5 1.87858
      vertex -34.9636 -55.5 1.85353
      vertex -34.9712 -55.5 1.87858
    endloop
  endfacet
  facet normal 0.956928 0 0.290325
    outer loop
      vertex -34.9636 -55.5 1.85353
      vertex -34.9712 -60.5 1.87858
      vertex -34.9636 -60.5 1.85353
    endloop
  endfacet
  facet normal 0.774542 -0 0.632523
    outer loop
      vertex -35.038 -60.5 2
      vertex -35.0327 -55.5 1.99351
      vertex -35.038 -55.5 2
    endloop
  endfacet
  facet normal 0.774542 0 0.632523
    outer loop
      vertex -35.0327 -55.5 1.99351
      vertex -35.038 -60.5 2
      vertex -35.0327 -60.5 1.99351
    endloop
  endfacet
  facet normal 0 1 0
    outer loop
      vertex -35.0327 -55.5 1.99351
      vertex -35.4 -55.5 2
      vertex -35.038 -55.5 2
    endloop
  endfacet
  facet normal 0 1 0
    outer loop
      vertex -35.0174 -55.5 1.97223
      vertex -35.4 -55.5 2
      vertex -35.0327 -55.5 1.99351
    endloop
  endfacet
  facet normal 0 1 0
    outer loop
      vertex -35.0036 -55.5 1.95
      vertex -35.4 -55.5 2
      vertex -35.0174 -55.5 1.97223
    endloop
  endfacet
  facet normal 0 1 0
    outer loop
      vertex -34.9912 -55.5 1.92692
      vertex -35.4 -55.5 2
      vertex -35.0036 -55.5 1.95
    endloop
  endfacet
  facet normal 0 1 0
    outer loop
      vertex -34.9804 -55.5 1.90307
      vertex -35.4 -55.5 2
      vertex -34.9912 -55.5 1.92692
    endloop
  endfacet
  facet normal 0 1 0
    outer loop
      vertex -34.9712 -55.5 1.87858
      vertex -35.4 -55.5 2
      vertex -34.9804 -55.5 1.90307
    endloop
  endfacet
  facet normal 0 1 0
    outer loop
      vertex -34.9636 -55.5 1.85353
      vertex -35.4 -55.5 2
      vertex -34.9712 -55.5 1.87858
    endloop
  endfacet
  facet normal 0 1 0
    outer loop
      vertex -34.9577 -55.5 1.82804
      vertex -35.4 -55.5 2
      vertex -34.9636 -55.5 1.85353
    endloop
  endfacet
  facet normal 0 1 0
    outer loop
      vertex -34.9534 -55.5 1.80221
      vertex -35.4 -55.5 2
      vertex -34.9577 -55.5 1.82804
    endloop
  endfacet
  facet normal 0 1 0
    outer loop
      vertex -34.9509 -55.5 1.77616
      vertex -35.4 -55.5 2
      vertex -34.9534 -55.5 1.80221
    endloop
  endfacet
  facet normal 0 1 0
    outer loop
      vertex -34.95 -55.5 1.75
      vertex -35.4 -55.5 2
      vertex -34.9509 -55.5 1.77616
    endloop
  endfacet
  facet normal 0 1 -0
    outer loop
      vertex -34.9509 -55.5 1.72384
      vertex -35.4 -55.5 2
      vertex -34.95 -55.5 1.75
    endloop
  endfacet
  facet normal 0 1 -0
    outer loop
      vertex -34.9534 -55.5 1.69779
      vertex -35.4 -55.5 2
      vertex -34.9509 -55.5 1.72384
    endloop
  endfacet
  facet normal 0 1 -0
    outer loop
      vertex -34.9577 -55.5 1.67196
      vertex -35.4 -55.5 2
      vertex -34.9534 -55.5 1.69779
    endloop
  endfacet
  facet normal 0 1 -0
    outer loop
      vertex -34.9636 -55.5 1.64647
      vertex -35.4 -55.5 2
      vertex -34.9577 -55.5 1.67196
    endloop
  endfacet
  facet normal 0 1 -0
    outer loop
      vertex -34.9712 -55.5 1.62142
      vertex -35.4 -55.5 2
      vertex -34.9636 -55.5 1.64647
    endloop
  endfacet
  facet normal 0 1 -0
    outer loop
      vertex -34.9804 -55.5 1.59693
      vertex -35.4 -55.5 2
      vertex -34.9712 -55.5 1.62142
    endloop
  endfacet
  facet normal 0 1 -0
    outer loop
      vertex -34.9912 -55.5 1.57308
      vertex -35.4 -55.5 2
      vertex -34.9804 -55.5 1.59693
    endloop
  endfacet
  facet normal 0 1 -0
    outer loop
      vertex -35.0036 -55.5 1.55
      vertex -35.4 -55.5 2
      vertex -34.9912 -55.5 1.57308
    endloop
  endfacet
  facet normal 0 1 -0
    outer loop
      vertex -35.0174 -55.5 1.52777
      vertex -35.4 -55.5 2
      vertex -35.0036 -55.5 1.55
    endloop
  endfacet
  facet normal 0 1 -0
    outer loop
      vertex -35.0327 -55.5 1.5065
      vertex -35.4 -55.5 2
      vertex -35.0174 -55.5 1.52777
    endloop
  endfacet
  facet normal 0 1 -0
    outer loop
      vertex -35.0493 -55.5 1.48626
      vertex -35.4 -55.5 2
      vertex -35.0327 -55.5 1.5065
    endloop
  endfacet
  facet normal 0 1 -0
    outer loop
      vertex -35.0672 -55.5 1.46716
      vertex -35.4 -55.5 2
      vertex -35.0493 -55.5 1.48626
    endloop
  endfacet
  facet normal 0 1 -0
    outer loop
      vertex -35.0863 -55.5 1.44926
      vertex -35.4 -55.5 2
      vertex -35.0672 -55.5 1.46716
    endloop
  endfacet
  facet normal 0 1 -0
    outer loop
      vertex -35.1065 -55.5 1.43266
      vertex -35.4 -55.5 2
      vertex -35.0863 -55.5 1.44926
    endloop
  endfacet
  facet normal 0 1 -0
    outer loop
      vertex -35.1278 -55.5 1.41741
      vertex -35.4 -55.5 2
      vertex -35.1065 -55.5 1.43266
    endloop
  endfacet
  facet normal 0 1 -0
    outer loop
      vertex -35.15 -55.5 1.40359
      vertex -35.4 -55.5 2
      vertex -35.1278 -55.5 1.41741
    endloop
  endfacet
  facet normal 0 1 -0
    outer loop
      vertex -35.1731 -55.5 1.39125
      vertex -35.4 -55.5 2
      vertex -35.15 -55.5 1.40359
    endloop
  endfacet
  facet normal 0 1 -0
    outer loop
      vertex -35.1969 -55.5 1.38045
      vertex -35.4 -55.5 2
      vertex -35.1731 -55.5 1.39125
    endloop
  endfacet
  facet normal 0 1 -0
    outer loop
      vertex -35.2214 -55.5 1.37123
      vertex -35.4 -55.5 2
      vertex -35.1969 -55.5 1.38045
    endloop
  endfacet
  facet normal 0 1 -0
    outer loop
      vertex -35.2465 -55.5 1.36363
      vertex -35.4 -55.5 2
      vertex -35.2214 -55.5 1.37123
    endloop
  endfacet
  facet normal 0 1 -0
    outer loop
      vertex -35.272 -55.5 1.35769
      vertex -35.4 -55.5 2
      vertex -35.2465 -55.5 1.36363
    endloop
  endfacet
  facet normal 0 1 -0
    outer loop
      vertex -35.2978 -55.5 1.35342
      vertex -35.4 -55.5 2
      vertex -35.272 -55.5 1.35769
    endloop
  endfacet
  facet normal 0 1 -0
    outer loop
      vertex -35.3238 -55.5 1.35086
      vertex -35.4 -55.5 2
      vertex -35.2978 -55.5 1.35342
    endloop
  endfacet
  facet normal 0 1 -0
    outer loop
      vertex -35.35 -55.5 1.35
      vertex -35.4 -55.5 2
      vertex -35.3238 -55.5 1.35086
    endloop
  endfacet
  facet normal 0 1 0
    outer loop
      vertex -35.4 -55.5 2
      vertex -35.3762 -55.5 1.35086
      vertex -35.4 -55.5 1.3532
    endloop
  endfacet
  facet normal 0 1 0
    outer loop
      vertex -35.4 -55.5 2
      vertex -35.35 -55.5 1.35
      vertex -35.3762 -55.5 1.35086
    endloop
  endfacet
  facet normal 0.880912 0 -0.47328
    outer loop
      vertex -34.9912 -60.5 1.57308
      vertex -35.0036 -55.5 1.55
      vertex -34.9912 -55.5 1.57308
    endloop
  endfacet
  facet normal 0.880912 0 -0.47328
    outer loop
      vertex -35.0036 -55.5 1.55
      vertex -34.9912 -60.5 1.57308
      vertex -35.0036 -60.5 1.55
    endloop
  endfacet
  facet normal 0.289796 0 -0.957089
    outer loop
      vertex -35.2465 -60.5 1.36363
      vertex -35.2214 -55.5 1.37123
      vertex -35.2214 -60.5 1.37123
    endloop
  endfacet
  facet normal 0.289796 0 -0.957089
    outer loop
      vertex -35.2214 -55.5 1.37123
      vertex -35.2465 -60.5 1.36363
      vertex -35.2465 -55.5 1.36363
    endloop
  endfacet
  facet normal 0.729656 0 -0.683814
    outer loop
      vertex -35.0493 -60.5 1.48626
      vertex -35.0672 -55.5 1.46716
      vertex -35.0493 -55.5 1.48626
    endloop
  endfacet
  facet normal 0.729656 0 -0.683814
    outer loop
      vertex -35.0672 -55.5 1.46716
      vertex -35.0493 -60.5 1.48626
      vertex -35.0672 -60.5 1.46716
    endloop
  endfacet
  facet normal 0.0328068 0 -0.999462
    outer loop
      vertex -35.35 -60.5 1.35
      vertex -35.3238 -55.5 1.35086
      vertex -35.3238 -60.5 1.35086
    endloop
  endfacet
  facet normal 0.0328068 0 -0.999462
    outer loop
      vertex -35.3238 -55.5 1.35086
      vertex -35.35 -60.5 1.35
      vertex -35.35 -55.5 1.35
    endloop
  endfacet
  facet normal 0.995427 -0 0.0955304
    outer loop
      vertex -34.9534 -60.5 1.80221
      vertex -34.9509 -55.5 1.77616
      vertex -34.9534 -55.5 1.80221
    endloop
  endfacet
  facet normal 0.995427 0 0.0955304
    outer loop
      vertex -34.9509 -55.5 1.77616
      vertex -34.9534 -60.5 1.80221
      vertex -34.9509 -60.5 1.77616
    endloop
  endfacet
  facet normal 0.910954 -0 0.412508
    outer loop
      vertex -34.9912 -60.5 1.92692
      vertex -34.9804 -55.5 1.90307
      vertex -34.9912 -55.5 1.92692
    endloop
  endfacet
  facet normal 0.910954 0 0.412508
    outer loop
      vertex -34.9804 -55.5 1.90307
      vertex -34.9912 -60.5 1.92692
      vertex -34.9804 -60.5 1.90307
    endloop
  endfacet
  facet normal 0.936125 -0 0.351668
    outer loop
      vertex -34.9804 -60.5 1.90307
      vertex -34.9712 -55.5 1.87858
      vertex -34.9804 -55.5 1.90307
    endloop
  endfacet
  facet normal 0.936125 0 0.351668
    outer loop
      vertex -34.9712 -55.5 1.87858
      vertex -34.9804 -60.5 1.90307
      vertex -34.9712 -60.5 1.87858
    endloop
  endfacet
  facet normal 0.811925 -0 0.583762
    outer loop
      vertex -35.0327 -60.5 1.99351
      vertex -35.0174 -55.5 1.97223
      vertex -35.0327 -55.5 1.99351
    endloop
  endfacet
  facet normal 0.811925 0 0.583762
    outer loop
      vertex -35.0174 -55.5 1.97223
      vertex -35.0327 -60.5 1.99351
      vertex -35.0174 -60.5 1.97223
    endloop
  endfacet
  facet normal 0 -1 0
    outer loop
      vertex -35.4 -60.5 2
      vertex -35.0327 -60.5 1.99351
      vertex -35.038 -60.5 2
    endloop
  endfacet
  facet normal 0 -1 0
    outer loop
      vertex -35.4 -60.5 2
      vertex -35.0174 -60.5 1.97223
      vertex -35.0327 -60.5 1.99351
    endloop
  endfacet
  facet normal 0 -1 0
    outer loop
      vertex -35.4 -60.5 2
      vertex -35.0036 -60.5 1.95
      vertex -35.0174 -60.5 1.97223
    endloop
  endfacet
  facet normal 0 -1 0
    outer loop
      vertex -35.4 -60.5 2
      vertex -34.9912 -60.5 1.92692
      vertex -35.0036 -60.5 1.95
    endloop
  endfacet
  facet normal 0 -1 0
    outer loop
      vertex -35.4 -60.5 2
      vertex -34.9804 -60.5 1.90307
      vertex -34.9912 -60.5 1.92692
    endloop
  endfacet
  facet normal 0 -1 0
    outer loop
      vertex -35.4 -60.5 2
      vertex -34.9712 -60.5 1.87858
      vertex -34.9804 -60.5 1.90307
    endloop
  endfacet
  facet normal 0 -1 0
    outer loop
      vertex -35.4 -60.5 2
      vertex -34.9636 -60.5 1.85353
      vertex -34.9712 -60.5 1.87858
    endloop
  endfacet
  facet normal 0 -1 0
    outer loop
      vertex -35.4 -60.5 2
      vertex -34.9577 -60.5 1.82804
      vertex -34.9636 -60.5 1.85353
    endloop
  endfacet
  facet normal 0 -1 0
    outer loop
      vertex -35.4 -60.5 2
      vertex -34.9534 -60.5 1.80221
      vertex -34.9577 -60.5 1.82804
    endloop
  endfacet
  facet normal 0 -1 0
    outer loop
      vertex -35.4 -60.5 2
      vertex -34.9509 -60.5 1.77616
      vertex -34.9534 -60.5 1.80221
    endloop
  endfacet
  facet normal 0 -1 0
    outer loop
      vertex -35.4 -60.5 2
      vertex -34.95 -60.5 1.75
      vertex -34.9509 -60.5 1.77616
    endloop
  endfacet
  facet normal 0 -1 0
    outer loop
      vertex -35.4 -60.5 2
      vertex -34.9509 -60.5 1.72384
      vertex -34.95 -60.5 1.75
    endloop
  endfacet
  facet normal 0 -1 0
    outer loop
      vertex -35.4 -60.5 2
      vertex -34.9534 -60.5 1.69779
      vertex -34.9509 -60.5 1.72384
    endloop
  endfacet
  facet normal 0 -1 0
    outer loop
      vertex -35.4 -60.5 2
      vertex -34.9577 -60.5 1.67196
      vertex -34.9534 -60.5 1.69779
    endloop
  endfacet
  facet normal 0 -1 0
    outer loop
      vertex -35.4 -60.5 2
      vertex -34.9636 -60.5 1.64647
      vertex -34.9577 -60.5 1.67196
    endloop
  endfacet
  facet normal 0 -1 0
    outer loop
      vertex -35.4 -60.5 2
      vertex -34.9712 -60.5 1.62142
      vertex -34.9636 -60.5 1.64647
    endloop
  endfacet
  facet normal 0 -1 0
    outer loop
      vertex -35.4 -60.5 2
      vertex -34.9804 -60.5 1.59693
      vertex -34.9712 -60.5 1.62142
    endloop
  endfacet
  facet normal 0 -1 0
    outer loop
      vertex -35.4 -60.5 2
      vertex -34.9912 -60.5 1.57308
      vertex -34.9804 -60.5 1.59693
    endloop
  endfacet
  facet normal 0 -1 0
    outer loop
      vertex -35.4 -60.5 2
      vertex -35.0036 -60.5 1.55
      vertex -34.9912 -60.5 1.57308
    endloop
  endfacet
  facet normal 0 -1 0
    outer loop
      vertex -35.4 -60.5 2
      vertex -35.0174 -60.5 1.52777
      vertex -35.0036 -60.5 1.55
    endloop
  endfacet
  facet normal 0 -1 0
    outer loop
      vertex -35.4 -60.5 2
      vertex -35.0327 -60.5 1.5065
      vertex -35.0174 -60.5 1.52777
    endloop
  endfacet
  facet normal 0 -1 0
    outer loop
      vertex -35.4 -60.5 2
      vertex -35.0493 -60.5 1.48626
      vertex -35.0327 -60.5 1.5065
    endloop
  endfacet
  facet normal 0 -1 0
    outer loop
      vertex -35.4 -60.5 2
      vertex -35.0672 -60.5 1.46716
      vertex -35.0493 -60.5 1.48626
    endloop
  endfacet
  facet normal 0 -1 0
    outer loop
      vertex -35.4 -60.5 2
      vertex -35.0863 -60.5 1.44926
      vertex -35.0672 -60.5 1.46716
    endloop
  endfacet
  facet normal 0 -1 0
    outer loop
      vertex -35.4 -60.5 2
      vertex -35.1065 -60.5 1.43266
      vertex -35.0863 -60.5 1.44926
    endloop
  endfacet
  facet normal 0 -1 0
    outer loop
      vertex -35.4 -60.5 2
      vertex -35.1278 -60.5 1.41741
      vertex -35.1065 -60.5 1.43266
    endloop
  endfacet
  facet normal 0 -1 0
    outer loop
      vertex -35.4 -60.5 2
      vertex -35.15 -60.5 1.40359
      vertex -35.1278 -60.5 1.41741
    endloop
  endfacet
  facet normal 0 -1 0
    outer loop
      vertex -35.4 -60.5 2
      vertex -35.1731 -60.5 1.39125
      vertex -35.15 -60.5 1.40359
    endloop
  endfacet
  facet normal 0 -1 0
    outer loop
      vertex -35.4 -60.5 2
      vertex -35.1969 -60.5 1.38045
      vertex -35.1731 -60.5 1.39125
    endloop
  endfacet
  facet normal 0 -1 0
    outer loop
      vertex -35.4 -60.5 2
      vertex -35.2214 -60.5 1.37123
      vertex -35.1969 -60.5 1.38045
    endloop
  endfacet
  facet normal 0 -1 0
    outer loop
      vertex -35.4 -60.5 2
      vertex -35.2465 -60.5 1.36363
      vertex -35.2214 -60.5 1.37123
    endloop
  endfacet
  facet normal 0 -1 0
    outer loop
      vertex -35.4 -60.5 2
      vertex -35.272 -60.5 1.35769
      vertex -35.2465 -60.5 1.36363
    endloop
  endfacet
  facet normal 0 -1 0
    outer loop
      vertex -35.4 -60.5 2
      vertex -35.2978 -60.5 1.35342
      vertex -35.272 -60.5 1.35769
    endloop
  endfacet
  facet normal 0 -1 0
    outer loop
      vertex -35.3762 -60.5 1.35086
      vertex -35.4 -60.5 2
      vertex -35.4 -60.5 1.3532
    endloop
  endfacet
  facet normal 0 -1 0
    outer loop
      vertex -35.35 -60.5 1.35
      vertex -35.4 -60.5 2
      vertex -35.3762 -60.5 1.35086
    endloop
  endfacet
  facet normal 0 -1 0
    outer loop
      vertex -35.4 -60.5 2
      vertex -35.3238 -60.5 1.35086
      vertex -35.2978 -60.5 1.35342
    endloop
  endfacet
  facet normal 0 -1 0
    outer loop
      vertex -35.4 -60.5 2
      vertex -35.35 -60.5 1.35
      vertex -35.3238 -60.5 1.35086
    endloop
  endfacet
  facet normal 0.999409 -0 0.0343833
    outer loop
      vertex -34.9509 -60.5 1.77616
      vertex -34.95 -55.5 1.75
      vertex -34.9509 -55.5 1.77616
    endloop
  endfacet
  facet normal 0.999409 0 0.0343833
    outer loop
      vertex -34.95 -55.5 1.75
      vertex -34.9509 -60.5 1.77616
      vertex -34.95 -60.5 1.75
    endloop
  endfacet
  facet normal 0.226867 0 -0.973926
    outer loop
      vertex -35.272 -60.5 1.35769
      vertex -35.2465 -55.5 1.36363
      vertex -35.2465 -60.5 1.36363
    endloop
  endfacet
  facet normal 0.226867 0 -0.973926
    outer loop
      vertex -35.2465 -55.5 1.36363
      vertex -35.272 -60.5 1.35769
      vertex -35.272 -55.5 1.35769
    endloop
  endfacet
  facet normal 0.471183 0 -0.882036
    outer loop
      vertex -35.1731 -60.5 1.39125
      vertex -35.15 -55.5 1.40359
      vertex -35.15 -60.5 1.40359
    endloop
  endfacet
  facet normal 0.471183 0 -0.882036
    outer loop
      vertex -35.15 -55.5 1.40359
      vertex -35.1731 -60.5 1.39125
      vertex -35.1731 -55.5 1.39125
    endloop
  endfacet
  facet normal 0.528486 0 -0.848942
    outer loop
      vertex -35.15 -60.5 1.40359
      vertex -35.1278 -55.5 1.41741
      vertex -35.1278 -60.5 1.41741
    endloop
  endfacet
  facet normal 0.528486 0 -0.848942
    outer loop
      vertex -35.1278 -55.5 1.41741
      vertex -35.15 -60.5 1.40359
      vertex -35.15 -55.5 1.40359
    endloop
  endfacet
  facet normal 0.880912 -0 0.47328
    outer loop
      vertex -35.0036 -60.5 1.95
      vertex -34.9912 -55.5 1.92692
      vertex -35.0036 -55.5 1.95
    endloop
  endfacet
  facet normal 0.880912 0 0.47328
    outer loop
      vertex -34.9912 -55.5 1.92692
      vertex -35.0036 -60.5 1.95
      vertex -34.9912 -60.5 1.92692
    endloop
  endfacet
  facet normal 0.849605 -0 0.52742
    outer loop
      vertex -35.0174 -60.5 1.97223
      vertex -35.0036 -55.5 1.95
      vertex -35.0174 -55.5 1.97223
    endloop
  endfacet
  facet normal 0.849605 0 0.52742
    outer loop
      vertex -35.0036 -55.5 1.95
      vertex -35.0174 -60.5 1.97223
      vertex -35.0036 -60.5 1.95
    endloop
  endfacet
  facet normal 0.0979877 0 -0.995188
    outer loop
      vertex -35.3238 -60.5 1.35086
      vertex -35.2978 -55.5 1.35342
      vertex -35.2978 -60.5 1.35342
    endloop
  endfacet
  facet normal 0.0979877 0 -0.995188
    outer loop
      vertex -35.2978 -55.5 1.35342
      vertex -35.3238 -60.5 1.35086
      vertex -35.3238 -55.5 1.35086
    endloop
  endfacet
  facet normal 0.986425 0 -0.164213
    outer loop
      vertex -34.9534 -60.5 1.69779
      vertex -34.9577 -55.5 1.67196
      vertex -34.9534 -55.5 1.69779
    endloop
  endfacet
  facet normal 0.986425 0 -0.164213
    outer loop
      vertex -34.9577 -55.5 1.67196
      vertex -34.9534 -60.5 1.69779
      vertex -34.9577 -60.5 1.67196
    endloop
  endfacet
  facet normal 0.995427 0 -0.0955304
    outer loop
      vertex -34.9509 -60.5 1.72384
      vertex -34.9534 -55.5 1.69779
      vertex -34.9509 -55.5 1.72384
    endloop
  endfacet
  facet normal 0.995427 0 -0.0955304
    outer loop
      vertex -34.9534 -55.5 1.69779
      vertex -34.9509 -60.5 1.72384
      vertex -34.9534 -60.5 1.69779
    endloop
  endfacet
  facet normal 0.956928 0 -0.290325
    outer loop
      vertex -34.9636 -60.5 1.64647
      vertex -34.9712 -55.5 1.62142
      vertex -34.9636 -55.5 1.64647
    endloop
  endfacet
  facet normal 0.956928 0 -0.290325
    outer loop
      vertex -34.9712 -55.5 1.62142
      vertex -34.9636 -60.5 1.64647
      vertex -34.9712 -60.5 1.62142
    endloop
  endfacet
  facet normal 0.910954 0 -0.412508
    outer loop
      vertex -34.9804 -60.5 1.59693
      vertex -34.9912 -55.5 1.57308
      vertex -34.9804 -55.5 1.59693
    endloop
  endfacet
  facet normal 0.910954 0 -0.412508
    outer loop
      vertex -34.9912 -55.5 1.57308
      vertex -34.9804 -60.5 1.59693
      vertex -34.9912 -60.5 1.57308
    endloop
  endfacet
  facet normal 0.773208 0 -0.634153
    outer loop
      vertex -35.0327 -60.5 1.5065
      vertex -35.0493 -55.5 1.48626
      vertex -35.0327 -55.5 1.5065
    endloop
  endfacet
  facet normal 0.773208 0 -0.634153
    outer loop
      vertex -35.0493 -55.5 1.48626
      vertex -35.0327 -60.5 1.5065
      vertex -35.0493 -60.5 1.48626
    endloop
  endfacet
  facet normal 0.163283 0 -0.986579
    outer loop
      vertex -35.2978 -60.5 1.35342
      vertex -35.272 -55.5 1.35769
      vertex -35.272 -60.5 1.35769
    endloop
  endfacet
  facet normal 0.163283 0 -0.986579
    outer loop
      vertex -35.272 -55.5 1.35769
      vertex -35.2978 -60.5 1.35342
      vertex -35.2978 -55.5 1.35342
    endloop
  endfacet
  facet normal 0.413226 0 -0.910628
    outer loop
      vertex -35.1969 -60.5 1.38045
      vertex -35.1731 -55.5 1.39125
      vertex -35.1731 -60.5 1.39125
    endloop
  endfacet
  facet normal 0.413226 0 -0.910628
    outer loop
      vertex -35.1731 -55.5 1.39125
      vertex -35.1969 -60.5 1.38045
      vertex -35.1969 -55.5 1.38045
    endloop
  endfacet
  facet normal 0.352212 0 -0.93592
    outer loop
      vertex -35.2214 -60.5 1.37123
      vertex -35.1969 -55.5 1.38045
      vertex -35.1969 -60.5 1.38045
    endloop
  endfacet
  facet normal 0.352212 0 -0.93592
    outer loop
      vertex -35.1969 -55.5 1.38045
      vertex -35.2214 -60.5 1.37123
      vertex -35.2214 -55.5 1.37123
    endloop
  endfacet
  facet normal 0.634903 0 -0.772592
    outer loop
      vertex -35.1065 -60.5 1.43266
      vertex -35.0863 -55.5 1.44926
      vertex -35.0863 -60.5 1.44926
    endloop
  endfacet
  facet normal 0.634903 0 -0.772592
    outer loop
      vertex -35.0863 -55.5 1.44926
      vertex -35.1065 -60.5 1.43266
      vertex -35.1065 -55.5 1.43266
    endloop
  endfacet
  facet normal -0.0978475 0 -0.995201
    outer loop
      vertex -35.4 -60.5 1.3532
      vertex -35.3762 -55.5 1.35086
      vertex -35.3762 -60.5 1.35086
    endloop
  endfacet
  facet normal -0.0978475 0 -0.995201
    outer loop
      vertex -35.3762 -55.5 1.35086
      vertex -35.4 -60.5 1.3532
      vertex -35.4 -55.5 1.3532
    endloop
  endfacet
  facet normal 0.974243 -0 0.225501
    outer loop
      vertex -34.9636 -60.5 1.85353
      vertex -34.9577 -55.5 1.82804
      vertex -34.9636 -55.5 1.85353
    endloop
  endfacet
  facet normal 0.974243 0 0.225501
    outer loop
      vertex -34.9577 -55.5 1.82804
      vertex -34.9636 -60.5 1.85353
      vertex -34.9577 -60.5 1.82804
    endloop
  endfacet
  facet normal 0.974243 0 -0.225501
    outer loop
      vertex -34.9577 -60.5 1.67196
      vertex -34.9636 -55.5 1.64647
      vertex -34.9577 -55.5 1.67196
    endloop
  endfacet
  facet normal 0.974243 0 -0.225501
    outer loop
      vertex -34.9636 -55.5 1.64647
      vertex -34.9577 -60.5 1.67196
      vertex -34.9636 -60.5 1.64647
    endloop
  endfacet
  facet normal 0.936125 0 -0.351668
    outer loop
      vertex -34.9712 -60.5 1.62142
      vertex -34.9804 -55.5 1.59693
      vertex -34.9712 -55.5 1.62142
    endloop
  endfacet
  facet normal 0.936125 0 -0.351668
    outer loop
      vertex -34.9804 -55.5 1.59693
      vertex -34.9712 -60.5 1.62142
      vertex -34.9804 -60.5 1.59693
    endloop
  endfacet
  facet normal 0.683814 0 -0.729656
    outer loop
      vertex -35.0863 -60.5 1.44926
      vertex -35.0672 -55.5 1.46716
      vertex -35.0672 -60.5 1.46716
    endloop
  endfacet
  facet normal 0.683814 0 -0.729656
    outer loop
      vertex -35.0672 -55.5 1.46716
      vertex -35.0863 -60.5 1.44926
      vertex -35.0863 -55.5 1.44926
    endloop
  endfacet
  facet normal 0.582141 0 -0.813088
    outer loop
      vertex -35.1278 -60.5 1.41741
      vertex -35.1065 -55.5 1.43266
      vertex -35.1065 -60.5 1.43266
    endloop
  endfacet
  facet normal 0.582141 0 -0.813088
    outer loop
      vertex -35.1065 -55.5 1.43266
      vertex -35.1278 -60.5 1.41741
      vertex -35.1278 -55.5 1.41741
    endloop
  endfacet
  facet normal -0.0328068 0 -0.999462
    outer loop
      vertex -35.3762 -60.5 1.35086
      vertex -35.35 -55.5 1.35
      vertex -35.35 -60.5 1.35
    endloop
  endfacet
  facet normal -0.0328068 0 -0.999462
    outer loop
      vertex -35.35 -55.5 1.35
      vertex -35.3762 -60.5 1.35086
      vertex -35.3762 -55.5 1.35086
    endloop
  endfacet
  facet normal 0.849605 0 -0.52742
    outer loop
      vertex -35.0036 -60.5 1.55
      vertex -35.0174 -55.5 1.52777
      vertex -35.0036 -55.5 1.55
    endloop
  endfacet
  facet normal 0.849605 0 -0.52742
    outer loop
      vertex -35.0174 -55.5 1.52777
      vertex -35.0036 -60.5 1.55
      vertex -35.0174 -60.5 1.52777
    endloop
  endfacet
  facet normal 0.811795 0 -0.583943
    outer loop
      vertex -35.0174 -60.5 1.52777
      vertex -35.0327 -55.5 1.5065
      vertex -35.0174 -55.5 1.52777
    endloop
  endfacet
  facet normal 0.811795 0 -0.583943
    outer loop
      vertex -35.0327 -55.5 1.5065
      vertex -35.0174 -60.5 1.52777
      vertex -35.0327 -60.5 1.5065
    endloop
  endfacet
  facet normal 0 0.880912 0.47328
    outer loop
      vertex -15.5 -74.9912 1.92692
      vertex -20.5 -75.0036 1.95
      vertex -15.5 -75.0036 1.95
    endloop
  endfacet
  facet normal 0 0.880912 0.47328
    outer loop
      vertex -20.5 -75.0036 1.95
      vertex -15.5 -74.9912 1.92692
      vertex -20.5 -74.9912 1.92692
    endloop
  endfacet
  facet normal 0 -0.0328068 -0.999462
    outer loop
      vertex -20.5 -75.3762 1.35086
      vertex -15.5 -75.35 1.35
      vertex -15.5 -75.3762 1.35086
    endloop
  endfacet
  facet normal -0 -0.0328068 -0.999462
    outer loop
      vertex -15.5 -75.35 1.35
      vertex -20.5 -75.3762 1.35086
      vertex -20.5 -75.35 1.35
    endloop
  endfacet
  facet normal 0 0.995427 0.0955304
    outer loop
      vertex -15.5 -74.9509 1.77616
      vertex -20.5 -74.9534 1.80221
      vertex -15.5 -74.9534 1.80221
    endloop
  endfacet
  facet normal 0 0.995427 0.0955304
    outer loop
      vertex -20.5 -74.9534 1.80221
      vertex -15.5 -74.9509 1.77616
      vertex -20.5 -74.9509 1.77616
    endloop
  endfacet
  facet normal 0 0.999409 0.0343833
    outer loop
      vertex -15.5 -74.95 1.75
      vertex -20.5 -74.9509 1.77616
      vertex -15.5 -74.9509 1.77616
    endloop
  endfacet
  facet normal 0 0.999409 0.0343833
    outer loop
      vertex -20.5 -74.9509 1.77616
      vertex -15.5 -74.95 1.75
      vertex -20.5 -74.95 1.75
    endloop
  endfacet
  facet normal 0 0.910954 0.412508
    outer loop
      vertex -15.5 -74.9804 1.90307
      vertex -20.5 -74.9912 1.92692
      vertex -15.5 -74.9912 1.92692
    endloop
  endfacet
  facet normal 0 0.910954 0.412508
    outer loop
      vertex -20.5 -74.9912 1.92692
      vertex -15.5 -74.9804 1.90307
      vertex -20.5 -74.9804 1.90307
    endloop
  endfacet
  facet normal 0 0.974243 0.225501
    outer loop
      vertex -15.5 -74.9577 1.82804
      vertex -20.5 -74.9636 1.85353
      vertex -15.5 -74.9636 1.85353
    endloop
  endfacet
  facet normal 0 0.974243 0.225501
    outer loop
      vertex -20.5 -74.9636 1.85353
      vertex -15.5 -74.9577 1.82804
      vertex -20.5 -74.9577 1.82804
    endloop
  endfacet
  facet normal 0 0.811925 0.583762
    outer loop
      vertex -15.5 -75.0174 1.97223
      vertex -20.5 -75.0327 1.99351
      vertex -15.5 -75.0327 1.99351
    endloop
  endfacet
  facet normal 0 0.811925 0.583762
    outer loop
      vertex -20.5 -75.0327 1.99351
      vertex -15.5 -75.0174 1.97223
      vertex -20.5 -75.0174 1.97223
    endloop
  endfacet
  facet normal 0 0.849605 0.52742
    outer loop
      vertex -15.5 -75.0036 1.95
      vertex -20.5 -75.0174 1.97223
      vertex -15.5 -75.0174 1.97223
    endloop
  endfacet
  facet normal 0 0.849605 0.52742
    outer loop
      vertex -20.5 -75.0174 1.97223
      vertex -15.5 -75.0036 1.95
      vertex -20.5 -75.0036 1.95
    endloop
  endfacet
  facet normal 0 0.774542 0.632523
    outer loop
      vertex -15.5 -75.0327 1.99351
      vertex -20.5 -75.038 2
      vertex -15.5 -75.038 2
    endloop
  endfacet
  facet normal 0 0.774542 0.632523
    outer loop
      vertex -20.5 -75.038 2
      vertex -15.5 -75.0327 1.99351
      vertex -20.5 -75.0327 1.99351
    endloop
  endfacet
  facet normal 0 0.995427 -0.0955304
    outer loop
      vertex -15.5 -74.9534 1.69779
      vertex -20.5 -74.9509 1.72384
      vertex -15.5 -74.9509 1.72384
    endloop
  endfacet
  facet normal 0 0.995427 -0.0955304
    outer loop
      vertex -20.5 -74.9509 1.72384
      vertex -15.5 -74.9534 1.69779
      vertex -20.5 -74.9534 1.69779
    endloop
  endfacet
  facet normal 0 0.974243 -0.225501
    outer loop
      vertex -15.5 -74.9636 1.64647
      vertex -20.5 -74.9577 1.67196
      vertex -15.5 -74.9577 1.67196
    endloop
  endfacet
  facet normal 0 0.974243 -0.225501
    outer loop
      vertex -20.5 -74.9577 1.67196
      vertex -15.5 -74.9636 1.64647
      vertex -20.5 -74.9636 1.64647
    endloop
  endfacet
  facet normal 0 0.999409 -0.0343833
    outer loop
      vertex -15.5 -74.9509 1.72384
      vertex -20.5 -74.95 1.75
      vertex -15.5 -74.95 1.75
    endloop
  endfacet
  facet normal 0 0.999409 -0.0343833
    outer loop
      vertex -20.5 -74.95 1.75
      vertex -15.5 -74.9509 1.72384
      vertex -20.5 -74.9509 1.72384
    endloop
  endfacet
  facet normal 0 0.683814 -0.729656
    outer loop
      vertex -20.5 -75.0863 1.44926
      vertex -15.5 -75.0672 1.46716
      vertex -15.5 -75.0863 1.44926
    endloop
  endfacet
  facet normal 0 0.683814 -0.729656
    outer loop
      vertex -15.5 -75.0672 1.46716
      vertex -20.5 -75.0863 1.44926
      vertex -20.5 -75.0672 1.46716
    endloop
  endfacet
  facet normal -1 0 0
    outer loop
      vertex -20.5 -75.4 2
      vertex -20.5 -74.95 1.75
      vertex -20.5 -74.9509 1.72384
    endloop
  endfacet
  facet normal -1 0 0
    outer loop
      vertex -20.5 -75.4 2
      vertex -20.5 -74.9509 1.72384
      vertex -20.5 -74.9534 1.69779
    endloop
  endfacet
  facet normal -1 0 0
    outer loop
      vertex -20.5 -74.95 1.75
      vertex -20.5 -75.4 2
      vertex -20.5 -74.9509 1.77616
    endloop
  endfacet
  facet normal -1 0 0
    outer loop
      vertex -20.5 -75.4 2
      vertex -20.5 -74.9534 1.69779
      vertex -20.5 -74.9577 1.67196
    endloop
  endfacet
  facet normal -1 0 0
    outer loop
      vertex -20.5 -74.9509 1.77616
      vertex -20.5 -75.4 2
      vertex -20.5 -74.9534 1.80221
    endloop
  endfacet
  facet normal -1 0 0
    outer loop
      vertex -20.5 -75.4 2
      vertex -20.5 -74.9577 1.67196
      vertex -20.5 -74.9636 1.64647
    endloop
  endfacet
  facet normal -1 0 0
    outer loop
      vertex -20.5 -74.9534 1.80221
      vertex -20.5 -75.4 2
      vertex -20.5 -74.9577 1.82804
    endloop
  endfacet
  facet normal -1 0 0
    outer loop
      vertex -20.5 -75.4 2
      vertex -20.5 -74.9636 1.64647
      vertex -20.5 -74.9712 1.62142
    endloop
  endfacet
  facet normal -1 0 0
    outer loop
      vertex -20.5 -74.9577 1.82804
      vertex -20.5 -75.4 2
      vertex -20.5 -74.9636 1.85353
    endloop
  endfacet
  facet normal -1 0 0
    outer loop
      vertex -20.5 -75.4 2
      vertex -20.5 -74.9712 1.62142
      vertex -20.5 -74.9804 1.59693
    endloop
  endfacet
  facet normal -1 0 0
    outer loop
      vertex -20.5 -74.9636 1.85353
      vertex -20.5 -75.4 2
      vertex -20.5 -74.9712 1.87858
    endloop
  endfacet
  facet normal -1 0 0
    outer loop
      vertex -20.5 -75.4 2
      vertex -20.5 -74.9804 1.59693
      vertex -20.5 -74.9912 1.57308
    endloop
  endfacet
  facet normal -1 0 0
    outer loop
      vertex -20.5 -74.9712 1.87858
      vertex -20.5 -75.4 2
      vertex -20.5 -74.9804 1.90307
    endloop
  endfacet
  facet normal -1 0 0
    outer loop
      vertex -20.5 -75.4 2
      vertex -20.5 -74.9912 1.57308
      vertex -20.5 -75.0036 1.55
    endloop
  endfacet
  facet normal -1 0 0
    outer loop
      vertex -20.5 -74.9804 1.90307
      vertex -20.5 -75.4 2
      vertex -20.5 -74.9912 1.92692
    endloop
  endfacet
  facet normal -1 0 0
    outer loop
      vertex -20.5 -75.4 2
      vertex -20.5 -75.0036 1.55
      vertex -20.5 -75.0174 1.52777
    endloop
  endfacet
  facet normal -1 0 0
    outer loop
      vertex -20.5 -74.9912 1.92692
      vertex -20.5 -75.4 2
      vertex -20.5 -75.0036 1.95
    endloop
  endfacet
  facet normal -1 0 0
    outer loop
      vertex -20.5 -75.4 2
      vertex -20.5 -75.0174 1.52777
      vertex -20.5 -75.0327 1.5065
    endloop
  endfacet
  facet normal -1 0 0
    outer loop
      vertex -20.5 -75.0036 1.95
      vertex -20.5 -75.4 2
      vertex -20.5 -75.0174 1.97223
    endloop
  endfacet
  facet normal -1 0 0
    outer loop
      vertex -20.5 -75.0174 1.97223
      vertex -20.5 -75.4 2
      vertex -20.5 -75.0327 1.99351
    endloop
  endfacet
  facet normal -1 0 0
    outer loop
      vertex -20.5 -75.4 2
      vertex -20.5 -75.0327 1.5065
      vertex -20.5 -75.0493 1.48626
    endloop
  endfacet
  facet normal -1 0 0
    outer loop
      vertex -20.5 -75.4 2
      vertex -20.5 -75.0493 1.48626
      vertex -20.5 -75.0672 1.46716
    endloop
  endfacet
  facet normal -1 0 0
    outer loop
      vertex -20.5 -75.4 2
      vertex -20.5 -75.0672 1.46716
      vertex -20.5 -75.0863 1.44926
    endloop
  endfacet
  facet normal -1 0 0
    outer loop
      vertex -20.5 -75.4 2
      vertex -20.5 -75.0863 1.44926
      vertex -20.5 -75.1065 1.43266
    endloop
  endfacet
  facet normal -1 0 0
    outer loop
      vertex -20.5 -75.4 2
      vertex -20.5 -75.1065 1.43266
      vertex -20.5 -75.1278 1.41741
    endloop
  endfacet
  facet normal -1 0 0
    outer loop
      vertex -20.5 -75.4 2
      vertex -20.5 -75.1278 1.41741
      vertex -20.5 -75.15 1.40359
    endloop
  endfacet
  facet normal -1 0 0
    outer loop
      vertex -20.5 -75.4 2
      vertex -20.5 -75.15 1.40359
      vertex -20.5 -75.1731 1.39125
    endloop
  endfacet
  facet normal -1 0 0
    outer loop
      vertex -20.5 -75.4 2
      vertex -20.5 -75.1731 1.39125
      vertex -20.5 -75.1969 1.38045
    endloop
  endfacet
  facet normal -1 0 0
    outer loop
      vertex -20.5 -75.4 2
      vertex -20.5 -75.1969 1.38045
      vertex -20.5 -75.2214 1.37123
    endloop
  endfacet
  facet normal -1 0 0
    outer loop
      vertex -20.5 -75.4 2
      vertex -20.5 -75.2214 1.37123
      vertex -20.5 -75.2465 1.36363
    endloop
  endfacet
  facet normal -1 0 0
    outer loop
      vertex -20.5 -75.4 2
      vertex -20.5 -75.2465 1.36363
      vertex -20.5 -75.272 1.35769
    endloop
  endfacet
  facet normal -1 0 0
    outer loop
      vertex -20.5 -75.4 2
      vertex -20.5 -75.272 1.35769
      vertex -20.5 -75.2978 1.35342
    endloop
  endfacet
  facet normal -1 0 0
    outer loop
      vertex -20.5 -75.4 2
      vertex -20.5 -75.2978 1.35342
      vertex -20.5 -75.3238 1.35086
    endloop
  endfacet
  facet normal -1 0 0
    outer loop
      vertex -20.5 -75.4 2
      vertex -20.5 -75.3238 1.35086
      vertex -20.5 -75.35 1.35
    endloop
  endfacet
  facet normal -1 0 0
    outer loop
      vertex -20.5 -75.4 2
      vertex -20.5 -75.35 1.35
      vertex -20.5 -75.3762 1.35086
    endloop
  endfacet
  facet normal -1 0 0
    outer loop
      vertex -20.5 -75.4 2
      vertex -20.5 -75.3762 1.35086
      vertex -20.5 -75.4 1.3532
    endloop
  endfacet
  facet normal -1 0 0
    outer loop
      vertex -20.5 -75.0327 1.99351
      vertex -20.5 -75.4 2
      vertex -20.5 -75.038 2
    endloop
  endfacet
  facet normal 0 0.0979877 -0.995188
    outer loop
      vertex -20.5 -75.3238 1.35086
      vertex -15.5 -75.2978 1.35342
      vertex -15.5 -75.3238 1.35086
    endloop
  endfacet
  facet normal 0 0.0979877 -0.995188
    outer loop
      vertex -15.5 -75.2978 1.35342
      vertex -20.5 -75.3238 1.35086
      vertex -20.5 -75.2978 1.35342
    endloop
  endfacet
  facet normal 0 0.163283 -0.986579
    outer loop
      vertex -20.5 -75.2978 1.35342
      vertex -15.5 -75.272 1.35769
      vertex -15.5 -75.2978 1.35342
    endloop
  endfacet
  facet normal 0 0.163283 -0.986579
    outer loop
      vertex -15.5 -75.272 1.35769
      vertex -20.5 -75.2978 1.35342
      vertex -20.5 -75.272 1.35769
    endloop
  endfacet
  facet normal 0 0.352212 -0.93592
    outer loop
      vertex -20.5 -75.2214 1.37123
      vertex -15.5 -75.1969 1.38045
      vertex -15.5 -75.2214 1.37123
    endloop
  endfacet
  facet normal 0 0.352212 -0.93592
    outer loop
      vertex -15.5 -75.1969 1.38045
      vertex -20.5 -75.2214 1.37123
      vertex -20.5 -75.1969 1.38045
    endloop
  endfacet
  facet normal 0 0.956928 0.290325
    outer loop
      vertex -15.5 -74.9636 1.85353
      vertex -20.5 -74.9712 1.87858
      vertex -15.5 -74.9712 1.87858
    endloop
  endfacet
  facet normal 0 0.956928 0.290325
    outer loop
      vertex -20.5 -74.9712 1.87858
      vertex -15.5 -74.9636 1.85353
      vertex -20.5 -74.9636 1.85353
    endloop
  endfacet
  facet normal 0 0.986425 0.164213
    outer loop
      vertex -15.5 -74.9534 1.80221
      vertex -20.5 -74.9577 1.82804
      vertex -15.5 -74.9577 1.82804
    endloop
  endfacet
  facet normal 0 0.986425 0.164213
    outer loop
      vertex -20.5 -74.9577 1.82804
      vertex -15.5 -74.9534 1.80221
      vertex -20.5 -74.9534 1.80221
    endloop
  endfacet
  facet normal 0 0.880912 -0.47328
    outer loop
      vertex -15.5 -75.0036 1.55
      vertex -20.5 -74.9912 1.57308
      vertex -15.5 -74.9912 1.57308
    endloop
  endfacet
  facet normal 0 0.880912 -0.47328
    outer loop
      vertex -20.5 -74.9912 1.57308
      vertex -15.5 -75.0036 1.55
      vertex -20.5 -75.0036 1.55
    endloop
  endfacet
  facet normal 0 0.956928 -0.290325
    outer loop
      vertex -15.5 -74.9712 1.62142
      vertex -20.5 -74.9636 1.64647
      vertex -15.5 -74.9636 1.64647
    endloop
  endfacet
  facet normal 0 0.956928 -0.290325
    outer loop
      vertex -20.5 -74.9636 1.64647
      vertex -15.5 -74.9712 1.62142
      vertex -20.5 -74.9712 1.62142
    endloop
  endfacet
  facet normal 0 0.471183 -0.882036
    outer loop
      vertex -20.5 -75.1731 1.39125
      vertex -15.5 -75.15 1.40359
      vertex -15.5 -75.1731 1.39125
    endloop
  endfacet
  facet normal 0 0.471183 -0.882036
    outer loop
      vertex -15.5 -75.15 1.40359
      vertex -20.5 -75.1731 1.39125
      vertex -20.5 -75.15 1.40359
    endloop
  endfacet
  facet normal 0 0.634903 -0.772592
    outer loop
      vertex -20.5 -75.1065 1.43266
      vertex -15.5 -75.0863 1.44926
      vertex -15.5 -75.1065 1.43266
    endloop
  endfacet
  facet normal 0 0.634903 -0.772592
    outer loop
      vertex -15.5 -75.0863 1.44926
      vertex -20.5 -75.1065 1.43266
      vertex -20.5 -75.0863 1.44926
    endloop
  endfacet
  facet normal 0 0.582141 -0.813088
    outer loop
      vertex -20.5 -75.1278 1.41741
      vertex -15.5 -75.1065 1.43266
      vertex -15.5 -75.1278 1.41741
    endloop
  endfacet
  facet normal 0 0.582141 -0.813088
    outer loop
      vertex -15.5 -75.1065 1.43266
      vertex -20.5 -75.1278 1.41741
      vertex -20.5 -75.1065 1.43266
    endloop
  endfacet
  facet normal 0 0.729656 -0.683814
    outer loop
      vertex -15.5 -75.0672 1.46716
      vertex -20.5 -75.0493 1.48626
      vertex -15.5 -75.0493 1.48626
    endloop
  endfacet
  facet normal 0 0.729656 -0.683814
    outer loop
      vertex -20.5 -75.0493 1.48626
      vertex -15.5 -75.0672 1.46716
      vertex -20.5 -75.0672 1.46716
    endloop
  endfacet
  facet normal 0 0.0328068 -0.999462
    outer loop
      vertex -20.5 -75.35 1.35
      vertex -15.5 -75.3238 1.35086
      vertex -15.5 -75.35 1.35
    endloop
  endfacet
  facet normal 0 0.0328068 -0.999462
    outer loop
      vertex -15.5 -75.3238 1.35086
      vertex -20.5 -75.35 1.35
      vertex -20.5 -75.3238 1.35086
    endloop
  endfacet
  facet normal 0 0.226867 -0.973926
    outer loop
      vertex -20.5 -75.272 1.35769
      vertex -15.5 -75.2465 1.36363
      vertex -15.5 -75.272 1.35769
    endloop
  endfacet
  facet normal 0 0.226867 -0.973926
    outer loop
      vertex -15.5 -75.2465 1.36363
      vertex -20.5 -75.272 1.35769
      vertex -20.5 -75.2465 1.36363
    endloop
  endfacet
  facet normal 0 0.289796 -0.957089
    outer loop
      vertex -20.5 -75.2465 1.36363
      vertex -15.5 -75.2214 1.37123
      vertex -15.5 -75.2465 1.36363
    endloop
  endfacet
  facet normal 0 0.289796 -0.957089
    outer loop
      vertex -15.5 -75.2214 1.37123
      vertex -20.5 -75.2465 1.36363
      vertex -20.5 -75.2214 1.37123
    endloop
  endfacet
  facet normal 0 0.413226 -0.910628
    outer loop
      vertex -20.5 -75.1969 1.38045
      vertex -15.5 -75.1731 1.39125
      vertex -15.5 -75.1969 1.38045
    endloop
  endfacet
  facet normal 0 0.413226 -0.910628
    outer loop
      vertex -15.5 -75.1731 1.39125
      vertex -20.5 -75.1969 1.38045
      vertex -20.5 -75.1731 1.39125
    endloop
  endfacet
  facet normal 0 0.936125 0.351668
    outer loop
      vertex -15.5 -74.9712 1.87858
      vertex -20.5 -74.9804 1.90307
      vertex -15.5 -74.9804 1.90307
    endloop
  endfacet
  facet normal 0 0.936125 0.351668
    outer loop
      vertex -20.5 -74.9804 1.90307
      vertex -15.5 -74.9712 1.87858
      vertex -20.5 -74.9712 1.87858
    endloop
  endfacet
  facet normal 0 0.986425 -0.164213
    outer loop
      vertex -15.5 -74.9577 1.67196
      vertex -20.5 -74.9534 1.69779
      vertex -15.5 -74.9534 1.69779
    endloop
  endfacet
  facet normal 0 0.986425 -0.164213
    outer loop
      vertex -20.5 -74.9534 1.69779
      vertex -15.5 -74.9577 1.67196
      vertex -20.5 -74.9577 1.67196
    endloop
  endfacet
  facet normal 0 0.910954 -0.412508
    outer loop
      vertex -15.5 -74.9912 1.57308
      vertex -20.5 -74.9804 1.59693
      vertex -15.5 -74.9804 1.59693
    endloop
  endfacet
  facet normal 0 0.910954 -0.412508
    outer loop
      vertex -20.5 -74.9804 1.59693
      vertex -15.5 -74.9912 1.57308
      vertex -20.5 -74.9912 1.57308
    endloop
  endfacet
  facet normal 0 0.528486 -0.848942
    outer loop
      vertex -20.5 -75.15 1.40359
      vertex -15.5 -75.1278 1.41741
      vertex -15.5 -75.15 1.40359
    endloop
  endfacet
  facet normal 0 0.528486 -0.848942
    outer loop
      vertex -15.5 -75.1278 1.41741
      vertex -20.5 -75.15 1.40359
      vertex -20.5 -75.1278 1.41741
    endloop
  endfacet
  facet normal 0 0.849605 -0.52742
    outer loop
      vertex -15.5 -75.0174 1.52777
      vertex -20.5 -75.0036 1.55
      vertex -15.5 -75.0036 1.55
    endloop
  endfacet
  facet normal 0 0.849605 -0.52742
    outer loop
      vertex -20.5 -75.0036 1.55
      vertex -15.5 -75.0174 1.52777
      vertex -20.5 -75.0174 1.52777
    endloop
  endfacet
  facet normal 0 0.811795 -0.583943
    outer loop
      vertex -15.5 -75.0327 1.5065
      vertex -20.5 -75.0174 1.52777
      vertex -15.5 -75.0174 1.52777
    endloop
  endfacet
  facet normal 0 0.811795 -0.583943
    outer loop
      vertex -20.5 -75.0174 1.52777
      vertex -15.5 -75.0327 1.5065
      vertex -20.5 -75.0327 1.5065
    endloop
  endfacet
  facet normal 0 0.936125 -0.351668
    outer loop
      vertex -15.5 -74.9804 1.59693
      vertex -20.5 -74.9712 1.62142
      vertex -15.5 -74.9712 1.62142
    endloop
  endfacet
  facet normal 0 0.936125 -0.351668
    outer loop
      vertex -20.5 -74.9712 1.62142
      vertex -15.5 -74.9804 1.59693
      vertex -20.5 -74.9804 1.59693
    endloop
  endfacet
  facet normal 0 0.773208 -0.634153
    outer loop
      vertex -15.5 -75.0493 1.48626
      vertex -20.5 -75.0327 1.5065
      vertex -15.5 -75.0327 1.5065
    endloop
  endfacet
  facet normal 0 0.773208 -0.634153
    outer loop
      vertex -20.5 -75.0327 1.5065
      vertex -15.5 -75.0493 1.48626
      vertex -20.5 -75.0493 1.48626
    endloop
  endfacet
  facet normal 1 0 0
    outer loop
      vertex -15.5 -75.4 2
      vertex -15.5 -74.95 1.75
      vertex -15.5 -74.9509 1.77616
    endloop
  endfacet
  facet normal 1 0 0
    outer loop
      vertex -15.5 -75.4 2
      vertex -15.5 -74.9509 1.77616
      vertex -15.5 -74.9534 1.80221
    endloop
  endfacet
  facet normal 1 0 0
    outer loop
      vertex -15.5 -74.95 1.75
      vertex -15.5 -75.4 2
      vertex -15.5 -74.9509 1.72384
    endloop
  endfacet
  facet normal 1 0 0
    outer loop
      vertex -15.5 -75.4 2
      vertex -15.5 -74.9534 1.80221
      vertex -15.5 -74.9577 1.82804
    endloop
  endfacet
  facet normal 1 0 0
    outer loop
      vertex -15.5 -74.9509 1.72384
      vertex -15.5 -75.4 2
      vertex -15.5 -74.9534 1.69779
    endloop
  endfacet
  facet normal 1 0 0
    outer loop
      vertex -15.5 -75.4 2
      vertex -15.5 -74.9577 1.82804
      vertex -15.5 -74.9636 1.85353
    endloop
  endfacet
  facet normal 1 0 0
    outer loop
      vertex -15.5 -74.9534 1.69779
      vertex -15.5 -75.4 2
      vertex -15.5 -74.9577 1.67196
    endloop
  endfacet
  facet normal 1 0 0
    outer loop
      vertex -15.5 -75.4 2
      vertex -15.5 -74.9636 1.85353
      vertex -15.5 -74.9712 1.87858
    endloop
  endfacet
  facet normal 1 0 0
    outer loop
      vertex -15.5 -74.9577 1.67196
      vertex -15.5 -75.4 2
      vertex -15.5 -74.9636 1.64647
    endloop
  endfacet
  facet normal 1 0 0
    outer loop
      vertex -15.5 -75.4 2
      vertex -15.5 -74.9712 1.87858
      vertex -15.5 -74.9804 1.90307
    endloop
  endfacet
  facet normal 1 0 0
    outer loop
      vertex -15.5 -74.9636 1.64647
      vertex -15.5 -75.4 2
      vertex -15.5 -74.9712 1.62142
    endloop
  endfacet
  facet normal 1 0 0
    outer loop
      vertex -15.5 -75.4 2
      vertex -15.5 -74.9804 1.90307
      vertex -15.5 -74.9912 1.92692
    endloop
  endfacet
  facet normal 1 0 0
    outer loop
      vertex -15.5 -74.9712 1.62142
      vertex -15.5 -75.4 2
      vertex -15.5 -74.9804 1.59693
    endloop
  endfacet
  facet normal 1 0 0
    outer loop
      vertex -15.5 -75.4 2
      vertex -15.5 -74.9912 1.92692
      vertex -15.5 -75.0036 1.95
    endloop
  endfacet
  facet normal 1 0 0
    outer loop
      vertex -15.5 -74.9804 1.59693
      vertex -15.5 -75.4 2
      vertex -15.5 -74.9912 1.57308
    endloop
  endfacet
  facet normal 1 0 0
    outer loop
      vertex -15.5 -75.4 2
      vertex -15.5 -75.0036 1.95
      vertex -15.5 -75.0174 1.97223
    endloop
  endfacet
  facet normal 1 0 0
    outer loop
      vertex -15.5 -74.9912 1.57308
      vertex -15.5 -75.4 2
      vertex -15.5 -75.0036 1.55
    endloop
  endfacet
  facet normal 1 0 0
    outer loop
      vertex -15.5 -75.4 2
      vertex -15.5 -75.0174 1.97223
      vertex -15.5 -75.0327 1.99351
    endloop
  endfacet
  facet normal 1 0 0
    outer loop
      vertex -15.5 -75.0036 1.55
      vertex -15.5 -75.4 2
      vertex -15.5 -75.0174 1.52777
    endloop
  endfacet
  facet normal 1 -0 0
    outer loop
      vertex -15.5 -75.4 2
      vertex -15.5 -75.0327 1.99351
      vertex -15.5 -75.038 2
    endloop
  endfacet
  facet normal 1 0 0
    outer loop
      vertex -15.5 -75.0174 1.52777
      vertex -15.5 -75.4 2
      vertex -15.5 -75.0327 1.5065
    endloop
  endfacet
  facet normal 1 0 0
    outer loop
      vertex -15.5 -75.0327 1.5065
      vertex -15.5 -75.4 2
      vertex -15.5 -75.0493 1.48626
    endloop
  endfacet
  facet normal 1 0 0
    outer loop
      vertex -15.5 -75.0493 1.48626
      vertex -15.5 -75.4 2
      vertex -15.5 -75.0672 1.46716
    endloop
  endfacet
  facet normal 1 0 0
    outer loop
      vertex -15.5 -75.0672 1.46716
      vertex -15.5 -75.4 2
      vertex -15.5 -75.0863 1.44926
    endloop
  endfacet
  facet normal 1 0 0
    outer loop
      vertex -15.5 -75.0863 1.44926
      vertex -15.5 -75.4 2
      vertex -15.5 -75.1065 1.43266
    endloop
  endfacet
  facet normal 1 0 0
    outer loop
      vertex -15.5 -75.1065 1.43266
      vertex -15.5 -75.4 2
      vertex -15.5 -75.1278 1.41741
    endloop
  endfacet
  facet normal 1 0 0
    outer loop
      vertex -15.5 -75.1278 1.41741
      vertex -15.5 -75.4 2
      vertex -15.5 -75.15 1.40359
    endloop
  endfacet
  facet normal 1 0 0
    outer loop
      vertex -15.5 -75.15 1.40359
      vertex -15.5 -75.4 2
      vertex -15.5 -75.1731 1.39125
    endloop
  endfacet
  facet normal 1 0 0
    outer loop
      vertex -15.5 -75.1731 1.39125
      vertex -15.5 -75.4 2
      vertex -15.5 -75.1969 1.38045
    endloop
  endfacet
  facet normal 1 0 0
    outer loop
      vertex -15.5 -75.1969 1.38045
      vertex -15.5 -75.4 2
      vertex -15.5 -75.2214 1.37123
    endloop
  endfacet
  facet normal 1 0 0
    outer loop
      vertex -15.5 -75.2214 1.37123
      vertex -15.5 -75.4 2
      vertex -15.5 -75.2465 1.36363
    endloop
  endfacet
  facet normal 1 0 0
    outer loop
      vertex -15.5 -75.2465 1.36363
      vertex -15.5 -75.4 2
      vertex -15.5 -75.272 1.35769
    endloop
  endfacet
  facet normal 1 0 0
    outer loop
      vertex -15.5 -75.272 1.35769
      vertex -15.5 -75.4 2
      vertex -15.5 -75.2978 1.35342
    endloop
  endfacet
  facet normal 1 0 0
    outer loop
      vertex -15.5 -75.2978 1.35342
      vertex -15.5 -75.4 2
      vertex -15.5 -75.3238 1.35086
    endloop
  endfacet
  facet normal 1 0 0
    outer loop
      vertex -15.5 -75.3238 1.35086
      vertex -15.5 -75.4 2
      vertex -15.5 -75.35 1.35
    endloop
  endfacet
  facet normal 1 0 0
    outer loop
      vertex -15.5 -75.35 1.35
      vertex -15.5 -75.4 2
      vertex -15.5 -75.3762 1.35086
    endloop
  endfacet
  facet normal 1 0 0
    outer loop
      vertex -15.5 -75.3762 1.35086
      vertex -15.5 -75.4 2
      vertex -15.5 -75.4 1.3532
    endloop
  endfacet
  facet normal 0 -0.0978475 -0.995201
    outer loop
      vertex -20.5 -75.4 1.3532
      vertex -15.5 -75.3762 1.35086
      vertex -15.5 -75.4 1.3532
    endloop
  endfacet
  facet normal -0 -0.0978475 -0.995201
    outer loop
      vertex -15.5 -75.3762 1.35086
      vertex -20.5 -75.4 1.3532
      vertex -20.5 -75.3762 1.35086
    endloop
  endfacet
  facet normal -0.935873 0 0.352338
    outer loop
      vertex -1.02877 -60.5 1.87858
      vertex -1.01955 -55.5 1.90307
      vertex -1.02877 -55.5 1.87858
    endloop
  endfacet
  facet normal -0.935873 0 0.352338
    outer loop
      vertex -1.01955 -55.5 1.90307
      vertex -1.02877 -60.5 1.87858
      vertex -1.01955 -60.5 1.90307
    endloop
  endfacet
  facet normal 0 1 0
    outer loop
      vertex -0.599999 -55.5 2
      vertex -0.96734 -55.5 1.99351
      vertex -0.96201 -55.5 2
    endloop
  endfacet
  facet normal 0 1 0
    outer loop
      vertex -0.599999 -55.5 2
      vertex -0.982588 -55.5 1.97223
      vertex -0.96734 -55.5 1.99351
    endloop
  endfacet
  facet normal 0 1 0
    outer loop
      vertex -0.599999 -55.5 2
      vertex -0.996409 -55.5 1.95
      vertex -0.982588 -55.5 1.97223
    endloop
  endfacet
  facet normal 0 1 0
    outer loop
      vertex -0.599999 -55.5 2
      vertex -1.00875 -55.5 1.92692
      vertex -0.996409 -55.5 1.95
    endloop
  endfacet
  facet normal 0 1 0
    outer loop
      vertex -0.599999 -55.5 2
      vertex -1.01955 -55.5 1.90307
      vertex -1.00875 -55.5 1.92692
    endloop
  endfacet
  facet normal 0 1 0
    outer loop
      vertex -0.599999 -55.5 2
      vertex -1.02877 -55.5 1.87858
      vertex -1.01955 -55.5 1.90307
    endloop
  endfacet
  facet normal 0 1 0
    outer loop
      vertex -0.599999 -55.5 2
      vertex -1.03637 -55.5 1.85353
      vertex -1.02877 -55.5 1.87858
    endloop
  endfacet
  facet normal 0 1 0
    outer loop
      vertex -0.599999 -55.5 2
      vertex -1.04231 -55.5 1.82804
      vertex -1.03637 -55.5 1.85353
    endloop
  endfacet
  facet normal 0 1 0
    outer loop
      vertex -0.599999 -55.5 2
      vertex -1.04658 -55.5 1.80221
      vertex -1.04231 -55.5 1.82804
    endloop
  endfacet
  facet normal 0 1 0
    outer loop
      vertex -0.599999 -55.5 2
      vertex -1.04914 -55.5 1.77616
      vertex -1.04658 -55.5 1.80221
    endloop
  endfacet
  facet normal 0 1 0
    outer loop
      vertex -0.599999 -55.5 2
      vertex -1.05 -55.5 1.75
      vertex -1.04914 -55.5 1.77616
    endloop
  endfacet
  facet normal 0 1 0
    outer loop
      vertex -0.599999 -55.5 2
      vertex -1.04914 -55.5 1.72384
      vertex -1.05 -55.5 1.75
    endloop
  endfacet
  facet normal 0 1 0
    outer loop
      vertex -0.599999 -55.5 2
      vertex -1.04658 -55.5 1.69779
      vertex -1.04914 -55.5 1.72384
    endloop
  endfacet
  facet normal 0 1 0
    outer loop
      vertex -0.599999 -55.5 2
      vertex -1.04231 -55.5 1.67196
      vertex -1.04658 -55.5 1.69779
    endloop
  endfacet
  facet normal 0 1 0
    outer loop
      vertex -0.599999 -55.5 2
      vertex -1.03637 -55.5 1.64647
      vertex -1.04231 -55.5 1.67196
    endloop
  endfacet
  facet normal 0 1 0
    outer loop
      vertex -0.599999 -55.5 2
      vertex -1.02877 -55.5 1.62142
      vertex -1.03637 -55.5 1.64647
    endloop
  endfacet
  facet normal 0 1 0
    outer loop
      vertex -0.599999 -55.5 2
      vertex -1.01955 -55.5 1.59693
      vertex -1.02877 -55.5 1.62142
    endloop
  endfacet
  facet normal 0 1 0
    outer loop
      vertex -0.599999 -55.5 2
      vertex -1.00875 -55.5 1.57308
      vertex -1.01955 -55.5 1.59693
    endloop
  endfacet
  facet normal 0 1 0
    outer loop
      vertex -0.599999 -55.5 2
      vertex -0.996409 -55.5 1.55
      vertex -1.00875 -55.5 1.57308
    endloop
  endfacet
  facet normal 0 1 0
    outer loop
      vertex -0.599999 -55.5 2
      vertex -0.982588 -55.5 1.52777
      vertex -0.996409 -55.5 1.55
    endloop
  endfacet
  facet normal 0 1 0
    outer loop
      vertex -0.599999 -55.5 2
      vertex -0.96734 -55.5 1.5065
      vertex -0.982588 -55.5 1.52777
    endloop
  endfacet
  facet normal 0 1 0
    outer loop
      vertex -0.599999 -55.5 2
      vertex -0.950735 -55.5 1.48626
      vertex -0.96734 -55.5 1.5065
    endloop
  endfacet
  facet normal 0 1 0
    outer loop
      vertex -0.599999 -55.5 2
      vertex -0.932842 -55.5 1.46716
      vertex -0.950735 -55.5 1.48626
    endloop
  endfacet
  facet normal 0 1 0
    outer loop
      vertex -0.599999 -55.5 2
      vertex -0.913738 -55.5 1.44926
      vertex -0.932842 -55.5 1.46716
    endloop
  endfacet
  facet normal 0 1 0
    outer loop
      vertex -0.599999 -55.5 2
      vertex -0.893504 -55.5 1.43266
      vertex -0.913738 -55.5 1.44926
    endloop
  endfacet
  facet normal 0 1 0
    outer loop
      vertex -0.599999 -55.5 2
      vertex -0.872228 -55.5 1.41741
      vertex -0.893504 -55.5 1.43266
    endloop
  endfacet
  facet normal 0 1 0
    outer loop
      vertex -0.599999 -55.5 2
      vertex -0.849999 -55.5 1.40359
      vertex -0.872228 -55.5 1.41741
    endloop
  endfacet
  facet normal 0 1 0
    outer loop
      vertex -0.599999 -55.5 2
      vertex -0.826915 -55.5 1.39125
      vertex -0.849999 -55.5 1.40359
    endloop
  endfacet
  facet normal 0 1 0
    outer loop
      vertex -0.599999 -55.5 2
      vertex -0.803073 -55.5 1.38045
      vertex -0.826915 -55.5 1.39125
    endloop
  endfacet
  facet normal 0 1 0
    outer loop
      vertex -0.599999 -55.5 2
      vertex -0.778575 -55.5 1.37123
      vertex -0.803073 -55.5 1.38045
    endloop
  endfacet
  facet normal 0 1 0
    outer loop
      vertex -0.599999 -55.5 2
      vertex -0.753527 -55.5 1.36363
      vertex -0.778575 -55.5 1.37123
    endloop
  endfacet
  facet normal 0 1 0
    outer loop
      vertex -0.599999 -55.5 2
      vertex -0.728036 -55.5 1.35769
      vertex -0.753527 -55.5 1.36363
    endloop
  endfacet
  facet normal 0 1 0
    outer loop
      vertex -0.599999 -55.5 2
      vertex -0.70221 -55.5 1.35342
      vertex -0.728036 -55.5 1.35769
    endloop
  endfacet
  facet normal 0 1 0
    outer loop
      vertex -0.623838 -55.5 1.35086
      vertex -0.599999 -55.5 2
      vertex -0.599999 -55.5 1.3532
    endloop
  endfacet
  facet normal 0 1 0
    outer loop
      vertex -0.65 -55.5 1.35
      vertex -0.599999 -55.5 2
      vertex -0.623838 -55.5 1.35086
    endloop
  endfacet
  facet normal 0 1 0
    outer loop
      vertex -0.599999 -55.5 2
      vertex -0.676161 -55.5 1.35086
      vertex -0.70221 -55.5 1.35342
    endloop
  endfacet
  facet normal 0 1 0
    outer loop
      vertex -0.599999 -55.5 2
      vertex -0.65 -55.5 1.35
      vertex -0.676161 -55.5 1.35086
    endloop
  endfacet
  facet normal -0.772789 0 0.634663
    outer loop
      vertex -0.96734 -60.5 1.99351
      vertex -0.96201 -55.5 2
      vertex -0.96734 -55.5 1.99351
    endloop
  endfacet
  facet normal -0.772789 0 0.634663
    outer loop
      vertex -0.96201 -55.5 2
      vertex -0.96734 -60.5 1.99351
      vertex -0.96201 -60.5 2
    endloop
  endfacet
  facet normal -0.634265 0 -0.773116
    outer loop
      vertex -0.913738 -60.5 1.44926
      vertex -0.893504 -55.5 1.43266
      vertex -0.893504 -60.5 1.43266
    endloop
  endfacet
  facet normal -0.634265 0 -0.773116
    outer loop
      vertex -0.893504 -55.5 1.43266
      vertex -0.913738 -60.5 1.44926
      vertex -0.913738 -55.5 1.44926
    endloop
  endfacet
  facet normal -0.99946 0 0.0328569
    outer loop
      vertex -1.05 -60.5 1.75
      vertex -1.04914 -55.5 1.77616
      vertex -1.05 -55.5 1.75
    endloop
  endfacet
  facet normal -0.99946 0 0.0328569
    outer loop
      vertex -1.04914 -55.5 1.77616
      vertex -1.05 -60.5 1.75
      vertex -1.04914 -60.5 1.77616
    endloop
  endfacet
  facet normal -0.956928 0 0.290325
    outer loop
      vertex -1.03637 -60.5 1.85353
      vertex -1.02877 -55.5 1.87858
      vertex -1.03637 -55.5 1.85353
    endloop
  endfacet
  facet normal -0.956928 0 0.290325
    outer loop
      vertex -1.02877 -55.5 1.87858
      vertex -1.03637 -60.5 1.85353
      vertex -1.02877 -60.5 1.87858
    endloop
  endfacet
  facet normal -0.98661 0 0.163098
    outer loop
      vertex -1.04658 -60.5 1.80221
      vertex -1.04231 -55.5 1.82804
      vertex -1.04658 -55.5 1.80221
    endloop
  endfacet
  facet normal -0.98661 0 0.163098
    outer loop
      vertex -1.04231 -55.5 1.82804
      vertex -1.04658 -60.5 1.80221
      vertex -1.04231 -60.5 1.82804
    endloop
  endfacet
  facet normal -0.88185 0 0.47153
    outer loop
      vertex -1.00875 -60.5 1.92692
      vertex -0.996409 -55.5 1.95
      vertex -1.00875 -55.5 1.92692
    endloop
  endfacet
  facet normal -0.88185 0 0.47153
    outer loop
      vertex -0.996409 -55.5 1.95
      vertex -1.00875 -60.5 1.92692
      vertex -0.996409 -60.5 1.95
    endloop
  endfacet
  facet normal -0.849245 0 0.527999
    outer loop
      vertex -0.996409 -60.5 1.95
      vertex -0.982588 -55.5 1.97223
      vertex -0.996409 -55.5 1.95
    endloop
  endfacet
  facet normal -0.849245 0 0.527999
    outer loop
      vertex -0.982588 -55.5 1.97223
      vertex -0.996409 -60.5 1.95
      vertex -0.982588 -60.5 1.97223
    endloop
  endfacet
  facet normal 0.097689 0 -0.995217
    outer loop
      vertex -0.623838 -60.5 1.35086
      vertex -0.599999 -55.5 1.3532
      vertex -0.599999 -60.5 1.3532
    endloop
  endfacet
  facet normal 0.097689 0 -0.995217
    outer loop
      vertex -0.599999 -55.5 1.3532
      vertex -0.623838 -60.5 1.35086
      vertex -0.623838 -55.5 1.35086
    endloop
  endfacet
  facet normal -0.973906 0 -0.226952
    outer loop
      vertex -1.03637 -60.5 1.64647
      vertex -1.04231 -55.5 1.67196
      vertex -1.03637 -55.5 1.64647
    endloop
  endfacet
  facet normal -0.973906 -0 -0.226952
    outer loop
      vertex -1.04231 -55.5 1.67196
      vertex -1.03637 -60.5 1.64647
      vertex -1.04231 -60.5 1.67196
    endloop
  endfacet
  facet normal -0.995206 0 -0.0978014
    outer loop
      vertex -1.04658 -60.5 1.69779
      vertex -1.04914 -55.5 1.72384
      vertex -1.04658 -55.5 1.69779
    endloop
  endfacet
  facet normal -0.995206 -0 -0.0978014
    outer loop
      vertex -1.04914 -55.5 1.72384
      vertex -1.04658 -60.5 1.69779
      vertex -1.04914 -60.5 1.72384
    endloop
  endfacet
  facet normal -0.773114 0 -0.634267
    outer loop
      vertex -0.950735 -60.5 1.48626
      vertex -0.96734 -55.5 1.5065
      vertex -0.950735 -55.5 1.48626
    endloop
  endfacet
  facet normal -0.773114 -0 -0.634267
    outer loop
      vertex -0.96734 -55.5 1.5065
      vertex -0.950735 -60.5 1.48626
      vertex -0.96734 -60.5 1.5065
    endloop
  endfacet
  facet normal -0.683738 0 -0.729728
    outer loop
      vertex -0.932842 -60.5 1.46716
      vertex -0.913738 -55.5 1.44926
      vertex -0.913738 -60.5 1.44926
    endloop
  endfacet
  facet normal -0.683738 0 -0.729728
    outer loop
      vertex -0.913738 -55.5 1.44926
      vertex -0.932842 -60.5 1.46716
      vertex -0.932842 -55.5 1.46716
    endloop
  endfacet
  facet normal -0.99946 0 -0.0328569
    outer loop
      vertex -1.04914 -60.5 1.72384
      vertex -1.05 -55.5 1.75
      vertex -1.04914 -55.5 1.72384
    endloop
  endfacet
  facet normal -0.99946 -0 -0.0328569
    outer loop
      vertex -1.05 -55.5 1.75
      vertex -1.04914 -60.5 1.72384
      vertex -1.05 -60.5 1.75
    endloop
  endfacet
  facet normal -0.973906 0 0.226952
    outer loop
      vertex -1.04231 -60.5 1.82804
      vertex -1.03637 -55.5 1.85353
      vertex -1.04231 -55.5 1.82804
    endloop
  endfacet
  facet normal -0.973906 0 0.226952
    outer loop
      vertex -1.03637 -55.5 1.85353
      vertex -1.04231 -60.5 1.82804
      vertex -1.03637 -60.5 1.85353
    endloop
  endfacet
  facet normal -0.910954 0 0.412508
    outer loop
      vertex -1.01955 -60.5 1.90307
      vertex -1.00875 -55.5 1.92692
      vertex -1.01955 -55.5 1.90307
    endloop
  endfacet
  facet normal -0.910954 0 0.412508
    outer loop
      vertex -1.00875 -55.5 1.92692
      vertex -1.01955 -60.5 1.90307
      vertex -1.00875 -60.5 1.92692
    endloop
  endfacet
  facet normal -0.812865 0 0.582452
    outer loop
      vertex -0.982588 -60.5 1.97223
      vertex -0.96734 -55.5 1.99351
      vertex -0.982588 -55.5 1.97223
    endloop
  endfacet
  facet normal -0.812865 0 0.582452
    outer loop
      vertex -0.96734 -55.5 1.99351
      vertex -0.982588 -60.5 1.97223
      vertex -0.96734 -60.5 1.99351
    endloop
  endfacet
  facet normal -0.290347 0 -0.956922
    outer loop
      vertex -0.778575 -60.5 1.37123
      vertex -0.753527 -55.5 1.36363
      vertex -0.753527 -60.5 1.36363
    endloop
  endfacet
  facet normal -0.290347 0 -0.956922
    outer loop
      vertex -0.753527 -55.5 1.36363
      vertex -0.778575 -60.5 1.37123
      vertex -0.778575 -55.5 1.37123
    endloop
  endfacet
  facet normal 0.0328544 0 -0.99946
    outer loop
      vertex -0.65 -60.5 1.35
      vertex -0.623838 -55.5 1.35086
      vertex -0.623838 -60.5 1.35086
    endloop
  endfacet
  facet normal 0.0328544 0 -0.99946
    outer loop
      vertex -0.623838 -55.5 1.35086
      vertex -0.65 -60.5 1.35
      vertex -0.65 -55.5 1.35
    endloop
  endfacet
  facet normal -0.0978051 0 -0.995206
    outer loop
      vertex -0.70221 -60.5 1.35342
      vertex -0.676161 -55.5 1.35086
      vertex -0.676161 -60.5 1.35086
    endloop
  endfacet
  facet normal -0.0978051 0 -0.995206
    outer loop
      vertex -0.676161 -55.5 1.35086
      vertex -0.70221 -60.5 1.35342
      vertex -0.70221 -55.5 1.35342
    endloop
  endfacet
  facet normal -0.0328556 0 -0.99946
    outer loop
      vertex -0.676161 -60.5 1.35086
      vertex -0.65 -55.5 1.35
      vertex -0.65 -60.5 1.35
    endloop
  endfacet
  facet normal -0.0328556 0 -0.99946
    outer loop
      vertex -0.65 -55.5 1.35
      vertex -0.676161 -60.5 1.35086
      vertex -0.676161 -55.5 1.35086
    endloop
  endfacet
  facet normal -0.163123 0 -0.986606
    outer loop
      vertex -0.728036 -60.5 1.35769
      vertex -0.70221 -55.5 1.35342
      vertex -0.70221 -60.5 1.35342
    endloop
  endfacet
  facet normal -0.163123 0 -0.986606
    outer loop
      vertex -0.70221 -55.5 1.35342
      vertex -0.728036 -60.5 1.35769
      vertex -0.728036 -55.5 1.35769
    endloop
  endfacet
  facet normal -0.412622 0 -0.910902
    outer loop
      vertex -0.826915 -60.5 1.39125
      vertex -0.803073 -55.5 1.38045
      vertex -0.803073 -60.5 1.38045
    endloop
  endfacet
  facet normal -0.412622 0 -0.910902
    outer loop
      vertex -0.803073 -55.5 1.38045
      vertex -0.826915 -60.5 1.39125
      vertex -0.826915 -55.5 1.39125
    endloop
  endfacet
  facet normal -0.471437 0 -0.8819
    outer loop
      vertex -0.849999 -60.5 1.40359
      vertex -0.826915 -55.5 1.39125
      vertex -0.826915 -60.5 1.39125
    endloop
  endfacet
  facet normal -0.471437 0 -0.8819
    outer loop
      vertex -0.826915 -55.5 1.39125
      vertex -0.849999 -60.5 1.40359
      vertex -0.849999 -55.5 1.40359
    endloop
  endfacet
  facet normal -0.352237 0 -0.935911
    outer loop
      vertex -0.803073 -60.5 1.38045
      vertex -0.778575 -55.5 1.37123
      vertex -0.778575 -60.5 1.37123
    endloop
  endfacet
  facet normal -0.352237 0 -0.935911
    outer loop
      vertex -0.778575 -55.5 1.37123
      vertex -0.803073 -60.5 1.38045
      vertex -0.803073 -55.5 1.38045
    endloop
  endfacet
  facet normal -0.582574 0 -0.812777
    outer loop
      vertex -0.893504 -60.5 1.43266
      vertex -0.872228 -55.5 1.41741
      vertex -0.872228 -60.5 1.41741
    endloop
  endfacet
  facet normal -0.582574 0 -0.812777
    outer loop
      vertex -0.872228 -55.5 1.41741
      vertex -0.893504 -60.5 1.43266
      vertex -0.893504 -55.5 1.43266
    endloop
  endfacet
  facet normal -0.527988 0 -0.849252
    outer loop
      vertex -0.872228 -60.5 1.41741
      vertex -0.849999 -55.5 1.40359
      vertex -0.849999 -60.5 1.40359
    endloop
  endfacet
  facet normal -0.527988 0 -0.849252
    outer loop
      vertex -0.849999 -55.5 1.40359
      vertex -0.872228 -60.5 1.41741
      vertex -0.872228 -55.5 1.41741
    endloop
  endfacet
  facet normal -0.910954 0 -0.412508
    outer loop
      vertex -1.00875 -60.5 1.57308
      vertex -1.01955 -55.5 1.59693
      vertex -1.00875 -55.5 1.57308
    endloop
  endfacet
  facet normal -0.910954 -0 -0.412508
    outer loop
      vertex -1.01955 -55.5 1.59693
      vertex -1.00875 -60.5 1.57308
      vertex -1.01955 -60.5 1.59693
    endloop
  endfacet
  facet normal -0.956928 0 -0.290325
    outer loop
      vertex -1.02877 -60.5 1.62142
      vertex -1.03637 -55.5 1.64647
      vertex -1.02877 -55.5 1.62142
    endloop
  endfacet
  facet normal -0.956928 -0 -0.290325
    outer loop
      vertex -1.03637 -55.5 1.64647
      vertex -1.02877 -60.5 1.62142
      vertex -1.03637 -60.5 1.64647
    endloop
  endfacet
  facet normal -0.935873 0 -0.352338
    outer loop
      vertex -1.01955 -60.5 1.59693
      vertex -1.02877 -55.5 1.62142
      vertex -1.01955 -55.5 1.59693
    endloop
  endfacet
  facet normal -0.935873 -0 -0.352338
    outer loop
      vertex -1.02877 -55.5 1.62142
      vertex -1.01955 -60.5 1.59693
      vertex -1.02877 -60.5 1.62142
    endloop
  endfacet
  facet normal -0.98661 0 -0.163098
    outer loop
      vertex -1.04231 -60.5 1.67196
      vertex -1.04658 -55.5 1.69779
      vertex -1.04231 -55.5 1.67196
    endloop
  endfacet
  facet normal -0.98661 -0 -0.163098
    outer loop
      vertex -1.04658 -55.5 1.69779
      vertex -1.04231 -60.5 1.67196
      vertex -1.04658 -60.5 1.69779
    endloop
  endfacet
  facet normal -0.849245 0 -0.527999
    outer loop
      vertex -0.982588 -60.5 1.52777
      vertex -0.996409 -55.5 1.55
      vertex -0.982588 -55.5 1.52777
    endloop
  endfacet
  facet normal -0.849245 -0 -0.527999
    outer loop
      vertex -0.996409 -55.5 1.55
      vertex -0.982588 -60.5 1.52777
      vertex -0.996409 -60.5 1.55
    endloop
  endfacet
  facet normal -0.812736 0 -0.582633
    outer loop
      vertex -0.96734 -60.5 1.5065
      vertex -0.982588 -55.5 1.52777
      vertex -0.96734 -55.5 1.5065
    endloop
  endfacet
  facet normal -0.812736 -0 -0.582633
    outer loop
      vertex -0.982588 -55.5 1.52777
      vertex -0.96734 -60.5 1.5065
      vertex -0.982588 -60.5 1.52777
    endloop
  endfacet
  facet normal -0.88185 0 -0.47153
    outer loop
      vertex -0.996409 -60.5 1.55
      vertex -1.00875 -55.5 1.57308
      vertex -0.996409 -55.5 1.55
    endloop
  endfacet
  facet normal -0.88185 -0 -0.47153
    outer loop
      vertex -1.00875 -55.5 1.57308
      vertex -0.996409 -60.5 1.55
      vertex -1.00875 -60.5 1.57308
    endloop
  endfacet
  facet normal 0 -1 0
    outer loop
      vertex -0.96734 -60.5 1.99351
      vertex -0.599999 -60.5 2
      vertex -0.96201 -60.5 2
    endloop
  endfacet
  facet normal 0 -1 0
    outer loop
      vertex -0.982588 -60.5 1.97223
      vertex -0.599999 -60.5 2
      vertex -0.96734 -60.5 1.99351
    endloop
  endfacet
  facet normal 0 -1 0
    outer loop
      vertex -0.996409 -60.5 1.95
      vertex -0.599999 -60.5 2
      vertex -0.982588 -60.5 1.97223
    endloop
  endfacet
  facet normal 0 -1 0
    outer loop
      vertex -1.00875 -60.5 1.92692
      vertex -0.599999 -60.5 2
      vertex -0.996409 -60.5 1.95
    endloop
  endfacet
  facet normal 0 -1 0
    outer loop
      vertex -1.01955 -60.5 1.90307
      vertex -0.599999 -60.5 2
      vertex -1.00875 -60.5 1.92692
    endloop
  endfacet
  facet normal 0 -1 0
    outer loop
      vertex -1.02877 -60.5 1.87858
      vertex -0.599999 -60.5 2
      vertex -1.01955 -60.5 1.90307
    endloop
  endfacet
  facet normal 0 -1 0
    outer loop
      vertex -1.03637 -60.5 1.85353
      vertex -0.599999 -60.5 2
      vertex -1.02877 -60.5 1.87858
    endloop
  endfacet
  facet normal 0 -1 0
    outer loop
      vertex -1.04231 -60.5 1.82804
      vertex -0.599999 -60.5 2
      vertex -1.03637 -60.5 1.85353
    endloop
  endfacet
  facet normal 0 -1 0
    outer loop
      vertex -1.04658 -60.5 1.80221
      vertex -0.599999 -60.5 2
      vertex -1.04231 -60.5 1.82804
    endloop
  endfacet
  facet normal 0 -1 0
    outer loop
      vertex -1.04914 -60.5 1.77616
      vertex -0.599999 -60.5 2
      vertex -1.04658 -60.5 1.80221
    endloop
  endfacet
  facet normal 0 -1 0
    outer loop
      vertex -1.05 -60.5 1.75
      vertex -0.599999 -60.5 2
      vertex -1.04914 -60.5 1.77616
    endloop
  endfacet
  facet normal 0 -1 0
    outer loop
      vertex -1.04914 -60.5 1.72384
      vertex -0.599999 -60.5 2
      vertex -1.05 -60.5 1.75
    endloop
  endfacet
  facet normal 0 -1 0
    outer loop
      vertex -1.04658 -60.5 1.69779
      vertex -0.599999 -60.5 2
      vertex -1.04914 -60.5 1.72384
    endloop
  endfacet
  facet normal 0 -1 0
    outer loop
      vertex -1.04231 -60.5 1.67196
      vertex -0.599999 -60.5 2
      vertex -1.04658 -60.5 1.69779
    endloop
  endfacet
  facet normal 0 -1 0
    outer loop
      vertex -1.03637 -60.5 1.64647
      vertex -0.599999 -60.5 2
      vertex -1.04231 -60.5 1.67196
    endloop
  endfacet
  facet normal 0 -1 0
    outer loop
      vertex -1.02877 -60.5 1.62142
      vertex -0.599999 -60.5 2
      vertex -1.03637 -60.5 1.64647
    endloop
  endfacet
  facet normal 0 -1 0
    outer loop
      vertex -1.01955 -60.5 1.59693
      vertex -0.599999 -60.5 2
      vertex -1.02877 -60.5 1.62142
    endloop
  endfacet
  facet normal 0 -1 0
    outer loop
      vertex -1.00875 -60.5 1.57308
      vertex -0.599999 -60.5 2
      vertex -1.01955 -60.5 1.59693
    endloop
  endfacet
  facet normal 0 -1 0
    outer loop
      vertex -0.996409 -60.5 1.55
      vertex -0.599999 -60.5 2
      vertex -1.00875 -60.5 1.57308
    endloop
  endfacet
  facet normal 0 -1 0
    outer loop
      vertex -0.982588 -60.5 1.52777
      vertex -0.599999 -60.5 2
      vertex -0.996409 -60.5 1.55
    endloop
  endfacet
  facet normal 0 -1 0
    outer loop
      vertex -0.96734 -60.5 1.5065
      vertex -0.599999 -60.5 2
      vertex -0.982588 -60.5 1.52777
    endloop
  endfacet
  facet normal 0 -1 0
    outer loop
      vertex -0.950735 -60.5 1.48626
      vertex -0.599999 -60.5 2
      vertex -0.96734 -60.5 1.5065
    endloop
  endfacet
  facet normal 0 -1 0
    outer loop
      vertex -0.932842 -60.5 1.46716
      vertex -0.599999 -60.5 2
      vertex -0.950735 -60.5 1.48626
    endloop
  endfacet
  facet normal 0 -1 0
    outer loop
      vertex -0.913738 -60.5 1.44926
      vertex -0.599999 -60.5 2
      vertex -0.932842 -60.5 1.46716
    endloop
  endfacet
  facet normal 0 -1 0
    outer loop
      vertex -0.893504 -60.5 1.43266
      vertex -0.599999 -60.5 2
      vertex -0.913738 -60.5 1.44926
    endloop
  endfacet
  facet normal 0 -1 0
    outer loop
      vertex -0.872228 -60.5 1.41741
      vertex -0.599999 -60.5 2
      vertex -0.893504 -60.5 1.43266
    endloop
  endfacet
  facet normal 0 -1 0
    outer loop
      vertex -0.849999 -60.5 1.40359
      vertex -0.599999 -60.5 2
      vertex -0.872228 -60.5 1.41741
    endloop
  endfacet
  facet normal 0 -1 0
    outer loop
      vertex -0.826915 -60.5 1.39125
      vertex -0.599999 -60.5 2
      vertex -0.849999 -60.5 1.40359
    endloop
  endfacet
  facet normal 0 -1 0
    outer loop
      vertex -0.803073 -60.5 1.38045
      vertex -0.599999 -60.5 2
      vertex -0.826915 -60.5 1.39125
    endloop
  endfacet
  facet normal 0 -1 0
    outer loop
      vertex -0.778575 -60.5 1.37123
      vertex -0.599999 -60.5 2
      vertex -0.803073 -60.5 1.38045
    endloop
  endfacet
  facet normal 0 -1 0
    outer loop
      vertex -0.753527 -60.5 1.36363
      vertex -0.599999 -60.5 2
      vertex -0.778575 -60.5 1.37123
    endloop
  endfacet
  facet normal 0 -1 0
    outer loop
      vertex -0.728036 -60.5 1.35769
      vertex -0.599999 -60.5 2
      vertex -0.753527 -60.5 1.36363
    endloop
  endfacet
  facet normal 0 -1 0
    outer loop
      vertex -0.70221 -60.5 1.35342
      vertex -0.599999 -60.5 2
      vertex -0.728036 -60.5 1.35769
    endloop
  endfacet
  facet normal 0 -1 0
    outer loop
      vertex -0.676161 -60.5 1.35086
      vertex -0.599999 -60.5 2
      vertex -0.70221 -60.5 1.35342
    endloop
  endfacet
  facet normal 0 -1 0
    outer loop
      vertex -0.65 -60.5 1.35
      vertex -0.599999 -60.5 2
      vertex -0.676161 -60.5 1.35086
    endloop
  endfacet
  facet normal 0 -1 -0
    outer loop
      vertex -0.599999 -60.5 2
      vertex -0.623838 -60.5 1.35086
      vertex -0.599999 -60.5 1.3532
    endloop
  endfacet
  facet normal 0 -1 0
    outer loop
      vertex -0.599999 -60.5 2
      vertex -0.65 -60.5 1.35
      vertex -0.623838 -60.5 1.35086
    endloop
  endfacet
  facet normal -0.995206 0 0.0978014
    outer loop
      vertex -1.04914 -60.5 1.77616
      vertex -1.04658 -55.5 1.80221
      vertex -1.04914 -55.5 1.77616
    endloop
  endfacet
  facet normal -0.995206 0 0.0978014
    outer loop
      vertex -1.04658 -55.5 1.80221
      vertex -1.04914 -60.5 1.77616
      vertex -1.04658 -60.5 1.80221
    endloop
  endfacet
  facet normal -0.226943 0 -0.973908
    outer loop
      vertex -0.753527 -60.5 1.36363
      vertex -0.728036 -55.5 1.35769
      vertex -0.728036 -60.5 1.35769
    endloop
  endfacet
  facet normal -0.226943 0 -0.973908
    outer loop
      vertex -0.728036 -55.5 1.35769
      vertex -0.753527 -60.5 1.36363
      vertex -0.753527 -55.5 1.36363
    endloop
  endfacet
  facet normal -0.72979 0 -0.683672
    outer loop
      vertex -0.932842 -60.5 1.46716
      vertex -0.950735 -55.5 1.48626
      vertex -0.932842 -55.5 1.46716
    endloop
  endfacet
  facet normal -0.72979 -0 -0.683672
    outer loop
      vertex -0.950735 -55.5 1.48626
      vertex -0.932842 -60.5 1.46716
      vertex -0.950735 -60.5 1.48626
    endloop
  endfacet
  facet normal 0 -0.935873 0.352338
    outer loop
      vertex 15.5 -5.02877 1.87858
      vertex 20.5 -5.01955 1.90307
      vertex 15.5 -5.01955 1.90307
    endloop
  endfacet
  facet normal 0 -0.935873 0.352338
    outer loop
      vertex 20.5 -5.01955 1.90307
      vertex 15.5 -5.02877 1.87858
      vertex 20.5 -5.02877 1.87858
    endloop
  endfacet
  facet normal 0 -0.910954 -0.412508
    outer loop
      vertex 15.5 -5.00875 1.57308
      vertex 20.5 -5.01955 1.59693
      vertex 15.5 -5.01955 1.59693
    endloop
  endfacet
  facet normal 0 -0.910954 -0.412508
    outer loop
      vertex 20.5 -5.01955 1.59693
      vertex 15.5 -5.00875 1.57308
      vertex 20.5 -5.00875 1.57308
    endloop
  endfacet
  facet normal 0 -0.352212 -0.93592
    outer loop
      vertex 15.5 -4.80307 1.38045
      vertex 20.5 -4.77857 1.37123
      vertex 20.5 -4.80307 1.38045
    endloop
  endfacet
  facet normal -0 -0.352212 -0.93592
    outer loop
      vertex 20.5 -4.77857 1.37123
      vertex 15.5 -4.80307 1.38045
      vertex 15.5 -4.77857 1.37123
    endloop
  endfacet
  facet normal 0 -0.772789 0.634663
    outer loop
      vertex 15.5 -4.96734 1.99351
      vertex 20.5 -4.96201 2
      vertex 15.5 -4.96201 2
    endloop
  endfacet
  facet normal 0 -0.772789 0.634663
    outer loop
      vertex 20.5 -4.96201 2
      vertex 15.5 -4.96734 1.99351
      vertex 20.5 -4.96734 1.99351
    endloop
  endfacet
  facet normal -1 0 0
    outer loop
      vertex 15.5 -4.62384 1.35086
      vertex 15.5 -4.6 2
      vertex 15.5 -4.6 1.3532
    endloop
  endfacet
  facet normal -1 0 0
    outer loop
      vertex 15.5 -4.65 1.35
      vertex 15.5 -4.6 2
      vertex 15.5 -4.62384 1.35086
    endloop
  endfacet
  facet normal -1 0 0
    outer loop
      vertex 15.5 -4.67616 1.35086
      vertex 15.5 -4.6 2
      vertex 15.5 -4.65 1.35
    endloop
  endfacet
  facet normal -1 0 0
    outer loop
      vertex 15.5 -4.70221 1.35342
      vertex 15.5 -4.6 2
      vertex 15.5 -4.67616 1.35086
    endloop
  endfacet
  facet normal -1 0 0
    outer loop
      vertex 15.5 -4.72804 1.35769
      vertex 15.5 -4.6 2
      vertex 15.5 -4.70221 1.35342
    endloop
  endfacet
  facet normal -1 0 0
    outer loop
      vertex 15.5 -4.75353 1.36363
      vertex 15.5 -4.6 2
      vertex 15.5 -4.72804 1.35769
    endloop
  endfacet
  facet normal -1 0 0
    outer loop
      vertex 15.5 -4.77857 1.37123
      vertex 15.5 -4.6 2
      vertex 15.5 -4.75353 1.36363
    endloop
  endfacet
  facet normal -1 0 0
    outer loop
      vertex 15.5 -4.80307 1.38045
      vertex 15.5 -4.6 2
      vertex 15.5 -4.77857 1.37123
    endloop
  endfacet
  facet normal -1 0 0
    outer loop
      vertex 15.5 -4.82691 1.39125
      vertex 15.5 -4.6 2
      vertex 15.5 -4.80307 1.38045
    endloop
  endfacet
  facet normal -1 0 0
    outer loop
      vertex 15.5 -4.85 1.40359
      vertex 15.5 -4.6 2
      vertex 15.5 -4.82691 1.39125
    endloop
  endfacet
  facet normal -1 0 0
    outer loop
      vertex 15.5 -4.87223 1.41741
      vertex 15.5 -4.6 2
      vertex 15.5 -4.85 1.40359
    endloop
  endfacet
  facet normal -1 0 0
    outer loop
      vertex 15.5 -4.8935 1.43266
      vertex 15.5 -4.6 2
      vertex 15.5 -4.87223 1.41741
    endloop
  endfacet
  facet normal -1 0 0
    outer loop
      vertex 15.5 -4.91374 1.44926
      vertex 15.5 -4.6 2
      vertex 15.5 -4.8935 1.43266
    endloop
  endfacet
  facet normal -1 0 0
    outer loop
      vertex 15.5 -4.93284 1.46716
      vertex 15.5 -4.6 2
      vertex 15.5 -4.91374 1.44926
    endloop
  endfacet
  facet normal -1 0 0
    outer loop
      vertex 15.5 -4.95074 1.48626
      vertex 15.5 -4.6 2
      vertex 15.5 -4.93284 1.46716
    endloop
  endfacet
  facet normal -1 0 0
    outer loop
      vertex 15.5 -4.96734 1.5065
      vertex 15.5 -4.6 2
      vertex 15.5 -4.95074 1.48626
    endloop
  endfacet
  facet normal -1 0 0
    outer loop
      vertex 15.5 -4.98259 1.52777
      vertex 15.5 -4.6 2
      vertex 15.5 -4.96734 1.5065
    endloop
  endfacet
  facet normal -1 0 0
    outer loop
      vertex 15.5 -4.99641 1.55
      vertex 15.5 -4.6 2
      vertex 15.5 -4.98259 1.52777
    endloop
  endfacet
  facet normal -1 -0 0
    outer loop
      vertex 15.5 -4.6 2
      vertex 15.5 -4.98259 1.97223
      vertex 15.5 -4.96201 2
    endloop
  endfacet
  facet normal -1 0 0
    outer loop
      vertex 15.5 -4.96201 2
      vertex 15.5 -4.98259 1.97223
      vertex 15.5 -4.96734 1.99351
    endloop
  endfacet
  facet normal -1 0 0
    outer loop
      vertex 15.5 -5.00875 1.57308
      vertex 15.5 -4.6 2
      vertex 15.5 -4.99641 1.55
    endloop
  endfacet
  facet normal -1 0 0
    outer loop
      vertex 15.5 -4.6 2
      vertex 15.5 -4.99641 1.95
      vertex 15.5 -4.98259 1.97223
    endloop
  endfacet
  facet normal -1 0 0
    outer loop
      vertex 15.5 -5.01955 1.59693
      vertex 15.5 -4.6 2
      vertex 15.5 -5.00875 1.57308
    endloop
  endfacet
  facet normal -1 0 0
    outer loop
      vertex 15.5 -4.6 2
      vertex 15.5 -5.00875 1.92692
      vertex 15.5 -4.99641 1.95
    endloop
  endfacet
  facet normal -1 0 0
    outer loop
      vertex 15.5 -5.02877 1.62142
      vertex 15.5 -4.6 2
      vertex 15.5 -5.01955 1.59693
    endloop
  endfacet
  facet normal -1 0 0
    outer loop
      vertex 15.5 -4.6 2
      vertex 15.5 -5.01955 1.90307
      vertex 15.5 -5.00875 1.92692
    endloop
  endfacet
  facet normal -1 0 0
    outer loop
      vertex 15.5 -5.03637 1.64647
      vertex 15.5 -4.6 2
      vertex 15.5 -5.02877 1.62142
    endloop
  endfacet
  facet normal -1 0 0
    outer loop
      vertex 15.5 -4.6 2
      vertex 15.5 -5.02877 1.87858
      vertex 15.5 -5.01955 1.90307
    endloop
  endfacet
  facet normal -1 0 0
    outer loop
      vertex 15.5 -5.04231 1.67196
      vertex 15.5 -4.6 2
      vertex 15.5 -5.03637 1.64647
    endloop
  endfacet
  facet normal -1 0 0
    outer loop
      vertex 15.5 -4.6 2
      vertex 15.5 -5.03637 1.85353
      vertex 15.5 -5.02877 1.87858
    endloop
  endfacet
  facet normal -1 0 0
    outer loop
      vertex 15.5 -5.04658 1.69779
      vertex 15.5 -4.6 2
      vertex 15.5 -5.04231 1.67196
    endloop
  endfacet
  facet normal -1 0 0
    outer loop
      vertex 15.5 -4.6 2
      vertex 15.5 -5.04231 1.82804
      vertex 15.5 -5.03637 1.85353
    endloop
  endfacet
  facet normal -1 0 0
    outer loop
      vertex 15.5 -5.04914 1.72384
      vertex 15.5 -4.6 2
      vertex 15.5 -5.04658 1.69779
    endloop
  endfacet
  facet normal -1 0 0
    outer loop
      vertex 15.5 -4.6 2
      vertex 15.5 -5.04658 1.80221
      vertex 15.5 -5.04231 1.82804
    endloop
  endfacet
  facet normal -1 0 0
    outer loop
      vertex 15.5 -5.05 1.75
      vertex 15.5 -4.6 2
      vertex 15.5 -5.04914 1.72384
    endloop
  endfacet
  facet normal -1 0 0
    outer loop
      vertex 15.5 -4.6 2
      vertex 15.5 -5.04914 1.77616
      vertex 15.5 -5.04658 1.80221
    endloop
  endfacet
  facet normal -1 0 0
    outer loop
      vertex 15.5 -4.6 2
      vertex 15.5 -5.05 1.75
      vertex 15.5 -5.04914 1.77616
    endloop
  endfacet
  facet normal 0 -0.634153 -0.773208
    outer loop
      vertex 15.5 -4.91374 1.44926
      vertex 20.5 -4.8935 1.43266
      vertex 20.5 -4.91374 1.44926
    endloop
  endfacet
  facet normal -0 -0.634153 -0.773208
    outer loop
      vertex 20.5 -4.8935 1.43266
      vertex 15.5 -4.91374 1.44926
      vertex 15.5 -4.8935 1.43266
    endloop
  endfacet
  facet normal 0 -0.973906 -0.226952
    outer loop
      vertex 15.5 -5.03637 1.64647
      vertex 20.5 -5.04231 1.67196
      vertex 15.5 -5.04231 1.67196
    endloop
  endfacet
  facet normal 0 -0.973906 -0.226952
    outer loop
      vertex 20.5 -5.04231 1.67196
      vertex 15.5 -5.03637 1.64647
      vertex 20.5 -5.03637 1.64647
    endloop
  endfacet
  facet normal 0 -0.99946 -0.0328569
    outer loop
      vertex 15.5 -5.04914 1.72384
      vertex 20.5 -5.05 1.75
      vertex 15.5 -5.05 1.75
    endloop
  endfacet
  facet normal 0 -0.99946 -0.0328569
    outer loop
      vertex 20.5 -5.05 1.75
      vertex 15.5 -5.04914 1.72384
      vertex 20.5 -5.04914 1.72384
    endloop
  endfacet
  facet normal 0 -0.956928 0.290325
    outer loop
      vertex 15.5 -5.03637 1.85353
      vertex 20.5 -5.02877 1.87858
      vertex 15.5 -5.02877 1.87858
    endloop
  endfacet
  facet normal 0 -0.956928 0.290325
    outer loop
      vertex 20.5 -5.02877 1.87858
      vertex 15.5 -5.03637 1.85353
      vertex 20.5 -5.03637 1.85353
    endloop
  endfacet
  facet normal 0 -0.98661 0.163098
    outer loop
      vertex 15.5 -5.04658 1.80221
      vertex 20.5 -5.04231 1.82804
      vertex 15.5 -5.04231 1.82804
    endloop
  endfacet
  facet normal 0 -0.98661 0.163098
    outer loop
      vertex 20.5 -5.04231 1.82804
      vertex 15.5 -5.04658 1.80221
      vertex 20.5 -5.04658 1.80221
    endloop
  endfacet
  facet normal 0 -0.881866 0.4715
    outer loop
      vertex 15.5 -5.00875 1.92692
      vertex 20.5 -4.99641 1.95
      vertex 15.5 -4.99641 1.95
    endloop
  endfacet
  facet normal 0 -0.881866 0.4715
    outer loop
      vertex 20.5 -4.99641 1.95
      vertex 15.5 -5.00875 1.92692
      vertex 20.5 -5.00875 1.92692
    endloop
  endfacet
  facet normal 0 -0.849262 0.527971
    outer loop
      vertex 15.5 -4.99641 1.95
      vertex 20.5 -4.98259 1.97223
      vertex 15.5 -4.98259 1.97223
    endloop
  endfacet
  facet normal 0 -0.849262 0.527971
    outer loop
      vertex 20.5 -4.98259 1.97223
      vertex 15.5 -4.99641 1.95
      vertex 20.5 -4.99641 1.95
    endloop
  endfacet
  facet normal 0 0.0976849 -0.995217
    outer loop
      vertex 15.5 -4.62384 1.35086
      vertex 20.5 -4.6 1.3532
      vertex 20.5 -4.62384 1.35086
    endloop
  endfacet
  facet normal 0 0.0976849 -0.995217
    outer loop
      vertex 20.5 -4.6 1.3532
      vertex 15.5 -4.62384 1.35086
      vertex 15.5 -4.6 1.3532
    endloop
  endfacet
  facet normal 0 -0.163098 -0.98661
    outer loop
      vertex 15.5 -4.72804 1.35769
      vertex 20.5 -4.70221 1.35342
      vertex 20.5 -4.72804 1.35769
    endloop
  endfacet
  facet normal -0 -0.163098 -0.98661
    outer loop
      vertex 20.5 -4.70221 1.35342
      vertex 15.5 -4.72804 1.35769
      vertex 15.5 -4.70221 1.35342
    endloop
  endfacet
  facet normal 0 -0.527971 -0.849262
    outer loop
      vertex 15.5 -4.87223 1.41741
      vertex 20.5 -4.85 1.40359
      vertex 20.5 -4.87223 1.41741
    endloop
  endfacet
  facet normal -0 -0.527971 -0.849262
    outer loop
      vertex 20.5 -4.85 1.40359
      vertex 15.5 -4.87223 1.41741
      vertex 15.5 -4.85 1.40359
    endloop
  endfacet
  facet normal 0 -0.995206 -0.0978014
    outer loop
      vertex 15.5 -5.04658 1.69779
      vertex 20.5 -5.04914 1.72384
      vertex 15.5 -5.04914 1.72384
    endloop
  endfacet
  facet normal 0 -0.995206 -0.0978014
    outer loop
      vertex 20.5 -5.04914 1.72384
      vertex 15.5 -5.04658 1.69779
      vertex 20.5 -5.04658 1.69779
    endloop
  endfacet
  facet normal 0 -0.8127 -0.582683
    outer loop
      vertex 15.5 -4.96734 1.5065
      vertex 20.5 -4.98259 1.52777
      vertex 15.5 -4.98259 1.52777
    endloop
  endfacet
  facet normal 0 -0.8127 -0.582683
    outer loop
      vertex 20.5 -4.98259 1.52777
      vertex 15.5 -4.96734 1.5065
      vertex 20.5 -4.96734 1.5065
    endloop
  endfacet
  facet normal 0 -0.849262 -0.527971
    outer loop
      vertex 15.5 -4.98259 1.52777
      vertex 20.5 -4.99641 1.55
      vertex 15.5 -4.99641 1.55
    endloop
  endfacet
  facet normal 0 -0.849262 -0.527971
    outer loop
      vertex 20.5 -4.99641 1.55
      vertex 15.5 -4.98259 1.52777
      vertex 20.5 -4.98259 1.52777
    endloop
  endfacet
  facet normal 0 -0.683814 -0.729656
    outer loop
      vertex 15.5 -4.93284 1.46716
      vertex 20.5 -4.91374 1.44926
      vertex 20.5 -4.93284 1.46716
    endloop
  endfacet
  facet normal -0 -0.683814 -0.729656
    outer loop
      vertex 20.5 -4.91374 1.44926
      vertex 15.5 -4.93284 1.46716
      vertex 15.5 -4.91374 1.44926
    endloop
  endfacet
  facet normal 0 -0.995206 0.0978014
    outer loop
      vertex 15.5 -5.04914 1.77616
      vertex 20.5 -5.04658 1.80221
      vertex 15.5 -5.04658 1.80221
    endloop
  endfacet
  facet normal 0 -0.995206 0.0978014
    outer loop
      vertex 20.5 -5.04658 1.80221
      vertex 15.5 -5.04914 1.77616
      vertex 20.5 -5.04914 1.77616
    endloop
  endfacet
  facet normal 0 -0.99946 0.0328569
    outer loop
      vertex 15.5 -5.05 1.75
      vertex 20.5 -5.04914 1.77616
      vertex 15.5 -5.04914 1.77616
    endloop
  endfacet
  facet normal 0 -0.99946 0.0328569
    outer loop
      vertex 20.5 -5.04914 1.77616
      vertex 15.5 -5.05 1.75
      vertex 20.5 -5.05 1.75
    endloop
  endfacet
  facet normal 0 -0.973906 0.226952
    outer loop
      vertex 15.5 -5.04231 1.82804
      vertex 20.5 -5.03637 1.85353
      vertex 15.5 -5.03637 1.85353
    endloop
  endfacet
  facet normal 0 -0.973906 0.226952
    outer loop
      vertex 20.5 -5.03637 1.85353
      vertex 15.5 -5.04231 1.82804
      vertex 20.5 -5.04231 1.82804
    endloop
  endfacet
  facet normal 0 -0.910954 0.412508
    outer loop
      vertex 15.5 -5.01955 1.90307
      vertex 20.5 -5.00875 1.92692
      vertex 15.5 -5.00875 1.92692
    endloop
  endfacet
  facet normal 0 -0.910954 0.412508
    outer loop
      vertex 20.5 -5.00875 1.92692
      vertex 15.5 -5.01955 1.90307
      vertex 20.5 -5.01955 1.90307
    endloop
  endfacet
  facet normal 0 -0.812829 0.582502
    outer loop
      vertex 15.5 -4.98259 1.97223
      vertex 20.5 -4.96734 1.99351
      vertex 15.5 -4.96734 1.99351
    endloop
  endfacet
  facet normal 0 -0.812829 0.582502
    outer loop
      vertex 20.5 -4.96734 1.99351
      vertex 15.5 -4.98259 1.97223
      vertex 20.5 -4.98259 1.97223
    endloop
  endfacet
  facet normal 0 -0.226952 -0.973906
    outer loop
      vertex 15.5 -4.75353 1.36363
      vertex 20.5 -4.72804 1.35769
      vertex 20.5 -4.75353 1.36363
    endloop
  endfacet
  facet normal -0 -0.226952 -0.973906
    outer loop
      vertex 20.5 -4.72804 1.35769
      vertex 15.5 -4.75353 1.36363
      vertex 15.5 -4.72804 1.35769
    endloop
  endfacet
  facet normal 0 -0.290432 -0.956896
    outer loop
      vertex 15.5 -4.77857 1.37123
      vertex 20.5 -4.75353 1.36363
      vertex 20.5 -4.77857 1.37123
    endloop
  endfacet
  facet normal -0 -0.290432 -0.956896
    outer loop
      vertex 20.5 -4.75353 1.36363
      vertex 15.5 -4.77857 1.37123
      vertex 15.5 -4.75353 1.36363
    endloop
  endfacet
  facet normal 0 -0.0978014 -0.995206
    outer loop
      vertex 15.5 -4.70221 1.35342
      vertex 20.5 -4.67616 1.35086
      vertex 20.5 -4.70221 1.35342
    endloop
  endfacet
  facet normal -0 -0.0978014 -0.995206
    outer loop
      vertex 20.5 -4.67616 1.35086
      vertex 15.5 -4.70221 1.35342
      vertex 15.5 -4.67616 1.35086
    endloop
  endfacet
  facet normal 0 -0.0328569 -0.99946
    outer loop
      vertex 15.5 -4.67616 1.35086
      vertex 20.5 -4.65 1.35
      vertex 20.5 -4.67616 1.35086
    endloop
  endfacet
  facet normal -0 -0.0328569 -0.99946
    outer loop
      vertex 20.5 -4.65 1.35
      vertex 15.5 -4.67616 1.35086
      vertex 15.5 -4.65 1.35
    endloop
  endfacet
  facet normal 0 0.0328569 -0.99946
    outer loop
      vertex 15.5 -4.65 1.35
      vertex 20.5 -4.62384 1.35086
      vertex 20.5 -4.65 1.35
    endloop
  endfacet
  facet normal 0 0.0328569 -0.99946
    outer loop
      vertex 20.5 -4.62384 1.35086
      vertex 15.5 -4.65 1.35
      vertex 15.5 -4.62384 1.35086
    endloop
  endfacet
  facet normal 0 -0.471341 -0.881951
    outer loop
      vertex 15.5 -4.85 1.40359
      vertex 20.5 -4.82691 1.39125
      vertex 20.5 -4.85 1.40359
    endloop
  endfacet
  facet normal -0 -0.471341 -0.881951
    outer loop
      vertex 20.5 -4.82691 1.39125
      vertex 15.5 -4.85 1.40359
      vertex 15.5 -4.82691 1.39125
    endloop
  endfacet
  facet normal 0 -0.412651 -0.910889
    outer loop
      vertex 15.5 -4.82691 1.39125
      vertex 20.5 -4.80307 1.38045
      vertex 20.5 -4.82691 1.39125
    endloop
  endfacet
  facet normal -0 -0.412651 -0.910889
    outer loop
      vertex 20.5 -4.80307 1.38045
      vertex 15.5 -4.82691 1.39125
      vertex 15.5 -4.80307 1.38045
    endloop
  endfacet
  facet normal 0 -0.582683 -0.8127
    outer loop
      vertex 15.5 -4.8935 1.43266
      vertex 20.5 -4.87223 1.41741
      vertex 20.5 -4.8935 1.43266
    endloop
  endfacet
  facet normal -0 -0.582683 -0.8127
    outer loop
      vertex 20.5 -4.87223 1.41741
      vertex 15.5 -4.8935 1.43266
      vertex 15.5 -4.87223 1.41741
    endloop
  endfacet
  facet normal 0 -0.956928 -0.290325
    outer loop
      vertex 15.5 -5.02877 1.62142
      vertex 20.5 -5.03637 1.64647
      vertex 15.5 -5.03637 1.64647
    endloop
  endfacet
  facet normal 0 -0.956928 -0.290325
    outer loop
      vertex 20.5 -5.03637 1.64647
      vertex 15.5 -5.02877 1.62142
      vertex 20.5 -5.02877 1.62142
    endloop
  endfacet
  facet normal 0 -0.935873 -0.352338
    outer loop
      vertex 15.5 -5.01955 1.59693
      vertex 20.5 -5.02877 1.62142
      vertex 15.5 -5.02877 1.62142
    endloop
  endfacet
  facet normal 0 -0.935873 -0.352338
    outer loop
      vertex 20.5 -5.02877 1.62142
      vertex 15.5 -5.01955 1.59693
      vertex 20.5 -5.01955 1.59693
    endloop
  endfacet
  facet normal 0 -0.98661 -0.163098
    outer loop
      vertex 15.5 -5.04231 1.67196
      vertex 20.5 -5.04658 1.69779
      vertex 15.5 -5.04658 1.69779
    endloop
  endfacet
  facet normal 0 -0.98661 -0.163098
    outer loop
      vertex 20.5 -5.04658 1.69779
      vertex 15.5 -5.04231 1.67196
      vertex 20.5 -5.04231 1.67196
    endloop
  endfacet
  facet normal 0 -0.881866 -0.4715
    outer loop
      vertex 15.5 -4.99641 1.55
      vertex 20.5 -5.00875 1.57308
      vertex 15.5 -5.00875 1.57308
    endloop
  endfacet
  facet normal 0 -0.881866 -0.4715
    outer loop
      vertex 20.5 -5.00875 1.57308
      vertex 15.5 -4.99641 1.55
      vertex 20.5 -4.99641 1.55
    endloop
  endfacet
  facet normal 0 -0.729656 -0.683814
    outer loop
      vertex 15.5 -4.93284 1.46716
      vertex 20.5 -4.95074 1.48626
      vertex 15.5 -4.95074 1.48626
    endloop
  endfacet
  facet normal 0 -0.729656 -0.683814
    outer loop
      vertex 20.5 -4.95074 1.48626
      vertex 15.5 -4.93284 1.46716
      vertex 20.5 -4.93284 1.46716
    endloop
  endfacet
  facet normal 0 -0.773208 -0.634153
    outer loop
      vertex 15.5 -4.95074 1.48626
      vertex 20.5 -4.96734 1.5065
      vertex 15.5 -4.96734 1.5065
    endloop
  endfacet
  facet normal 0 -0.773208 -0.634153
    outer loop
      vertex 20.5 -4.96734 1.5065
      vertex 15.5 -4.95074 1.48626
      vertex 20.5 -4.95074 1.48626
    endloop
  endfacet
  facet normal 1 0 0
    outer loop
      vertex 20.5 -4.6 2
      vertex 20.5 -4.62384 1.35086
      vertex 20.5 -4.6 1.3532
    endloop
  endfacet
  facet normal 1 0 0
    outer loop
      vertex 20.5 -4.6 2
      vertex 20.5 -4.65 1.35
      vertex 20.5 -4.62384 1.35086
    endloop
  endfacet
  facet normal 1 0 0
    outer loop
      vertex 20.5 -4.6 2
      vertex 20.5 -4.67616 1.35086
      vertex 20.5 -4.65 1.35
    endloop
  endfacet
  facet normal 1 0 0
    outer loop
      vertex 20.5 -4.6 2
      vertex 20.5 -4.70221 1.35342
      vertex 20.5 -4.67616 1.35086
    endloop
  endfacet
  facet normal 1 0 0
    outer loop
      vertex 20.5 -4.6 2
      vertex 20.5 -4.72804 1.35769
      vertex 20.5 -4.70221 1.35342
    endloop
  endfacet
  facet normal 1 0 0
    outer loop
      vertex 20.5 -4.6 2
      vertex 20.5 -4.75353 1.36363
      vertex 20.5 -4.72804 1.35769
    endloop
  endfacet
  facet normal 1 0 0
    outer loop
      vertex 20.5 -4.6 2
      vertex 20.5 -4.77857 1.37123
      vertex 20.5 -4.75353 1.36363
    endloop
  endfacet
  facet normal 1 0 0
    outer loop
      vertex 20.5 -4.6 2
      vertex 20.5 -4.80307 1.38045
      vertex 20.5 -4.77857 1.37123
    endloop
  endfacet
  facet normal 1 0 0
    outer loop
      vertex 20.5 -4.6 2
      vertex 20.5 -4.82691 1.39125
      vertex 20.5 -4.80307 1.38045
    endloop
  endfacet
  facet normal 1 0 0
    outer loop
      vertex 20.5 -4.6 2
      vertex 20.5 -4.85 1.40359
      vertex 20.5 -4.82691 1.39125
    endloop
  endfacet
  facet normal 1 0 0
    outer loop
      vertex 20.5 -4.6 2
      vertex 20.5 -4.87223 1.41741
      vertex 20.5 -4.85 1.40359
    endloop
  endfacet
  facet normal 1 0 0
    outer loop
      vertex 20.5 -4.6 2
      vertex 20.5 -4.8935 1.43266
      vertex 20.5 -4.87223 1.41741
    endloop
  endfacet
  facet normal 1 0 0
    outer loop
      vertex 20.5 -4.6 2
      vertex 20.5 -4.91374 1.44926
      vertex 20.5 -4.8935 1.43266
    endloop
  endfacet
  facet normal 1 0 0
    outer loop
      vertex 20.5 -4.6 2
      vertex 20.5 -4.93284 1.46716
      vertex 20.5 -4.91374 1.44926
    endloop
  endfacet
  facet normal 1 0 0
    outer loop
      vertex 20.5 -4.6 2
      vertex 20.5 -4.95074 1.48626
      vertex 20.5 -4.93284 1.46716
    endloop
  endfacet
  facet normal 1 0 0
    outer loop
      vertex 20.5 -4.98259 1.97223
      vertex 20.5 -4.6 2
      vertex 20.5 -4.96201 2
    endloop
  endfacet
  facet normal 1 0 0
    outer loop
      vertex 20.5 -4.98259 1.97223
      vertex 20.5 -4.96201 2
      vertex 20.5 -4.96734 1.99351
    endloop
  endfacet
  facet normal 1 0 0
    outer loop
      vertex 20.5 -4.6 2
      vertex 20.5 -4.96734 1.5065
      vertex 20.5 -4.95074 1.48626
    endloop
  endfacet
  facet normal 1 0 0
    outer loop
      vertex 20.5 -4.99641 1.95
      vertex 20.5 -4.6 2
      vertex 20.5 -4.98259 1.97223
    endloop
  endfacet
  facet normal 1 0 0
    outer loop
      vertex 20.5 -4.6 2
      vertex 20.5 -4.98259 1.52777
      vertex 20.5 -4.96734 1.5065
    endloop
  endfacet
  facet normal 1 0 0
    outer loop
      vertex 20.5 -5.00875 1.92692
      vertex 20.5 -4.6 2
      vertex 20.5 -4.99641 1.95
    endloop
  endfacet
  facet normal 1 0 0
    outer loop
      vertex 20.5 -4.6 2
      vertex 20.5 -4.99641 1.55
      vertex 20.5 -4.98259 1.52777
    endloop
  endfacet
  facet normal 1 0 0
    outer loop
      vertex 20.5 -5.01955 1.90307
      vertex 20.5 -4.6 2
      vertex 20.5 -5.00875 1.92692
    endloop
  endfacet
  facet normal 1 0 0
    outer loop
      vertex 20.5 -4.6 2
      vertex 20.5 -5.00875 1.57308
      vertex 20.5 -4.99641 1.55
    endloop
  endfacet
  facet normal 1 0 0
    outer loop
      vertex 20.5 -5.02877 1.87858
      vertex 20.5 -4.6 2
      vertex 20.5 -5.01955 1.90307
    endloop
  endfacet
  facet normal 1 0 0
    outer loop
      vertex 20.5 -4.6 2
      vertex 20.5 -5.01955 1.59693
      vertex 20.5 -5.00875 1.57308
    endloop
  endfacet
  facet normal 1 0 0
    outer loop
      vertex 20.5 -5.03637 1.85353
      vertex 20.5 -4.6 2
      vertex 20.5 -5.02877 1.87858
    endloop
  endfacet
  facet normal 1 0 0
    outer loop
      vertex 20.5 -4.6 2
      vertex 20.5 -5.02877 1.62142
      vertex 20.5 -5.01955 1.59693
    endloop
  endfacet
  facet normal 1 0 0
    outer loop
      vertex 20.5 -5.04231 1.82804
      vertex 20.5 -4.6 2
      vertex 20.5 -5.03637 1.85353
    endloop
  endfacet
  facet normal 1 0 0
    outer loop
      vertex 20.5 -4.6 2
      vertex 20.5 -5.03637 1.64647
      vertex 20.5 -5.02877 1.62142
    endloop
  endfacet
  facet normal 1 0 0
    outer loop
      vertex 20.5 -5.04658 1.80221
      vertex 20.5 -4.6 2
      vertex 20.5 -5.04231 1.82804
    endloop
  endfacet
  facet normal 1 0 0
    outer loop
      vertex 20.5 -4.6 2
      vertex 20.5 -5.04231 1.67196
      vertex 20.5 -5.03637 1.64647
    endloop
  endfacet
  facet normal 1 0 0
    outer loop
      vertex 20.5 -5.04914 1.77616
      vertex 20.5 -4.6 2
      vertex 20.5 -5.04658 1.80221
    endloop
  endfacet
  facet normal 1 0 0
    outer loop
      vertex 20.5 -4.6 2
      vertex 20.5 -5.04658 1.69779
      vertex 20.5 -5.04231 1.67196
    endloop
  endfacet
  facet normal 1 0 0
    outer loop
      vertex 20.5 -5.05 1.75
      vertex 20.5 -4.6 2
      vertex 20.5 -5.04914 1.77616
    endloop
  endfacet
  facet normal 1 0 0
    outer loop
      vertex 20.5 -4.6 2
      vertex 20.5 -5.04914 1.72384
      vertex 20.5 -5.04658 1.69779
    endloop
  endfacet
  facet normal 1 0 0
    outer loop
      vertex 20.5 -4.6 2
      vertex 20.5 -5.05 1.75
      vertex 20.5 -5.04914 1.72384
    endloop
  endfacet
  facet normal 0.99946 -0 0.0328569
    outer loop
      vertex 1.04914 -24.5 1.77616
      vertex 1.05 -19.5 1.75
      vertex 1.04914 -19.5 1.77616
    endloop
  endfacet
  facet normal 0.99946 0 0.0328569
    outer loop
      vertex 1.05 -19.5 1.75
      vertex 1.04914 -24.5 1.77616
      vertex 1.05 -24.5 1.75
    endloop
  endfacet
  facet normal 0.910954 -0 0.412508
    outer loop
      vertex 1.00875 -24.5 1.92692
      vertex 1.01955 -19.5 1.90307
      vertex 1.00875 -19.5 1.92692
    endloop
  endfacet
  facet normal 0.910954 0 0.412508
    outer loop
      vertex 1.01955 -19.5 1.90307
      vertex 1.00875 -24.5 1.92692
      vertex 1.01955 -24.5 1.90307
    endloop
  endfacet
  facet normal 0.88185 0 -0.47153
    outer loop
      vertex 1.00875 -24.5 1.57308
      vertex 0.996409 -19.5 1.55
      vertex 1.00875 -19.5 1.57308
    endloop
  endfacet
  facet normal 0.88185 0 -0.47153
    outer loop
      vertex 0.996409 -19.5 1.55
      vertex 1.00875 -24.5 1.57308
      vertex 0.996409 -24.5 1.55
    endloop
  endfacet
  facet normal 0.290347 0 -0.956922
    outer loop
      vertex 0.753527 -24.5 1.36363
      vertex 0.778575 -19.5 1.37123
      vertex 0.778575 -24.5 1.37123
    endloop
  endfacet
  facet normal 0.290347 0 -0.956922
    outer loop
      vertex 0.778575 -19.5 1.37123
      vertex 0.753527 -24.5 1.36363
      vertex 0.753527 -19.5 1.36363
    endloop
  endfacet
  facet normal 0.72979 0 -0.683672
    outer loop
      vertex 0.950735 -24.5 1.48626
      vertex 0.932842 -19.5 1.46716
      vertex 0.950735 -19.5 1.48626
    endloop
  endfacet
  facet normal 0.72979 0 -0.683672
    outer loop
      vertex 0.932842 -19.5 1.46716
      vertex 0.950735 -24.5 1.48626
      vertex 0.932842 -24.5 1.46716
    endloop
  endfacet
  facet normal 0.995206 -0 0.0978014
    outer loop
      vertex 1.04658 -24.5 1.80221
      vertex 1.04914 -19.5 1.77616
      vertex 1.04658 -19.5 1.80221
    endloop
  endfacet
  facet normal 0.995206 0 0.0978014
    outer loop
      vertex 1.04914 -19.5 1.77616
      vertex 1.04658 -24.5 1.80221
      vertex 1.04914 -24.5 1.77616
    endloop
  endfacet
  facet normal 0.956928 -0 0.290325
    outer loop
      vertex 1.02877 -24.5 1.87858
      vertex 1.03637 -19.5 1.85353
      vertex 1.02877 -19.5 1.87858
    endloop
  endfacet
  facet normal 0.956928 0 0.290325
    outer loop
      vertex 1.03637 -19.5 1.85353
      vertex 1.02877 -24.5 1.87858
      vertex 1.03637 -24.5 1.85353
    endloop
  endfacet
  facet normal 0.812865 -0 0.582452
    outer loop
      vertex 0.96734 -24.5 1.99351
      vertex 0.982588 -19.5 1.97223
      vertex 0.96734 -19.5 1.99351
    endloop
  endfacet
  facet normal 0.812865 0 0.582452
    outer loop
      vertex 0.982588 -19.5 1.97223
      vertex 0.96734 -24.5 1.99351
      vertex 0.982588 -24.5 1.97223
    endloop
  endfacet
  facet normal 0 1 0
    outer loop
      vertex 0.96734 -19.5 1.99351
      vertex 0.599999 -19.5 2
      vertex 0.96201 -19.5 2
    endloop
  endfacet
  facet normal 0 1 0
    outer loop
      vertex 0.982588 -19.5 1.97223
      vertex 0.599999 -19.5 2
      vertex 0.96734 -19.5 1.99351
    endloop
  endfacet
  facet normal 0 1 0
    outer loop
      vertex 0.996409 -19.5 1.95
      vertex 0.599999 -19.5 2
      vertex 0.982588 -19.5 1.97223
    endloop
  endfacet
  facet normal 0 1 0
    outer loop
      vertex 1.00875 -19.5 1.92692
      vertex 0.599999 -19.5 2
      vertex 0.996409 -19.5 1.95
    endloop
  endfacet
  facet normal 0 1 0
    outer loop
      vertex 1.01955 -19.5 1.90307
      vertex 0.599999 -19.5 2
      vertex 1.00875 -19.5 1.92692
    endloop
  endfacet
  facet normal 0 1 0
    outer loop
      vertex 1.02877 -19.5 1.87858
      vertex 0.599999 -19.5 2
      vertex 1.01955 -19.5 1.90307
    endloop
  endfacet
  facet normal 0 1 0
    outer loop
      vertex 1.03637 -19.5 1.85353
      vertex 0.599999 -19.5 2
      vertex 1.02877 -19.5 1.87858
    endloop
  endfacet
  facet normal 0 1 0
    outer loop
      vertex 1.04231 -19.5 1.82804
      vertex 0.599999 -19.5 2
      vertex 1.03637 -19.5 1.85353
    endloop
  endfacet
  facet normal 0 1 0
    outer loop
      vertex 1.04658 -19.5 1.80221
      vertex 0.599999 -19.5 2
      vertex 1.04231 -19.5 1.82804
    endloop
  endfacet
  facet normal 0 1 0
    outer loop
      vertex 1.04914 -19.5 1.77616
      vertex 0.599999 -19.5 2
      vertex 1.04658 -19.5 1.80221
    endloop
  endfacet
  facet normal 0 1 0
    outer loop
      vertex 1.05 -19.5 1.75
      vertex 0.599999 -19.5 2
      vertex 1.04914 -19.5 1.77616
    endloop
  endfacet
  facet normal 0 1 -0
    outer loop
      vertex 1.04914 -19.5 1.72384
      vertex 0.599999 -19.5 2
      vertex 1.05 -19.5 1.75
    endloop
  endfacet
  facet normal 0 1 -0
    outer loop
      vertex 1.04658 -19.5 1.69779
      vertex 0.599999 -19.5 2
      vertex 1.04914 -19.5 1.72384
    endloop
  endfacet
  facet normal 0 1 -0
    outer loop
      vertex 1.04231 -19.5 1.67196
      vertex 0.599999 -19.5 2
      vertex 1.04658 -19.5 1.69779
    endloop
  endfacet
  facet normal 0 1 -0
    outer loop
      vertex 1.03637 -19.5 1.64647
      vertex 0.599999 -19.5 2
      vertex 1.04231 -19.5 1.67196
    endloop
  endfacet
  facet normal 0 1 -0
    outer loop
      vertex 1.02877 -19.5 1.62142
      vertex 0.599999 -19.5 2
      vertex 1.03637 -19.5 1.64647
    endloop
  endfacet
  facet normal 0 1 -0
    outer loop
      vertex 1.01955 -19.5 1.59693
      vertex 0.599999 -19.5 2
      vertex 1.02877 -19.5 1.62142
    endloop
  endfacet
  facet normal 0 1 -0
    outer loop
      vertex 1.00875 -19.5 1.57308
      vertex 0.599999 -19.5 2
      vertex 1.01955 -19.5 1.59693
    endloop
  endfacet
  facet normal 0 1 -0
    outer loop
      vertex 0.996409 -19.5 1.55
      vertex 0.599999 -19.5 2
      vertex 1.00875 -19.5 1.57308
    endloop
  endfacet
  facet normal 0 1 -0
    outer loop
      vertex 0.982588 -19.5 1.52777
      vertex 0.599999 -19.5 2
      vertex 0.996409 -19.5 1.55
    endloop
  endfacet
  facet normal 0 1 -0
    outer loop
      vertex 0.96734 -19.5 1.5065
      vertex 0.599999 -19.5 2
      vertex 0.982588 -19.5 1.52777
    endloop
  endfacet
  facet normal 0 1 -0
    outer loop
      vertex 0.950735 -19.5 1.48626
      vertex 0.599999 -19.5 2
      vertex 0.96734 -19.5 1.5065
    endloop
  endfacet
  facet normal 0 1 -0
    outer loop
      vertex 0.932842 -19.5 1.46716
      vertex 0.599999 -19.5 2
      vertex 0.950735 -19.5 1.48626
    endloop
  endfacet
  facet normal 0 1 -0
    outer loop
      vertex 0.913738 -19.5 1.44926
      vertex 0.599999 -19.5 2
      vertex 0.932842 -19.5 1.46716
    endloop
  endfacet
  facet normal 0 1 -0
    outer loop
      vertex 0.893504 -19.5 1.43266
      vertex 0.599999 -19.5 2
      vertex 0.913738 -19.5 1.44926
    endloop
  endfacet
  facet normal 0 1 -0
    outer loop
      vertex 0.872228 -19.5 1.41741
      vertex 0.599999 -19.5 2
      vertex 0.893504 -19.5 1.43266
    endloop
  endfacet
  facet normal 0 1 -0
    outer loop
      vertex 0.849999 -19.5 1.40359
      vertex 0.599999 -19.5 2
      vertex 0.872228 -19.5 1.41741
    endloop
  endfacet
  facet normal 0 1 -0
    outer loop
      vertex 0.826915 -19.5 1.39125
      vertex 0.599999 -19.5 2
      vertex 0.849999 -19.5 1.40359
    endloop
  endfacet
  facet normal 0 1 -0
    outer loop
      vertex 0.803073 -19.5 1.38045
      vertex 0.599999 -19.5 2
      vertex 0.826915 -19.5 1.39125
    endloop
  endfacet
  facet normal 0 1 -0
    outer loop
      vertex 0.778575 -19.5 1.37123
      vertex 0.599999 -19.5 2
      vertex 0.803073 -19.5 1.38045
    endloop
  endfacet
  facet normal 0 1 -0
    outer loop
      vertex 0.753527 -19.5 1.36363
      vertex 0.599999 -19.5 2
      vertex 0.778575 -19.5 1.37123
    endloop
  endfacet
  facet normal 0 1 -0
    outer loop
      vertex 0.728036 -19.5 1.35769
      vertex 0.599999 -19.5 2
      vertex 0.753527 -19.5 1.36363
    endloop
  endfacet
  facet normal 0 1 -0
    outer loop
      vertex 0.70221 -19.5 1.35342
      vertex 0.599999 -19.5 2
      vertex 0.728036 -19.5 1.35769
    endloop
  endfacet
  facet normal 0 1 -0
    outer loop
      vertex 0.676161 -19.5 1.35086
      vertex 0.599999 -19.5 2
      vertex 0.70221 -19.5 1.35342
    endloop
  endfacet
  facet normal 0 1 -0
    outer loop
      vertex 0.65 -19.5 1.35
      vertex 0.599999 -19.5 2
      vertex 0.676161 -19.5 1.35086
    endloop
  endfacet
  facet normal 0 1 0
    outer loop
      vertex 0.599999 -19.5 2
      vertex 0.623838 -19.5 1.35086
      vertex 0.599999 -19.5 1.3532
    endloop
  endfacet
  facet normal 0 1 0
    outer loop
      vertex 0.599999 -19.5 2
      vertex 0.65 -19.5 1.35
      vertex 0.623838 -19.5 1.35086
    endloop
  endfacet
  facet normal 0 -1 0
    outer loop
      vertex 0.599999 -24.5 2
      vertex 0.96734 -24.5 1.99351
      vertex 0.96201 -24.5 2
    endloop
  endfacet
  facet normal 0 -1 0
    outer loop
      vertex 0.599999 -24.5 2
      vertex 0.982588 -24.5 1.97223
      vertex 0.96734 -24.5 1.99351
    endloop
  endfacet
  facet normal 0 -1 0
    outer loop
      vertex 0.599999 -24.5 2
      vertex 0.996409 -24.5 1.95
      vertex 0.982588 -24.5 1.97223
    endloop
  endfacet
  facet normal 0 -1 0
    outer loop
      vertex 0.599999 -24.5 2
      vertex 1.00875 -24.5 1.92692
      vertex 0.996409 -24.5 1.95
    endloop
  endfacet
  facet normal 0 -1 0
    outer loop
      vertex 0.599999 -24.5 2
      vertex 1.01955 -24.5 1.90307
      vertex 1.00875 -24.5 1.92692
    endloop
  endfacet
  facet normal 0 -1 0
    outer loop
      vertex 0.599999 -24.5 2
      vertex 1.02877 -24.5 1.87858
      vertex 1.01955 -24.5 1.90307
    endloop
  endfacet
  facet normal 0 -1 0
    outer loop
      vertex 0.599999 -24.5 2
      vertex 1.03637 -24.5 1.85353
      vertex 1.02877 -24.5 1.87858
    endloop
  endfacet
  facet normal 0 -1 0
    outer loop
      vertex 0.599999 -24.5 2
      vertex 1.04231 -24.5 1.82804
      vertex 1.03637 -24.5 1.85353
    endloop
  endfacet
  facet normal 0 -1 0
    outer loop
      vertex 0.599999 -24.5 2
      vertex 1.04658 -24.5 1.80221
      vertex 1.04231 -24.5 1.82804
    endloop
  endfacet
  facet normal 0 -1 0
    outer loop
      vertex 0.599999 -24.5 2
      vertex 1.04914 -24.5 1.77616
      vertex 1.04658 -24.5 1.80221
    endloop
  endfacet
  facet normal 0 -1 0
    outer loop
      vertex 0.599999 -24.5 2
      vertex 1.05 -24.5 1.75
      vertex 1.04914 -24.5 1.77616
    endloop
  endfacet
  facet normal 0 -1 0
    outer loop
      vertex 0.599999 -24.5 2
      vertex 1.04914 -24.5 1.72384
      vertex 1.05 -24.5 1.75
    endloop
  endfacet
  facet normal 0 -1 0
    outer loop
      vertex 0.599999 -24.5 2
      vertex 1.04658 -24.5 1.69779
      vertex 1.04914 -24.5 1.72384
    endloop
  endfacet
  facet normal 0 -1 0
    outer loop
      vertex 0.599999 -24.5 2
      vertex 1.04231 -24.5 1.67196
      vertex 1.04658 -24.5 1.69779
    endloop
  endfacet
  facet normal 0 -1 0
    outer loop
      vertex 0.599999 -24.5 2
      vertex 1.03637 -24.5 1.64647
      vertex 1.04231 -24.5 1.67196
    endloop
  endfacet
  facet normal 0 -1 0
    outer loop
      vertex 0.599999 -24.5 2
      vertex 1.02877 -24.5 1.62142
      vertex 1.03637 -24.5 1.64647
    endloop
  endfacet
  facet normal 0 -1 0
    outer loop
      vertex 0.599999 -24.5 2
      vertex 1.01955 -24.5 1.59693
      vertex 1.02877 -24.5 1.62142
    endloop
  endfacet
  facet normal 0 -1 0
    outer loop
      vertex 0.599999 -24.5 2
      vertex 1.00875 -24.5 1.57308
      vertex 1.01955 -24.5 1.59693
    endloop
  endfacet
  facet normal 0 -1 0
    outer loop
      vertex 0.599999 -24.5 2
      vertex 0.996409 -24.5 1.55
      vertex 1.00875 -24.5 1.57308
    endloop
  endfacet
  facet normal 0 -1 0
    outer loop
      vertex 0.599999 -24.5 2
      vertex 0.982588 -24.5 1.52777
      vertex 0.996409 -24.5 1.55
    endloop
  endfacet
  facet normal 0 -1 0
    outer loop
      vertex 0.599999 -24.5 2
      vertex 0.96734 -24.5 1.5065
      vertex 0.982588 -24.5 1.52777
    endloop
  endfacet
  facet normal 0 -1 0
    outer loop
      vertex 0.599999 -24.5 2
      vertex 0.950735 -24.5 1.48626
      vertex 0.96734 -24.5 1.5065
    endloop
  endfacet
  facet normal 0 -1 0
    outer loop
      vertex 0.599999 -24.5 2
      vertex 0.932842 -24.5 1.46716
      vertex 0.950735 -24.5 1.48626
    endloop
  endfacet
  facet normal 0 -1 0
    outer loop
      vertex 0.599999 -24.5 2
      vertex 0.913738 -24.5 1.44926
      vertex 0.932842 -24.5 1.46716
    endloop
  endfacet
  facet normal 0 -1 0
    outer loop
      vertex 0.599999 -24.5 2
      vertex 0.893504 -24.5 1.43266
      vertex 0.913738 -24.5 1.44926
    endloop
  endfacet
  facet normal 0 -1 0
    outer loop
      vertex 0.599999 -24.5 2
      vertex 0.872228 -24.5 1.41741
      vertex 0.893504 -24.5 1.43266
    endloop
  endfacet
  facet normal 0 -1 0
    outer loop
      vertex 0.599999 -24.5 2
      vertex 0.849999 -24.5 1.40359
      vertex 0.872228 -24.5 1.41741
    endloop
  endfacet
  facet normal 0 -1 0
    outer loop
      vertex 0.599999 -24.5 2
      vertex 0.826915 -24.5 1.39125
      vertex 0.849999 -24.5 1.40359
    endloop
  endfacet
  facet normal 0 -1 0
    outer loop
      vertex 0.599999 -24.5 2
      vertex 0.803073 -24.5 1.38045
      vertex 0.826915 -24.5 1.39125
    endloop
  endfacet
  facet normal 0 -1 0
    outer loop
      vertex 0.599999 -24.5 2
      vertex 0.778575 -24.5 1.37123
      vertex 0.803073 -24.5 1.38045
    endloop
  endfacet
  facet normal 0 -1 0
    outer loop
      vertex 0.599999 -24.5 2
      vertex 0.753527 -24.5 1.36363
      vertex 0.778575 -24.5 1.37123
    endloop
  endfacet
  facet normal 0 -1 0
    outer loop
      vertex 0.599999 -24.5 2
      vertex 0.728036 -24.5 1.35769
      vertex 0.753527 -24.5 1.36363
    endloop
  endfacet
  facet normal 0 -1 0
    outer loop
      vertex 0.599999 -24.5 2
      vertex 0.70221 -24.5 1.35342
      vertex 0.728036 -24.5 1.35769
    endloop
  endfacet
  facet normal 0 -1 0
    outer loop
      vertex 0.623838 -24.5 1.35086
      vertex 0.599999 -24.5 2
      vertex 0.599999 -24.5 1.3532
    endloop
  endfacet
  facet normal 0 -1 0
    outer loop
      vertex 0.65 -24.5 1.35
      vertex 0.599999 -24.5 2
      vertex 0.623838 -24.5 1.35086
    endloop
  endfacet
  facet normal 0 -1 0
    outer loop
      vertex 0.599999 -24.5 2
      vertex 0.676161 -24.5 1.35086
      vertex 0.70221 -24.5 1.35342
    endloop
  endfacet
  facet normal 0 -1 0
    outer loop
      vertex 0.599999 -24.5 2
      vertex 0.65 -24.5 1.35
      vertex 0.676161 -24.5 1.35086
    endloop
  endfacet
  facet normal 0.471437 0 -0.8819
    outer loop
      vertex 0.826915 -24.5 1.39125
      vertex 0.849999 -19.5 1.40359
      vertex 0.849999 -24.5 1.40359
    endloop
  endfacet
  facet normal 0.471437 0 -0.8819
    outer loop
      vertex 0.849999 -19.5 1.40359
      vertex 0.826915 -24.5 1.39125
      vertex 0.826915 -19.5 1.39125
    endloop
  endfacet
  facet normal 0.849245 0 -0.527999
    outer loop
      vertex 0.996409 -24.5 1.55
      vertex 0.982588 -19.5 1.52777
      vertex 0.996409 -19.5 1.55
    endloop
  endfacet
  facet normal 0.849245 0 -0.527999
    outer loop
      vertex 0.982588 -19.5 1.52777
      vertex 0.996409 -24.5 1.55
      vertex 0.982588 -24.5 1.52777
    endloop
  endfacet
  facet normal 0.98661 0 -0.163098
    outer loop
      vertex 1.04658 -24.5 1.69779
      vertex 1.04231 -19.5 1.67196
      vertex 1.04658 -19.5 1.69779
    endloop
  endfacet
  facet normal 0.98661 0 -0.163098
    outer loop
      vertex 1.04231 -19.5 1.67196
      vertex 1.04658 -24.5 1.69779
      vertex 1.04231 -24.5 1.67196
    endloop
  endfacet
  facet normal 0.956928 0 -0.290325
    outer loop
      vertex 1.03637 -24.5 1.64647
      vertex 1.02877 -19.5 1.62142
      vertex 1.03637 -19.5 1.64647
    endloop
  endfacet
  facet normal 0.956928 0 -0.290325
    outer loop
      vertex 1.02877 -19.5 1.62142
      vertex 1.03637 -24.5 1.64647
      vertex 1.02877 -24.5 1.62142
    endloop
  endfacet
  facet normal 0.995206 0 -0.0978014
    outer loop
      vertex 1.04914 -24.5 1.72384
      vertex 1.04658 -19.5 1.69779
      vertex 1.04914 -19.5 1.72384
    endloop
  endfacet
  facet normal 0.995206 0 -0.0978014
    outer loop
      vertex 1.04658 -19.5 1.69779
      vertex 1.04914 -24.5 1.72384
      vertex 1.04658 -24.5 1.69779
    endloop
  endfacet
  facet normal 0.973906 -0 0.226952
    outer loop
      vertex 1.03637 -24.5 1.85353
      vertex 1.04231 -19.5 1.82804
      vertex 1.03637 -19.5 1.85353
    endloop
  endfacet
  facet normal 0.973906 0 0.226952
    outer loop
      vertex 1.04231 -19.5 1.82804
      vertex 1.03637 -24.5 1.85353
      vertex 1.04231 -24.5 1.82804
    endloop
  endfacet
  facet normal 0.98661 -0 0.163098
    outer loop
      vertex 1.04231 -24.5 1.82804
      vertex 1.04658 -19.5 1.80221
      vertex 1.04231 -19.5 1.82804
    endloop
  endfacet
  facet normal 0.98661 0 0.163098
    outer loop
      vertex 1.04658 -19.5 1.80221
      vertex 1.04231 -24.5 1.82804
      vertex 1.04658 -24.5 1.80221
    endloop
  endfacet
  facet normal 0.935873 -0 0.352338
    outer loop
      vertex 1.01955 -24.5 1.90307
      vertex 1.02877 -19.5 1.87858
      vertex 1.01955 -19.5 1.90307
    endloop
  endfacet
  facet normal 0.935873 0 0.352338
    outer loop
      vertex 1.02877 -19.5 1.87858
      vertex 1.01955 -24.5 1.90307
      vertex 1.02877 -24.5 1.87858
    endloop
  endfacet
  facet normal 0.772789 -0 0.634663
    outer loop
      vertex 0.96201 -24.5 2
      vertex 0.96734 -19.5 1.99351
      vertex 0.96201 -19.5 2
    endloop
  endfacet
  facet normal 0.772789 0 0.634663
    outer loop
      vertex 0.96734 -19.5 1.99351
      vertex 0.96201 -24.5 2
      vertex 0.96734 -24.5 1.99351
    endloop
  endfacet
  facet normal 0.849245 -0 0.527999
    outer loop
      vertex 0.982588 -24.5 1.97223
      vertex 0.996409 -19.5 1.95
      vertex 0.982588 -19.5 1.97223
    endloop
  endfacet
  facet normal 0.849245 0 0.527999
    outer loop
      vertex 0.996409 -19.5 1.95
      vertex 0.982588 -24.5 1.97223
      vertex 0.996409 -24.5 1.95
    endloop
  endfacet
  facet normal 0.88185 -0 0.47153
    outer loop
      vertex 0.996409 -24.5 1.95
      vertex 1.00875 -19.5 1.92692
      vertex 0.996409 -19.5 1.95
    endloop
  endfacet
  facet normal 0.88185 0 0.47153
    outer loop
      vertex 1.00875 -19.5 1.92692
      vertex 0.996409 -24.5 1.95
      vertex 1.00875 -24.5 1.92692
    endloop
  endfacet
  facet normal 0.0978051 0 -0.995206
    outer loop
      vertex 0.676161 -24.5 1.35086
      vertex 0.70221 -19.5 1.35342
      vertex 0.70221 -24.5 1.35342
    endloop
  endfacet
  facet normal 0.0978051 0 -0.995206
    outer loop
      vertex 0.70221 -19.5 1.35342
      vertex 0.676161 -24.5 1.35086
      vertex 0.676161 -19.5 1.35086
    endloop
  endfacet
  facet normal 0.226943 0 -0.973908
    outer loop
      vertex 0.728036 -24.5 1.35769
      vertex 0.753527 -19.5 1.36363
      vertex 0.753527 -24.5 1.36363
    endloop
  endfacet
  facet normal 0.226943 0 -0.973908
    outer loop
      vertex 0.753527 -19.5 1.36363
      vertex 0.728036 -24.5 1.35769
      vertex 0.728036 -19.5 1.35769
    endloop
  endfacet
  facet normal 0.412622 0 -0.910902
    outer loop
      vertex 0.803073 -24.5 1.38045
      vertex 0.826915 -19.5 1.39125
      vertex 0.826915 -24.5 1.39125
    endloop
  endfacet
  facet normal 0.412622 0 -0.910902
    outer loop
      vertex 0.826915 -19.5 1.39125
      vertex 0.803073 -24.5 1.38045
      vertex 0.803073 -19.5 1.38045
    endloop
  endfacet
  facet normal 0.634265 0 -0.773116
    outer loop
      vertex 0.893504 -24.5 1.43266
      vertex 0.913738 -19.5 1.44926
      vertex 0.913738 -24.5 1.44926
    endloop
  endfacet
  facet normal 0.634265 0 -0.773116
    outer loop
      vertex 0.913738 -19.5 1.44926
      vertex 0.893504 -24.5 1.43266
      vertex 0.893504 -19.5 1.43266
    endloop
  endfacet
  facet normal 0.527988 0 -0.849252
    outer loop
      vertex 0.849999 -24.5 1.40359
      vertex 0.872228 -19.5 1.41741
      vertex 0.872228 -24.5 1.41741
    endloop
  endfacet
  facet normal 0.527988 0 -0.849252
    outer loop
      vertex 0.872228 -19.5 1.41741
      vertex 0.849999 -24.5 1.40359
      vertex 0.849999 -19.5 1.40359
    endloop
  endfacet
  facet normal 0.773114 0 -0.634267
    outer loop
      vertex 0.96734 -24.5 1.5065
      vertex 0.950735 -19.5 1.48626
      vertex 0.96734 -19.5 1.5065
    endloop
  endfacet
  facet normal 0.773114 0 -0.634267
    outer loop
      vertex 0.950735 -19.5 1.48626
      vertex 0.96734 -24.5 1.5065
      vertex 0.950735 -24.5 1.48626
    endloop
  endfacet
  facet normal 0.812736 0 -0.582633
    outer loop
      vertex 0.982588 -24.5 1.52777
      vertex 0.96734 -19.5 1.5065
      vertex 0.982588 -19.5 1.52777
    endloop
  endfacet
  facet normal 0.812736 0 -0.582633
    outer loop
      vertex 0.96734 -19.5 1.5065
      vertex 0.982588 -24.5 1.52777
      vertex 0.96734 -24.5 1.5065
    endloop
  endfacet
  facet normal 0.910954 0 -0.412508
    outer loop
      vertex 1.01955 -24.5 1.59693
      vertex 1.00875 -19.5 1.57308
      vertex 1.01955 -19.5 1.59693
    endloop
  endfacet
  facet normal 0.910954 0 -0.412508
    outer loop
      vertex 1.00875 -19.5 1.57308
      vertex 1.01955 -24.5 1.59693
      vertex 1.00875 -24.5 1.57308
    endloop
  endfacet
  facet normal 0.935873 0 -0.352338
    outer loop
      vertex 1.02877 -24.5 1.62142
      vertex 1.01955 -19.5 1.59693
      vertex 1.02877 -19.5 1.62142
    endloop
  endfacet
  facet normal 0.935873 0 -0.352338
    outer loop
      vertex 1.01955 -19.5 1.59693
      vertex 1.02877 -24.5 1.62142
      vertex 1.01955 -24.5 1.59693
    endloop
  endfacet
  facet normal 0.973906 0 -0.226952
    outer loop
      vertex 1.04231 -24.5 1.67196
      vertex 1.03637 -19.5 1.64647
      vertex 1.04231 -19.5 1.67196
    endloop
  endfacet
  facet normal 0.973906 0 -0.226952
    outer loop
      vertex 1.03637 -19.5 1.64647
      vertex 1.04231 -24.5 1.67196
      vertex 1.03637 -24.5 1.64647
    endloop
  endfacet
  facet normal -0.097689 0 -0.995217
    outer loop
      vertex 0.599999 -24.5 1.3532
      vertex 0.623838 -19.5 1.35086
      vertex 0.623838 -24.5 1.35086
    endloop
  endfacet
  facet normal -0.097689 0 -0.995217
    outer loop
      vertex 0.623838 -19.5 1.35086
      vertex 0.599999 -24.5 1.3532
      vertex 0.599999 -19.5 1.3532
    endloop
  endfacet
  facet normal 0.0328556 0 -0.99946
    outer loop
      vertex 0.65 -24.5 1.35
      vertex 0.676161 -19.5 1.35086
      vertex 0.676161 -24.5 1.35086
    endloop
  endfacet
  facet normal 0.0328556 0 -0.99946
    outer loop
      vertex 0.676161 -19.5 1.35086
      vertex 0.65 -24.5 1.35
      vertex 0.65 -19.5 1.35
    endloop
  endfacet
  facet normal 0.99946 0 -0.0328569
    outer loop
      vertex 1.05 -24.5 1.75
      vertex 1.04914 -19.5 1.72384
      vertex 1.05 -19.5 1.75
    endloop
  endfacet
  facet normal 0.99946 0 -0.0328569
    outer loop
      vertex 1.04914 -19.5 1.72384
      vertex 1.05 -24.5 1.75
      vertex 1.04914 -24.5 1.72384
    endloop
  endfacet
  facet normal 0.163123 0 -0.986606
    outer loop
      vertex 0.70221 -24.5 1.35342
      vertex 0.728036 -19.5 1.35769
      vertex 0.728036 -24.5 1.35769
    endloop
  endfacet
  facet normal 0.163123 0 -0.986606
    outer loop
      vertex 0.728036 -19.5 1.35769
      vertex 0.70221 -24.5 1.35342
      vertex 0.70221 -19.5 1.35342
    endloop
  endfacet
  facet normal 0.352237 0 -0.935911
    outer loop
      vertex 0.778575 -24.5 1.37123
      vertex 0.803073 -19.5 1.38045
      vertex 0.803073 -24.5 1.38045
    endloop
  endfacet
  facet normal 0.352237 0 -0.935911
    outer loop
      vertex 0.803073 -19.5 1.38045
      vertex 0.778575 -24.5 1.37123
      vertex 0.778575 -19.5 1.37123
    endloop
  endfacet
  facet normal 0.683738 0 -0.729728
    outer loop
      vertex 0.913738 -24.5 1.44926
      vertex 0.932842 -19.5 1.46716
      vertex 0.932842 -24.5 1.46716
    endloop
  endfacet
  facet normal 0.683738 0 -0.729728
    outer loop
      vertex 0.932842 -19.5 1.46716
      vertex 0.913738 -24.5 1.44926
      vertex 0.913738 -19.5 1.44926
    endloop
  endfacet
  facet normal 0.582574 0 -0.812777
    outer loop
      vertex 0.872228 -24.5 1.41741
      vertex 0.893504 -19.5 1.43266
      vertex 0.893504 -24.5 1.43266
    endloop
  endfacet
  facet normal 0.582574 0 -0.812777
    outer loop
      vertex 0.893504 -19.5 1.43266
      vertex 0.872228 -24.5 1.41741
      vertex 0.872228 -19.5 1.41741
    endloop
  endfacet
  facet normal -0.0328544 0 -0.99946
    outer loop
      vertex 0.623838 -24.5 1.35086
      vertex 0.65 -19.5 1.35
      vertex 0.65 -24.5 1.35
    endloop
  endfacet
  facet normal -0.0328544 0 -0.99946
    outer loop
      vertex 0.65 -19.5 1.35
      vertex 0.623838 -24.5 1.35086
      vertex 0.623838 -19.5 1.35086
    endloop
  endfacet
  facet normal 0 0.999409 0.0343833
    outer loop
      vertex 20.5 -38.95 1.75
      vertex 15.5 -38.9509 1.77616
      vertex 20.5 -38.9509 1.77616
    endloop
  endfacet
  facet normal 0 0.999409 0.0343833
    outer loop
      vertex 15.5 -38.9509 1.77616
      vertex 20.5 -38.95 1.75
      vertex 15.5 -38.95 1.75
    endloop
  endfacet
  facet normal 0 0.936125 -0.351668
    outer loop
      vertex 20.5 -38.9804 1.59693
      vertex 15.5 -38.9712 1.62142
      vertex 20.5 -38.9712 1.62142
    endloop
  endfacet
  facet normal 0 0.936125 -0.351668
    outer loop
      vertex 15.5 -38.9712 1.62142
      vertex 20.5 -38.9804 1.59693
      vertex 15.5 -38.9804 1.59693
    endloop
  endfacet
  facet normal 0 0.995427 0.0955304
    outer loop
      vertex 20.5 -38.9509 1.77616
      vertex 15.5 -38.9534 1.80221
      vertex 20.5 -38.9534 1.80221
    endloop
  endfacet
  facet normal 0 0.995427 0.0955304
    outer loop
      vertex 15.5 -38.9534 1.80221
      vertex 20.5 -38.9509 1.77616
      vertex 15.5 -38.9509 1.77616
    endloop
  endfacet
  facet normal 0 0.471183 -0.882036
    outer loop
      vertex 15.5 -39.1731 1.39125
      vertex 20.5 -39.15 1.40359
      vertex 20.5 -39.1731 1.39125
    endloop
  endfacet
  facet normal 0 0.471183 -0.882036
    outer loop
      vertex 20.5 -39.15 1.40359
      vertex 15.5 -39.1731 1.39125
      vertex 15.5 -39.15 1.40359
    endloop
  endfacet
  facet normal 0 0.880912 -0.47328
    outer loop
      vertex 20.5 -39.0036 1.55
      vertex 15.5 -38.9912 1.57308
      vertex 20.5 -38.9912 1.57308
    endloop
  endfacet
  facet normal 0 0.880912 -0.47328
    outer loop
      vertex 15.5 -38.9912 1.57308
      vertex 20.5 -39.0036 1.55
      vertex 15.5 -39.0036 1.55
    endloop
  endfacet
  facet normal 0 0.956928 -0.290325
    outer loop
      vertex 20.5 -38.9712 1.62142
      vertex 15.5 -38.9636 1.64647
      vertex 20.5 -38.9636 1.64647
    endloop
  endfacet
  facet normal 0 0.956928 -0.290325
    outer loop
      vertex 15.5 -38.9636 1.64647
      vertex 20.5 -38.9712 1.62142
      vertex 15.5 -38.9712 1.62142
    endloop
  endfacet
  facet normal 0 0.986425 -0.164213
    outer loop
      vertex 20.5 -38.9577 1.67196
      vertex 15.5 -38.9534 1.69779
      vertex 20.5 -38.9534 1.69779
    endloop
  endfacet
  facet normal 0 0.986425 -0.164213
    outer loop
      vertex 15.5 -38.9534 1.69779
      vertex 20.5 -38.9577 1.67196
      vertex 15.5 -38.9577 1.67196
    endloop
  endfacet
  facet normal 0 0.995427 -0.0955304
    outer loop
      vertex 20.5 -38.9534 1.69779
      vertex 15.5 -38.9509 1.72384
      vertex 20.5 -38.9509 1.72384
    endloop
  endfacet
  facet normal 0 0.995427 -0.0955304
    outer loop
      vertex 15.5 -38.9509 1.72384
      vertex 20.5 -38.9534 1.69779
      vertex 15.5 -38.9534 1.69779
    endloop
  endfacet
  facet normal -1 0 0
    outer loop
      vertex 15.5 -39.4 2
      vertex 15.5 -38.95 1.75
      vertex 15.5 -38.9509 1.72384
    endloop
  endfacet
  facet normal -1 0 0
    outer loop
      vertex 15.5 -39.4 2
      vertex 15.5 -38.9509 1.72384
      vertex 15.5 -38.9534 1.69779
    endloop
  endfacet
  facet normal -1 0 0
    outer loop
      vertex 15.5 -38.95 1.75
      vertex 15.5 -39.4 2
      vertex 15.5 -38.9509 1.77616
    endloop
  endfacet
  facet normal -1 0 0
    outer loop
      vertex 15.5 -39.4 2
      vertex 15.5 -38.9534 1.69779
      vertex 15.5 -38.9577 1.67196
    endloop
  endfacet
  facet normal -1 0 0
    outer loop
      vertex 15.5 -38.9509 1.77616
      vertex 15.5 -39.4 2
      vertex 15.5 -38.9534 1.80221
    endloop
  endfacet
  facet normal -1 0 0
    outer loop
      vertex 15.5 -39.4 2
      vertex 15.5 -38.9577 1.67196
      vertex 15.5 -38.9636 1.64647
    endloop
  endfacet
  facet normal -1 0 0
    outer loop
      vertex 15.5 -38.9534 1.80221
      vertex 15.5 -39.4 2
      vertex 15.5 -38.9577 1.82804
    endloop
  endfacet
  facet normal -1 0 0
    outer loop
      vertex 15.5 -39.4 2
      vertex 15.5 -38.9636 1.64647
      vertex 15.5 -38.9712 1.62142
    endloop
  endfacet
  facet normal -1 0 0
    outer loop
      vertex 15.5 -38.9577 1.82804
      vertex 15.5 -39.4 2
      vertex 15.5 -38.9636 1.85353
    endloop
  endfacet
  facet normal -1 0 0
    outer loop
      vertex 15.5 -39.4 2
      vertex 15.5 -38.9712 1.62142
      vertex 15.5 -38.9804 1.59693
    endloop
  endfacet
  facet normal -1 0 0
    outer loop
      vertex 15.5 -38.9636 1.85353
      vertex 15.5 -39.4 2
      vertex 15.5 -38.9712 1.87858
    endloop
  endfacet
  facet normal -1 0 0
    outer loop
      vertex 15.5 -39.4 2
      vertex 15.5 -38.9804 1.59693
      vertex 15.5 -38.9912 1.57308
    endloop
  endfacet
  facet normal -1 0 0
    outer loop
      vertex 15.5 -38.9712 1.87858
      vertex 15.5 -39.4 2
      vertex 15.5 -38.9804 1.90307
    endloop
  endfacet
  facet normal -1 0 0
    outer loop
      vertex 15.5 -39.4 2
      vertex 15.5 -38.9912 1.57308
      vertex 15.5 -39.0036 1.55
    endloop
  endfacet
  facet normal -1 0 0
    outer loop
      vertex 15.5 -38.9804 1.90307
      vertex 15.5 -39.4 2
      vertex 15.5 -38.9912 1.92692
    endloop
  endfacet
  facet normal -1 0 0
    outer loop
      vertex 15.5 -39.4 2
      vertex 15.5 -39.0036 1.55
      vertex 15.5 -39.0174 1.52777
    endloop
  endfacet
  facet normal -1 0 0
    outer loop
      vertex 15.5 -38.9912 1.92692
      vertex 15.5 -39.4 2
      vertex 15.5 -39.0036 1.95
    endloop
  endfacet
  facet normal -1 0 0
    outer loop
      vertex 15.5 -39.4 2
      vertex 15.5 -39.0174 1.52777
      vertex 15.5 -39.0327 1.5065
    endloop
  endfacet
  facet normal -1 0 0
    outer loop
      vertex 15.5 -39.0036 1.95
      vertex 15.5 -39.4 2
      vertex 15.5 -39.0174 1.97223
    endloop
  endfacet
  facet normal -1 0 0
    outer loop
      vertex 15.5 -39.0174 1.97223
      vertex 15.5 -39.4 2
      vertex 15.5 -39.0327 1.99351
    endloop
  endfacet
  facet normal -1 0 0
    outer loop
      vertex 15.5 -39.4 2
      vertex 15.5 -39.0327 1.5065
      vertex 15.5 -39.0493 1.48626
    endloop
  endfacet
  facet normal -1 0 0
    outer loop
      vertex 15.5 -39.4 2
      vertex 15.5 -39.0493 1.48626
      vertex 15.5 -39.0672 1.46716
    endloop
  endfacet
  facet normal -1 0 0
    outer loop
      vertex 15.5 -39.4 2
      vertex 15.5 -39.0672 1.46716
      vertex 15.5 -39.0863 1.44926
    endloop
  endfacet
  facet normal -1 0 0
    outer loop
      vertex 15.5 -39.4 2
      vertex 15.5 -39.0863 1.44926
      vertex 15.5 -39.1065 1.43266
    endloop
  endfacet
  facet normal -1 0 0
    outer loop
      vertex 15.5 -39.4 2
      vertex 15.5 -39.1065 1.43266
      vertex 15.5 -39.1278 1.41741
    endloop
  endfacet
  facet normal -1 0 0
    outer loop
      vertex 15.5 -39.4 2
      vertex 15.5 -39.1278 1.41741
      vertex 15.5 -39.15 1.40359
    endloop
  endfacet
  facet normal -1 0 0
    outer loop
      vertex 15.5 -39.4 2
      vertex 15.5 -39.15 1.40359
      vertex 15.5 -39.1731 1.39125
    endloop
  endfacet
  facet normal -1 0 0
    outer loop
      vertex 15.5 -39.4 2
      vertex 15.5 -39.1731 1.39125
      vertex 15.5 -39.1969 1.38045
    endloop
  endfacet
  facet normal -1 0 0
    outer loop
      vertex 15.5 -39.4 2
      vertex 15.5 -39.1969 1.38045
      vertex 15.5 -39.2214 1.37123
    endloop
  endfacet
  facet normal -1 0 0
    outer loop
      vertex 15.5 -39.4 2
      vertex 15.5 -39.2214 1.37123
      vertex 15.5 -39.2465 1.36363
    endloop
  endfacet
  facet normal -1 0 0
    outer loop
      vertex 15.5 -39.4 2
      vertex 15.5 -39.2465 1.36363
      vertex 15.5 -39.272 1.35769
    endloop
  endfacet
  facet normal -1 0 0
    outer loop
      vertex 15.5 -39.4 2
      vertex 15.5 -39.272 1.35769
      vertex 15.5 -39.2978 1.35342
    endloop
  endfacet
  facet normal -1 0 0
    outer loop
      vertex 15.5 -39.4 2
      vertex 15.5 -39.2978 1.35342
      vertex 15.5 -39.3238 1.35086
    endloop
  endfacet
  facet normal -1 0 0
    outer loop
      vertex 15.5 -39.4 2
      vertex 15.5 -39.3238 1.35086
      vertex 15.5 -39.35 1.35
    endloop
  endfacet
  facet normal -1 0 0
    outer loop
      vertex 15.5 -39.4 2
      vertex 15.5 -39.35 1.35
      vertex 15.5 -39.3762 1.35086
    endloop
  endfacet
  facet normal -1 0 0
    outer loop
      vertex 15.5 -39.4 2
      vertex 15.5 -39.3762 1.35086
      vertex 15.5 -39.4 1.3532
    endloop
  endfacet
  facet normal -1 0 0
    outer loop
      vertex 15.5 -39.0327 1.99351
      vertex 15.5 -39.4 2
      vertex 15.5 -39.038 2
    endloop
  endfacet
  facet normal 1 0 0
    outer loop
      vertex 20.5 -39.4 2
      vertex 20.5 -38.95 1.75
      vertex 20.5 -38.9509 1.77616
    endloop
  endfacet
  facet normal 1 0 0
    outer loop
      vertex 20.5 -39.4 2
      vertex 20.5 -38.9509 1.77616
      vertex 20.5 -38.9534 1.80221
    endloop
  endfacet
  facet normal 1 0 0
    outer loop
      vertex 20.5 -38.95 1.75
      vertex 20.5 -39.4 2
      vertex 20.5 -38.9509 1.72384
    endloop
  endfacet
  facet normal 1 0 0
    outer loop
      vertex 20.5 -39.4 2
      vertex 20.5 -38.9534 1.80221
      vertex 20.5 -38.9577 1.82804
    endloop
  endfacet
  facet normal 1 0 0
    outer loop
      vertex 20.5 -38.9509 1.72384
      vertex 20.5 -39.4 2
      vertex 20.5 -38.9534 1.69779
    endloop
  endfacet
  facet normal 1 0 0
    outer loop
      vertex 20.5 -39.4 2
      vertex 20.5 -38.9577 1.82804
      vertex 20.5 -38.9636 1.85353
    endloop
  endfacet
  facet normal 1 0 0
    outer loop
      vertex 20.5 -38.9534 1.69779
      vertex 20.5 -39.4 2
      vertex 20.5 -38.9577 1.67196
    endloop
  endfacet
  facet normal 1 0 0
    outer loop
      vertex 20.5 -39.4 2
      vertex 20.5 -38.9636 1.85353
      vertex 20.5 -38.9712 1.87858
    endloop
  endfacet
  facet normal 1 0 0
    outer loop
      vertex 20.5 -38.9577 1.67196
      vertex 20.5 -39.4 2
      vertex 20.5 -38.9636 1.64647
    endloop
  endfacet
  facet normal 1 0 0
    outer loop
      vertex 20.5 -39.4 2
      vertex 20.5 -38.9712 1.87858
      vertex 20.5 -38.9804 1.90307
    endloop
  endfacet
  facet normal 1 0 0
    outer loop
      vertex 20.5 -38.9636 1.64647
      vertex 20.5 -39.4 2
      vertex 20.5 -38.9712 1.62142
    endloop
  endfacet
  facet normal 1 0 0
    outer loop
      vertex 20.5 -39.4 2
      vertex 20.5 -38.9804 1.90307
      vertex 20.5 -38.9912 1.92692
    endloop
  endfacet
  facet normal 1 0 0
    outer loop
      vertex 20.5 -38.9712 1.62142
      vertex 20.5 -39.4 2
      vertex 20.5 -38.9804 1.59693
    endloop
  endfacet
  facet normal 1 0 0
    outer loop
      vertex 20.5 -39.4 2
      vertex 20.5 -38.9912 1.92692
      vertex 20.5 -39.0036 1.95
    endloop
  endfacet
  facet normal 1 0 0
    outer loop
      vertex 20.5 -38.9804 1.59693
      vertex 20.5 -39.4 2
      vertex 20.5 -38.9912 1.57308
    endloop
  endfacet
  facet normal 1 0 0
    outer loop
      vertex 20.5 -39.4 2
      vertex 20.5 -39.0036 1.95
      vertex 20.5 -39.0174 1.97223
    endloop
  endfacet
  facet normal 1 0 0
    outer loop
      vertex 20.5 -38.9912 1.57308
      vertex 20.5 -39.4 2
      vertex 20.5 -39.0036 1.55
    endloop
  endfacet
  facet normal 1 0 0
    outer loop
      vertex 20.5 -39.4 2
      vertex 20.5 -39.0174 1.97223
      vertex 20.5 -39.0327 1.99351
    endloop
  endfacet
  facet normal 1 0 0
    outer loop
      vertex 20.5 -39.0036 1.55
      vertex 20.5 -39.4 2
      vertex 20.5 -39.0174 1.52777
    endloop
  endfacet
  facet normal 1 -0 0
    outer loop
      vertex 20.5 -39.4 2
      vertex 20.5 -39.0327 1.99351
      vertex 20.5 -39.038 2
    endloop
  endfacet
  facet normal 1 0 0
    outer loop
      vertex 20.5 -39.0174 1.52777
      vertex 20.5 -39.4 2
      vertex 20.5 -39.0327 1.5065
    endloop
  endfacet
  facet normal 1 0 0
    outer loop
      vertex 20.5 -39.0327 1.5065
      vertex 20.5 -39.4 2
      vertex 20.5 -39.0493 1.48626
    endloop
  endfacet
  facet normal 1 0 0
    outer loop
      vertex 20.5 -39.0493 1.48626
      vertex 20.5 -39.4 2
      vertex 20.5 -39.0672 1.46716
    endloop
  endfacet
  facet normal 1 0 0
    outer loop
      vertex 20.5 -39.0672 1.46716
      vertex 20.5 -39.4 2
      vertex 20.5 -39.0863 1.44926
    endloop
  endfacet
  facet normal 1 0 0
    outer loop
      vertex 20.5 -39.0863 1.44926
      vertex 20.5 -39.4 2
      vertex 20.5 -39.1065 1.43266
    endloop
  endfacet
  facet normal 1 0 0
    outer loop
      vertex 20.5 -39.1065 1.43266
      vertex 20.5 -39.4 2
      vertex 20.5 -39.1278 1.41741
    endloop
  endfacet
  facet normal 1 0 0
    outer loop
      vertex 20.5 -39.1278 1.41741
      vertex 20.5 -39.4 2
      vertex 20.5 -39.15 1.40359
    endloop
  endfacet
  facet normal 1 0 0
    outer loop
      vertex 20.5 -39.15 1.40359
      vertex 20.5 -39.4 2
      vertex 20.5 -39.1731 1.39125
    endloop
  endfacet
  facet normal 1 0 0
    outer loop
      vertex 20.5 -39.1731 1.39125
      vertex 20.5 -39.4 2
      vertex 20.5 -39.1969 1.38045
    endloop
  endfacet
  facet normal 1 0 0
    outer loop
      vertex 20.5 -39.1969 1.38045
      vertex 20.5 -39.4 2
      vertex 20.5 -39.2214 1.37123
    endloop
  endfacet
  facet normal 1 0 0
    outer loop
      vertex 20.5 -39.2214 1.37123
      vertex 20.5 -39.4 2
      vertex 20.5 -39.2465 1.36363
    endloop
  endfacet
  facet normal 1 0 0
    outer loop
      vertex 20.5 -39.2465 1.36363
      vertex 20.5 -39.4 2
      vertex 20.5 -39.272 1.35769
    endloop
  endfacet
  facet normal 1 0 0
    outer loop
      vertex 20.5 -39.272 1.35769
      vertex 20.5 -39.4 2
      vertex 20.5 -39.2978 1.35342
    endloop
  endfacet
  facet normal 1 0 0
    outer loop
      vertex 20.5 -39.2978 1.35342
      vertex 20.5 -39.4 2
      vertex 20.5 -39.3238 1.35086
    endloop
  endfacet
  facet normal 1 0 0
    outer loop
      vertex 20.5 -39.3238 1.35086
      vertex 20.5 -39.4 2
      vertex 20.5 -39.35 1.35
    endloop
  endfacet
  facet normal 1 0 0
    outer loop
      vertex 20.5 -39.35 1.35
      vertex 20.5 -39.4 2
      vertex 20.5 -39.3762 1.35086
    endloop
  endfacet
  facet normal 1 0 0
    outer loop
      vertex 20.5 -39.3762 1.35086
      vertex 20.5 -39.4 2
      vertex 20.5 -39.4 1.3532
    endloop
  endfacet
  facet normal 0 0.986425 0.164213
    outer loop
      vertex 20.5 -38.9534 1.80221
      vertex 15.5 -38.9577 1.82804
      vertex 20.5 -38.9577 1.82804
    endloop
  endfacet
  facet normal 0 0.986425 0.164213
    outer loop
      vertex 15.5 -38.9577 1.82804
      vertex 20.5 -38.9534 1.80221
      vertex 15.5 -38.9534 1.80221
    endloop
  endfacet
  facet normal 0 0.910954 0.412508
    outer loop
      vertex 20.5 -38.9804 1.90307
      vertex 15.5 -38.9912 1.92692
      vertex 20.5 -38.9912 1.92692
    endloop
  endfacet
  facet normal 0 0.910954 0.412508
    outer loop
      vertex 15.5 -38.9912 1.92692
      vertex 20.5 -38.9804 1.90307
      vertex 15.5 -38.9804 1.90307
    endloop
  endfacet
  facet normal 0 0.956928 0.290325
    outer loop
      vertex 20.5 -38.9636 1.85353
      vertex 15.5 -38.9712 1.87858
      vertex 20.5 -38.9712 1.87858
    endloop
  endfacet
  facet normal 0 0.956928 0.290325
    outer loop
      vertex 15.5 -38.9712 1.87858
      vertex 20.5 -38.9636 1.85353
      vertex 15.5 -38.9636 1.85353
    endloop
  endfacet
  facet normal 0 0.774542 0.632523
    outer loop
      vertex 20.5 -39.0327 1.99351
      vertex 15.5 -39.038 2
      vertex 20.5 -39.038 2
    endloop
  endfacet
  facet normal 0 0.774542 0.632523
    outer loop
      vertex 15.5 -39.038 2
      vertex 20.5 -39.0327 1.99351
      vertex 15.5 -39.0327 1.99351
    endloop
  endfacet
  facet normal 0 0.811925 0.583762
    outer loop
      vertex 20.5 -39.0174 1.97223
      vertex 15.5 -39.0327 1.99351
      vertex 20.5 -39.0327 1.99351
    endloop
  endfacet
  facet normal 0 0.811925 0.583762
    outer loop
      vertex 15.5 -39.0327 1.99351
      vertex 20.5 -39.0174 1.97223
      vertex 15.5 -39.0174 1.97223
    endloop
  endfacet
  facet normal 0 0.880912 0.47328
    outer loop
      vertex 20.5 -38.9912 1.92692
      vertex 15.5 -39.0036 1.95
      vertex 20.5 -39.0036 1.95
    endloop
  endfacet
  facet normal 0 0.880912 0.47328
    outer loop
      vertex 15.5 -39.0036 1.95
      vertex 20.5 -38.9912 1.92692
      vertex 15.5 -38.9912 1.92692
    endloop
  endfacet
  facet normal 0 0.999409 -0.0343833
    outer loop
      vertex 20.5 -38.9509 1.72384
      vertex 15.5 -38.95 1.75
      vertex 20.5 -38.95 1.75
    endloop
  endfacet
  facet normal 0 0.999409 -0.0343833
    outer loop
      vertex 15.5 -38.95 1.75
      vertex 20.5 -38.9509 1.72384
      vertex 15.5 -38.9509 1.72384
    endloop
  endfacet
  facet normal 0 0.0979877 -0.995188
    outer loop
      vertex 15.5 -39.3238 1.35086
      vertex 20.5 -39.2978 1.35342
      vertex 20.5 -39.3238 1.35086
    endloop
  endfacet
  facet normal 0 0.0979877 -0.995188
    outer loop
      vertex 20.5 -39.2978 1.35342
      vertex 15.5 -39.3238 1.35086
      vertex 15.5 -39.2978 1.35342
    endloop
  endfacet
  facet normal 0 0.226867 -0.973926
    outer loop
      vertex 15.5 -39.272 1.35769
      vertex 20.5 -39.2465 1.36363
      vertex 20.5 -39.272 1.35769
    endloop
  endfacet
  facet normal 0 0.226867 -0.973926
    outer loop
      vertex 20.5 -39.2465 1.36363
      vertex 15.5 -39.272 1.35769
      vertex 15.5 -39.2465 1.36363
    endloop
  endfacet
  facet normal 0 0.413226 -0.910628
    outer loop
      vertex 15.5 -39.1969 1.38045
      vertex 20.5 -39.1731 1.39125
      vertex 20.5 -39.1969 1.38045
    endloop
  endfacet
  facet normal 0 0.413226 -0.910628
    outer loop
      vertex 20.5 -39.1731 1.39125
      vertex 15.5 -39.1969 1.38045
      vertex 15.5 -39.1731 1.39125
    endloop
  endfacet
  facet normal 0 0.289796 -0.957089
    outer loop
      vertex 15.5 -39.2465 1.36363
      vertex 20.5 -39.2214 1.37123
      vertex 20.5 -39.2465 1.36363
    endloop
  endfacet
  facet normal 0 0.289796 -0.957089
    outer loop
      vertex 20.5 -39.2214 1.37123
      vertex 15.5 -39.2465 1.36363
      vertex 15.5 -39.2214 1.37123
    endloop
  endfacet
  facet normal 0 0.634903 -0.772592
    outer loop
      vertex 15.5 -39.1065 1.43266
      vertex 20.5 -39.0863 1.44926
      vertex 20.5 -39.1065 1.43266
    endloop
  endfacet
  facet normal 0 0.634903 -0.772592
    outer loop
      vertex 20.5 -39.0863 1.44926
      vertex 15.5 -39.1065 1.43266
      vertex 15.5 -39.0863 1.44926
    endloop
  endfacet
  facet normal 0 0.729656 -0.683814
    outer loop
      vertex 20.5 -39.0672 1.46716
      vertex 15.5 -39.0493 1.48626
      vertex 20.5 -39.0493 1.48626
    endloop
  endfacet
  facet normal 0 0.729656 -0.683814
    outer loop
      vertex 15.5 -39.0493 1.48626
      vertex 20.5 -39.0672 1.46716
      vertex 15.5 -39.0672 1.46716
    endloop
  endfacet
  facet normal 0 0.528486 -0.848942
    outer loop
      vertex 15.5 -39.15 1.40359
      vertex 20.5 -39.1278 1.41741
      vertex 20.5 -39.15 1.40359
    endloop
  endfacet
  facet normal 0 0.528486 -0.848942
    outer loop
      vertex 20.5 -39.1278 1.41741
      vertex 15.5 -39.15 1.40359
      vertex 15.5 -39.1278 1.41741
    endloop
  endfacet
  facet normal 0 0.773208 -0.634153
    outer loop
      vertex 20.5 -39.0493 1.48626
      vertex 15.5 -39.0327 1.5065
      vertex 20.5 -39.0327 1.5065
    endloop
  endfacet
  facet normal 0 0.773208 -0.634153
    outer loop
      vertex 15.5 -39.0327 1.5065
      vertex 20.5 -39.0493 1.48626
      vertex 15.5 -39.0493 1.48626
    endloop
  endfacet
  facet normal 0 0.849605 -0.52742
    outer loop
      vertex 20.5 -39.0174 1.52777
      vertex 15.5 -39.0036 1.55
      vertex 20.5 -39.0036 1.55
    endloop
  endfacet
  facet normal 0 0.849605 -0.52742
    outer loop
      vertex 15.5 -39.0036 1.55
      vertex 20.5 -39.0174 1.52777
      vertex 15.5 -39.0174 1.52777
    endloop
  endfacet
  facet normal 0 0.910954 -0.412508
    outer loop
      vertex 20.5 -38.9912 1.57308
      vertex 15.5 -38.9804 1.59693
      vertex 20.5 -38.9804 1.59693
    endloop
  endfacet
  facet normal 0 0.910954 -0.412508
    outer loop
      vertex 15.5 -38.9804 1.59693
      vertex 20.5 -38.9912 1.57308
      vertex 15.5 -38.9912 1.57308
    endloop
  endfacet
  facet normal 0 0.974243 -0.225501
    outer loop
      vertex 20.5 -38.9636 1.64647
      vertex 15.5 -38.9577 1.67196
      vertex 20.5 -38.9577 1.67196
    endloop
  endfacet
  facet normal 0 0.974243 -0.225501
    outer loop
      vertex 15.5 -38.9577 1.67196
      vertex 20.5 -38.9636 1.64647
      vertex 15.5 -38.9636 1.64647
    endloop
  endfacet
  facet normal 0 -0.0978475 -0.995201
    outer loop
      vertex 15.5 -39.4 1.3532
      vertex 20.5 -39.3762 1.35086
      vertex 20.5 -39.4 1.3532
    endloop
  endfacet
  facet normal -0 -0.0978475 -0.995201
    outer loop
      vertex 20.5 -39.3762 1.35086
      vertex 15.5 -39.4 1.3532
      vertex 15.5 -39.3762 1.35086
    endloop
  endfacet
  facet normal 0 -0.0328068 -0.999462
    outer loop
      vertex 15.5 -39.3762 1.35086
      vertex 20.5 -39.35 1.35
      vertex 20.5 -39.3762 1.35086
    endloop
  endfacet
  facet normal -0 -0.0328068 -0.999462
    outer loop
      vertex 20.5 -39.35 1.35
      vertex 15.5 -39.3762 1.35086
      vertex 15.5 -39.35 1.35
    endloop
  endfacet
  facet normal 0 0.0328068 -0.999462
    outer loop
      vertex 15.5 -39.35 1.35
      vertex 20.5 -39.3238 1.35086
      vertex 20.5 -39.35 1.35
    endloop
  endfacet
  facet normal 0 0.0328068 -0.999462
    outer loop
      vertex 20.5 -39.3238 1.35086
      vertex 15.5 -39.35 1.35
      vertex 15.5 -39.3238 1.35086
    endloop
  endfacet
  facet normal 0 0.974243 0.225501
    outer loop
      vertex 20.5 -38.9577 1.82804
      vertex 15.5 -38.9636 1.85353
      vertex 20.5 -38.9636 1.85353
    endloop
  endfacet
  facet normal 0 0.974243 0.225501
    outer loop
      vertex 15.5 -38.9636 1.85353
      vertex 20.5 -38.9577 1.82804
      vertex 15.5 -38.9577 1.82804
    endloop
  endfacet
  facet normal 0 0.936125 0.351668
    outer loop
      vertex 20.5 -38.9712 1.87858
      vertex 15.5 -38.9804 1.90307
      vertex 20.5 -38.9804 1.90307
    endloop
  endfacet
  facet normal 0 0.936125 0.351668
    outer loop
      vertex 15.5 -38.9804 1.90307
      vertex 20.5 -38.9712 1.87858
      vertex 15.5 -38.9712 1.87858
    endloop
  endfacet
  facet normal 0 0.849605 0.52742
    outer loop
      vertex 20.5 -39.0036 1.95
      vertex 15.5 -39.0174 1.97223
      vertex 20.5 -39.0174 1.97223
    endloop
  endfacet
  facet normal 0 0.849605 0.52742
    outer loop
      vertex 15.5 -39.0174 1.97223
      vertex 20.5 -39.0036 1.95
      vertex 15.5 -39.0036 1.95
    endloop
  endfacet
  facet normal 0 0.163283 -0.986579
    outer loop
      vertex 15.5 -39.2978 1.35342
      vertex 20.5 -39.272 1.35769
      vertex 20.5 -39.2978 1.35342
    endloop
  endfacet
  facet normal 0 0.163283 -0.986579
    outer loop
      vertex 20.5 -39.272 1.35769
      vertex 15.5 -39.2978 1.35342
      vertex 15.5 -39.272 1.35769
    endloop
  endfacet
  facet normal 0 0.352212 -0.93592
    outer loop
      vertex 15.5 -39.2214 1.37123
      vertex 20.5 -39.1969 1.38045
      vertex 20.5 -39.2214 1.37123
    endloop
  endfacet
  facet normal 0 0.352212 -0.93592
    outer loop
      vertex 20.5 -39.1969 1.38045
      vertex 15.5 -39.2214 1.37123
      vertex 15.5 -39.1969 1.38045
    endloop
  endfacet
  facet normal 0 0.683814 -0.729656
    outer loop
      vertex 15.5 -39.0863 1.44926
      vertex 20.5 -39.0672 1.46716
      vertex 20.5 -39.0863 1.44926
    endloop
  endfacet
  facet normal 0 0.683814 -0.729656
    outer loop
      vertex 20.5 -39.0672 1.46716
      vertex 15.5 -39.0863 1.44926
      vertex 15.5 -39.0672 1.46716
    endloop
  endfacet
  facet normal 0 0.582141 -0.813088
    outer loop
      vertex 15.5 -39.1278 1.41741
      vertex 20.5 -39.1065 1.43266
      vertex 20.5 -39.1278 1.41741
    endloop
  endfacet
  facet normal 0 0.582141 -0.813088
    outer loop
      vertex 20.5 -39.1065 1.43266
      vertex 15.5 -39.1278 1.41741
      vertex 15.5 -39.1065 1.43266
    endloop
  endfacet
  facet normal 0 0.811795 -0.583943
    outer loop
      vertex 20.5 -39.0327 1.5065
      vertex 15.5 -39.0174 1.52777
      vertex 20.5 -39.0174 1.52777
    endloop
  endfacet
  facet normal 0 0.811795 -0.583943
    outer loop
      vertex 15.5 -39.0174 1.52777
      vertex 20.5 -39.0327 1.5065
      vertex 15.5 -39.0327 1.5065
    endloop
  endfacet
  facet normal -0.880912 0 -0.47328
    outer loop
      vertex 35.0036 -24.5 1.55
      vertex 34.9912 -19.5 1.57308
      vertex 35.0036 -19.5 1.55
    endloop
  endfacet
  facet normal -0.880912 -0 -0.47328
    outer loop
      vertex 34.9912 -19.5 1.57308
      vertex 35.0036 -24.5 1.55
      vertex 34.9912 -24.5 1.57308
    endloop
  endfacet
  facet normal -0.999409 0 -0.0343833
    outer loop
      vertex 34.9509 -24.5 1.72384
      vertex 34.95 -19.5 1.75
      vertex 34.9509 -19.5 1.72384
    endloop
  endfacet
  facet normal -0.999409 -0 -0.0343833
    outer loop
      vertex 34.95 -19.5 1.75
      vertex 34.9509 -24.5 1.72384
      vertex 34.95 -24.5 1.75
    endloop
  endfacet
  facet normal -0.910954 0 0.412508
    outer loop
      vertex 34.9804 -24.5 1.90307
      vertex 34.9912 -19.5 1.92692
      vertex 34.9804 -19.5 1.90307
    endloop
  endfacet
  facet normal -0.910954 0 0.412508
    outer loop
      vertex 34.9912 -19.5 1.92692
      vertex 34.9804 -24.5 1.90307
      vertex 34.9912 -24.5 1.92692
    endloop
  endfacet
  facet normal 0.0328068 0 -0.999462
    outer loop
      vertex 35.35 -24.5 1.35
      vertex 35.3762 -19.5 1.35086
      vertex 35.3762 -24.5 1.35086
    endloop
  endfacet
  facet normal 0.0328068 0 -0.999462
    outer loop
      vertex 35.3762 -19.5 1.35086
      vertex 35.35 -24.5 1.35
      vertex 35.35 -19.5 1.35
    endloop
  endfacet
  facet normal -0.986425 0 0.164213
    outer loop
      vertex 34.9534 -24.5 1.80221
      vertex 34.9577 -19.5 1.82804
      vertex 34.9534 -19.5 1.80221
    endloop
  endfacet
  facet normal -0.986425 0 0.164213
    outer loop
      vertex 34.9577 -19.5 1.82804
      vertex 34.9534 -24.5 1.80221
      vertex 34.9577 -24.5 1.82804
    endloop
  endfacet
  facet normal -0.956928 0 0.290325
    outer loop
      vertex 34.9636 -24.5 1.85353
      vertex 34.9712 -19.5 1.87858
      vertex 34.9636 -19.5 1.85353
    endloop
  endfacet
  facet normal -0.956928 0 0.290325
    outer loop
      vertex 34.9712 -19.5 1.87858
      vertex 34.9636 -24.5 1.85353
      vertex 34.9712 -24.5 1.87858
    endloop
  endfacet
  facet normal -0.999409 0 0.0343833
    outer loop
      vertex 34.95 -24.5 1.75
      vertex 34.9509 -19.5 1.77616
      vertex 34.95 -19.5 1.75
    endloop
  endfacet
  facet normal -0.999409 0 0.0343833
    outer loop
      vertex 34.9509 -19.5 1.77616
      vertex 34.95 -24.5 1.75
      vertex 34.9509 -24.5 1.77616
    endloop
  endfacet
  facet normal -0.811925 0 0.583762
    outer loop
      vertex 35.0174 -24.5 1.97223
      vertex 35.0327 -19.5 1.99351
      vertex 35.0174 -19.5 1.97223
    endloop
  endfacet
  facet normal -0.811925 0 0.583762
    outer loop
      vertex 35.0327 -19.5 1.99351
      vertex 35.0174 -24.5 1.97223
      vertex 35.0327 -24.5 1.99351
    endloop
  endfacet
  facet normal -0.880912 0 0.47328
    outer loop
      vertex 34.9912 -24.5 1.92692
      vertex 35.0036 -19.5 1.95
      vertex 34.9912 -19.5 1.92692
    endloop
  endfacet
  facet normal -0.880912 0 0.47328
    outer loop
      vertex 35.0036 -19.5 1.95
      vertex 34.9912 -24.5 1.92692
      vertex 35.0036 -24.5 1.95
    endloop
  endfacet
  facet normal -0.849605 0 0.52742
    outer loop
      vertex 35.0036 -24.5 1.95
      vertex 35.0174 -19.5 1.97223
      vertex 35.0036 -19.5 1.95
    endloop
  endfacet
  facet normal -0.849605 0 0.52742
    outer loop
      vertex 35.0174 -19.5 1.97223
      vertex 35.0036 -24.5 1.95
      vertex 35.0174 -24.5 1.97223
    endloop
  endfacet
  facet normal 0.0978475 0 -0.995201
    outer loop
      vertex 35.3762 -24.5 1.35086
      vertex 35.4 -19.5 1.3532
      vertex 35.4 -24.5 1.3532
    endloop
  endfacet
  facet normal 0.0978475 0 -0.995201
    outer loop
      vertex 35.4 -19.5 1.3532
      vertex 35.3762 -24.5 1.35086
      vertex 35.3762 -19.5 1.35086
    endloop
  endfacet
  facet normal -0.163283 0 -0.986579
    outer loop
      vertex 35.272 -24.5 1.35769
      vertex 35.2978 -19.5 1.35342
      vertex 35.2978 -24.5 1.35342
    endloop
  endfacet
  facet normal -0.163283 0 -0.986579
    outer loop
      vertex 35.2978 -19.5 1.35342
      vertex 35.272 -24.5 1.35769
      vertex 35.272 -19.5 1.35769
    endloop
  endfacet
  facet normal -0.352212 0 -0.93592
    outer loop
      vertex 35.1969 -24.5 1.38045
      vertex 35.2214 -19.5 1.37123
      vertex 35.2214 -24.5 1.37123
    endloop
  endfacet
  facet normal -0.352212 0 -0.93592
    outer loop
      vertex 35.2214 -19.5 1.37123
      vertex 35.1969 -24.5 1.38045
      vertex 35.1969 -19.5 1.38045
    endloop
  endfacet
  facet normal -0.634903 0 -0.772592
    outer loop
      vertex 35.0863 -24.5 1.44926
      vertex 35.1065 -19.5 1.43266
      vertex 35.1065 -24.5 1.43266
    endloop
  endfacet
  facet normal -0.634903 0 -0.772592
    outer loop
      vertex 35.1065 -19.5 1.43266
      vertex 35.0863 -24.5 1.44926
      vertex 35.0863 -19.5 1.44926
    endloop
  endfacet
  facet normal -0.995427 0 -0.0955304
    outer loop
      vertex 34.9534 -24.5 1.69779
      vertex 34.9509 -19.5 1.72384
      vertex 34.9534 -19.5 1.69779
    endloop
  endfacet
  facet normal -0.995427 -0 -0.0955304
    outer loop
      vertex 34.9509 -19.5 1.72384
      vertex 34.9534 -24.5 1.69779
      vertex 34.9509 -24.5 1.72384
    endloop
  endfacet
  facet normal -0.974243 0 0.225501
    outer loop
      vertex 34.9577 -24.5 1.82804
      vertex 34.9636 -19.5 1.85353
      vertex 34.9577 -19.5 1.82804
    endloop
  endfacet
  facet normal -0.974243 0 0.225501
    outer loop
      vertex 34.9636 -19.5 1.85353
      vertex 34.9577 -24.5 1.82804
      vertex 34.9636 -24.5 1.85353
    endloop
  endfacet
  facet normal -0.995427 0 0.0955304
    outer loop
      vertex 34.9509 -24.5 1.77616
      vertex 34.9534 -19.5 1.80221
      vertex 34.9509 -19.5 1.77616
    endloop
  endfacet
  facet normal -0.995427 0 0.0955304
    outer loop
      vertex 34.9534 -19.5 1.80221
      vertex 34.9509 -24.5 1.77616
      vertex 34.9534 -24.5 1.80221
    endloop
  endfacet
  facet normal 0 1 0
    outer loop
      vertex 35.4 -19.5 2
      vertex 35.0327 -19.5 1.99351
      vertex 35.038 -19.5 2
    endloop
  endfacet
  facet normal 0 1 0
    outer loop
      vertex 35.4 -19.5 2
      vertex 35.0174 -19.5 1.97223
      vertex 35.0327 -19.5 1.99351
    endloop
  endfacet
  facet normal 0 1 0
    outer loop
      vertex 35.4 -19.5 2
      vertex 35.0036 -19.5 1.95
      vertex 35.0174 -19.5 1.97223
    endloop
  endfacet
  facet normal 0 1 0
    outer loop
      vertex 35.4 -19.5 2
      vertex 34.9912 -19.5 1.92692
      vertex 35.0036 -19.5 1.95
    endloop
  endfacet
  facet normal 0 1 0
    outer loop
      vertex 35.4 -19.5 2
      vertex 34.9804 -19.5 1.90307
      vertex 34.9912 -19.5 1.92692
    endloop
  endfacet
  facet normal 0 1 0
    outer loop
      vertex 35.4 -19.5 2
      vertex 34.9712 -19.5 1.87858
      vertex 34.9804 -19.5 1.90307
    endloop
  endfacet
  facet normal 0 1 0
    outer loop
      vertex 35.4 -19.5 2
      vertex 34.9636 -19.5 1.85353
      vertex 34.9712 -19.5 1.87858
    endloop
  endfacet
  facet normal 0 1 0
    outer loop
      vertex 35.4 -19.5 2
      vertex 34.9577 -19.5 1.82804
      vertex 34.9636 -19.5 1.85353
    endloop
  endfacet
  facet normal 0 1 0
    outer loop
      vertex 35.4 -19.5 2
      vertex 34.9534 -19.5 1.80221
      vertex 34.9577 -19.5 1.82804
    endloop
  endfacet
  facet normal 0 1 0
    outer loop
      vertex 35.4 -19.5 2
      vertex 34.9509 -19.5 1.77616
      vertex 34.9534 -19.5 1.80221
    endloop
  endfacet
  facet normal 0 1 0
    outer loop
      vertex 35.4 -19.5 2
      vertex 34.95 -19.5 1.75
      vertex 34.9509 -19.5 1.77616
    endloop
  endfacet
  facet normal 0 1 0
    outer loop
      vertex 35.4 -19.5 2
      vertex 34.9509 -19.5 1.72384
      vertex 34.95 -19.5 1.75
    endloop
  endfacet
  facet normal 0 1 0
    outer loop
      vertex 35.4 -19.5 2
      vertex 34.9534 -19.5 1.69779
      vertex 34.9509 -19.5 1.72384
    endloop
  endfacet
  facet normal 0 1 0
    outer loop
      vertex 35.4 -19.5 2
      vertex 34.9577 -19.5 1.67196
      vertex 34.9534 -19.5 1.69779
    endloop
  endfacet
  facet normal 0 1 0
    outer loop
      vertex 35.4 -19.5 2
      vertex 34.9636 -19.5 1.64647
      vertex 34.9577 -19.5 1.67196
    endloop
  endfacet
  facet normal 0 1 0
    outer loop
      vertex 35.4 -19.5 2
      vertex 34.9712 -19.5 1.62142
      vertex 34.9636 -19.5 1.64647
    endloop
  endfacet
  facet normal 0 1 0
    outer loop
      vertex 35.4 -19.5 2
      vertex 34.9804 -19.5 1.59693
      vertex 34.9712 -19.5 1.62142
    endloop
  endfacet
  facet normal 0 1 0
    outer loop
      vertex 35.4 -19.5 2
      vertex 34.9912 -19.5 1.57308
      vertex 34.9804 -19.5 1.59693
    endloop
  endfacet
  facet normal 0 1 0
    outer loop
      vertex 35.4 -19.5 2
      vertex 35.0036 -19.5 1.55
      vertex 34.9912 -19.5 1.57308
    endloop
  endfacet
  facet normal 0 1 0
    outer loop
      vertex 35.4 -19.5 2
      vertex 35.0174 -19.5 1.52777
      vertex 35.0036 -19.5 1.55
    endloop
  endfacet
  facet normal 0 1 0
    outer loop
      vertex 35.4 -19.5 2
      vertex 35.0327 -19.5 1.5065
      vertex 35.0174 -19.5 1.52777
    endloop
  endfacet
  facet normal 0 1 0
    outer loop
      vertex 35.4 -19.5 2
      vertex 35.0493 -19.5 1.48626
      vertex 35.0327 -19.5 1.5065
    endloop
  endfacet
  facet normal 0 1 0
    outer loop
      vertex 35.4 -19.5 2
      vertex 35.0672 -19.5 1.46716
      vertex 35.0493 -19.5 1.48626
    endloop
  endfacet
  facet normal 0 1 0
    outer loop
      vertex 35.4 -19.5 2
      vertex 35.0863 -19.5 1.44926
      vertex 35.0672 -19.5 1.46716
    endloop
  endfacet
  facet normal 0 1 0
    outer loop
      vertex 35.4 -19.5 2
      vertex 35.1065 -19.5 1.43266
      vertex 35.0863 -19.5 1.44926
    endloop
  endfacet
  facet normal 0 1 0
    outer loop
      vertex 35.4 -19.5 2
      vertex 35.1278 -19.5 1.41741
      vertex 35.1065 -19.5 1.43266
    endloop
  endfacet
  facet normal 0 1 0
    outer loop
      vertex 35.4 -19.5 2
      vertex 35.15 -19.5 1.40359
      vertex 35.1278 -19.5 1.41741
    endloop
  endfacet
  facet normal 0 1 0
    outer loop
      vertex 35.4 -19.5 2
      vertex 35.1731 -19.5 1.39125
      vertex 35.15 -19.5 1.40359
    endloop
  endfacet
  facet normal 0 1 0
    outer loop
      vertex 35.4 -19.5 2
      vertex 35.1969 -19.5 1.38045
      vertex 35.1731 -19.5 1.39125
    endloop
  endfacet
  facet normal 0 1 0
    outer loop
      vertex 35.4 -19.5 2
      vertex 35.2214 -19.5 1.37123
      vertex 35.1969 -19.5 1.38045
    endloop
  endfacet
  facet normal 0 1 0
    outer loop
      vertex 35.4 -19.5 2
      vertex 35.2465 -19.5 1.36363
      vertex 35.2214 -19.5 1.37123
    endloop
  endfacet
  facet normal 0 1 0
    outer loop
      vertex 35.4 -19.5 2
      vertex 35.272 -19.5 1.35769
      vertex 35.2465 -19.5 1.36363
    endloop
  endfacet
  facet normal 0 1 0
    outer loop
      vertex 35.4 -19.5 2
      vertex 35.2978 -19.5 1.35342
      vertex 35.272 -19.5 1.35769
    endloop
  endfacet
  facet normal 0 1 0
    outer loop
      vertex 35.3762 -19.5 1.35086
      vertex 35.4 -19.5 2
      vertex 35.4 -19.5 1.3532
    endloop
  endfacet
  facet normal 0 1 0
    outer loop
      vertex 35.35 -19.5 1.35
      vertex 35.4 -19.5 2
      vertex 35.3762 -19.5 1.35086
    endloop
  endfacet
  facet normal 0 1 0
    outer loop
      vertex 35.4 -19.5 2
      vertex 35.3238 -19.5 1.35086
      vertex 35.2978 -19.5 1.35342
    endloop
  endfacet
  facet normal 0 1 0
    outer loop
      vertex 35.4 -19.5 2
      vertex 35.35 -19.5 1.35
      vertex 35.3238 -19.5 1.35086
    endloop
  endfacet
  facet normal -0.936125 0 0.351668
    outer loop
      vertex 34.9712 -24.5 1.87858
      vertex 34.9804 -19.5 1.90307
      vertex 34.9712 -19.5 1.87858
    endloop
  endfacet
  facet normal -0.936125 0 0.351668
    outer loop
      vertex 34.9804 -19.5 1.90307
      vertex 34.9712 -24.5 1.87858
      vertex 34.9804 -24.5 1.90307
    endloop
  endfacet
  facet normal -0.774542 0 0.632523
    outer loop
      vertex 35.0327 -24.5 1.99351
      vertex 35.038 -19.5 2
      vertex 35.0327 -19.5 1.99351
    endloop
  endfacet
  facet normal -0.774542 0 0.632523
    outer loop
      vertex 35.038 -19.5 2
      vertex 35.0327 -24.5 1.99351
      vertex 35.038 -24.5 2
    endloop
  endfacet
  facet normal -0.289796 0 -0.957089
    outer loop
      vertex 35.2214 -24.5 1.37123
      vertex 35.2465 -19.5 1.36363
      vertex 35.2465 -24.5 1.36363
    endloop
  endfacet
  facet normal -0.289796 0 -0.957089
    outer loop
      vertex 35.2465 -19.5 1.36363
      vertex 35.2214 -24.5 1.37123
      vertex 35.2214 -19.5 1.37123
    endloop
  endfacet
  facet normal -0.0979877 0 -0.995188
    outer loop
      vertex 35.2978 -24.5 1.35342
      vertex 35.3238 -19.5 1.35086
      vertex 35.3238 -24.5 1.35086
    endloop
  endfacet
  facet normal -0.0979877 0 -0.995188
    outer loop
      vertex 35.3238 -19.5 1.35086
      vertex 35.2978 -24.5 1.35342
      vertex 35.2978 -19.5 1.35342
    endloop
  endfacet
  facet normal -0.471183 0 -0.882036
    outer loop
      vertex 35.15 -24.5 1.40359
      vertex 35.1731 -19.5 1.39125
      vertex 35.1731 -24.5 1.39125
    endloop
  endfacet
  facet normal -0.471183 0 -0.882036
    outer loop
      vertex 35.1731 -19.5 1.39125
      vertex 35.15 -24.5 1.40359
      vertex 35.15 -19.5 1.40359
    endloop
  endfacet
  facet normal -0.582141 0 -0.813088
    outer loop
      vertex 35.1065 -24.5 1.43266
      vertex 35.1278 -19.5 1.41741
      vertex 35.1278 -24.5 1.41741
    endloop
  endfacet
  facet normal -0.582141 0 -0.813088
    outer loop
      vertex 35.1278 -19.5 1.41741
      vertex 35.1065 -24.5 1.43266
      vertex 35.1065 -19.5 1.43266
    endloop
  endfacet
  facet normal -0.986425 0 -0.164213
    outer loop
      vertex 34.9577 -24.5 1.67196
      vertex 34.9534 -19.5 1.69779
      vertex 34.9577 -19.5 1.67196
    endloop
  endfacet
  facet normal -0.986425 -0 -0.164213
    outer loop
      vertex 34.9534 -19.5 1.69779
      vertex 34.9577 -24.5 1.67196
      vertex 34.9534 -24.5 1.69779
    endloop
  endfacet
  facet normal -0.910954 0 -0.412508
    outer loop
      vertex 34.9912 -24.5 1.57308
      vertex 34.9804 -19.5 1.59693
      vertex 34.9912 -19.5 1.57308
    endloop
  endfacet
  facet normal -0.910954 -0 -0.412508
    outer loop
      vertex 34.9804 -19.5 1.59693
      vertex 34.9912 -24.5 1.57308
      vertex 34.9804 -24.5 1.59693
    endloop
  endfacet
  facet normal -0.956928 0 -0.290325
    outer loop
      vertex 34.9712 -24.5 1.62142
      vertex 34.9636 -19.5 1.64647
      vertex 34.9712 -19.5 1.62142
    endloop
  endfacet
  facet normal -0.956928 -0 -0.290325
    outer loop
      vertex 34.9636 -19.5 1.64647
      vertex 34.9712 -24.5 1.62142
      vertex 34.9636 -24.5 1.64647
    endloop
  endfacet
  facet normal -0.811795 0 -0.583943
    outer loop
      vertex 35.0327 -24.5 1.5065
      vertex 35.0174 -19.5 1.52777
      vertex 35.0327 -19.5 1.5065
    endloop
  endfacet
  facet normal -0.811795 -0 -0.583943
    outer loop
      vertex 35.0174 -19.5 1.52777
      vertex 35.0327 -24.5 1.5065
      vertex 35.0174 -24.5 1.52777
    endloop
  endfacet
  facet normal -0.773208 0 -0.634153
    outer loop
      vertex 35.0493 -24.5 1.48626
      vertex 35.0327 -19.5 1.5065
      vertex 35.0493 -19.5 1.48626
    endloop
  endfacet
  facet normal -0.773208 -0 -0.634153
    outer loop
      vertex 35.0327 -19.5 1.5065
      vertex 35.0493 -24.5 1.48626
      vertex 35.0327 -24.5 1.5065
    endloop
  endfacet
  facet normal -0.729656 0 -0.683814
    outer loop
      vertex 35.0672 -24.5 1.46716
      vertex 35.0493 -19.5 1.48626
      vertex 35.0672 -19.5 1.46716
    endloop
  endfacet
  facet normal -0.729656 -0 -0.683814
    outer loop
      vertex 35.0493 -19.5 1.48626
      vertex 35.0672 -24.5 1.46716
      vertex 35.0493 -24.5 1.48626
    endloop
  endfacet
  facet normal -0.683814 0 -0.729656
    outer loop
      vertex 35.0672 -24.5 1.46716
      vertex 35.0863 -19.5 1.44926
      vertex 35.0863 -24.5 1.44926
    endloop
  endfacet
  facet normal -0.683814 0 -0.729656
    outer loop
      vertex 35.0863 -19.5 1.44926
      vertex 35.0672 -24.5 1.46716
      vertex 35.0672 -19.5 1.46716
    endloop
  endfacet
  facet normal 0 -1 0
    outer loop
      vertex 35.0327 -24.5 1.99351
      vertex 35.4 -24.5 2
      vertex 35.038 -24.5 2
    endloop
  endfacet
  facet normal 0 -1 0
    outer loop
      vertex 35.0174 -24.5 1.97223
      vertex 35.4 -24.5 2
      vertex 35.0327 -24.5 1.99351
    endloop
  endfacet
  facet normal 0 -1 0
    outer loop
      vertex 35.0036 -24.5 1.95
      vertex 35.4 -24.5 2
      vertex 35.0174 -24.5 1.97223
    endloop
  endfacet
  facet normal 0 -1 0
    outer loop
      vertex 34.9912 -24.5 1.92692
      vertex 35.4 -24.5 2
      vertex 35.0036 -24.5 1.95
    endloop
  endfacet
  facet normal 0 -1 0
    outer loop
      vertex 34.9804 -24.5 1.90307
      vertex 35.4 -24.5 2
      vertex 34.9912 -24.5 1.92692
    endloop
  endfacet
  facet normal 0 -1 0
    outer loop
      vertex 34.9712 -24.5 1.87858
      vertex 35.4 -24.5 2
      vertex 34.9804 -24.5 1.90307
    endloop
  endfacet
  facet normal 0 -1 0
    outer loop
      vertex 34.9636 -24.5 1.85353
      vertex 35.4 -24.5 2
      vertex 34.9712 -24.5 1.87858
    endloop
  endfacet
  facet normal 0 -1 0
    outer loop
      vertex 34.9577 -24.5 1.82804
      vertex 35.4 -24.5 2
      vertex 34.9636 -24.5 1.85353
    endloop
  endfacet
  facet normal 0 -1 0
    outer loop
      vertex 34.9534 -24.5 1.80221
      vertex 35.4 -24.5 2
      vertex 34.9577 -24.5 1.82804
    endloop
  endfacet
  facet normal 0 -1 0
    outer loop
      vertex 34.9509 -24.5 1.77616
      vertex 35.4 -24.5 2
      vertex 34.9534 -24.5 1.80221
    endloop
  endfacet
  facet normal 0 -1 0
    outer loop
      vertex 34.95 -24.5 1.75
      vertex 35.4 -24.5 2
      vertex 34.9509 -24.5 1.77616
    endloop
  endfacet
  facet normal 0 -1 0
    outer loop
      vertex 34.9509 -24.5 1.72384
      vertex 35.4 -24.5 2
      vertex 34.95 -24.5 1.75
    endloop
  endfacet
  facet normal 0 -1 0
    outer loop
      vertex 34.9534 -24.5 1.69779
      vertex 35.4 -24.5 2
      vertex 34.9509 -24.5 1.72384
    endloop
  endfacet
  facet normal 0 -1 0
    outer loop
      vertex 34.9577 -24.5 1.67196
      vertex 35.4 -24.5 2
      vertex 34.9534 -24.5 1.69779
    endloop
  endfacet
  facet normal 0 -1 0
    outer loop
      vertex 34.9636 -24.5 1.64647
      vertex 35.4 -24.5 2
      vertex 34.9577 -24.5 1.67196
    endloop
  endfacet
  facet normal 0 -1 0
    outer loop
      vertex 34.9712 -24.5 1.62142
      vertex 35.4 -24.5 2
      vertex 34.9636 -24.5 1.64647
    endloop
  endfacet
  facet normal 0 -1 0
    outer loop
      vertex 34.9804 -24.5 1.59693
      vertex 35.4 -24.5 2
      vertex 34.9712 -24.5 1.62142
    endloop
  endfacet
  facet normal 0 -1 0
    outer loop
      vertex 34.9912 -24.5 1.57308
      vertex 35.4 -24.5 2
      vertex 34.9804 -24.5 1.59693
    endloop
  endfacet
  facet normal 0 -1 0
    outer loop
      vertex 35.0036 -24.5 1.55
      vertex 35.4 -24.5 2
      vertex 34.9912 -24.5 1.57308
    endloop
  endfacet
  facet normal 0 -1 0
    outer loop
      vertex 35.0174 -24.5 1.52777
      vertex 35.4 -24.5 2
      vertex 35.0036 -24.5 1.55
    endloop
  endfacet
  facet normal 0 -1 0
    outer loop
      vertex 35.0327 -24.5 1.5065
      vertex 35.4 -24.5 2
      vertex 35.0174 -24.5 1.52777
    endloop
  endfacet
  facet normal 0 -1 0
    outer loop
      vertex 35.0493 -24.5 1.48626
      vertex 35.4 -24.5 2
      vertex 35.0327 -24.5 1.5065
    endloop
  endfacet
  facet normal 0 -1 0
    outer loop
      vertex 35.0672 -24.5 1.46716
      vertex 35.4 -24.5 2
      vertex 35.0493 -24.5 1.48626
    endloop
  endfacet
  facet normal 0 -1 0
    outer loop
      vertex 35.0863 -24.5 1.44926
      vertex 35.4 -24.5 2
      vertex 35.0672 -24.5 1.46716
    endloop
  endfacet
  facet normal 0 -1 0
    outer loop
      vertex 35.1065 -24.5 1.43266
      vertex 35.4 -24.5 2
      vertex 35.0863 -24.5 1.44926
    endloop
  endfacet
  facet normal 0 -1 0
    outer loop
      vertex 35.1278 -24.5 1.41741
      vertex 35.4 -24.5 2
      vertex 35.1065 -24.5 1.43266
    endloop
  endfacet
  facet normal 0 -1 0
    outer loop
      vertex 35.15 -24.5 1.40359
      vertex 35.4 -24.5 2
      vertex 35.1278 -24.5 1.41741
    endloop
  endfacet
  facet normal 0 -1 0
    outer loop
      vertex 35.1731 -24.5 1.39125
      vertex 35.4 -24.5 2
      vertex 35.15 -24.5 1.40359
    endloop
  endfacet
  facet normal 0 -1 0
    outer loop
      vertex 35.1969 -24.5 1.38045
      vertex 35.4 -24.5 2
      vertex 35.1731 -24.5 1.39125
    endloop
  endfacet
  facet normal 0 -1 0
    outer loop
      vertex 35.2214 -24.5 1.37123
      vertex 35.4 -24.5 2
      vertex 35.1969 -24.5 1.38045
    endloop
  endfacet
  facet normal 0 -1 0
    outer loop
      vertex 35.2465 -24.5 1.36363
      vertex 35.4 -24.5 2
      vertex 35.2214 -24.5 1.37123
    endloop
  endfacet
  facet normal 0 -1 0
    outer loop
      vertex 35.272 -24.5 1.35769
      vertex 35.4 -24.5 2
      vertex 35.2465 -24.5 1.36363
    endloop
  endfacet
  facet normal 0 -1 0
    outer loop
      vertex 35.2978 -24.5 1.35342
      vertex 35.4 -24.5 2
      vertex 35.272 -24.5 1.35769
    endloop
  endfacet
  facet normal 0 -1 0
    outer loop
      vertex 35.3238 -24.5 1.35086
      vertex 35.4 -24.5 2
      vertex 35.2978 -24.5 1.35342
    endloop
  endfacet
  facet normal 0 -1 0
    outer loop
      vertex 35.35 -24.5 1.35
      vertex 35.4 -24.5 2
      vertex 35.3238 -24.5 1.35086
    endloop
  endfacet
  facet normal 0 -1 -0
    outer loop
      vertex 35.4 -24.5 2
      vertex 35.3762 -24.5 1.35086
      vertex 35.4 -24.5 1.3532
    endloop
  endfacet
  facet normal 0 -1 0
    outer loop
      vertex 35.4 -24.5 2
      vertex 35.35 -24.5 1.35
      vertex 35.3762 -24.5 1.35086
    endloop
  endfacet
  facet normal -0.226867 0 -0.973926
    outer loop
      vertex 35.2465 -24.5 1.36363
      vertex 35.272 -19.5 1.35769
      vertex 35.272 -24.5 1.35769
    endloop
  endfacet
  facet normal -0.226867 0 -0.973926
    outer loop
      vertex 35.272 -19.5 1.35769
      vertex 35.2465 -24.5 1.36363
      vertex 35.2465 -19.5 1.36363
    endloop
  endfacet
  facet normal -0.0328068 0 -0.999462
    outer loop
      vertex 35.3238 -24.5 1.35086
      vertex 35.35 -19.5 1.35
      vertex 35.35 -24.5 1.35
    endloop
  endfacet
  facet normal -0.0328068 0 -0.999462
    outer loop
      vertex 35.35 -19.5 1.35
      vertex 35.3238 -24.5 1.35086
      vertex 35.3238 -19.5 1.35086
    endloop
  endfacet
  facet normal -0.413226 0 -0.910628
    outer loop
      vertex 35.1731 -24.5 1.39125
      vertex 35.1969 -19.5 1.38045
      vertex 35.1969 -24.5 1.38045
    endloop
  endfacet
  facet normal -0.413226 0 -0.910628
    outer loop
      vertex 35.1969 -19.5 1.38045
      vertex 35.1731 -24.5 1.39125
      vertex 35.1731 -19.5 1.39125
    endloop
  endfacet
  facet normal -0.528486 0 -0.848942
    outer loop
      vertex 35.1278 -24.5 1.41741
      vertex 35.15 -19.5 1.40359
      vertex 35.15 -24.5 1.40359
    endloop
  endfacet
  facet normal -0.528486 0 -0.848942
    outer loop
      vertex 35.15 -19.5 1.40359
      vertex 35.1278 -24.5 1.41741
      vertex 35.1278 -19.5 1.41741
    endloop
  endfacet
  facet normal -0.974243 0 -0.225501
    outer loop
      vertex 34.9636 -24.5 1.64647
      vertex 34.9577 -19.5 1.67196
      vertex 34.9636 -19.5 1.64647
    endloop
  endfacet
  facet normal -0.974243 -0 -0.225501
    outer loop
      vertex 34.9577 -19.5 1.67196
      vertex 34.9636 -24.5 1.64647
      vertex 34.9577 -24.5 1.67196
    endloop
  endfacet
  facet normal -0.936125 0 -0.351668
    outer loop
      vertex 34.9804 -24.5 1.59693
      vertex 34.9712 -19.5 1.62142
      vertex 34.9804 -19.5 1.59693
    endloop
  endfacet
  facet normal -0.936125 -0 -0.351668
    outer loop
      vertex 34.9712 -19.5 1.62142
      vertex 34.9804 -24.5 1.59693
      vertex 34.9712 -24.5 1.62142
    endloop
  endfacet
  facet normal -0.849605 0 -0.52742
    outer loop
      vertex 35.0174 -24.5 1.52777
      vertex 35.0036 -19.5 1.55
      vertex 35.0174 -19.5 1.52777
    endloop
  endfacet
  facet normal -0.849605 -0 -0.52742
    outer loop
      vertex 35.0036 -19.5 1.55
      vertex 35.0174 -24.5 1.52777
      vertex 35.0036 -24.5 1.55
    endloop
  endfacet
  facet normal -1 0 0
    outer loop
      vertex 15.5 -40.6238 1.35086
      vertex 15.5 -40.6 2
      vertex 15.5 -40.6 1.3532
    endloop
  endfacet
  facet normal -1 0 0
    outer loop
      vertex 15.5 -40.65 1.35
      vertex 15.5 -40.6 2
      vertex 15.5 -40.6238 1.35086
    endloop
  endfacet
  facet normal -1 0 0
    outer loop
      vertex 15.5 -40.6762 1.35086
      vertex 15.5 -40.6 2
      vertex 15.5 -40.65 1.35
    endloop
  endfacet
  facet normal -1 0 0
    outer loop
      vertex 15.5 -40.7022 1.35342
      vertex 15.5 -40.6 2
      vertex 15.5 -40.6762 1.35086
    endloop
  endfacet
  facet normal -1 0 0
    outer loop
      vertex 15.5 -40.728 1.35769
      vertex 15.5 -40.6 2
      vertex 15.5 -40.7022 1.35342
    endloop
  endfacet
  facet normal -1 0 0
    outer loop
      vertex 15.5 -40.7535 1.36363
      vertex 15.5 -40.6 2
      vertex 15.5 -40.728 1.35769
    endloop
  endfacet
  facet normal -1 0 0
    outer loop
      vertex 15.5 -40.7786 1.37123
      vertex 15.5 -40.6 2
      vertex 15.5 -40.7535 1.36363
    endloop
  endfacet
  facet normal -1 0 0
    outer loop
      vertex 15.5 -40.8031 1.38045
      vertex 15.5 -40.6 2
      vertex 15.5 -40.7786 1.37123
    endloop
  endfacet
  facet normal -1 0 0
    outer loop
      vertex 15.5 -40.8269 1.39125
      vertex 15.5 -40.6 2
      vertex 15.5 -40.8031 1.38045
    endloop
  endfacet
  facet normal -1 0 0
    outer loop
      vertex 15.5 -40.85 1.40359
      vertex 15.5 -40.6 2
      vertex 15.5 -40.8269 1.39125
    endloop
  endfacet
  facet normal -1 0 0
    outer loop
      vertex 15.5 -40.8722 1.41741
      vertex 15.5 -40.6 2
      vertex 15.5 -40.85 1.40359
    endloop
  endfacet
  facet normal -1 0 0
    outer loop
      vertex 15.5 -40.8935 1.43266
      vertex 15.5 -40.6 2
      vertex 15.5 -40.8722 1.41741
    endloop
  endfacet
  facet normal -1 0 0
    outer loop
      vertex 15.5 -40.9137 1.44926
      vertex 15.5 -40.6 2
      vertex 15.5 -40.8935 1.43266
    endloop
  endfacet
  facet normal -1 0 0
    outer loop
      vertex 15.5 -40.9328 1.46716
      vertex 15.5 -40.6 2
      vertex 15.5 -40.9137 1.44926
    endloop
  endfacet
  facet normal -1 0 0
    outer loop
      vertex 15.5 -40.9507 1.48626
      vertex 15.5 -40.6 2
      vertex 15.5 -40.9328 1.46716
    endloop
  endfacet
  facet normal -1 0 0
    outer loop
      vertex 15.5 -40.9673 1.5065
      vertex 15.5 -40.6 2
      vertex 15.5 -40.9507 1.48626
    endloop
  endfacet
  facet normal -1 0 0
    outer loop
      vertex 15.5 -40.9826 1.52777
      vertex 15.5 -40.6 2
      vertex 15.5 -40.9673 1.5065
    endloop
  endfacet
  facet normal -1 0 0
    outer loop
      vertex 15.5 -40.9964 1.55
      vertex 15.5 -40.6 2
      vertex 15.5 -40.9826 1.52777
    endloop
  endfacet
  facet normal -1 -0 0
    outer loop
      vertex 15.5 -40.6 2
      vertex 15.5 -40.9826 1.97223
      vertex 15.5 -40.962 2
    endloop
  endfacet
  facet normal -1 0 0
    outer loop
      vertex 15.5 -40.962 2
      vertex 15.5 -40.9826 1.97223
      vertex 15.5 -40.9673 1.99351
    endloop
  endfacet
  facet normal -1 0 0
    outer loop
      vertex 15.5 -41.0088 1.57308
      vertex 15.5 -40.6 2
      vertex 15.5 -40.9964 1.55
    endloop
  endfacet
  facet normal -1 0 0
    outer loop
      vertex 15.5 -40.6 2
      vertex 15.5 -40.9964 1.95
      vertex 15.5 -40.9826 1.97223
    endloop
  endfacet
  facet normal -1 0 0
    outer loop
      vertex 15.5 -41.0196 1.59693
      vertex 15.5 -40.6 2
      vertex 15.5 -41.0088 1.57308
    endloop
  endfacet
  facet normal -1 0 0
    outer loop
      vertex 15.5 -40.6 2
      vertex 15.5 -41.0088 1.92692
      vertex 15.5 -40.9964 1.95
    endloop
  endfacet
  facet normal -1 0 0
    outer loop
      vertex 15.5 -41.0288 1.62142
      vertex 15.5 -40.6 2
      vertex 15.5 -41.0196 1.59693
    endloop
  endfacet
  facet normal -1 0 0
    outer loop
      vertex 15.5 -40.6 2
      vertex 15.5 -41.0196 1.90307
      vertex 15.5 -41.0088 1.92692
    endloop
  endfacet
  facet normal -1 0 0
    outer loop
      vertex 15.5 -41.0364 1.64647
      vertex 15.5 -40.6 2
      vertex 15.5 -41.0288 1.62142
    endloop
  endfacet
  facet normal -1 0 0
    outer loop
      vertex 15.5 -40.6 2
      vertex 15.5 -41.0288 1.87858
      vertex 15.5 -41.0196 1.90307
    endloop
  endfacet
  facet normal -1 0 0
    outer loop
      vertex 15.5 -41.0423 1.67196
      vertex 15.5 -40.6 2
      vertex 15.5 -41.0364 1.64647
    endloop
  endfacet
  facet normal -1 0 0
    outer loop
      vertex 15.5 -40.6 2
      vertex 15.5 -41.0364 1.85353
      vertex 15.5 -41.0288 1.87858
    endloop
  endfacet
  facet normal -1 0 0
    outer loop
      vertex 15.5 -41.0466 1.69779
      vertex 15.5 -40.6 2
      vertex 15.5 -41.0423 1.67196
    endloop
  endfacet
  facet normal -1 0 0
    outer loop
      vertex 15.5 -40.6 2
      vertex 15.5 -41.0423 1.82804
      vertex 15.5 -41.0364 1.85353
    endloop
  endfacet
  facet normal -1 0 0
    outer loop
      vertex 15.5 -41.0491 1.72384
      vertex 15.5 -40.6 2
      vertex 15.5 -41.0466 1.69779
    endloop
  endfacet
  facet normal -1 0 0
    outer loop
      vertex 15.5 -40.6 2
      vertex 15.5 -41.0466 1.80221
      vertex 15.5 -41.0423 1.82804
    endloop
  endfacet
  facet normal -1 0 0
    outer loop
      vertex 15.5 -41.05 1.75
      vertex 15.5 -40.6 2
      vertex 15.5 -41.0491 1.72384
    endloop
  endfacet
  facet normal -1 0 0
    outer loop
      vertex 15.5 -40.6 2
      vertex 15.5 -41.0491 1.77616
      vertex 15.5 -41.0466 1.80221
    endloop
  endfacet
  facet normal -1 0 0
    outer loop
      vertex 15.5 -40.6 2
      vertex 15.5 -41.05 1.75
      vertex 15.5 -41.0491 1.77616
    endloop
  endfacet
  facet normal 0 0.0328068 -0.999462
    outer loop
      vertex 15.5 -40.65 1.35
      vertex 20.5 -40.6238 1.35086
      vertex 20.5 -40.65 1.35
    endloop
  endfacet
  facet normal 0 0.0328068 -0.999462
    outer loop
      vertex 20.5 -40.6238 1.35086
      vertex 15.5 -40.65 1.35
      vertex 15.5 -40.6238 1.35086
    endloop
  endfacet
  facet normal 0 -0.528486 -0.848942
    outer loop
      vertex 15.5 -40.8722 1.41741
      vertex 20.5 -40.85 1.40359
      vertex 20.5 -40.8722 1.41741
    endloop
  endfacet
  facet normal -0 -0.528486 -0.848942
    outer loop
      vertex 20.5 -40.85 1.40359
      vertex 15.5 -40.8722 1.41741
      vertex 15.5 -40.85 1.40359
    endloop
  endfacet
  facet normal 0 -0.974243 -0.225501
    outer loop
      vertex 15.5 -41.0364 1.64647
      vertex 20.5 -41.0423 1.67196
      vertex 15.5 -41.0423 1.67196
    endloop
  endfacet
  facet normal 0 -0.974243 -0.225501
    outer loop
      vertex 20.5 -41.0423 1.67196
      vertex 15.5 -41.0364 1.64647
      vertex 20.5 -41.0364 1.64647
    endloop
  endfacet
  facet normal 0 -0.811795 -0.583943
    outer loop
      vertex 15.5 -40.9673 1.5065
      vertex 20.5 -40.9826 1.52777
      vertex 15.5 -40.9826 1.52777
    endloop
  endfacet
  facet normal 0 -0.811795 -0.583943
    outer loop
      vertex 20.5 -40.9826 1.52777
      vertex 15.5 -40.9673 1.5065
      vertex 20.5 -40.9673 1.5065
    endloop
  endfacet
  facet normal 0 -0.999409 -0.0343833
    outer loop
      vertex 15.5 -41.0491 1.72384
      vertex 20.5 -41.05 1.75
      vertex 15.5 -41.05 1.75
    endloop
  endfacet
  facet normal 0 -0.999409 -0.0343833
    outer loop
      vertex 20.5 -41.05 1.75
      vertex 15.5 -41.0491 1.72384
      vertex 20.5 -41.0491 1.72384
    endloop
  endfacet
  facet normal 0 -0.974243 0.225501
    outer loop
      vertex 15.5 -41.0423 1.82804
      vertex 20.5 -41.0364 1.85353
      vertex 15.5 -41.0364 1.85353
    endloop
  endfacet
  facet normal 0 -0.974243 0.225501
    outer loop
      vertex 20.5 -41.0364 1.85353
      vertex 15.5 -41.0423 1.82804
      vertex 20.5 -41.0423 1.82804
    endloop
  endfacet
  facet normal 0 -0.880912 0.47328
    outer loop
      vertex 15.5 -41.0088 1.92692
      vertex 20.5 -40.9964 1.95
      vertex 15.5 -40.9964 1.95
    endloop
  endfacet
  facet normal 0 -0.880912 0.47328
    outer loop
      vertex 20.5 -40.9964 1.95
      vertex 15.5 -41.0088 1.92692
      vertex 20.5 -41.0088 1.92692
    endloop
  endfacet
  facet normal 0 -0.849605 0.52742
    outer loop
      vertex 15.5 -40.9964 1.95
      vertex 20.5 -40.9826 1.97223
      vertex 15.5 -40.9826 1.97223
    endloop
  endfacet
  facet normal 0 -0.849605 0.52742
    outer loop
      vertex 20.5 -40.9826 1.97223
      vertex 15.5 -40.9964 1.95
      vertex 20.5 -40.9964 1.95
    endloop
  endfacet
  facet normal 0 0.0978475 -0.995201
    outer loop
      vertex 15.5 -40.6238 1.35086
      vertex 20.5 -40.6 1.3532
      vertex 20.5 -40.6238 1.35086
    endloop
  endfacet
  facet normal 0 0.0978475 -0.995201
    outer loop
      vertex 20.5 -40.6 1.3532
      vertex 15.5 -40.6238 1.35086
      vertex 15.5 -40.6 1.3532
    endloop
  endfacet
  facet normal 0 -0.226867 -0.973926
    outer loop
      vertex 15.5 -40.7535 1.36363
      vertex 20.5 -40.728 1.35769
      vertex 20.5 -40.7535 1.36363
    endloop
  endfacet
  facet normal -0 -0.226867 -0.973926
    outer loop
      vertex 20.5 -40.728 1.35769
      vertex 15.5 -40.7535 1.36363
      vertex 15.5 -40.728 1.35769
    endloop
  endfacet
  facet normal 0 -0.163283 -0.986579
    outer loop
      vertex 15.5 -40.728 1.35769
      vertex 20.5 -40.7022 1.35342
      vertex 20.5 -40.728 1.35769
    endloop
  endfacet
  facet normal -0 -0.163283 -0.986579
    outer loop
      vertex 20.5 -40.7022 1.35342
      vertex 15.5 -40.728 1.35769
      vertex 15.5 -40.7022 1.35342
    endloop
  endfacet
  facet normal 1 0 0
    outer loop
      vertex 20.5 -40.6 2
      vertex 20.5 -40.6238 1.35086
      vertex 20.5 -40.6 1.3532
    endloop
  endfacet
  facet normal 1 0 0
    outer loop
      vertex 20.5 -40.6 2
      vertex 20.5 -40.65 1.35
      vertex 20.5 -40.6238 1.35086
    endloop
  endfacet
  facet normal 1 0 0
    outer loop
      vertex 20.5 -40.6 2
      vertex 20.5 -40.6762 1.35086
      vertex 20.5 -40.65 1.35
    endloop
  endfacet
  facet normal 1 0 0
    outer loop
      vertex 20.5 -40.6 2
      vertex 20.5 -40.7022 1.35342
      vertex 20.5 -40.6762 1.35086
    endloop
  endfacet
  facet normal 1 0 0
    outer loop
      vertex 20.5 -40.6 2
      vertex 20.5 -40.728 1.35769
      vertex 20.5 -40.7022 1.35342
    endloop
  endfacet
  facet normal 1 0 0
    outer loop
      vertex 20.5 -40.6 2
      vertex 20.5 -40.7535 1.36363
      vertex 20.5 -40.728 1.35769
    endloop
  endfacet
  facet normal 1 0 0
    outer loop
      vertex 20.5 -40.6 2
      vertex 20.5 -40.7786 1.37123
      vertex 20.5 -40.7535 1.36363
    endloop
  endfacet
  facet normal 1 0 0
    outer loop
      vertex 20.5 -40.6 2
      vertex 20.5 -40.8031 1.38045
      vertex 20.5 -40.7786 1.37123
    endloop
  endfacet
  facet normal 1 0 0
    outer loop
      vertex 20.5 -40.6 2
      vertex 20.5 -40.8269 1.39125
      vertex 20.5 -40.8031 1.38045
    endloop
  endfacet
  facet normal 1 0 0
    outer loop
      vertex 20.5 -40.6 2
      vertex 20.5 -40.85 1.40359
      vertex 20.5 -40.8269 1.39125
    endloop
  endfacet
  facet normal 1 0 0
    outer loop
      vertex 20.5 -40.6 2
      vertex 20.5 -40.8722 1.41741
      vertex 20.5 -40.85 1.40359
    endloop
  endfacet
  facet normal 1 0 0
    outer loop
      vertex 20.5 -40.6 2
      vertex 20.5 -40.8935 1.43266
      vertex 20.5 -40.8722 1.41741
    endloop
  endfacet
  facet normal 1 0 0
    outer loop
      vertex 20.5 -40.6 2
      vertex 20.5 -40.9137 1.44926
      vertex 20.5 -40.8935 1.43266
    endloop
  endfacet
  facet normal 1 0 0
    outer loop
      vertex 20.5 -40.6 2
      vertex 20.5 -40.9328 1.46716
      vertex 20.5 -40.9137 1.44926
    endloop
  endfacet
  facet normal 1 0 0
    outer loop
      vertex 20.5 -40.6 2
      vertex 20.5 -40.9507 1.48626
      vertex 20.5 -40.9328 1.46716
    endloop
  endfacet
  facet normal 1 0 0
    outer loop
      vertex 20.5 -40.9826 1.97223
      vertex 20.5 -40.6 2
      vertex 20.5 -40.962 2
    endloop
  endfacet
  facet normal 1 0 0
    outer loop
      vertex 20.5 -40.9826 1.97223
      vertex 20.5 -40.962 2
      vertex 20.5 -40.9673 1.99351
    endloop
  endfacet
  facet normal 1 0 0
    outer loop
      vertex 20.5 -40.6 2
      vertex 20.5 -40.9673 1.5065
      vertex 20.5 -40.9507 1.48626
    endloop
  endfacet
  facet normal 1 0 0
    outer loop
      vertex 20.5 -40.9964 1.95
      vertex 20.5 -40.6 2
      vertex 20.5 -40.9826 1.97223
    endloop
  endfacet
  facet normal 1 0 0
    outer loop
      vertex 20.5 -40.6 2
      vertex 20.5 -40.9826 1.52777
      vertex 20.5 -40.9673 1.5065
    endloop
  endfacet
  facet normal 1 0 0
    outer loop
      vertex 20.5 -41.0088 1.92692
      vertex 20.5 -40.6 2
      vertex 20.5 -40.9964 1.95
    endloop
  endfacet
  facet normal 1 0 0
    outer loop
      vertex 20.5 -40.6 2
      vertex 20.5 -40.9964 1.55
      vertex 20.5 -40.9826 1.52777
    endloop
  endfacet
  facet normal 1 0 0
    outer loop
      vertex 20.5 -41.0196 1.90307
      vertex 20.5 -40.6 2
      vertex 20.5 -41.0088 1.92692
    endloop
  endfacet
  facet normal 1 0 0
    outer loop
      vertex 20.5 -40.6 2
      vertex 20.5 -41.0088 1.57308
      vertex 20.5 -40.9964 1.55
    endloop
  endfacet
  facet normal 1 0 0
    outer loop
      vertex 20.5 -41.0288 1.87858
      vertex 20.5 -40.6 2
      vertex 20.5 -41.0196 1.90307
    endloop
  endfacet
  facet normal 1 0 0
    outer loop
      vertex 20.5 -40.6 2
      vertex 20.5 -41.0196 1.59693
      vertex 20.5 -41.0088 1.57308
    endloop
  endfacet
  facet normal 1 0 0
    outer loop
      vertex 20.5 -41.0364 1.85353
      vertex 20.5 -40.6 2
      vertex 20.5 -41.0288 1.87858
    endloop
  endfacet
  facet normal 1 0 0
    outer loop
      vertex 20.5 -40.6 2
      vertex 20.5 -41.0288 1.62142
      vertex 20.5 -41.0196 1.59693
    endloop
  endfacet
  facet normal 1 0 0
    outer loop
      vertex 20.5 -41.0423 1.82804
      vertex 20.5 -40.6 2
      vertex 20.5 -41.0364 1.85353
    endloop
  endfacet
  facet normal 1 0 0
    outer loop
      vertex 20.5 -40.6 2
      vertex 20.5 -41.0364 1.64647
      vertex 20.5 -41.0288 1.62142
    endloop
  endfacet
  facet normal 1 0 0
    outer loop
      vertex 20.5 -41.0466 1.80221
      vertex 20.5 -40.6 2
      vertex 20.5 -41.0423 1.82804
    endloop
  endfacet
  facet normal 1 0 0
    outer loop
      vertex 20.5 -40.6 2
      vertex 20.5 -41.0423 1.67196
      vertex 20.5 -41.0364 1.64647
    endloop
  endfacet
  facet normal 1 0 0
    outer loop
      vertex 20.5 -41.0491 1.77616
      vertex 20.5 -40.6 2
      vertex 20.5 -41.0466 1.80221
    endloop
  endfacet
  facet normal 1 0 0
    outer loop
      vertex 20.5 -40.6 2
      vertex 20.5 -41.0466 1.69779
      vertex 20.5 -41.0423 1.67196
    endloop
  endfacet
  facet normal 1 0 0
    outer loop
      vertex 20.5 -41.05 1.75
      vertex 20.5 -40.6 2
      vertex 20.5 -41.0491 1.77616
    endloop
  endfacet
  facet normal 1 0 0
    outer loop
      vertex 20.5 -40.6 2
      vertex 20.5 -41.0491 1.72384
      vertex 20.5 -41.0466 1.69779
    endloop
  endfacet
  facet normal 1 0 0
    outer loop
      vertex 20.5 -40.6 2
      vertex 20.5 -41.05 1.75
      vertex 20.5 -41.0491 1.72384
    endloop
  endfacet
  facet normal 0 -0.352212 -0.93592
    outer loop
      vertex 15.5 -40.8031 1.38045
      vertex 20.5 -40.7786 1.37123
      vertex 20.5 -40.8031 1.38045
    endloop
  endfacet
  facet normal -0 -0.352212 -0.93592
    outer loop
      vertex 20.5 -40.7786 1.37123
      vertex 15.5 -40.8031 1.38045
      vertex 15.5 -40.7786 1.37123
    endloop
  endfacet
  facet normal 0 -0.413226 -0.910628
    outer loop
      vertex 15.5 -40.8269 1.39125
      vertex 20.5 -40.8031 1.38045
      vertex 20.5 -40.8269 1.39125
    endloop
  endfacet
  facet normal -0 -0.413226 -0.910628
    outer loop
      vertex 20.5 -40.8031 1.38045
      vertex 15.5 -40.8269 1.39125
      vertex 15.5 -40.8031 1.38045
    endloop
  endfacet
  facet normal 0 -0.634903 -0.772592
    outer loop
      vertex 15.5 -40.9137 1.44926
      vertex 20.5 -40.8935 1.43266
      vertex 20.5 -40.9137 1.44926
    endloop
  endfacet
  facet normal -0 -0.634903 -0.772592
    outer loop
      vertex 20.5 -40.8935 1.43266
      vertex 15.5 -40.9137 1.44926
      vertex 15.5 -40.8935 1.43266
    endloop
  endfacet
  facet normal 0 -0.995427 -0.0955304
    outer loop
      vertex 15.5 -41.0466 1.69779
      vertex 20.5 -41.0491 1.72384
      vertex 15.5 -41.0491 1.72384
    endloop
  endfacet
  facet normal 0 -0.995427 -0.0955304
    outer loop
      vertex 20.5 -41.0491 1.72384
      vertex 15.5 -41.0466 1.69779
      vertex 20.5 -41.0466 1.69779
    endloop
  endfacet
  facet normal 0 -0.910954 -0.412508
    outer loop
      vertex 15.5 -41.0088 1.57308
      vertex 20.5 -41.0196 1.59693
      vertex 15.5 -41.0196 1.59693
    endloop
  endfacet
  facet normal 0 -0.910954 -0.412508
    outer loop
      vertex 20.5 -41.0196 1.59693
      vertex 15.5 -41.0088 1.57308
      vertex 20.5 -41.0088 1.57308
    endloop
  endfacet
  facet normal 0 -0.683814 -0.729656
    outer loop
      vertex 15.5 -40.9328 1.46716
      vertex 20.5 -40.9137 1.44926
      vertex 20.5 -40.9328 1.46716
    endloop
  endfacet
  facet normal -0 -0.683814 -0.729656
    outer loop
      vertex 20.5 -40.9137 1.44926
      vertex 15.5 -40.9328 1.46716
      vertex 15.5 -40.9137 1.44926
    endloop
  endfacet
  facet normal 0 -0.995427 0.0955304
    outer loop
      vertex 15.5 -41.0491 1.77616
      vertex 20.5 -41.0466 1.80221
      vertex 15.5 -41.0466 1.80221
    endloop
  endfacet
  facet normal 0 -0.995427 0.0955304
    outer loop
      vertex 20.5 -41.0466 1.80221
      vertex 15.5 -41.0491 1.77616
      vertex 20.5 -41.0491 1.77616
    endloop
  endfacet
  facet normal 0 -0.956928 0.290325
    outer loop
      vertex 15.5 -41.0364 1.85353
      vertex 20.5 -41.0288 1.87858
      vertex 15.5 -41.0288 1.87858
    endloop
  endfacet
  facet normal 0 -0.956928 0.290325
    outer loop
      vertex 20.5 -41.0288 1.87858
      vertex 15.5 -41.0364 1.85353
      vertex 20.5 -41.0364 1.85353
    endloop
  endfacet
  facet normal 0 -0.986425 0.164213
    outer loop
      vertex 15.5 -41.0466 1.80221
      vertex 20.5 -41.0423 1.82804
      vertex 15.5 -41.0423 1.82804
    endloop
  endfacet
  facet normal 0 -0.986425 0.164213
    outer loop
      vertex 20.5 -41.0423 1.82804
      vertex 15.5 -41.0466 1.80221
      vertex 20.5 -41.0466 1.80221
    endloop
  endfacet
  facet normal 0 -0.999409 0.0343833
    outer loop
      vertex 15.5 -41.05 1.75
      vertex 20.5 -41.0491 1.77616
      vertex 15.5 -41.0491 1.77616
    endloop
  endfacet
  facet normal 0 -0.999409 0.0343833
    outer loop
      vertex 20.5 -41.0491 1.77616
      vertex 15.5 -41.05 1.75
      vertex 20.5 -41.05 1.75
    endloop
  endfacet
  facet normal 0 -0.936125 0.351668
    outer loop
      vertex 15.5 -41.0288 1.87858
      vertex 20.5 -41.0196 1.90307
      vertex 15.5 -41.0196 1.90307
    endloop
  endfacet
  facet normal 0 -0.936125 0.351668
    outer loop
      vertex 20.5 -41.0196 1.90307
      vertex 15.5 -41.0288 1.87858
      vertex 20.5 -41.0288 1.87858
    endloop
  endfacet
  facet normal 0 -0.774542 0.632523
    outer loop
      vertex 15.5 -40.9673 1.99351
      vertex 20.5 -40.962 2
      vertex 15.5 -40.962 2
    endloop
  endfacet
  facet normal 0 -0.774542 0.632523
    outer loop
      vertex 20.5 -40.962 2
      vertex 15.5 -40.9673 1.99351
      vertex 20.5 -40.9673 1.99351
    endloop
  endfacet
  facet normal 0 -0.811925 0.583762
    outer loop
      vertex 15.5 -40.9826 1.97223
      vertex 20.5 -40.9673 1.99351
      vertex 15.5 -40.9673 1.99351
    endloop
  endfacet
  facet normal 0 -0.811925 0.583762
    outer loop
      vertex 20.5 -40.9673 1.99351
      vertex 15.5 -40.9826 1.97223
      vertex 20.5 -40.9826 1.97223
    endloop
  endfacet
  facet normal 0 -0.289796 -0.957089
    outer loop
      vertex 15.5 -40.7786 1.37123
      vertex 20.5 -40.7535 1.36363
      vertex 20.5 -40.7786 1.37123
    endloop
  endfacet
  facet normal -0 -0.289796 -0.957089
    outer loop
      vertex 20.5 -40.7535 1.36363
      vertex 15.5 -40.7786 1.37123
      vertex 15.5 -40.7535 1.36363
    endloop
  endfacet
  facet normal 0 -0.0979877 -0.995188
    outer loop
      vertex 15.5 -40.7022 1.35342
      vertex 20.5 -40.6762 1.35086
      vertex 20.5 -40.7022 1.35342
    endloop
  endfacet
  facet normal -0 -0.0979877 -0.995188
    outer loop
      vertex 20.5 -40.6762 1.35086
      vertex 15.5 -40.7022 1.35342
      vertex 15.5 -40.6762 1.35086
    endloop
  endfacet
  facet normal 0 -0.0328068 -0.999462
    outer loop
      vertex 15.5 -40.6762 1.35086
      vertex 20.5 -40.65 1.35
      vertex 20.5 -40.6762 1.35086
    endloop
  endfacet
  facet normal -0 -0.0328068 -0.999462
    outer loop
      vertex 20.5 -40.65 1.35
      vertex 15.5 -40.6762 1.35086
      vertex 15.5 -40.65 1.35
    endloop
  endfacet
  facet normal 0 -0.471183 -0.882036
    outer loop
      vertex 15.5 -40.85 1.40359
      vertex 20.5 -40.8269 1.39125
      vertex 20.5 -40.85 1.40359
    endloop
  endfacet
  facet normal -0 -0.471183 -0.882036
    outer loop
      vertex 20.5 -40.8269 1.39125
      vertex 15.5 -40.85 1.40359
      vertex 15.5 -40.8269 1.39125
    endloop
  endfacet
  facet normal 0 -0.956928 -0.290325
    outer loop
      vertex 15.5 -41.0288 1.62142
      vertex 20.5 -41.0364 1.64647
      vertex 15.5 -41.0364 1.64647
    endloop
  endfacet
  facet normal 0 -0.956928 -0.290325
    outer loop
      vertex 20.5 -41.0364 1.64647
      vertex 15.5 -41.0288 1.62142
      vertex 20.5 -41.0288 1.62142
    endloop
  endfacet
  facet normal 0 -0.936125 -0.351668
    outer loop
      vertex 15.5 -41.0196 1.59693
      vertex 20.5 -41.0288 1.62142
      vertex 15.5 -41.0288 1.62142
    endloop
  endfacet
  facet normal 0 -0.936125 -0.351668
    outer loop
      vertex 20.5 -41.0288 1.62142
      vertex 15.5 -41.0196 1.59693
      vertex 20.5 -41.0196 1.59693
    endloop
  endfacet
  facet normal 0 -0.880912 -0.47328
    outer loop
      vertex 15.5 -40.9964 1.55
      vertex 20.5 -41.0088 1.57308
      vertex 15.5 -41.0088 1.57308
    endloop
  endfacet
  facet normal 0 -0.880912 -0.47328
    outer loop
      vertex 20.5 -41.0088 1.57308
      vertex 15.5 -40.9964 1.55
      vertex 20.5 -40.9964 1.55
    endloop
  endfacet
  facet normal 0 -0.773208 -0.634153
    outer loop
      vertex 15.5 -40.9507 1.48626
      vertex 20.5 -40.9673 1.5065
      vertex 15.5 -40.9673 1.5065
    endloop
  endfacet
  facet normal 0 -0.773208 -0.634153
    outer loop
      vertex 20.5 -40.9673 1.5065
      vertex 15.5 -40.9507 1.48626
      vertex 20.5 -40.9507 1.48626
    endloop
  endfacet
  facet normal 0 -0.729656 -0.683814
    outer loop
      vertex 15.5 -40.9328 1.46716
      vertex 20.5 -40.9507 1.48626
      vertex 15.5 -40.9507 1.48626
    endloop
  endfacet
  facet normal 0 -0.729656 -0.683814
    outer loop
      vertex 20.5 -40.9507 1.48626
      vertex 15.5 -40.9328 1.46716
      vertex 20.5 -40.9328 1.46716
    endloop
  endfacet
  facet normal 0 -0.849605 -0.52742
    outer loop
      vertex 15.5 -40.9826 1.52777
      vertex 20.5 -40.9964 1.55
      vertex 15.5 -40.9964 1.55
    endloop
  endfacet
  facet normal 0 -0.849605 -0.52742
    outer loop
      vertex 20.5 -40.9964 1.55
      vertex 15.5 -40.9826 1.52777
      vertex 20.5 -40.9826 1.52777
    endloop
  endfacet
  facet normal 0 -0.910954 0.412508
    outer loop
      vertex 15.5 -41.0196 1.90307
      vertex 20.5 -41.0088 1.92692
      vertex 15.5 -41.0088 1.92692
    endloop
  endfacet
  facet normal 0 -0.910954 0.412508
    outer loop
      vertex 20.5 -41.0088 1.92692
      vertex 15.5 -41.0196 1.90307
      vertex 20.5 -41.0196 1.90307
    endloop
  endfacet
  facet normal 0 -0.582141 -0.813088
    outer loop
      vertex 15.5 -40.8935 1.43266
      vertex 20.5 -40.8722 1.41741
      vertex 20.5 -40.8935 1.43266
    endloop
  endfacet
  facet normal -0 -0.582141 -0.813088
    outer loop
      vertex 20.5 -40.8722 1.41741
      vertex 15.5 -40.8935 1.43266
      vertex 15.5 -40.8722 1.41741
    endloop
  endfacet
  facet normal 0 -0.986425 -0.164213
    outer loop
      vertex 15.5 -41.0423 1.67196
      vertex 20.5 -41.0466 1.69779
      vertex 15.5 -41.0466 1.69779
    endloop
  endfacet
  facet normal 0 -0.986425 -0.164213
    outer loop
      vertex 20.5 -41.0466 1.69779
      vertex 15.5 -41.0423 1.67196
      vertex 20.5 -41.0423 1.67196
    endloop
  endfacet
  facet normal 0.99946 0 -0.0328569
    outer loop
      vertex 1.05 -60.5 1.75
      vertex 1.04914 -55.5 1.72384
      vertex 1.05 -55.5 1.75
    endloop
  endfacet
  facet normal 0.99946 0 -0.0328569
    outer loop
      vertex 1.04914 -55.5 1.72384
      vertex 1.05 -60.5 1.75
      vertex 1.04914 -60.5 1.72384
    endloop
  endfacet
  facet normal 0.98661 -0 0.163098
    outer loop
      vertex 1.04231 -60.5 1.82804
      vertex 1.04658 -55.5 1.80221
      vertex 1.04231 -55.5 1.82804
    endloop
  endfacet
  facet normal 0.98661 0 0.163098
    outer loop
      vertex 1.04658 -55.5 1.80221
      vertex 1.04231 -60.5 1.82804
      vertex 1.04658 -60.5 1.80221
    endloop
  endfacet
  facet normal 0 1 0
    outer loop
      vertex 0.96734 -55.5 1.99351
      vertex 0.599999 -55.5 2
      vertex 0.96201 -55.5 2
    endloop
  endfacet
  facet normal 0 1 0
    outer loop
      vertex 0.982588 -55.5 1.97223
      vertex 0.599999 -55.5 2
      vertex 0.96734 -55.5 1.99351
    endloop
  endfacet
  facet normal 0 1 0
    outer loop
      vertex 0.996409 -55.5 1.95
      vertex 0.599999 -55.5 2
      vertex 0.982588 -55.5 1.97223
    endloop
  endfacet
  facet normal 0 1 0
    outer loop
      vertex 1.00875 -55.5 1.92692
      vertex 0.599999 -55.5 2
      vertex 0.996409 -55.5 1.95
    endloop
  endfacet
  facet normal 0 1 0
    outer loop
      vertex 1.01955 -55.5 1.90307
      vertex 0.599999 -55.5 2
      vertex 1.00875 -55.5 1.92692
    endloop
  endfacet
  facet normal 0 1 0
    outer loop
      vertex 1.02877 -55.5 1.87858
      vertex 0.599999 -55.5 2
      vertex 1.01955 -55.5 1.90307
    endloop
  endfacet
  facet normal 0 1 0
    outer loop
      vertex 1.03637 -55.5 1.85353
      vertex 0.599999 -55.5 2
      vertex 1.02877 -55.5 1.87858
    endloop
  endfacet
  facet normal 0 1 0
    outer loop
      vertex 1.04231 -55.5 1.82804
      vertex 0.599999 -55.5 2
      vertex 1.03637 -55.5 1.85353
    endloop
  endfacet
  facet normal 0 1 0
    outer loop
      vertex 1.04658 -55.5 1.80221
      vertex 0.599999 -55.5 2
      vertex 1.04231 -55.5 1.82804
    endloop
  endfacet
  facet normal 0 1 0
    outer loop
      vertex 1.04914 -55.5 1.77616
      vertex 0.599999 -55.5 2
      vertex 1.04658 -55.5 1.80221
    endloop
  endfacet
  facet normal 0 1 0
    outer loop
      vertex 1.05 -55.5 1.75
      vertex 0.599999 -55.5 2
      vertex 1.04914 -55.5 1.77616
    endloop
  endfacet
  facet normal 0 1 -0
    outer loop
      vertex 1.04914 -55.5 1.72384
      vertex 0.599999 -55.5 2
      vertex 1.05 -55.5 1.75
    endloop
  endfacet
  facet normal 0 1 -0
    outer loop
      vertex 1.04658 -55.5 1.69779
      vertex 0.599999 -55.5 2
      vertex 1.04914 -55.5 1.72384
    endloop
  endfacet
  facet normal 0 1 -0
    outer loop
      vertex 1.04231 -55.5 1.67196
      vertex 0.599999 -55.5 2
      vertex 1.04658 -55.5 1.69779
    endloop
  endfacet
  facet normal 0 1 -0
    outer loop
      vertex 1.03637 -55.5 1.64647
      vertex 0.599999 -55.5 2
      vertex 1.04231 -55.5 1.67196
    endloop
  endfacet
  facet normal 0 1 -0
    outer loop
      vertex 1.02877 -55.5 1.62142
      vertex 0.599999 -55.5 2
      vertex 1.03637 -55.5 1.64647
    endloop
  endfacet
  facet normal 0 1 -0
    outer loop
      vertex 1.01955 -55.5 1.59693
      vertex 0.599999 -55.5 2
      vertex 1.02877 -55.5 1.62142
    endloop
  endfacet
  facet normal 0 1 -0
    outer loop
      vertex 1.00875 -55.5 1.57308
      vertex 0.599999 -55.5 2
      vertex 1.01955 -55.5 1.59693
    endloop
  endfacet
  facet normal 0 1 -0
    outer loop
      vertex 0.996409 -55.5 1.55
      vertex 0.599999 -55.5 2
      vertex 1.00875 -55.5 1.57308
    endloop
  endfacet
  facet normal 0 1 -0
    outer loop
      vertex 0.982588 -55.5 1.52777
      vertex 0.599999 -55.5 2
      vertex 0.996409 -55.5 1.55
    endloop
  endfacet
  facet normal 0 1 -0
    outer loop
      vertex 0.96734 -55.5 1.5065
      vertex 0.599999 -55.5 2
      vertex 0.982588 -55.5 1.52777
    endloop
  endfacet
  facet normal 0 1 -0
    outer loop
      vertex 0.950735 -55.5 1.48626
      vertex 0.599999 -55.5 2
      vertex 0.96734 -55.5 1.5065
    endloop
  endfacet
  facet normal 0 1 -0
    outer loop
      vertex 0.932842 -55.5 1.46716
      vertex 0.599999 -55.5 2
      vertex 0.950735 -55.5 1.48626
    endloop
  endfacet
  facet normal 0 1 -0
    outer loop
      vertex 0.913738 -55.5 1.44926
      vertex 0.599999 -55.5 2
      vertex 0.932842 -55.5 1.46716
    endloop
  endfacet
  facet normal 0 1 -0
    outer loop
      vertex 0.893504 -55.5 1.43266
      vertex 0.599999 -55.5 2
      vertex 0.913738 -55.5 1.44926
    endloop
  endfacet
  facet normal 0 1 -0
    outer loop
      vertex 0.872228 -55.5 1.41741
      vertex 0.599999 -55.5 2
      vertex 0.893504 -55.5 1.43266
    endloop
  endfacet
  facet normal 0 1 -0
    outer loop
      vertex 0.849999 -55.5 1.40359
      vertex 0.599999 -55.5 2
      vertex 0.872228 -55.5 1.41741
    endloop
  endfacet
  facet normal 0 1 -0
    outer loop
      vertex 0.826915 -55.5 1.39125
      vertex 0.599999 -55.5 2
      vertex 0.849999 -55.5 1.40359
    endloop
  endfacet
  facet normal 0 1 -0
    outer loop
      vertex 0.803073 -55.5 1.38045
      vertex 0.599999 -55.5 2
      vertex 0.826915 -55.5 1.39125
    endloop
  endfacet
  facet normal 0 1 -0
    outer loop
      vertex 0.778575 -55.5 1.37123
      vertex 0.599999 -55.5 2
      vertex 0.803073 -55.5 1.38045
    endloop
  endfacet
  facet normal 0 1 -0
    outer loop
      vertex 0.753527 -55.5 1.36363
      vertex 0.599999 -55.5 2
      vertex 0.778575 -55.5 1.37123
    endloop
  endfacet
  facet normal 0 1 -0
    outer loop
      vertex 0.728036 -55.5 1.35769
      vertex 0.599999 -55.5 2
      vertex 0.753527 -55.5 1.36363
    endloop
  endfacet
  facet normal 0 1 -0
    outer loop
      vertex 0.70221 -55.5 1.35342
      vertex 0.599999 -55.5 2
      vertex 0.728036 -55.5 1.35769
    endloop
  endfacet
  facet normal 0 1 -0
    outer loop
      vertex 0.676161 -55.5 1.35086
      vertex 0.599999 -55.5 2
      vertex 0.70221 -55.5 1.35342
    endloop
  endfacet
  facet normal 0 1 -0
    outer loop
      vertex 0.65 -55.5 1.35
      vertex 0.599999 -55.5 2
      vertex 0.676161 -55.5 1.35086
    endloop
  endfacet
  facet normal 0 1 0
    outer loop
      vertex 0.599999 -55.5 2
      vertex 0.623838 -55.5 1.35086
      vertex 0.599999 -55.5 1.3532
    endloop
  endfacet
  facet normal 0 1 0
    outer loop
      vertex 0.599999 -55.5 2
      vertex 0.65 -55.5 1.35
      vertex 0.623838 -55.5 1.35086
    endloop
  endfacet
  facet normal 0.290347 0 -0.956922
    outer loop
      vertex 0.753527 -60.5 1.36363
      vertex 0.778575 -55.5 1.37123
      vertex 0.778575 -60.5 1.37123
    endloop
  endfacet
  facet normal 0.290347 0 -0.956922
    outer loop
      vertex 0.778575 -55.5 1.37123
      vertex 0.753527 -60.5 1.36363
      vertex 0.753527 -55.5 1.36363
    endloop
  endfacet
  facet normal 0.72979 0 -0.683672
    outer loop
      vertex 0.950735 -60.5 1.48626
      vertex 0.932842 -55.5 1.46716
      vertex 0.950735 -55.5 1.48626
    endloop
  endfacet
  facet normal 0.72979 0 -0.683672
    outer loop
      vertex 0.932842 -55.5 1.46716
      vertex 0.950735 -60.5 1.48626
      vertex 0.932842 -60.5 1.46716
    endloop
  endfacet
  facet normal 0.0328556 0 -0.99946
    outer loop
      vertex 0.65 -60.5 1.35
      vertex 0.676161 -55.5 1.35086
      vertex 0.676161 -60.5 1.35086
    endloop
  endfacet
  facet normal 0.0328556 0 -0.99946
    outer loop
      vertex 0.676161 -55.5 1.35086
      vertex 0.65 -60.5 1.35
      vertex 0.65 -55.5 1.35
    endloop
  endfacet
  facet normal 0.995206 -0 0.0978014
    outer loop
      vertex 1.04658 -60.5 1.80221
      vertex 1.04914 -55.5 1.77616
      vertex 1.04658 -55.5 1.80221
    endloop
  endfacet
  facet normal 0.995206 0 0.0978014
    outer loop
      vertex 1.04914 -55.5 1.77616
      vertex 1.04658 -60.5 1.80221
      vertex 1.04914 -60.5 1.77616
    endloop
  endfacet
  facet normal 0.910954 -0 0.412508
    outer loop
      vertex 1.00875 -60.5 1.92692
      vertex 1.01955 -55.5 1.90307
      vertex 1.00875 -55.5 1.92692
    endloop
  endfacet
  facet normal 0.910954 0 0.412508
    outer loop
      vertex 1.01955 -55.5 1.90307
      vertex 1.00875 -60.5 1.92692
      vertex 1.01955 -60.5 1.90307
    endloop
  endfacet
  facet normal 0.935873 -0 0.352338
    outer loop
      vertex 1.01955 -60.5 1.90307
      vertex 1.02877 -55.5 1.87858
      vertex 1.01955 -55.5 1.90307
    endloop
  endfacet
  facet normal 0.935873 0 0.352338
    outer loop
      vertex 1.02877 -55.5 1.87858
      vertex 1.01955 -60.5 1.90307
      vertex 1.02877 -60.5 1.87858
    endloop
  endfacet
  facet normal 0.812865 -0 0.582452
    outer loop
      vertex 0.96734 -60.5 1.99351
      vertex 0.982588 -55.5 1.97223
      vertex 0.96734 -55.5 1.99351
    endloop
  endfacet
  facet normal 0.812865 0 0.582452
    outer loop
      vertex 0.982588 -55.5 1.97223
      vertex 0.96734 -60.5 1.99351
      vertex 0.982588 -60.5 1.97223
    endloop
  endfacet
  facet normal 0 -1 0
    outer loop
      vertex 0.599999 -60.5 2
      vertex 0.96734 -60.5 1.99351
      vertex 0.96201 -60.5 2
    endloop
  endfacet
  facet normal 0 -1 0
    outer loop
      vertex 0.599999 -60.5 2
      vertex 0.982588 -60.5 1.97223
      vertex 0.96734 -60.5 1.99351
    endloop
  endfacet
  facet normal 0 -1 0
    outer loop
      vertex 0.599999 -60.5 2
      vertex 0.996409 -60.5 1.95
      vertex 0.982588 -60.5 1.97223
    endloop
  endfacet
  facet normal 0 -1 0
    outer loop
      vertex 0.599999 -60.5 2
      vertex 1.00875 -60.5 1.92692
      vertex 0.996409 -60.5 1.95
    endloop
  endfacet
  facet normal 0 -1 0
    outer loop
      vertex 0.599999 -60.5 2
      vertex 1.01955 -60.5 1.90307
      vertex 1.00875 -60.5 1.92692
    endloop
  endfacet
  facet normal 0 -1 0
    outer loop
      vertex 0.599999 -60.5 2
      vertex 1.02877 -60.5 1.87858
      vertex 1.01955 -60.5 1.90307
    endloop
  endfacet
  facet normal 0 -1 0
    outer loop
      vertex 0.599999 -60.5 2
      vertex 1.03637 -60.5 1.85353
      vertex 1.02877 -60.5 1.87858
    endloop
  endfacet
  facet normal 0 -1 0
    outer loop
      vertex 0.599999 -60.5 2
      vertex 1.04231 -60.5 1.82804
      vertex 1.03637 -60.5 1.85353
    endloop
  endfacet
  facet normal 0 -1 0
    outer loop
      vertex 0.599999 -60.5 2
      vertex 1.04658 -60.5 1.80221
      vertex 1.04231 -60.5 1.82804
    endloop
  endfacet
  facet normal 0 -1 0
    outer loop
      vertex 0.599999 -60.5 2
      vertex 1.04914 -60.5 1.77616
      vertex 1.04658 -60.5 1.80221
    endloop
  endfacet
  facet normal 0 -1 0
    outer loop
      vertex 0.599999 -60.5 2
      vertex 1.05 -60.5 1.75
      vertex 1.04914 -60.5 1.77616
    endloop
  endfacet
  facet normal 0 -1 0
    outer loop
      vertex 0.599999 -60.5 2
      vertex 1.04914 -60.5 1.72384
      vertex 1.05 -60.5 1.75
    endloop
  endfacet
  facet normal 0 -1 0
    outer loop
      vertex 0.599999 -60.5 2
      vertex 1.04658 -60.5 1.69779
      vertex 1.04914 -60.5 1.72384
    endloop
  endfacet
  facet normal 0 -1 0
    outer loop
      vertex 0.599999 -60.5 2
      vertex 1.04231 -60.5 1.67196
      vertex 1.04658 -60.5 1.69779
    endloop
  endfacet
  facet normal 0 -1 0
    outer loop
      vertex 0.599999 -60.5 2
      vertex 1.03637 -60.5 1.64647
      vertex 1.04231 -60.5 1.67196
    endloop
  endfacet
  facet normal 0 -1 0
    outer loop
      vertex 0.599999 -60.5 2
      vertex 1.02877 -60.5 1.62142
      vertex 1.03637 -60.5 1.64647
    endloop
  endfacet
  facet normal 0 -1 0
    outer loop
      vertex 0.599999 -60.5 2
      vertex 1.01955 -60.5 1.59693
      vertex 1.02877 -60.5 1.62142
    endloop
  endfacet
  facet normal 0 -1 0
    outer loop
      vertex 0.599999 -60.5 2
      vertex 1.00875 -60.5 1.57308
      vertex 1.01955 -60.5 1.59693
    endloop
  endfacet
  facet normal 0 -1 0
    outer loop
      vertex 0.599999 -60.5 2
      vertex 0.996409 -60.5 1.55
      vertex 1.00875 -60.5 1.57308
    endloop
  endfacet
  facet normal 0 -1 0
    outer loop
      vertex 0.599999 -60.5 2
      vertex 0.982588 -60.5 1.52777
      vertex 0.996409 -60.5 1.55
    endloop
  endfacet
  facet normal 0 -1 0
    outer loop
      vertex 0.599999 -60.5 2
      vertex 0.96734 -60.5 1.5065
      vertex 0.982588 -60.5 1.52777
    endloop
  endfacet
  facet normal 0 -1 0
    outer loop
      vertex 0.599999 -60.5 2
      vertex 0.950735 -60.5 1.48626
      vertex 0.96734 -60.5 1.5065
    endloop
  endfacet
  facet normal 0 -1 0
    outer loop
      vertex 0.599999 -60.5 2
      vertex 0.932842 -60.5 1.46716
      vertex 0.950735 -60.5 1.48626
    endloop
  endfacet
  facet normal 0 -1 0
    outer loop
      vertex 0.599999 -60.5 2
      vertex 0.913738 -60.5 1.44926
      vertex 0.932842 -60.5 1.46716
    endloop
  endfacet
  facet normal 0 -1 0
    outer loop
      vertex 0.599999 -60.5 2
      vertex 0.893504 -60.5 1.43266
      vertex 0.913738 -60.5 1.44926
    endloop
  endfacet
  facet normal 0 -1 0
    outer loop
      vertex 0.599999 -60.5 2
      vertex 0.872228 -60.5 1.41741
      vertex 0.893504 -60.5 1.43266
    endloop
  endfacet
  facet normal 0 -1 0
    outer loop
      vertex 0.599999 -60.5 2
      vertex 0.849999 -60.5 1.40359
      vertex 0.872228 -60.5 1.41741
    endloop
  endfacet
  facet normal 0 -1 0
    outer loop
      vertex 0.599999 -60.5 2
      vertex 0.826915 -60.5 1.39125
      vertex 0.849999 -60.5 1.40359
    endloop
  endfacet
  facet normal 0 -1 0
    outer loop
      vertex 0.599999 -60.5 2
      vertex 0.803073 -60.5 1.38045
      vertex 0.826915 -60.5 1.39125
    endloop
  endfacet
  facet normal 0 -1 0
    outer loop
      vertex 0.599999 -60.5 2
      vertex 0.778575 -60.5 1.37123
      vertex 0.803073 -60.5 1.38045
    endloop
  endfacet
  facet normal 0 -1 0
    outer loop
      vertex 0.599999 -60.5 2
      vertex 0.753527 -60.5 1.36363
      vertex 0.778575 -60.5 1.37123
    endloop
  endfacet
  facet normal 0 -1 0
    outer loop
      vertex 0.599999 -60.5 2
      vertex 0.728036 -60.5 1.35769
      vertex 0.753527 -60.5 1.36363
    endloop
  endfacet
  facet normal 0 -1 0
    outer loop
      vertex 0.599999 -60.5 2
      vertex 0.70221 -60.5 1.35342
      vertex 0.728036 -60.5 1.35769
    endloop
  endfacet
  facet normal 0 -1 0
    outer loop
      vertex 0.623838 -60.5 1.35086
      vertex 0.599999 -60.5 2
      vertex 0.599999 -60.5 1.3532
    endloop
  endfacet
  facet normal 0 -1 0
    outer loop
      vertex 0.65 -60.5 1.35
      vertex 0.599999 -60.5 2
      vertex 0.623838 -60.5 1.35086
    endloop
  endfacet
  facet normal 0 -1 0
    outer loop
      vertex 0.599999 -60.5 2
      vertex 0.676161 -60.5 1.35086
      vertex 0.70221 -60.5 1.35342
    endloop
  endfacet
  facet normal 0 -1 0
    outer loop
      vertex 0.599999 -60.5 2
      vertex 0.65 -60.5 1.35
      vertex 0.676161 -60.5 1.35086
    endloop
  endfacet
  facet normal 0.99946 -0 0.0328569
    outer loop
      vertex 1.04914 -60.5 1.77616
      vertex 1.05 -55.5 1.75
      vertex 1.04914 -55.5 1.77616
    endloop
  endfacet
  facet normal 0.99946 0 0.0328569
    outer loop
      vertex 1.05 -55.5 1.75
      vertex 1.04914 -60.5 1.77616
      vertex 1.05 -60.5 1.75
    endloop
  endfacet
  facet normal 0.226943 0 -0.973908
    outer loop
      vertex 0.728036 -60.5 1.35769
      vertex 0.753527 -55.5 1.36363
      vertex 0.753527 -60.5 1.36363
    endloop
  endfacet
  facet normal 0.226943 0 -0.973908
    outer loop
      vertex 0.753527 -55.5 1.36363
      vertex 0.728036 -60.5 1.35769
      vertex 0.728036 -55.5 1.35769
    endloop
  endfacet
  facet normal 0.471437 0 -0.8819
    outer loop
      vertex 0.826915 -60.5 1.39125
      vertex 0.849999 -55.5 1.40359
      vertex 0.849999 -60.5 1.40359
    endloop
  endfacet
  facet normal 0.471437 0 -0.8819
    outer loop
      vertex 0.849999 -55.5 1.40359
      vertex 0.826915 -60.5 1.39125
      vertex 0.826915 -55.5 1.39125
    endloop
  endfacet
  facet normal 0.527988 0 -0.849252
    outer loop
      vertex 0.849999 -60.5 1.40359
      vertex 0.872228 -55.5 1.41741
      vertex 0.872228 -60.5 1.41741
    endloop
  endfacet
  facet normal 0.527988 0 -0.849252
    outer loop
      vertex 0.872228 -55.5 1.41741
      vertex 0.849999 -60.5 1.40359
      vertex 0.849999 -55.5 1.40359
    endloop
  endfacet
  facet normal 0.88185 -0 0.47153
    outer loop
      vertex 0.996409 -60.5 1.95
      vertex 1.00875 -55.5 1.92692
      vertex 0.996409 -55.5 1.95
    endloop
  endfacet
  facet normal 0.88185 0 0.47153
    outer loop
      vertex 1.00875 -55.5 1.92692
      vertex 0.996409 -60.5 1.95
      vertex 1.00875 -60.5 1.92692
    endloop
  endfacet
  facet normal 0.849245 -0 0.527999
    outer loop
      vertex 0.982588 -60.5 1.97223
      vertex 0.996409 -55.5 1.95
      vertex 0.982588 -55.5 1.97223
    endloop
  endfacet
  facet normal 0.849245 0 0.527999
    outer loop
      vertex 0.996409 -55.5 1.95
      vertex 0.982588 -60.5 1.97223
      vertex 0.996409 -60.5 1.95
    endloop
  endfacet
  facet normal 0.0978051 0 -0.995206
    outer loop
      vertex 0.676161 -60.5 1.35086
      vertex 0.70221 -55.5 1.35342
      vertex 0.70221 -60.5 1.35342
    endloop
  endfacet
  facet normal 0.0978051 0 -0.995206
    outer loop
      vertex 0.70221 -55.5 1.35342
      vertex 0.676161 -60.5 1.35086
      vertex 0.676161 -55.5 1.35086
    endloop
  endfacet
  facet normal 0.995206 0 -0.0978014
    outer loop
      vertex 1.04914 -60.5 1.72384
      vertex 1.04658 -55.5 1.69779
      vertex 1.04914 -55.5 1.72384
    endloop
  endfacet
  facet normal 0.995206 0 -0.0978014
    outer loop
      vertex 1.04658 -55.5 1.69779
      vertex 1.04914 -60.5 1.72384
      vertex 1.04658 -60.5 1.69779
    endloop
  endfacet
  facet normal 0.956928 0 -0.290325
    outer loop
      vertex 1.03637 -60.5 1.64647
      vertex 1.02877 -55.5 1.62142
      vertex 1.03637 -55.5 1.64647
    endloop
  endfacet
  facet normal 0.956928 0 -0.290325
    outer loop
      vertex 1.02877 -55.5 1.62142
      vertex 1.03637 -60.5 1.64647
      vertex 1.02877 -60.5 1.62142
    endloop
  endfacet
  facet normal 0.910954 0 -0.412508
    outer loop
      vertex 1.01955 -60.5 1.59693
      vertex 1.00875 -55.5 1.57308
      vertex 1.01955 -55.5 1.59693
    endloop
  endfacet
  facet normal 0.910954 0 -0.412508
    outer loop
      vertex 1.00875 -55.5 1.57308
      vertex 1.01955 -60.5 1.59693
      vertex 1.00875 -60.5 1.57308
    endloop
  endfacet
  facet normal 0.773114 0 -0.634267
    outer loop
      vertex 0.96734 -60.5 1.5065
      vertex 0.950735 -55.5 1.48626
      vertex 0.96734 -55.5 1.5065
    endloop
  endfacet
  facet normal 0.773114 0 -0.634267
    outer loop
      vertex 0.950735 -55.5 1.48626
      vertex 0.96734 -60.5 1.5065
      vertex 0.950735 -60.5 1.48626
    endloop
  endfacet
  facet normal 0.163123 0 -0.986606
    outer loop
      vertex 0.70221 -60.5 1.35342
      vertex 0.728036 -55.5 1.35769
      vertex 0.728036 -60.5 1.35769
    endloop
  endfacet
  facet normal 0.163123 0 -0.986606
    outer loop
      vertex 0.728036 -55.5 1.35769
      vertex 0.70221 -60.5 1.35342
      vertex 0.70221 -55.5 1.35342
    endloop
  endfacet
  facet normal 0.412622 0 -0.910902
    outer loop
      vertex 0.803073 -60.5 1.38045
      vertex 0.826915 -55.5 1.39125
      vertex 0.826915 -60.5 1.39125
    endloop
  endfacet
  facet normal 0.412622 0 -0.910902
    outer loop
      vertex 0.826915 -55.5 1.39125
      vertex 0.803073 -60.5 1.38045
      vertex 0.803073 -55.5 1.38045
    endloop
  endfacet
  facet normal 0.352237 0 -0.935911
    outer loop
      vertex 0.778575 -60.5 1.37123
      vertex 0.803073 -55.5 1.38045
      vertex 0.803073 -60.5 1.38045
    endloop
  endfacet
  facet normal 0.352237 0 -0.935911
    outer loop
      vertex 0.803073 -55.5 1.38045
      vertex 0.778575 -60.5 1.37123
      vertex 0.778575 -55.5 1.37123
    endloop
  endfacet
  facet normal 0.634265 0 -0.773116
    outer loop
      vertex 0.893504 -60.5 1.43266
      vertex 0.913738 -55.5 1.44926
      vertex 0.913738 -60.5 1.44926
    endloop
  endfacet
  facet normal 0.634265 0 -0.773116
    outer loop
      vertex 0.913738 -55.5 1.44926
      vertex 0.893504 -60.5 1.43266
      vertex 0.893504 -55.5 1.43266
    endloop
  endfacet
  facet normal -0.097689 0 -0.995217
    outer loop
      vertex 0.599999 -60.5 1.3532
      vertex 0.623838 -55.5 1.35086
      vertex 0.623838 -60.5 1.35086
    endloop
  endfacet
  facet normal -0.097689 0 -0.995217
    outer loop
      vertex 0.623838 -55.5 1.35086
      vertex 0.599999 -60.5 1.3532
      vertex 0.599999 -55.5 1.3532
    endloop
  endfacet
  facet normal 0.973906 -0 0.226952
    outer loop
      vertex 1.03637 -60.5 1.85353
      vertex 1.04231 -55.5 1.82804
      vertex 1.03637 -55.5 1.85353
    endloop
  endfacet
  facet normal 0.973906 0 0.226952
    outer loop
      vertex 1.04231 -55.5 1.82804
      vertex 1.03637 -60.5 1.85353
      vertex 1.04231 -60.5 1.82804
    endloop
  endfacet
  facet normal 0.956928 -0 0.290325
    outer loop
      vertex 1.02877 -60.5 1.87858
      vertex 1.03637 -55.5 1.85353
      vertex 1.02877 -55.5 1.87858
    endloop
  endfacet
  facet normal 0.956928 0 0.290325
    outer loop
      vertex 1.03637 -55.5 1.85353
      vertex 1.02877 -60.5 1.87858
      vertex 1.03637 -60.5 1.85353
    endloop
  endfacet
  facet normal 0.772789 -0 0.634663
    outer loop
      vertex 0.96201 -60.5 2
      vertex 0.96734 -55.5 1.99351
      vertex 0.96201 -55.5 2
    endloop
  endfacet
  facet normal 0.772789 0 0.634663
    outer loop
      vertex 0.96734 -55.5 1.99351
      vertex 0.96201 -60.5 2
      vertex 0.96734 -60.5 1.99351
    endloop
  endfacet
  facet normal 0.98661 0 -0.163098
    outer loop
      vertex 1.04658 -60.5 1.69779
      vertex 1.04231 -55.5 1.67196
      vertex 1.04658 -55.5 1.69779
    endloop
  endfacet
  facet normal 0.98661 0 -0.163098
    outer loop
      vertex 1.04231 -55.5 1.67196
      vertex 1.04658 -60.5 1.69779
      vertex 1.04231 -60.5 1.67196
    endloop
  endfacet
  facet normal 0.973906 0 -0.226952
    outer loop
      vertex 1.04231 -60.5 1.67196
      vertex 1.03637 -55.5 1.64647
      vertex 1.04231 -55.5 1.67196
    endloop
  endfacet
  facet normal 0.973906 0 -0.226952
    outer loop
      vertex 1.03637 -55.5 1.64647
      vertex 1.04231 -60.5 1.67196
      vertex 1.03637 -60.5 1.64647
    endloop
  endfacet
  facet normal 0.812736 0 -0.582633
    outer loop
      vertex 0.982588 -60.5 1.52777
      vertex 0.96734 -55.5 1.5065
      vertex 0.982588 -55.5 1.52777
    endloop
  endfacet
  facet normal 0.812736 0 -0.582633
    outer loop
      vertex 0.96734 -55.5 1.5065
      vertex 0.982588 -60.5 1.52777
      vertex 0.96734 -60.5 1.5065
    endloop
  endfacet
  facet normal 0.935873 0 -0.352338
    outer loop
      vertex 1.02877 -60.5 1.62142
      vertex 1.01955 -55.5 1.59693
      vertex 1.02877 -55.5 1.62142
    endloop
  endfacet
  facet normal 0.935873 0 -0.352338
    outer loop
      vertex 1.01955 -55.5 1.59693
      vertex 1.02877 -60.5 1.62142
      vertex 1.01955 -60.5 1.59693
    endloop
  endfacet
  facet normal 0.88185 0 -0.47153
    outer loop
      vertex 1.00875 -60.5 1.57308
      vertex 0.996409 -55.5 1.55
      vertex 1.00875 -55.5 1.57308
    endloop
  endfacet
  facet normal 0.88185 0 -0.47153
    outer loop
      vertex 0.996409 -55.5 1.55
      vertex 1.00875 -60.5 1.57308
      vertex 0.996409 -60.5 1.55
    endloop
  endfacet
  facet normal 0.683738 0 -0.729728
    outer loop
      vertex 0.913738 -60.5 1.44926
      vertex 0.932842 -55.5 1.46716
      vertex 0.932842 -60.5 1.46716
    endloop
  endfacet
  facet normal 0.683738 0 -0.729728
    outer loop
      vertex 0.932842 -55.5 1.46716
      vertex 0.913738 -60.5 1.44926
      vertex 0.913738 -55.5 1.44926
    endloop
  endfacet
  facet normal 0.582574 0 -0.812777
    outer loop
      vertex 0.872228 -60.5 1.41741
      vertex 0.893504 -55.5 1.43266
      vertex 0.893504 -60.5 1.43266
    endloop
  endfacet
  facet normal 0.582574 0 -0.812777
    outer loop
      vertex 0.893504 -55.5 1.43266
      vertex 0.872228 -60.5 1.41741
      vertex 0.872228 -55.5 1.41741
    endloop
  endfacet
  facet normal -0.0328544 0 -0.99946
    outer loop
      vertex 0.623838 -60.5 1.35086
      vertex 0.65 -55.5 1.35
      vertex 0.65 -60.5 1.35
    endloop
  endfacet
  facet normal -0.0328544 0 -0.99946
    outer loop
      vertex 0.65 -55.5 1.35
      vertex 0.623838 -60.5 1.35086
      vertex 0.623838 -55.5 1.35086
    endloop
  endfacet
  facet normal 0.849245 0 -0.527999
    outer loop
      vertex 0.996409 -60.5 1.55
      vertex 0.982588 -55.5 1.52777
      vertex 0.996409 -55.5 1.55
    endloop
  endfacet
  facet normal 0.849245 0 -0.527999
    outer loop
      vertex 0.982588 -55.5 1.52777
      vertex 0.996409 -60.5 1.55
      vertex 0.982588 -60.5 1.52777
    endloop
  endfacet
  facet normal 0 0.880912 0.47328
    outer loop
      vertex 20.5 -74.9912 1.92692
      vertex 15.5 -75.0036 1.95
      vertex 20.5 -75.0036 1.95
    endloop
  endfacet
  facet normal 0 0.880912 0.47328
    outer loop
      vertex 15.5 -75.0036 1.95
      vertex 20.5 -74.9912 1.92692
      vertex 15.5 -74.9912 1.92692
    endloop
  endfacet
  facet normal 0 0.999409 -0.0343833
    outer loop
      vertex 20.5 -74.9509 1.72384
      vertex 15.5 -74.95 1.75
      vertex 20.5 -74.95 1.75
    endloop
  endfacet
  facet normal 0 0.999409 -0.0343833
    outer loop
      vertex 15.5 -74.95 1.75
      vertex 20.5 -74.9509 1.72384
      vertex 15.5 -74.9509 1.72384
    endloop
  endfacet
  facet normal 0 0.936125 0.351668
    outer loop
      vertex 20.5 -74.9712 1.87858
      vertex 15.5 -74.9804 1.90307
      vertex 20.5 -74.9804 1.90307
    endloop
  endfacet
  facet normal 0 0.936125 0.351668
    outer loop
      vertex 15.5 -74.9804 1.90307
      vertex 20.5 -74.9712 1.87858
      vertex 15.5 -74.9712 1.87858
    endloop
  endfacet
  facet normal 1 0 0
    outer loop
      vertex 20.5 -75.4 2
      vertex 20.5 -74.95 1.75
      vertex 20.5 -74.9509 1.77616
    endloop
  endfacet
  facet normal 1 0 0
    outer loop
      vertex 20.5 -75.4 2
      vertex 20.5 -74.9509 1.77616
      vertex 20.5 -74.9534 1.80221
    endloop
  endfacet
  facet normal 1 0 0
    outer loop
      vertex 20.5 -74.95 1.75
      vertex 20.5 -75.4 2
      vertex 20.5 -74.9509 1.72384
    endloop
  endfacet
  facet normal 1 0 0
    outer loop
      vertex 20.5 -75.4 2
      vertex 20.5 -74.9534 1.80221
      vertex 20.5 -74.9577 1.82804
    endloop
  endfacet
  facet normal 1 0 0
    outer loop
      vertex 20.5 -74.9509 1.72384
      vertex 20.5 -75.4 2
      vertex 20.5 -74.9534 1.69779
    endloop
  endfacet
  facet normal 1 0 0
    outer loop
      vertex 20.5 -75.4 2
      vertex 20.5 -74.9577 1.82804
      vertex 20.5 -74.9636 1.85353
    endloop
  endfacet
  facet normal 1 0 0
    outer loop
      vertex 20.5 -74.9534 1.69779
      vertex 20.5 -75.4 2
      vertex 20.5 -74.9577 1.67196
    endloop
  endfacet
  facet normal 1 0 0
    outer loop
      vertex 20.5 -75.4 2
      vertex 20.5 -74.9636 1.85353
      vertex 20.5 -74.9712 1.87858
    endloop
  endfacet
  facet normal 1 0 0
    outer loop
      vertex 20.5 -74.9577 1.67196
      vertex 20.5 -75.4 2
      vertex 20.5 -74.9636 1.64647
    endloop
  endfacet
  facet normal 1 0 0
    outer loop
      vertex 20.5 -75.4 2
      vertex 20.5 -74.9712 1.87858
      vertex 20.5 -74.9804 1.90307
    endloop
  endfacet
  facet normal 1 0 0
    outer loop
      vertex 20.5 -74.9636 1.64647
      vertex 20.5 -75.4 2
      vertex 20.5 -74.9712 1.62142
    endloop
  endfacet
  facet normal 1 0 0
    outer loop
      vertex 20.5 -75.4 2
      vertex 20.5 -74.9804 1.90307
      vertex 20.5 -74.9912 1.92692
    endloop
  endfacet
  facet normal 1 0 0
    outer loop
      vertex 20.5 -74.9712 1.62142
      vertex 20.5 -75.4 2
      vertex 20.5 -74.9804 1.59693
    endloop
  endfacet
  facet normal 1 0 0
    outer loop
      vertex 20.5 -75.4 2
      vertex 20.5 -74.9912 1.92692
      vertex 20.5 -75.0036 1.95
    endloop
  endfacet
  facet normal 1 0 0
    outer loop
      vertex 20.5 -74.9804 1.59693
      vertex 20.5 -75.4 2
      vertex 20.5 -74.9912 1.57308
    endloop
  endfacet
  facet normal 1 0 0
    outer loop
      vertex 20.5 -75.4 2
      vertex 20.5 -75.0036 1.95
      vertex 20.5 -75.0174 1.97223
    endloop
  endfacet
  facet normal 1 0 0
    outer loop
      vertex 20.5 -74.9912 1.57308
      vertex 20.5 -75.4 2
      vertex 20.5 -75.0036 1.55
    endloop
  endfacet
  facet normal 1 0 0
    outer loop
      vertex 20.5 -75.4 2
      vertex 20.5 -75.0174 1.97223
      vertex 20.5 -75.0327 1.99351
    endloop
  endfacet
  facet normal 1 0 0
    outer loop
      vertex 20.5 -75.0036 1.55
      vertex 20.5 -75.4 2
      vertex 20.5 -75.0174 1.52777
    endloop
  endfacet
  facet normal 1 -0 0
    outer loop
      vertex 20.5 -75.4 2
      vertex 20.5 -75.0327 1.99351
      vertex 20.5 -75.038 2
    endloop
  endfacet
  facet normal 1 0 0
    outer loop
      vertex 20.5 -75.0174 1.52777
      vertex 20.5 -75.4 2
      vertex 20.5 -75.0327 1.5065
    endloop
  endfacet
  facet normal 1 0 0
    outer loop
      vertex 20.5 -75.0327 1.5065
      vertex 20.5 -75.4 2
      vertex 20.5 -75.0493 1.48626
    endloop
  endfacet
  facet normal 1 0 0
    outer loop
      vertex 20.5 -75.0493 1.48626
      vertex 20.5 -75.4 2
      vertex 20.5 -75.0672 1.46716
    endloop
  endfacet
  facet normal 1 0 0
    outer loop
      vertex 20.5 -75.0672 1.46716
      vertex 20.5 -75.4 2
      vertex 20.5 -75.0863 1.44926
    endloop
  endfacet
  facet normal 1 0 0
    outer loop
      vertex 20.5 -75.0863 1.44926
      vertex 20.5 -75.4 2
      vertex 20.5 -75.1065 1.43266
    endloop
  endfacet
  facet normal 1 0 0
    outer loop
      vertex 20.5 -75.1065 1.43266
      vertex 20.5 -75.4 2
      vertex 20.5 -75.1278 1.41741
    endloop
  endfacet
  facet normal 1 0 0
    outer loop
      vertex 20.5 -75.1278 1.41741
      vertex 20.5 -75.4 2
      vertex 20.5 -75.15 1.40359
    endloop
  endfacet
  facet normal 1 0 0
    outer loop
      vertex 20.5 -75.15 1.40359
      vertex 20.5 -75.4 2
      vertex 20.5 -75.1731 1.39125
    endloop
  endfacet
  facet normal 1 0 0
    outer loop
      vertex 20.5 -75.1731 1.39125
      vertex 20.5 -75.4 2
      vertex 20.5 -75.1969 1.38045
    endloop
  endfacet
  facet normal 1 0 0
    outer loop
      vertex 20.5 -75.1969 1.38045
      vertex 20.5 -75.4 2
      vertex 20.5 -75.2214 1.37123
    endloop
  endfacet
  facet normal 1 0 0
    outer loop
      vertex 20.5 -75.2214 1.37123
      vertex 20.5 -75.4 2
      vertex 20.5 -75.2465 1.36363
    endloop
  endfacet
  facet normal 1 0 0
    outer loop
      vertex 20.5 -75.2465 1.36363
      vertex 20.5 -75.4 2
      vertex 20.5 -75.272 1.35769
    endloop
  endfacet
  facet normal 1 0 0
    outer loop
      vertex 20.5 -75.272 1.35769
      vertex 20.5 -75.4 2
      vertex 20.5 -75.2978 1.35342
    endloop
  endfacet
  facet normal 1 0 0
    outer loop
      vertex 20.5 -75.2978 1.35342
      vertex 20.5 -75.4 2
      vertex 20.5 -75.3238 1.35086
    endloop
  endfacet
  facet normal 1 0 0
    outer loop
      vertex 20.5 -75.3238 1.35086
      vertex 20.5 -75.4 2
      vertex 20.5 -75.35 1.35
    endloop
  endfacet
  facet normal 1 0 0
    outer loop
      vertex 20.5 -75.35 1.35
      vertex 20.5 -75.4 2
      vertex 20.5 -75.3762 1.35086
    endloop
  endfacet
  facet normal 1 0 0
    outer loop
      vertex 20.5 -75.3762 1.35086
      vertex 20.5 -75.4 2
      vertex 20.5 -75.4 1.3532
    endloop
  endfacet
  facet normal 0 0.995427 0.0955304
    outer loop
      vertex 20.5 -74.9509 1.77616
      vertex 15.5 -74.9534 1.80221
      vertex 20.5 -74.9534 1.80221
    endloop
  endfacet
  facet normal 0 0.995427 0.0955304
    outer loop
      vertex 15.5 -74.9534 1.80221
      vertex 20.5 -74.9509 1.77616
      vertex 15.5 -74.9509 1.77616
    endloop
  endfacet
  facet normal 0 0.999409 0.0343833
    outer loop
      vertex 20.5 -74.95 1.75
      vertex 15.5 -74.9509 1.77616
      vertex 20.5 -74.9509 1.77616
    endloop
  endfacet
  facet normal 0 0.999409 0.0343833
    outer loop
      vertex 15.5 -74.9509 1.77616
      vertex 20.5 -74.95 1.75
      vertex 15.5 -74.95 1.75
    endloop
  endfacet
  facet normal 0 0.352212 -0.93592
    outer loop
      vertex 15.5 -75.2214 1.37123
      vertex 20.5 -75.1969 1.38045
      vertex 20.5 -75.2214 1.37123
    endloop
  endfacet
  facet normal 0 0.352212 -0.93592
    outer loop
      vertex 20.5 -75.1969 1.38045
      vertex 15.5 -75.2214 1.37123
      vertex 15.5 -75.1969 1.38045
    endloop
  endfacet
  facet normal 0 0.910954 0.412508
    outer loop
      vertex 20.5 -74.9804 1.90307
      vertex 15.5 -74.9912 1.92692
      vertex 20.5 -74.9912 1.92692
    endloop
  endfacet
  facet normal 0 0.910954 0.412508
    outer loop
      vertex 15.5 -74.9912 1.92692
      vertex 20.5 -74.9804 1.90307
      vertex 15.5 -74.9804 1.90307
    endloop
  endfacet
  facet normal 0 0.811925 0.583762
    outer loop
      vertex 20.5 -75.0174 1.97223
      vertex 15.5 -75.0327 1.99351
      vertex 20.5 -75.0327 1.99351
    endloop
  endfacet
  facet normal 0 0.811925 0.583762
    outer loop
      vertex 15.5 -75.0327 1.99351
      vertex 20.5 -75.0174 1.97223
      vertex 15.5 -75.0174 1.97223
    endloop
  endfacet
  facet normal 0 0.849605 0.52742
    outer loop
      vertex 20.5 -75.0036 1.95
      vertex 15.5 -75.0174 1.97223
      vertex 20.5 -75.0174 1.97223
    endloop
  endfacet
  facet normal 0 0.849605 0.52742
    outer loop
      vertex 15.5 -75.0174 1.97223
      vertex 20.5 -75.0036 1.95
      vertex 15.5 -75.0036 1.95
    endloop
  endfacet
  facet normal 0 0.774542 0.632523
    outer loop
      vertex 20.5 -75.0327 1.99351
      vertex 15.5 -75.038 2
      vertex 20.5 -75.038 2
    endloop
  endfacet
  facet normal 0 0.774542 0.632523
    outer loop
      vertex 15.5 -75.038 2
      vertex 20.5 -75.0327 1.99351
      vertex 15.5 -75.0327 1.99351
    endloop
  endfacet
  facet normal 0 0.986425 -0.164213
    outer loop
      vertex 20.5 -74.9577 1.67196
      vertex 15.5 -74.9534 1.69779
      vertex 20.5 -74.9534 1.69779
    endloop
  endfacet
  facet normal 0 0.986425 -0.164213
    outer loop
      vertex 15.5 -74.9534 1.69779
      vertex 20.5 -74.9577 1.67196
      vertex 15.5 -74.9577 1.67196
    endloop
  endfacet
  facet normal 0 0.995427 -0.0955304
    outer loop
      vertex 20.5 -74.9534 1.69779
      vertex 15.5 -74.9509 1.72384
      vertex 20.5 -74.9509 1.72384
    endloop
  endfacet
  facet normal 0 0.995427 -0.0955304
    outer loop
      vertex 15.5 -74.9509 1.72384
      vertex 20.5 -74.9534 1.69779
      vertex 15.5 -74.9534 1.69779
    endloop
  endfacet
  facet normal 0 0.880912 -0.47328
    outer loop
      vertex 20.5 -75.0036 1.55
      vertex 15.5 -74.9912 1.57308
      vertex 20.5 -74.9912 1.57308
    endloop
  endfacet
  facet normal 0 0.880912 -0.47328
    outer loop
      vertex 15.5 -74.9912 1.57308
      vertex 20.5 -75.0036 1.55
      vertex 15.5 -75.0036 1.55
    endloop
  endfacet
  facet normal 0 0.582141 -0.813088
    outer loop
      vertex 15.5 -75.1278 1.41741
      vertex 20.5 -75.1065 1.43266
      vertex 20.5 -75.1278 1.41741
    endloop
  endfacet
  facet normal 0 0.582141 -0.813088
    outer loop
      vertex 20.5 -75.1065 1.43266
      vertex 15.5 -75.1278 1.41741
      vertex 15.5 -75.1065 1.43266
    endloop
  endfacet
  facet normal -1 0 0
    outer loop
      vertex 15.5 -75.4 2
      vertex 15.5 -74.95 1.75
      vertex 15.5 -74.9509 1.72384
    endloop
  endfacet
  facet normal -1 0 0
    outer loop
      vertex 15.5 -75.4 2
      vertex 15.5 -74.9509 1.72384
      vertex 15.5 -74.9534 1.69779
    endloop
  endfacet
  facet normal -1 0 0
    outer loop
      vertex 15.5 -74.95 1.75
      vertex 15.5 -75.4 2
      vertex 15.5 -74.9509 1.77616
    endloop
  endfacet
  facet normal -1 0 0
    outer loop
      vertex 15.5 -75.4 2
      vertex 15.5 -74.9534 1.69779
      vertex 15.5 -74.9577 1.67196
    endloop
  endfacet
  facet normal -1 0 0
    outer loop
      vertex 15.5 -74.9509 1.77616
      vertex 15.5 -75.4 2
      vertex 15.5 -74.9534 1.80221
    endloop
  endfacet
  facet normal -1 0 0
    outer loop
      vertex 15.5 -75.4 2
      vertex 15.5 -74.9577 1.67196
      vertex 15.5 -74.9636 1.64647
    endloop
  endfacet
  facet normal -1 0 0
    outer loop
      vertex 15.5 -74.9534 1.80221
      vertex 15.5 -75.4 2
      vertex 15.5 -74.9577 1.82804
    endloop
  endfacet
  facet normal -1 0 0
    outer loop
      vertex 15.5 -75.4 2
      vertex 15.5 -74.9636 1.64647
      vertex 15.5 -74.9712 1.62142
    endloop
  endfacet
  facet normal -1 0 0
    outer loop
      vertex 15.5 -74.9577 1.82804
      vertex 15.5 -75.4 2
      vertex 15.5 -74.9636 1.85353
    endloop
  endfacet
  facet normal -1 0 0
    outer loop
      vertex 15.5 -75.4 2
      vertex 15.5 -74.9712 1.62142
      vertex 15.5 -74.9804 1.59693
    endloop
  endfacet
  facet normal -1 0 0
    outer loop
      vertex 15.5 -74.9636 1.85353
      vertex 15.5 -75.4 2
      vertex 15.5 -74.9712 1.87858
    endloop
  endfacet
  facet normal -1 0 0
    outer loop
      vertex 15.5 -75.4 2
      vertex 15.5 -74.9804 1.59693
      vertex 15.5 -74.9912 1.57308
    endloop
  endfacet
  facet normal -1 0 0
    outer loop
      vertex 15.5 -74.9712 1.87858
      vertex 15.5 -75.4 2
      vertex 15.5 -74.9804 1.90307
    endloop
  endfacet
  facet normal -1 0 0
    outer loop
      vertex 15.5 -75.4 2
      vertex 15.5 -74.9912 1.57308
      vertex 15.5 -75.0036 1.55
    endloop
  endfacet
  facet normal -1 0 0
    outer loop
      vertex 15.5 -74.9804 1.90307
      vertex 15.5 -75.4 2
      vertex 15.5 -74.9912 1.92692
    endloop
  endfacet
  facet normal -1 0 0
    outer loop
      vertex 15.5 -75.4 2
      vertex 15.5 -75.0036 1.55
      vertex 15.5 -75.0174 1.52777
    endloop
  endfacet
  facet normal -1 0 0
    outer loop
      vertex 15.5 -74.9912 1.92692
      vertex 15.5 -75.4 2
      vertex 15.5 -75.0036 1.95
    endloop
  endfacet
  facet normal -1 0 0
    outer loop
      vertex 15.5 -75.4 2
      vertex 15.5 -75.0174 1.52777
      vertex 15.5 -75.0327 1.5065
    endloop
  endfacet
  facet normal -1 0 0
    outer loop
      vertex 15.5 -75.0036 1.95
      vertex 15.5 -75.4 2
      vertex 15.5 -75.0174 1.97223
    endloop
  endfacet
  facet normal -1 0 0
    outer loop
      vertex 15.5 -75.0174 1.97223
      vertex 15.5 -75.4 2
      vertex 15.5 -75.0327 1.99351
    endloop
  endfacet
  facet normal -1 0 0
    outer loop
      vertex 15.5 -75.4 2
      vertex 15.5 -75.0327 1.5065
      vertex 15.5 -75.0493 1.48626
    endloop
  endfacet
  facet normal -1 0 0
    outer loop
      vertex 15.5 -75.4 2
      vertex 15.5 -75.0493 1.48626
      vertex 15.5 -75.0672 1.46716
    endloop
  endfacet
  facet normal -1 0 0
    outer loop
      vertex 15.5 -75.4 2
      vertex 15.5 -75.0672 1.46716
      vertex 15.5 -75.0863 1.44926
    endloop
  endfacet
  facet normal -1 0 0
    outer loop
      vertex 15.5 -75.4 2
      vertex 15.5 -75.0863 1.44926
      vertex 15.5 -75.1065 1.43266
    endloop
  endfacet
  facet normal -1 0 0
    outer loop
      vertex 15.5 -75.4 2
      vertex 15.5 -75.1065 1.43266
      vertex 15.5 -75.1278 1.41741
    endloop
  endfacet
  facet normal -1 0 0
    outer loop
      vertex 15.5 -75.4 2
      vertex 15.5 -75.1278 1.41741
      vertex 15.5 -75.15 1.40359
    endloop
  endfacet
  facet normal -1 0 0
    outer loop
      vertex 15.5 -75.4 2
      vertex 15.5 -75.15 1.40359
      vertex 15.5 -75.1731 1.39125
    endloop
  endfacet
  facet normal -1 0 0
    outer loop
      vertex 15.5 -75.4 2
      vertex 15.5 -75.1731 1.39125
      vertex 15.5 -75.1969 1.38045
    endloop
  endfacet
  facet normal -1 0 0
    outer loop
      vertex 15.5 -75.4 2
      vertex 15.5 -75.1969 1.38045
      vertex 15.5 -75.2214 1.37123
    endloop
  endfacet
  facet normal -1 0 0
    outer loop
      vertex 15.5 -75.4 2
      vertex 15.5 -75.2214 1.37123
      vertex 15.5 -75.2465 1.36363
    endloop
  endfacet
  facet normal -1 0 0
    outer loop
      vertex 15.5 -75.4 2
      vertex 15.5 -75.2465 1.36363
      vertex 15.5 -75.272 1.35769
    endloop
  endfacet
  facet normal -1 0 0
    outer loop
      vertex 15.5 -75.4 2
      vertex 15.5 -75.272 1.35769
      vertex 15.5 -75.2978 1.35342
    endloop
  endfacet
  facet normal -1 0 0
    outer loop
      vertex 15.5 -75.4 2
      vertex 15.5 -75.2978 1.35342
      vertex 15.5 -75.3238 1.35086
    endloop
  endfacet
  facet normal -1 0 0
    outer loop
      vertex 15.5 -75.4 2
      vertex 15.5 -75.3238 1.35086
      vertex 15.5 -75.35 1.35
    endloop
  endfacet
  facet normal -1 0 0
    outer loop
      vertex 15.5 -75.4 2
      vertex 15.5 -75.35 1.35
      vertex 15.5 -75.3762 1.35086
    endloop
  endfacet
  facet normal -1 0 0
    outer loop
      vertex 15.5 -75.4 2
      vertex 15.5 -75.3762 1.35086
      vertex 15.5 -75.4 1.3532
    endloop
  endfacet
  facet normal -1 0 0
    outer loop
      vertex 15.5 -75.0327 1.99351
      vertex 15.5 -75.4 2
      vertex 15.5 -75.038 2
    endloop
  endfacet
  facet normal 0 -0.0328068 -0.999462
    outer loop
      vertex 15.5 -75.3762 1.35086
      vertex 20.5 -75.35 1.35
      vertex 20.5 -75.3762 1.35086
    endloop
  endfacet
  facet normal -0 -0.0328068 -0.999462
    outer loop
      vertex 20.5 -75.35 1.35
      vertex 15.5 -75.3762 1.35086
      vertex 15.5 -75.35 1.35
    endloop
  endfacet
  facet normal 0 0.0979877 -0.995188
    outer loop
      vertex 15.5 -75.3238 1.35086
      vertex 20.5 -75.2978 1.35342
      vertex 20.5 -75.3238 1.35086
    endloop
  endfacet
  facet normal 0 0.0979877 -0.995188
    outer loop
      vertex 20.5 -75.2978 1.35342
      vertex 15.5 -75.3238 1.35086
      vertex 15.5 -75.2978 1.35342
    endloop
  endfacet
  facet normal 0 0.163283 -0.986579
    outer loop
      vertex 15.5 -75.2978 1.35342
      vertex 20.5 -75.272 1.35769
      vertex 20.5 -75.2978 1.35342
    endloop
  endfacet
  facet normal 0 0.163283 -0.986579
    outer loop
      vertex 20.5 -75.272 1.35769
      vertex 15.5 -75.2978 1.35342
      vertex 15.5 -75.272 1.35769
    endloop
  endfacet
  facet normal 0 0.956928 0.290325
    outer loop
      vertex 20.5 -74.9636 1.85353
      vertex 15.5 -74.9712 1.87858
      vertex 20.5 -74.9712 1.87858
    endloop
  endfacet
  facet normal 0 0.956928 0.290325
    outer loop
      vertex 15.5 -74.9712 1.87858
      vertex 20.5 -74.9636 1.85353
      vertex 15.5 -74.9636 1.85353
    endloop
  endfacet
  facet normal 0 0.986425 0.164213
    outer loop
      vertex 20.5 -74.9534 1.80221
      vertex 15.5 -74.9577 1.82804
      vertex 20.5 -74.9577 1.82804
    endloop
  endfacet
  facet normal 0 0.986425 0.164213
    outer loop
      vertex 15.5 -74.9577 1.82804
      vertex 20.5 -74.9534 1.80221
      vertex 15.5 -74.9534 1.80221
    endloop
  endfacet
  facet normal 0 0.974243 -0.225501
    outer loop
      vertex 20.5 -74.9636 1.64647
      vertex 15.5 -74.9577 1.67196
      vertex 20.5 -74.9577 1.67196
    endloop
  endfacet
  facet normal 0 0.974243 -0.225501
    outer loop
      vertex 15.5 -74.9577 1.67196
      vertex 20.5 -74.9636 1.64647
      vertex 15.5 -74.9636 1.64647
    endloop
  endfacet
  facet normal 0 0.910954 -0.412508
    outer loop
      vertex 20.5 -74.9912 1.57308
      vertex 15.5 -74.9804 1.59693
      vertex 20.5 -74.9804 1.59693
    endloop
  endfacet
  facet normal 0 0.910954 -0.412508
    outer loop
      vertex 15.5 -74.9804 1.59693
      vertex 20.5 -74.9912 1.57308
      vertex 15.5 -74.9912 1.57308
    endloop
  endfacet
  facet normal 0 0.956928 -0.290325
    outer loop
      vertex 20.5 -74.9712 1.62142
      vertex 15.5 -74.9636 1.64647
      vertex 20.5 -74.9636 1.64647
    endloop
  endfacet
  facet normal 0 0.956928 -0.290325
    outer loop
      vertex 15.5 -74.9636 1.64647
      vertex 20.5 -74.9712 1.62142
      vertex 15.5 -74.9712 1.62142
    endloop
  endfacet
  facet normal 0 0.471183 -0.882036
    outer loop
      vertex 15.5 -75.1731 1.39125
      vertex 20.5 -75.15 1.40359
      vertex 20.5 -75.1731 1.39125
    endloop
  endfacet
  facet normal 0 0.471183 -0.882036
    outer loop
      vertex 20.5 -75.15 1.40359
      vertex 15.5 -75.1731 1.39125
      vertex 15.5 -75.15 1.40359
    endloop
  endfacet
  facet normal 0 0.634903 -0.772592
    outer loop
      vertex 15.5 -75.1065 1.43266
      vertex 20.5 -75.0863 1.44926
      vertex 20.5 -75.1065 1.43266
    endloop
  endfacet
  facet normal 0 0.634903 -0.772592
    outer loop
      vertex 20.5 -75.0863 1.44926
      vertex 15.5 -75.1065 1.43266
      vertex 15.5 -75.0863 1.44926
    endloop
  endfacet
  facet normal 0 0.683814 -0.729656
    outer loop
      vertex 15.5 -75.0863 1.44926
      vertex 20.5 -75.0672 1.46716
      vertex 20.5 -75.0863 1.44926
    endloop
  endfacet
  facet normal 0 0.683814 -0.729656
    outer loop
      vertex 20.5 -75.0672 1.46716
      vertex 15.5 -75.0863 1.44926
      vertex 15.5 -75.0672 1.46716
    endloop
  endfacet
  facet normal 0 0.0328068 -0.999462
    outer loop
      vertex 15.5 -75.35 1.35
      vertex 20.5 -75.3238 1.35086
      vertex 20.5 -75.35 1.35
    endloop
  endfacet
  facet normal 0 0.0328068 -0.999462
    outer loop
      vertex 20.5 -75.3238 1.35086
      vertex 15.5 -75.35 1.35
      vertex 15.5 -75.3238 1.35086
    endloop
  endfacet
  facet normal 0 0.226867 -0.973926
    outer loop
      vertex 15.5 -75.272 1.35769
      vertex 20.5 -75.2465 1.36363
      vertex 20.5 -75.272 1.35769
    endloop
  endfacet
  facet normal 0 0.226867 -0.973926
    outer loop
      vertex 20.5 -75.2465 1.36363
      vertex 15.5 -75.272 1.35769
      vertex 15.5 -75.2465 1.36363
    endloop
  endfacet
  facet normal 0 0.413226 -0.910628
    outer loop
      vertex 15.5 -75.1969 1.38045
      vertex 20.5 -75.1731 1.39125
      vertex 20.5 -75.1969 1.38045
    endloop
  endfacet
  facet normal 0 0.413226 -0.910628
    outer loop
      vertex 20.5 -75.1731 1.39125
      vertex 15.5 -75.1969 1.38045
      vertex 15.5 -75.1731 1.39125
    endloop
  endfacet
  facet normal 0 0.974243 0.225501
    outer loop
      vertex 20.5 -74.9577 1.82804
      vertex 15.5 -74.9636 1.85353
      vertex 20.5 -74.9636 1.85353
    endloop
  endfacet
  facet normal 0 0.974243 0.225501
    outer loop
      vertex 15.5 -74.9636 1.85353
      vertex 20.5 -74.9577 1.82804
      vertex 15.5 -74.9577 1.82804
    endloop
  endfacet
  facet normal 0 0.528486 -0.848942
    outer loop
      vertex 15.5 -75.15 1.40359
      vertex 20.5 -75.1278 1.41741
      vertex 20.5 -75.15 1.40359
    endloop
  endfacet
  facet normal 0 0.528486 -0.848942
    outer loop
      vertex 20.5 -75.1278 1.41741
      vertex 15.5 -75.15 1.40359
      vertex 15.5 -75.1278 1.41741
    endloop
  endfacet
  facet normal 0 0.729656 -0.683814
    outer loop
      vertex 20.5 -75.0672 1.46716
      vertex 15.5 -75.0493 1.48626
      vertex 20.5 -75.0493 1.48626
    endloop
  endfacet
  facet normal 0 0.729656 -0.683814
    outer loop
      vertex 15.5 -75.0493 1.48626
      vertex 20.5 -75.0672 1.46716
      vertex 15.5 -75.0672 1.46716
    endloop
  endfacet
  facet normal 0 0.811795 -0.583943
    outer loop
      vertex 20.5 -75.0327 1.5065
      vertex 15.5 -75.0174 1.52777
      vertex 20.5 -75.0174 1.52777
    endloop
  endfacet
  facet normal 0 0.811795 -0.583943
    outer loop
      vertex 15.5 -75.0174 1.52777
      vertex 20.5 -75.0327 1.5065
      vertex 15.5 -75.0327 1.5065
    endloop
  endfacet
  facet normal 0 0.849605 -0.52742
    outer loop
      vertex 20.5 -75.0174 1.52777
      vertex 15.5 -75.0036 1.55
      vertex 20.5 -75.0036 1.55
    endloop
  endfacet
  facet normal 0 0.849605 -0.52742
    outer loop
      vertex 15.5 -75.0036 1.55
      vertex 20.5 -75.0174 1.52777
      vertex 15.5 -75.0174 1.52777
    endloop
  endfacet
  facet normal 0 -0.0978475 -0.995201
    outer loop
      vertex 15.5 -75.4 1.3532
      vertex 20.5 -75.3762 1.35086
      vertex 20.5 -75.4 1.3532
    endloop
  endfacet
  facet normal -0 -0.0978475 -0.995201
    outer loop
      vertex 20.5 -75.3762 1.35086
      vertex 15.5 -75.4 1.3532
      vertex 15.5 -75.3762 1.35086
    endloop
  endfacet
  facet normal 0 0.289796 -0.957089
    outer loop
      vertex 15.5 -75.2465 1.36363
      vertex 20.5 -75.2214 1.37123
      vertex 20.5 -75.2465 1.36363
    endloop
  endfacet
  facet normal 0 0.289796 -0.957089
    outer loop
      vertex 20.5 -75.2214 1.37123
      vertex 15.5 -75.2465 1.36363
      vertex 15.5 -75.2214 1.37123
    endloop
  endfacet
  facet normal 0 0.936125 -0.351668
    outer loop
      vertex 20.5 -74.9804 1.59693
      vertex 15.5 -74.9712 1.62142
      vertex 20.5 -74.9712 1.62142
    endloop
  endfacet
  facet normal 0 0.936125 -0.351668
    outer loop
      vertex 15.5 -74.9712 1.62142
      vertex 20.5 -74.9804 1.59693
      vertex 15.5 -74.9804 1.59693
    endloop
  endfacet
  facet normal 0 0.773208 -0.634153
    outer loop
      vertex 20.5 -75.0493 1.48626
      vertex 15.5 -75.0327 1.5065
      vertex 20.5 -75.0327 1.5065
    endloop
  endfacet
  facet normal 0 0.773208 -0.634153
    outer loop
      vertex 15.5 -75.0327 1.5065
      vertex 20.5 -75.0493 1.48626
      vertex 15.5 -75.0493 1.48626
    endloop
  endfacet
  facet normal -0.936125 0 0.351668
    outer loop
      vertex 34.9712 -60.5 1.87858
      vertex 34.9804 -55.5 1.90307
      vertex 34.9712 -55.5 1.87858
    endloop
  endfacet
  facet normal -0.936125 0 0.351668
    outer loop
      vertex 34.9804 -55.5 1.90307
      vertex 34.9712 -60.5 1.87858
      vertex 34.9804 -60.5 1.90307
    endloop
  endfacet
  facet normal 0 1 0
    outer loop
      vertex 35.4 -55.5 2
      vertex 35.0327 -55.5 1.99351
      vertex 35.038 -55.5 2
    endloop
  endfacet
  facet normal 0 1 0
    outer loop
      vertex 35.4 -55.5 2
      vertex 35.0174 -55.5 1.97223
      vertex 35.0327 -55.5 1.99351
    endloop
  endfacet
  facet normal 0 1 0
    outer loop
      vertex 35.4 -55.5 2
      vertex 35.0036 -55.5 1.95
      vertex 35.0174 -55.5 1.97223
    endloop
  endfacet
  facet normal 0 1 0
    outer loop
      vertex 35.4 -55.5 2
      vertex 34.9912 -55.5 1.92692
      vertex 35.0036 -55.5 1.95
    endloop
  endfacet
  facet normal 0 1 0
    outer loop
      vertex 35.4 -55.5 2
      vertex 34.9804 -55.5 1.90307
      vertex 34.9912 -55.5 1.92692
    endloop
  endfacet
  facet normal 0 1 0
    outer loop
      vertex 35.4 -55.5 2
      vertex 34.9712 -55.5 1.87858
      vertex 34.9804 -55.5 1.90307
    endloop
  endfacet
  facet normal 0 1 0
    outer loop
      vertex 35.4 -55.5 2
      vertex 34.9636 -55.5 1.85353
      vertex 34.9712 -55.5 1.87858
    endloop
  endfacet
  facet normal 0 1 0
    outer loop
      vertex 35.4 -55.5 2
      vertex 34.9577 -55.5 1.82804
      vertex 34.9636 -55.5 1.85353
    endloop
  endfacet
  facet normal 0 1 0
    outer loop
      vertex 35.4 -55.5 2
      vertex 34.9534 -55.5 1.80221
      vertex 34.9577 -55.5 1.82804
    endloop
  endfacet
  facet normal 0 1 0
    outer loop
      vertex 35.4 -55.5 2
      vertex 34.9509 -55.5 1.77616
      vertex 34.9534 -55.5 1.80221
    endloop
  endfacet
  facet normal 0 1 0
    outer loop
      vertex 35.4 -55.5 2
      vertex 34.95 -55.5 1.75
      vertex 34.9509 -55.5 1.77616
    endloop
  endfacet
  facet normal 0 1 0
    outer loop
      vertex 35.4 -55.5 2
      vertex 34.9509 -55.5 1.72384
      vertex 34.95 -55.5 1.75
    endloop
  endfacet
  facet normal 0 1 0
    outer loop
      vertex 35.4 -55.5 2
      vertex 34.9534 -55.5 1.69779
      vertex 34.9509 -55.5 1.72384
    endloop
  endfacet
  facet normal 0 1 0
    outer loop
      vertex 35.4 -55.5 2
      vertex 34.9577 -55.5 1.67196
      vertex 34.9534 -55.5 1.69779
    endloop
  endfacet
  facet normal 0 1 0
    outer loop
      vertex 35.4 -55.5 2
      vertex 34.9636 -55.5 1.64647
      vertex 34.9577 -55.5 1.67196
    endloop
  endfacet
  facet normal 0 1 0
    outer loop
      vertex 35.4 -55.5 2
      vertex 34.9712 -55.5 1.62142
      vertex 34.9636 -55.5 1.64647
    endloop
  endfacet
  facet normal 0 1 0
    outer loop
      vertex 35.4 -55.5 2
      vertex 34.9804 -55.5 1.59693
      vertex 34.9712 -55.5 1.62142
    endloop
  endfacet
  facet normal 0 1 0
    outer loop
      vertex 35.4 -55.5 2
      vertex 34.9912 -55.5 1.57308
      vertex 34.9804 -55.5 1.59693
    endloop
  endfacet
  facet normal 0 1 0
    outer loop
      vertex 35.4 -55.5 2
      vertex 35.0036 -55.5 1.55
      vertex 34.9912 -55.5 1.57308
    endloop
  endfacet
  facet normal 0 1 0
    outer loop
      vertex 35.4 -55.5 2
      vertex 35.0174 -55.5 1.52777
      vertex 35.0036 -55.5 1.55
    endloop
  endfacet
  facet normal 0 1 0
    outer loop
      vertex 35.4 -55.5 2
      vertex 35.0327 -55.5 1.5065
      vertex 35.0174 -55.5 1.52777
    endloop
  endfacet
  facet normal 0 1 0
    outer loop
      vertex 35.4 -55.5 2
      vertex 35.0493 -55.5 1.48626
      vertex 35.0327 -55.5 1.5065
    endloop
  endfacet
  facet normal 0 1 0
    outer loop
      vertex 35.4 -55.5 2
      vertex 35.0672 -55.5 1.46716
      vertex 35.0493 -55.5 1.48626
    endloop
  endfacet
  facet normal 0 1 0
    outer loop
      vertex 35.4 -55.5 2
      vertex 35.0863 -55.5 1.44926
      vertex 35.0672 -55.5 1.46716
    endloop
  endfacet
  facet normal 0 1 0
    outer loop
      vertex 35.4 -55.5 2
      vertex 35.1065 -55.5 1.43266
      vertex 35.0863 -55.5 1.44926
    endloop
  endfacet
  facet normal 0 1 0
    outer loop
      vertex 35.4 -55.5 2
      vertex 35.1278 -55.5 1.41741
      vertex 35.1065 -55.5 1.43266
    endloop
  endfacet
  facet normal 0 1 0
    outer loop
      vertex 35.4 -55.5 2
      vertex 35.15 -55.5 1.40359
      vertex 35.1278 -55.5 1.41741
    endloop
  endfacet
  facet normal 0 1 0
    outer loop
      vertex 35.4 -55.5 2
      vertex 35.1731 -55.5 1.39125
      vertex 35.15 -55.5 1.40359
    endloop
  endfacet
  facet normal 0 1 0
    outer loop
      vertex 35.4 -55.5 2
      vertex 35.1969 -55.5 1.38045
      vertex 35.1731 -55.5 1.39125
    endloop
  endfacet
  facet normal 0 1 0
    outer loop
      vertex 35.4 -55.5 2
      vertex 35.2214 -55.5 1.37123
      vertex 35.1969 -55.5 1.38045
    endloop
  endfacet
  facet normal 0 1 0
    outer loop
      vertex 35.4 -55.5 2
      vertex 35.2465 -55.5 1.36363
      vertex 35.2214 -55.5 1.37123
    endloop
  endfacet
  facet normal 0 1 0
    outer loop
      vertex 35.4 -55.5 2
      vertex 35.272 -55.5 1.35769
      vertex 35.2465 -55.5 1.36363
    endloop
  endfacet
  facet normal 0 1 0
    outer loop
      vertex 35.4 -55.5 2
      vertex 35.2978 -55.5 1.35342
      vertex 35.272 -55.5 1.35769
    endloop
  endfacet
  facet normal 0 1 0
    outer loop
      vertex 35.3762 -55.5 1.35086
      vertex 35.4 -55.5 2
      vertex 35.4 -55.5 1.3532
    endloop
  endfacet
  facet normal 0 1 0
    outer loop
      vertex 35.35 -55.5 1.35
      vertex 35.4 -55.5 2
      vertex 35.3762 -55.5 1.35086
    endloop
  endfacet
  facet normal 0 1 0
    outer loop
      vertex 35.4 -55.5 2
      vertex 35.3238 -55.5 1.35086
      vertex 35.2978 -55.5 1.35342
    endloop
  endfacet
  facet normal 0 1 0
    outer loop
      vertex 35.4 -55.5 2
      vertex 35.35 -55.5 1.35
      vertex 35.3238 -55.5 1.35086
    endloop
  endfacet
  facet normal -0.634903 0 -0.772592
    outer loop
      vertex 35.0863 -60.5 1.44926
      vertex 35.1065 -55.5 1.43266
      vertex 35.1065 -60.5 1.43266
    endloop
  endfacet
  facet normal -0.634903 0 -0.772592
    outer loop
      vertex 35.1065 -55.5 1.43266
      vertex 35.0863 -60.5 1.44926
      vertex 35.0863 -55.5 1.44926
    endloop
  endfacet
  facet normal -0.773208 0 -0.634153
    outer loop
      vertex 35.0493 -60.5 1.48626
      vertex 35.0327 -55.5 1.5065
      vertex 35.0493 -55.5 1.48626
    endloop
  endfacet
  facet normal -0.773208 -0 -0.634153
    outer loop
      vertex 35.0327 -55.5 1.5065
      vertex 35.0493 -60.5 1.48626
      vertex 35.0327 -60.5 1.5065
    endloop
  endfacet
  facet normal -0.999409 0 0.0343833
    outer loop
      vertex 34.95 -60.5 1.75
      vertex 34.9509 -55.5 1.77616
      vertex 34.95 -55.5 1.75
    endloop
  endfacet
  facet normal -0.999409 0 0.0343833
    outer loop
      vertex 34.9509 -55.5 1.77616
      vertex 34.95 -60.5 1.75
      vertex 34.9509 -60.5 1.77616
    endloop
  endfacet
  facet normal -0.956928 0 0.290325
    outer loop
      vertex 34.9636 -60.5 1.85353
      vertex 34.9712 -55.5 1.87858
      vertex 34.9636 -55.5 1.85353
    endloop
  endfacet
  facet normal -0.956928 0 0.290325
    outer loop
      vertex 34.9712 -55.5 1.87858
      vertex 34.9636 -60.5 1.85353
      vertex 34.9712 -60.5 1.87858
    endloop
  endfacet
  facet normal -0.974243 0 0.225501
    outer loop
      vertex 34.9577 -60.5 1.82804
      vertex 34.9636 -55.5 1.85353
      vertex 34.9577 -55.5 1.82804
    endloop
  endfacet
  facet normal -0.974243 0 0.225501
    outer loop
      vertex 34.9636 -55.5 1.85353
      vertex 34.9577 -60.5 1.82804
      vertex 34.9636 -60.5 1.85353
    endloop
  endfacet
  facet normal -0.880912 0 0.47328
    outer loop
      vertex 34.9912 -60.5 1.92692
      vertex 35.0036 -55.5 1.95
      vertex 34.9912 -55.5 1.92692
    endloop
  endfacet
  facet normal -0.880912 0 0.47328
    outer loop
      vertex 35.0036 -55.5 1.95
      vertex 34.9912 -60.5 1.92692
      vertex 35.0036 -60.5 1.95
    endloop
  endfacet
  facet normal -0.849605 0 0.52742
    outer loop
      vertex 35.0036 -60.5 1.95
      vertex 35.0174 -55.5 1.97223
      vertex 35.0036 -55.5 1.95
    endloop
  endfacet
  facet normal -0.849605 0 0.52742
    outer loop
      vertex 35.0174 -55.5 1.97223
      vertex 35.0036 -60.5 1.95
      vertex 35.0174 -60.5 1.97223
    endloop
  endfacet
  facet normal -0.811925 0 0.583762
    outer loop
      vertex 35.0174 -60.5 1.97223
      vertex 35.0327 -55.5 1.99351
      vertex 35.0174 -55.5 1.97223
    endloop
  endfacet
  facet normal -0.811925 0 0.583762
    outer loop
      vertex 35.0327 -55.5 1.99351
      vertex 35.0174 -60.5 1.97223
      vertex 35.0327 -60.5 1.99351
    endloop
  endfacet
  facet normal 0.0978475 0 -0.995201
    outer loop
      vertex 35.3762 -60.5 1.35086
      vertex 35.4 -55.5 1.3532
      vertex 35.4 -60.5 1.3532
    endloop
  endfacet
  facet normal 0.0978475 0 -0.995201
    outer loop
      vertex 35.4 -55.5 1.3532
      vertex 35.3762 -60.5 1.35086
      vertex 35.3762 -55.5 1.35086
    endloop
  endfacet
  facet normal -0.528486 0 -0.848942
    outer loop
      vertex 35.1278 -60.5 1.41741
      vertex 35.15 -55.5 1.40359
      vertex 35.15 -60.5 1.40359
    endloop
  endfacet
  facet normal -0.528486 0 -0.848942
    outer loop
      vertex 35.15 -55.5 1.40359
      vertex 35.1278 -60.5 1.41741
      vertex 35.1278 -55.5 1.41741
    endloop
  endfacet
  facet normal -0.974243 0 -0.225501
    outer loop
      vertex 34.9636 -60.5 1.64647
      vertex 34.9577 -55.5 1.67196
      vertex 34.9636 -55.5 1.64647
    endloop
  endfacet
  facet normal -0.974243 -0 -0.225501
    outer loop
      vertex 34.9577 -55.5 1.67196
      vertex 34.9636 -60.5 1.64647
      vertex 34.9577 -60.5 1.67196
    endloop
  endfacet
  facet normal -0.995427 0 -0.0955304
    outer loop
      vertex 34.9534 -60.5 1.69779
      vertex 34.9509 -55.5 1.72384
      vertex 34.9534 -55.5 1.69779
    endloop
  endfacet
  facet normal -0.995427 -0 -0.0955304
    outer loop
      vertex 34.9509 -55.5 1.72384
      vertex 34.9534 -60.5 1.69779
      vertex 34.9509 -60.5 1.72384
    endloop
  endfacet
  facet normal -0.999409 0 -0.0343833
    outer loop
      vertex 34.9509 -60.5 1.72384
      vertex 34.95 -55.5 1.75
      vertex 34.9509 -55.5 1.72384
    endloop
  endfacet
  facet normal -0.999409 -0 -0.0343833
    outer loop
      vertex 34.95 -55.5 1.75
      vertex 34.9509 -60.5 1.72384
      vertex 34.95 -60.5 1.75
    endloop
  endfacet
  facet normal -0.995427 0 0.0955304
    outer loop
      vertex 34.9509 -60.5 1.77616
      vertex 34.9534 -55.5 1.80221
      vertex 34.9509 -55.5 1.77616
    endloop
  endfacet
  facet normal -0.995427 0 0.0955304
    outer loop
      vertex 34.9534 -55.5 1.80221
      vertex 34.9509 -60.5 1.77616
      vertex 34.9534 -60.5 1.80221
    endloop
  endfacet
  facet normal -0.986425 0 0.164213
    outer loop
      vertex 34.9534 -60.5 1.80221
      vertex 34.9577 -55.5 1.82804
      vertex 34.9534 -55.5 1.80221
    endloop
  endfacet
  facet normal -0.986425 0 0.164213
    outer loop
      vertex 34.9577 -55.5 1.82804
      vertex 34.9534 -60.5 1.80221
      vertex 34.9577 -60.5 1.82804
    endloop
  endfacet
  facet normal -0.910954 0 0.412508
    outer loop
      vertex 34.9804 -60.5 1.90307
      vertex 34.9912 -55.5 1.92692
      vertex 34.9804 -55.5 1.90307
    endloop
  endfacet
  facet normal -0.910954 0 0.412508
    outer loop
      vertex 34.9912 -55.5 1.92692
      vertex 34.9804 -60.5 1.90307
      vertex 34.9912 -60.5 1.92692
    endloop
  endfacet
  facet normal -0.163283 0 -0.986579
    outer loop
      vertex 35.272 -60.5 1.35769
      vertex 35.2978 -55.5 1.35342
      vertex 35.2978 -60.5 1.35342
    endloop
  endfacet
  facet normal -0.163283 0 -0.986579
    outer loop
      vertex 35.2978 -55.5 1.35342
      vertex 35.272 -60.5 1.35769
      vertex 35.272 -55.5 1.35769
    endloop
  endfacet
  facet normal -0.289796 0 -0.957089
    outer loop
      vertex 35.2214 -60.5 1.37123
      vertex 35.2465 -55.5 1.36363
      vertex 35.2465 -60.5 1.36363
    endloop
  endfacet
  facet normal -0.289796 0 -0.957089
    outer loop
      vertex 35.2465 -55.5 1.36363
      vertex 35.2214 -60.5 1.37123
      vertex 35.2214 -55.5 1.37123
    endloop
  endfacet
  facet normal 0.0328068 0 -0.999462
    outer loop
      vertex 35.35 -60.5 1.35
      vertex 35.3762 -55.5 1.35086
      vertex 35.3762 -60.5 1.35086
    endloop
  endfacet
  facet normal 0.0328068 0 -0.999462
    outer loop
      vertex 35.3762 -55.5 1.35086
      vertex 35.35 -60.5 1.35
      vertex 35.35 -55.5 1.35
    endloop
  endfacet
  facet normal -0.0979877 0 -0.995188
    outer loop
      vertex 35.2978 -60.5 1.35342
      vertex 35.3238 -55.5 1.35086
      vertex 35.3238 -60.5 1.35086
    endloop
  endfacet
  facet normal -0.0979877 0 -0.995188
    outer loop
      vertex 35.3238 -55.5 1.35086
      vertex 35.2978 -60.5 1.35342
      vertex 35.2978 -55.5 1.35342
    endloop
  endfacet
  facet normal -0.0328068 0 -0.999462
    outer loop
      vertex 35.3238 -60.5 1.35086
      vertex 35.35 -55.5 1.35
      vertex 35.35 -60.5 1.35
    endloop
  endfacet
  facet normal -0.0328068 0 -0.999462
    outer loop
      vertex 35.35 -55.5 1.35
      vertex 35.3238 -60.5 1.35086
      vertex 35.3238 -55.5 1.35086
    endloop
  endfacet
  facet normal -0.226867 0 -0.973926
    outer loop
      vertex 35.2465 -60.5 1.36363
      vertex 35.272 -55.5 1.35769
      vertex 35.272 -60.5 1.35769
    endloop
  endfacet
  facet normal -0.226867 0 -0.973926
    outer loop
      vertex 35.272 -55.5 1.35769
      vertex 35.2465 -60.5 1.36363
      vertex 35.2465 -55.5 1.36363
    endloop
  endfacet
  facet normal -0.352212 0 -0.93592
    outer loop
      vertex 35.1969 -60.5 1.38045
      vertex 35.2214 -55.5 1.37123
      vertex 35.2214 -60.5 1.37123
    endloop
  endfacet
  facet normal -0.352212 0 -0.93592
    outer loop
      vertex 35.2214 -55.5 1.37123
      vertex 35.1969 -60.5 1.38045
      vertex 35.1969 -55.5 1.38045
    endloop
  endfacet
  facet normal -0.471183 0 -0.882036
    outer loop
      vertex 35.15 -60.5 1.40359
      vertex 35.1731 -55.5 1.39125
      vertex 35.1731 -60.5 1.39125
    endloop
  endfacet
  facet normal -0.471183 0 -0.882036
    outer loop
      vertex 35.1731 -55.5 1.39125
      vertex 35.15 -60.5 1.40359
      vertex 35.15 -55.5 1.40359
    endloop
  endfacet
  facet normal -0.413226 0 -0.910628
    outer loop
      vertex 35.1731 -60.5 1.39125
      vertex 35.1969 -55.5 1.38045
      vertex 35.1969 -60.5 1.38045
    endloop
  endfacet
  facet normal -0.413226 0 -0.910628
    outer loop
      vertex 35.1969 -55.5 1.38045
      vertex 35.1731 -60.5 1.39125
      vertex 35.1731 -55.5 1.39125
    endloop
  endfacet
  facet normal -0.582141 0 -0.813088
    outer loop
      vertex 35.1065 -60.5 1.43266
      vertex 35.1278 -55.5 1.41741
      vertex 35.1278 -60.5 1.41741
    endloop
  endfacet
  facet normal -0.582141 0 -0.813088
    outer loop
      vertex 35.1278 -55.5 1.41741
      vertex 35.1065 -60.5 1.43266
      vertex 35.1065 -55.5 1.43266
    endloop
  endfacet
  facet normal -0.910954 0 -0.412508
    outer loop
      vertex 34.9912 -60.5 1.57308
      vertex 34.9804 -55.5 1.59693
      vertex 34.9912 -55.5 1.57308
    endloop
  endfacet
  facet normal -0.910954 -0 -0.412508
    outer loop
      vertex 34.9804 -55.5 1.59693
      vertex 34.9912 -60.5 1.57308
      vertex 34.9804 -60.5 1.59693
    endloop
  endfacet
  facet normal -0.956928 0 -0.290325
    outer loop
      vertex 34.9712 -60.5 1.62142
      vertex 34.9636 -55.5 1.64647
      vertex 34.9712 -55.5 1.62142
    endloop
  endfacet
  facet normal -0.956928 -0 -0.290325
    outer loop
      vertex 34.9636 -55.5 1.64647
      vertex 34.9712 -60.5 1.62142
      vertex 34.9636 -60.5 1.64647
    endloop
  endfacet
  facet normal -0.936125 0 -0.351668
    outer loop
      vertex 34.9804 -60.5 1.59693
      vertex 34.9712 -55.5 1.62142
      vertex 34.9804 -55.5 1.59693
    endloop
  endfacet
  facet normal -0.936125 -0 -0.351668
    outer loop
      vertex 34.9712 -55.5 1.62142
      vertex 34.9804 -60.5 1.59693
      vertex 34.9712 -60.5 1.62142
    endloop
  endfacet
  facet normal -0.986425 0 -0.164213
    outer loop
      vertex 34.9577 -60.5 1.67196
      vertex 34.9534 -55.5 1.69779
      vertex 34.9577 -55.5 1.67196
    endloop
  endfacet
  facet normal -0.986425 -0 -0.164213
    outer loop
      vertex 34.9534 -55.5 1.69779
      vertex 34.9577 -60.5 1.67196
      vertex 34.9534 -60.5 1.69779
    endloop
  endfacet
  facet normal -0.811795 0 -0.583943
    outer loop
      vertex 35.0327 -60.5 1.5065
      vertex 35.0174 -55.5 1.52777
      vertex 35.0327 -55.5 1.5065
    endloop
  endfacet
  facet normal -0.811795 -0 -0.583943
    outer loop
      vertex 35.0174 -55.5 1.52777
      vertex 35.0327 -60.5 1.5065
      vertex 35.0174 -60.5 1.52777
    endloop
  endfacet
  facet normal -0.880912 0 -0.47328
    outer loop
      vertex 35.0036 -60.5 1.55
      vertex 34.9912 -55.5 1.57308
      vertex 35.0036 -55.5 1.55
    endloop
  endfacet
  facet normal -0.880912 -0 -0.47328
    outer loop
      vertex 34.9912 -55.5 1.57308
      vertex 35.0036 -60.5 1.55
      vertex 34.9912 -60.5 1.57308
    endloop
  endfacet
  facet normal -0.683814 0 -0.729656
    outer loop
      vertex 35.0672 -60.5 1.46716
      vertex 35.0863 -55.5 1.44926
      vertex 35.0863 -60.5 1.44926
    endloop
  endfacet
  facet normal -0.683814 0 -0.729656
    outer loop
      vertex 35.0863 -55.5 1.44926
      vertex 35.0672 -60.5 1.46716
      vertex 35.0672 -55.5 1.46716
    endloop
  endfacet
  facet normal 0 -1 0
    outer loop
      vertex 35.0327 -60.5 1.99351
      vertex 35.4 -60.5 2
      vertex 35.038 -60.5 2
    endloop
  endfacet
  facet normal 0 -1 0
    outer loop
      vertex 35.0174 -60.5 1.97223
      vertex 35.4 -60.5 2
      vertex 35.0327 -60.5 1.99351
    endloop
  endfacet
  facet normal 0 -1 0
    outer loop
      vertex 35.0036 -60.5 1.95
      vertex 35.4 -60.5 2
      vertex 35.0174 -60.5 1.97223
    endloop
  endfacet
  facet normal 0 -1 0
    outer loop
      vertex 34.9912 -60.5 1.92692
      vertex 35.4 -60.5 2
      vertex 35.0036 -60.5 1.95
    endloop
  endfacet
  facet normal 0 -1 0
    outer loop
      vertex 34.9804 -60.5 1.90307
      vertex 35.4 -60.5 2
      vertex 34.9912 -60.5 1.92692
    endloop
  endfacet
  facet normal 0 -1 0
    outer loop
      vertex 34.9712 -60.5 1.87858
      vertex 35.4 -60.5 2
      vertex 34.9804 -60.5 1.90307
    endloop
  endfacet
  facet normal 0 -1 0
    outer loop
      vertex 34.9636 -60.5 1.85353
      vertex 35.4 -60.5 2
      vertex 34.9712 -60.5 1.87858
    endloop
  endfacet
  facet normal 0 -1 0
    outer loop
      vertex 34.9577 -60.5 1.82804
      vertex 35.4 -60.5 2
      vertex 34.9636 -60.5 1.85353
    endloop
  endfacet
  facet normal 0 -1 0
    outer loop
      vertex 34.9534 -60.5 1.80221
      vertex 35.4 -60.5 2
      vertex 34.9577 -60.5 1.82804
    endloop
  endfacet
  facet normal 0 -1 0
    outer loop
      vertex 34.9509 -60.5 1.77616
      vertex 35.4 -60.5 2
      vertex 34.9534 -60.5 1.80221
    endloop
  endfacet
  facet normal 0 -1 0
    outer loop
      vertex 34.95 -60.5 1.75
      vertex 35.4 -60.5 2
      vertex 34.9509 -60.5 1.77616
    endloop
  endfacet
  facet normal 0 -1 0
    outer loop
      vertex 34.9509 -60.5 1.72384
      vertex 35.4 -60.5 2
      vertex 34.95 -60.5 1.75
    endloop
  endfacet
  facet normal 0 -1 0
    outer loop
      vertex 34.9534 -60.5 1.69779
      vertex 35.4 -60.5 2
      vertex 34.9509 -60.5 1.72384
    endloop
  endfacet
  facet normal 0 -1 0
    outer loop
      vertex 34.9577 -60.5 1.67196
      vertex 35.4 -60.5 2
      vertex 34.9534 -60.5 1.69779
    endloop
  endfacet
  facet normal 0 -1 0
    outer loop
      vertex 34.9636 -60.5 1.64647
      vertex 35.4 -60.5 2
      vertex 34.9577 -60.5 1.67196
    endloop
  endfacet
  facet normal 0 -1 0
    outer loop
      vertex 34.9712 -60.5 1.62142
      vertex 35.4 -60.5 2
      vertex 34.9636 -60.5 1.64647
    endloop
  endfacet
  facet normal 0 -1 0
    outer loop
      vertex 34.9804 -60.5 1.59693
      vertex 35.4 -60.5 2
      vertex 34.9712 -60.5 1.62142
    endloop
  endfacet
  facet normal 0 -1 0
    outer loop
      vertex 34.9912 -60.5 1.57308
      vertex 35.4 -60.5 2
      vertex 34.9804 -60.5 1.59693
    endloop
  endfacet
  facet normal 0 -1 0
    outer loop
      vertex 35.0036 -60.5 1.55
      vertex 35.4 -60.5 2
      vertex 34.9912 -60.5 1.57308
    endloop
  endfacet
  facet normal 0 -1 0
    outer loop
      vertex 35.0174 -60.5 1.52777
      vertex 35.4 -60.5 2
      vertex 35.0036 -60.5 1.55
    endloop
  endfacet
  facet normal 0 -1 0
    outer loop
      vertex 35.0327 -60.5 1.5065
      vertex 35.4 -60.5 2
      vertex 35.0174 -60.5 1.52777
    endloop
  endfacet
  facet normal 0 -1 0
    outer loop
      vertex 35.0493 -60.5 1.48626
      vertex 35.4 -60.5 2
      vertex 35.0327 -60.5 1.5065
    endloop
  endfacet
  facet normal 0 -1 0
    outer loop
      vertex 35.0672 -60.5 1.46716
      vertex 35.4 -60.5 2
      vertex 35.0493 -60.5 1.48626
    endloop
  endfacet
  facet normal 0 -1 0
    outer loop
      vertex 35.0863 -60.5 1.44926
      vertex 35.4 -60.5 2
      vertex 35.0672 -60.5 1.46716
    endloop
  endfacet
  facet normal 0 -1 0
    outer loop
      vertex 35.1065 -60.5 1.43266
      vertex 35.4 -60.5 2
      vertex 35.0863 -60.5 1.44926
    endloop
  endfacet
  facet normal 0 -1 0
    outer loop
      vertex 35.1278 -60.5 1.41741
      vertex 35.4 -60.5 2
      vertex 35.1065 -60.5 1.43266
    endloop
  endfacet
  facet normal 0 -1 0
    outer loop
      vertex 35.15 -60.5 1.40359
      vertex 35.4 -60.5 2
      vertex 35.1278 -60.5 1.41741
    endloop
  endfacet
  facet normal 0 -1 0
    outer loop
      vertex 35.1731 -60.5 1.39125
      vertex 35.4 -60.5 2
      vertex 35.15 -60.5 1.40359
    endloop
  endfacet
  facet normal 0 -1 0
    outer loop
      vertex 35.1969 -60.5 1.38045
      vertex 35.4 -60.5 2
      vertex 35.1731 -60.5 1.39125
    endloop
  endfacet
  facet normal 0 -1 0
    outer loop
      vertex 35.2214 -60.5 1.37123
      vertex 35.4 -60.5 2
      vertex 35.1969 -60.5 1.38045
    endloop
  endfacet
  facet normal 0 -1 0
    outer loop
      vertex 35.2465 -60.5 1.36363
      vertex 35.4 -60.5 2
      vertex 35.2214 -60.5 1.37123
    endloop
  endfacet
  facet normal 0 -1 0
    outer loop
      vertex 35.272 -60.5 1.35769
      vertex 35.4 -60.5 2
      vertex 35.2465 -60.5 1.36363
    endloop
  endfacet
  facet normal 0 -1 0
    outer loop
      vertex 35.2978 -60.5 1.35342
      vertex 35.4 -60.5 2
      vertex 35.272 -60.5 1.35769
    endloop
  endfacet
  facet normal 0 -1 0
    outer loop
      vertex 35.3238 -60.5 1.35086
      vertex 35.4 -60.5 2
      vertex 35.2978 -60.5 1.35342
    endloop
  endfacet
  facet normal 0 -1 0
    outer loop
      vertex 35.35 -60.5 1.35
      vertex 35.4 -60.5 2
      vertex 35.3238 -60.5 1.35086
    endloop
  endfacet
  facet normal 0 -1 -0
    outer loop
      vertex 35.4 -60.5 2
      vertex 35.3762 -60.5 1.35086
      vertex 35.4 -60.5 1.3532
    endloop
  endfacet
  facet normal 0 -1 0
    outer loop
      vertex 35.4 -60.5 2
      vertex 35.35 -60.5 1.35
      vertex 35.3762 -60.5 1.35086
    endloop
  endfacet
  facet normal -0.774542 0 0.632523
    outer loop
      vertex 35.0327 -60.5 1.99351
      vertex 35.038 -55.5 2
      vertex 35.0327 -55.5 1.99351
    endloop
  endfacet
  facet normal -0.774542 0 0.632523
    outer loop
      vertex 35.038 -55.5 2
      vertex 35.0327 -60.5 1.99351
      vertex 35.038 -60.5 2
    endloop
  endfacet
  facet normal -0.849605 0 -0.52742
    outer loop
      vertex 35.0174 -60.5 1.52777
      vertex 35.0036 -55.5 1.55
      vertex 35.0174 -55.5 1.52777
    endloop
  endfacet
  facet normal -0.849605 -0 -0.52742
    outer loop
      vertex 35.0036 -55.5 1.55
      vertex 35.0174 -60.5 1.52777
      vertex 35.0036 -60.5 1.55
    endloop
  endfacet
  facet normal -0.729656 0 -0.683814
    outer loop
      vertex 35.0672 -60.5 1.46716
      vertex 35.0493 -55.5 1.48626
      vertex 35.0672 -55.5 1.46716
    endloop
  endfacet
  facet normal -0.729656 -0 -0.683814
    outer loop
      vertex 35.0493 -55.5 1.48626
      vertex 35.0672 -60.5 1.46716
      vertex 35.0493 -60.5 1.48626
    endloop
  endfacet
endsolid OpenSCAD_Model
